config,seed,epoch,updates,sample_presentations,train_ce,validation_ce,train_error,validation_error,stochastic_training_objective
baseline,370,0,0,0,0.6738115211332999,0.6720940399230374,0.1875,0.19791666666666666,
baseline,370,1,3,48,0.543821078021622,0.5293428068562677,0.20833333333333334,0.15625,0.6124248749981357
baseline,370,2,6,96,0.5028356529617556,0.46992980291287995,0.22916666666666666,0.19791666666666666,0.5323010529505171
baseline,370,3,9,144,0.4990411003418275,0.43721739853599934,0.22916666666666666,0.17708333333333334,0.5070904527280553
baseline,370,4,12,192,0.4957897245197757,0.4223517208600914,0.1875,0.15625,0.49841841798153297
baseline,370,5,15,240,0.4915431396454606,0.419303085091355,0.1875,0.15625,0.49870560796911967
baseline,370,6,18,288,0.48719343504825235,0.41977758346227323,0.16666666666666666,0.14583333333333334,0.4921823262008676
baseline,370,7,21,336,0.4851664515196507,0.4221755493185057,0.1875,0.125,0.4918910486962715
baseline,370,8,24,384,0.485873708142355,0.4269541895816622,0.1875,0.125,0.48585171633344154
baseline,370,9,27,432,0.4872915175278641,0.43095226107218626,0.1875,0.13541666666666666,0.4871719073811637
baseline,370,10,30,480,0.4859229146348403,0.4293780212247156,0.1875,0.125,0.48893991901274053
baseline,370,11,33,528,0.485703257421261,0.4292359277891431,0.1875,0.125,0.48719048720013153
baseline,370,12,36,576,0.4847052988428963,0.4274616910255585,0.1875,0.13541666666666666,0.48727196424731983
baseline,370,13,39,624,0.4841381173472615,0.4245337789131969,0.1875,0.13541666666666666,0.48548044780680316
baseline,370,14,42,672,0.48416837215423686,0.42530351480232226,0.1875,0.13541666666666666,0.4872497878425868
baseline,370,15,45,720,0.48405349584496093,0.42193865937696007,0.1875,0.13541666666666666,0.48584788202800233
baseline,370,16,48,768,0.4844514764249576,0.41960865384834656,0.1875,0.13541666666666666,0.4859551581890891
baseline,370,17,51,816,0.48498592864027995,0.41852634293942553,0.1875,0.13541666666666666,0.4872376208288533
baseline,370,18,54,864,0.4852863640118276,0.4185998401546369,0.16666666666666666,0.13541666666666666,0.4875839648226446
baseline,370,19,57,912,0.4838875468034789,0.42278137815321865,0.1875,0.13541666666666666,0.49275695891701976
baseline,370,20,60,960,0.4841386852036261,0.42460699313407924,0.1875,0.125,0.4880123159565983
baseline,370,21,63,1008,0.48460613596257973,0.42847416459034915,0.1875,0.13541666666666666,0.4881396118259447
baseline,370,22,66,1056,0.48405122528626787,0.42617130923909796,0.1875,0.13541666666666666,0.48737393832457715
baseline,370,23,69,1104,0.4838727516285281,0.42511146382275644,0.1875,0.13541666666666666,0.48512167938558437
baseline,370,24,72,1152,0.48384034184421854,0.424613861143742,0.16666666666666666,0.13541666666666666,0.48500237449233613
baseline,370,25,75,1200,0.48374545472672786,0.4223420387556915,0.1875,0.13541666666666666,0.48657968466944324
baseline,370,26,78,1248,0.48367955175695854,0.4227703180326798,0.1875,0.13541666666666666,0.48469372132631755
baseline,370,27,81,1296,0.4836452485815547,0.42268958396315043,0.1875,0.13541666666666666,0.4850560584034176
baseline,370,28,84,1344,0.4837011863893672,0.42285757778454736,0.1875,0.125,0.4875666727503056
baseline,370,29,87,1392,0.4836451094256157,0.4252252289440827,0.1875,0.13541666666666666,0.485631682187313
baseline,370,30,90,1440,0.4836839256600805,0.4261170674032142,0.1875,0.13541666666666666,0.4846398780079095
baseline,370,31,93,1488,0.4837875793685001,0.4255070221570743,0.1875,0.14583333333333334,0.4864370011089149
baseline,370,32,96,1536,0.48382070814239736,0.42726437167706877,0.1875,0.13541666666666666,0.48692459186389336
baseline,370,33,99,1584,0.4835232531082256,0.4255784289144251,0.1875,0.13541666666666666,0.48432320180425953
baseline,370,34,102,1632,0.48344629932516403,0.42489717267279287,0.1875,0.13541666666666666,0.4841047368880633
baseline,370,35,105,1680,0.48347325145855985,0.42287724478416155,0.1875,0.13541666666666666,0.4871785290543889
baseline,370,36,108,1728,0.48369779124839923,0.42080360927681926,0.1875,0.125,0.4864302792074997
baseline,370,37,111,1776,0.483618375498428,0.42092048669902726,0.1875,0.13541666666666666,0.48523936229637377
baseline,370,38,114,1824,0.4834331161226681,0.4244000400117909,0.1875,0.125,0.488013399521455
baseline,370,39,117,1872,0.483382871309221,0.4271172111716619,0.1875,0.13541666666666666,0.4882405198049695
baseline,370,40,120,1920,0.48370502539193455,0.4287491218231539,0.1875,0.13541666666666666,0.485448665453156
baseline,370,41,123,1968,0.4833249165935804,0.4261729159513554,0.1875,0.13541666666666666,0.4850312077161561
baseline,370,42,126,2016,0.4830961074024637,0.4251485256685978,0.1875,0.13541666666666666,0.483996834634439
baseline,370,43,129,2064,0.4830192610771214,0.4238845092904387,0.1875,0.125,0.4841531215622353
baseline,370,44,132,2112,0.4828994747651331,0.423966298653452,0.1875,0.13541666666666666,0.4844751414017687
baseline,370,45,135,2160,0.4829582859233367,0.42230157612811475,0.1875,0.13541666666666666,0.485105307465747
baseline,370,46,138,2208,0.48322809093429386,0.4228115523697886,0.16666666666666666,0.14583333333333334,0.4857834630643864
baseline,370,47,141,2256,0.4829916299081634,0.42500064539499394,0.16666666666666666,0.14583333333333334,0.4855421531495295
baseline,370,48,144,2304,0.4826894497353192,0.4268316544418013,0.16666666666666666,0.13541666666666666,0.4844812489165012
baseline,370,49,147,2352,0.482532662683496,0.4264523153299584,0.1875,0.13541666666666666,0.4831556783819609
baseline,370,50,150,2400,0.4825189543158414,0.4261604507162293,0.1875,0.13541666666666666,0.48410657441900423
baseline,370,51,153,2448,0.4824610652565502,0.4245715411954574,0.1875,0.125,0.4845806073115797
baseline,370,52,156,2496,0.48232144703807084,0.4254411403641425,0.16666666666666666,0.13541666666666666,0.4874378028961877
baseline,370,53,159,2544,0.4821869792764553,0.42471360830760907,0.1875,0.13541666666666666,0.4853367768169669
baseline,370,54,162,2592,0.48213006045445833,0.42436066050584315,0.1875,0.13541666666666666,0.4832678167642655
baseline,370,55,165,2640,0.4820670613928561,0.42891311672422433,0.1875,0.13541666666666666,0.48663662436136584
baseline,370,56,168,2688,0.4817479460449503,0.42713534817454973,0.1875,0.13541666666666666,0.4837808936157577
baseline,370,57,171,2736,0.481742355299351,0.4291741791215289,0.16666666666666666,0.13541666666666666,0.4836088255994821
baseline,370,58,174,2784,0.48144994215689546,0.4274651388089766,0.1875,0.13541666666666666,0.48364621288561144
baseline,370,59,177,2832,0.4813345925539078,0.42754044855274786,0.1875,0.13541666666666666,0.4832352850673314
baseline,370,60,180,2880,0.48141533059599223,0.42828001005752614,0.1875,0.125,0.4839810220335017
baseline,370,61,183,2928,0.48088265803831826,0.4276107481780895,0.1875,0.13541666666666666,0.4846644671525611
baseline,370,62,186,2976,0.4808859069403278,0.42720297597477513,0.1875,0.125,0.48511638704594534
baseline,370,63,189,3024,0.48048552179813936,0.42760769318957553,0.1875,0.13541666666666666,0.48120484576813016
baseline,370,64,192,3072,0.48037117466542556,0.43032826772562166,0.1875,0.14583333333333334,0.483673768114077
baseline,370,65,195,3120,0.480620382725633,0.4303677772320827,0.1875,0.15625,0.48401432993109417
baseline,370,66,198,3168,0.48020651317305535,0.42790955200571584,0.16666666666666666,0.15625,0.4829611195724684
baseline,370,67,201,3216,0.47975509996975824,0.4284576267510487,0.16666666666666666,0.14583333333333334,0.4811685743487861
baseline,370,68,204,3264,0.4795092940550834,0.43078879739308856,0.1875,0.13541666666666666,0.48451585668319336
baseline,370,69,207,3312,0.47986438211077903,0.4309946742904371,0.1875,0.125,0.4822520252233202
baseline,370,70,210,3360,0.4794580224245615,0.4305192811224025,0.1875,0.125,0.4813423681391075
baseline,370,71,213,3408,0.4786410049184388,0.43101817756771443,0.1875,0.13541666666666666,0.4792763529008825
baseline,370,72,216,3456,0.478733801182546,0.43517598674023933,0.20833333333333334,0.15625,0.48260691881496304
baseline,370,73,219,3504,0.47864557646837697,0.43445534224879906,0.20833333333333334,0.16666666666666666,0.48134074951154443
baseline,370,74,222,3552,0.47823317344178434,0.43673721743949984,0.20833333333333334,0.16666666666666666,0.48022062025343004
baseline,370,75,225,3600,0.47757031110735754,0.4354287111597099,0.1875,0.15625,0.47890301939059654
baseline,370,76,228,3648,0.4772224250453107,0.43403049710259345,0.16666666666666666,0.14583333333333334,0.4791181320397014
baseline,370,77,231,3696,0.4778932215100887,0.4309232679336885,0.1875,0.125,0.484981664999743
baseline,370,78,234,3744,0.4771294587062824,0.4339171358408942,0.1875,0.125,0.4791945737810612
baseline,370,79,237,3792,0.4767331404654975,0.43924283890853716,0.1875,0.15625,0.48305226728445455
baseline,370,80,240,3840,0.47642900592997756,0.43915742431579946,0.20833333333333334,0.15625,0.47719005715453927
baseline,370,81,243,3888,0.4760814720042236,0.4383117322739805,0.1875,0.15625,0.47756824745091203
baseline,370,82,246,3936,0.4757041540264791,0.43701334396753405,0.16666666666666666,0.14583333333333334,0.478943774227844
baseline,370,83,249,3984,0.4754349499945762,0.43648531744366625,0.16666666666666666,0.14583333333333334,0.476642616335202
baseline,370,84,252,4032,0.47503642669439367,0.43831116804599257,0.16666666666666666,0.15625,0.4781182436438491
baseline,370,85,255,4080,0.4751654363656102,0.4348476937235553,0.16666666666666666,0.125,0.4810000016307065
baseline,370,86,258,4128,0.4749023509212196,0.4370913947070598,0.16666666666666666,0.15625,0.4829982107197018
baseline,370,87,261,4176,0.47497852301122406,0.44081632975028096,0.1875,0.15625,0.4787253890107747
baseline,370,88,264,4224,0.47411094010595783,0.4410031387588833,0.16666666666666666,0.15625,0.47615661862017483
baseline,370,89,267,4272,0.4739538023962961,0.44216732734302844,0.16666666666666666,0.15625,0.47499155649236546
baseline,370,90,270,4320,0.4738066388145929,0.4403568493992955,0.16666666666666666,0.16666666666666666,0.47585650140809
baseline,370,91,273,4368,0.473766770593135,0.44046088966606445,0.16666666666666666,0.15625,0.47469047406861725
baseline,370,92,276,4416,0.47349539249451755,0.43932378731671307,0.16666666666666666,0.15625,0.4751369933128225
baseline,370,93,279,4464,0.47266832549436,0.4418845902328045,0.16666666666666666,0.17708333333333334,0.4756565847640277
baseline,370,94,282,4512,0.4723401804126553,0.4425667490468123,0.16666666666666666,0.17708333333333334,0.47361087394843243
baseline,370,95,285,4560,0.47216470920486714,0.4412984070225505,0.16666666666666666,0.17708333333333334,0.47420314074284237
baseline,370,96,288,4608,0.47214641592045287,0.44438577316844247,0.1875,0.17708333333333334,0.4741357627601874
baseline,370,97,291,4656,0.4715101502720282,0.44369786879092005,0.16666666666666666,0.17708333333333334,0.4748235112930896
baseline,370,98,294,4704,0.47134306782809116,0.44399501391120183,0.16666666666666666,0.17708333333333334,0.4746921809653289
baseline,370,99,297,4752,0.47093540245723325,0.4421855440327415,0.16666666666666666,0.17708333333333334,0.4737833133926297
baseline,370,100,300,4800,0.4707616067712926,0.4408630818132507,0.16666666666666666,0.17708333333333334,0.4724934620777453
baseline,370,101,303,4848,0.4704054563669944,0.4442075598127991,0.1875,0.17708333333333334,0.4730375071358331
baseline,370,102,306,4896,0.47046613616945715,0.44725389072851546,0.1875,0.1875,0.4723611063123436
baseline,370,103,309,4944,0.4695935852717237,0.444464777798647,0.16666666666666666,0.17708333333333334,0.4721807098086421
baseline,370,104,312,4992,0.46927488707599446,0.4442694187788074,0.1875,0.17708333333333334,0.4718312302725496
baseline,370,105,315,5040,0.469339377349494,0.4436659791377188,0.1875,0.16666666666666666,0.47392352427249373
baseline,370,106,318,5088,0.4688756559526828,0.4443984795858082,0.1875,0.17708333333333334,0.4707564952421901
baseline,370,107,321,5136,0.4684770889290372,0.4429079759886621,0.1875,0.16666666666666666,0.4715568307352905
baseline,370,108,324,5184,0.4682555026633229,0.44148259074096874,0.1875,0.16666666666666666,0.4736492774507873
baseline,370,109,327,5232,0.4681284042164333,0.44134713738173464,0.1875,0.15625,0.47033949968277394
baseline,370,110,330,5280,0.4674176748862942,0.445792989268128,0.1875,0.1875,0.4711266573913055
baseline,370,111,333,5328,0.4669594666278923,0.44601459371323804,0.20833333333333334,0.17708333333333334,0.46996543931403395
baseline,370,112,336,5376,0.46659629187361845,0.44634390229361226,0.20833333333333334,0.1875,0.46847846288820244
baseline,370,113,339,5424,0.4659539866265881,0.442570190408992,0.1875,0.17708333333333334,0.4682570800188777
baseline,370,114,342,5472,0.46665074029101367,0.4414817693961542,0.1875,0.15625,0.4726564648699855
baseline,370,115,345,5520,0.4661306855863125,0.43903291408256884,0.20833333333333334,0.16666666666666666,0.47344853986637986
baseline,370,116,348,5568,0.46458673593975225,0.4418952438687098,0.20833333333333334,0.17708333333333334,0.4663772578625689
baseline,370,117,351,5616,0.4651581010261621,0.4470295811057399,0.1875,0.19791666666666666,0.4668928097639973
baseline,370,118,354,5664,0.46734342692564357,0.4522034249939004,0.1875,0.1875,0.47492458090000184
baseline,370,119,357,5712,0.464215880484293,0.4439878411222414,0.1875,0.1875,0.46660402439665266
baseline,370,120,360,5760,0.46358535664823197,0.4357601607302491,0.1875,0.15625,0.4730091967671082
baseline,370,121,363,5808,0.4652519959145602,0.43596308991938265,0.22916666666666666,0.16666666666666666,0.46985881085554837
baseline,370,122,366,5856,0.4629941564244399,0.433096506060154,0.16666666666666666,0.14583333333333334,0.47391696086091883
baseline,370,123,369,5904,0.4618285912876294,0.4349571381553227,0.1875,0.15625,0.46610053580408844
baseline,370,124,372,5952,0.46120826493384076,0.43784014245039793,0.1875,0.17708333333333334,0.462227662207477
baseline,370,125,375,6000,0.4616358885120578,0.4427976740549607,0.1875,0.1875,0.4636737544194361
baseline,370,126,378,6048,0.46089335824784383,0.44141067870929945,0.1875,0.1875,0.464406887583149
baseline,370,127,381,6096,0.4596952324361753,0.4366631885920674,0.1875,0.16666666666666666,0.4638740292200319
baseline,370,128,384,6144,0.45934053027947463,0.43320441001277965,0.16666666666666666,0.14583333333333334,0.4612056317047728
baseline,370,129,387,6192,0.4595046957686071,0.4312363816434445,0.1875,0.15625,0.461709187751802
baseline,370,130,390,6240,0.4585009045041856,0.42971182126943436,0.16666666666666666,0.14583333333333334,0.461630623280976
baseline,370,131,393,6288,0.4575565490373321,0.43195668654381175,0.1875,0.15625,0.45899992940388173
baseline,370,132,396,6336,0.4570602793740078,0.4302542537155471,0.1875,0.16666666666666666,0.46007536965881757
baseline,370,133,399,6384,0.4567414333128006,0.43297952863648853,0.1875,0.1875,0.45932619065426455
baseline,370,134,402,6432,0.45684501700695845,0.4357115437041084,0.1875,0.1875,0.45858854914247055
baseline,370,135,405,6480,0.4555200882823783,0.42877249499857384,0.1875,0.14583333333333334,0.46433005360370405
baseline,370,136,408,6528,0.45628092316619706,0.42831219801355136,0.1875,0.15625,0.4635398747861827
baseline,370,137,411,6576,0.45454304694134584,0.42710864025787565,0.1875,0.14583333333333334,0.4579208145789238
baseline,370,138,414,6624,0.4541901913770554,0.4312479326045808,0.1875,0.1875,0.45808819550901864
baseline,370,139,417,6672,0.45408513785390553,0.4353544279548472,0.1875,0.1875,0.455874625309427
baseline,370,140,420,6720,0.452741521651251,0.4312400590786556,0.1875,0.17708333333333334,0.45843848482325483
baseline,370,141,423,6768,0.45252349214678955,0.43409092712710456,0.1875,0.1875,0.45709748474263395
baseline,370,142,426,6816,0.4516824118655871,0.43236486048217787,0.1875,0.17708333333333334,0.4536647597507289
baseline,370,143,429,6864,0.451140595731305,0.43126688549723813,0.1875,0.17708333333333334,0.45310924934210134
baseline,370,144,432,6912,0.4508889008205988,0.42760701064078094,0.1875,0.15625,0.45428960632758164
baseline,370,145,435,6960,0.4503794367358611,0.42705352617406095,0.1875,0.16666666666666666,0.4527671412355873
baseline,370,146,438,7008,0.44949251919425803,0.42858881242841496,0.1875,0.16666666666666666,0.4512599653335198
baseline,370,147,441,7056,0.4491200308572716,0.43212448632435213,0.1875,0.1875,0.4525072924179474
baseline,370,148,444,7104,0.4484666916570546,0.42849325285483575,0.1875,0.15625,0.45789585119081994
baseline,370,149,447,7152,0.4485404725699483,0.42948005304079634,0.1875,0.1875,0.45572914933843284
baseline,370,150,450,7200,0.4474540863604544,0.43118755234069234,0.1875,0.1875,0.45184983088599745
baseline,370,151,453,7248,0.4470472852078841,0.4318260812801955,0.1875,0.1875,0.44827589941521434
baseline,370,152,456,7296,0.4469721371652715,0.4345152446854755,0.1875,0.1875,0.4487617618448228
baseline,370,153,459,7344,0.446250163194895,0.4342876298414282,0.1875,0.1875,0.4501765358245546
baseline,370,154,462,7392,0.44564632338526283,0.428856812643555,0.1875,0.16666666666666666,0.4549940279742312
baseline,370,155,465,7440,0.4454288992311139,0.43488659874045105,0.1875,0.17708333333333334,0.45405943812297095
baseline,370,156,468,7488,0.44506910000061223,0.4359588286674678,0.1875,0.1875,0.4471205054109047
baseline,370,157,471,7536,0.444091778553002,0.4318434653398924,0.1875,0.17708333333333334,0.4474926657216803
baseline,370,158,474,7584,0.4442337779723433,0.4281127810331182,0.1875,0.16666666666666666,0.45187619687709063
baseline,370,159,477,7632,0.4434268634577338,0.4294972230300443,0.1875,0.19791666666666666,0.4466776272887742
baseline,370,160,480,7680,0.4429170381141794,0.4318306595600754,0.1875,0.19791666666666666,0.4454126277291213
baseline,371,0,0,0,0.6843186798445471,0.71151935509447,0.4583333333333333,0.5833333333333334,
baseline,371,1,3,48,0.5328546330719096,0.5429599636929066,0.2916666666666667,0.2916666666666667,0.6022243517066835
baseline,371,2,6,96,0.5143361224417606,0.4730904407310395,0.22916666666666666,0.20833333333333334,0.5285604007188658
baseline,371,3,9,144,0.49922724036794563,0.4277053388247963,0.20833333333333334,0.16666666666666666,0.5067972484900963
baseline,371,4,12,192,0.48985409570692084,0.41641070713712547,0.1875,0.11458333333333333,0.4973988202208128
baseline,371,5,15,240,0.4909815698092141,0.42476186021227386,0.20833333333333334,0.16666666666666666,0.4960000008675314
baseline,371,6,18,288,0.49213391414320223,0.43592114579965835,0.20833333333333334,0.17708333333333334,0.49509612183867585
baseline,371,7,21,336,0.48987762004274765,0.43581069485985485,0.20833333333333334,0.17708333333333334,0.49218591384823407
baseline,371,8,24,384,0.48805220941617944,0.4352126701262485,0.20833333333333334,0.16666666666666666,0.4949420207585969
baseline,371,9,27,432,0.4860572393200901,0.43084538100338315,0.20833333333333334,0.14583333333333334,0.4898023208626661
baseline,371,10,30,480,0.48572774749902686,0.42888236477399255,0.1875,0.16666666666666666,0.4902101042292227
baseline,371,11,33,528,0.48496345876181474,0.4284506377577843,0.1875,0.14583333333333334,0.48726494291323846
baseline,371,12,36,576,0.48434086201462084,0.4266744723459361,0.1875,0.13541666666666666,0.48677676505596557
baseline,371,13,39,624,0.4844240380761699,0.42634765030091787,0.1875,0.14583333333333334,0.48610038288834595
baseline,371,14,42,672,0.484678128526079,0.4252285696124631,0.16666666666666666,0.15625,0.48792207912563074
baseline,371,15,45,720,0.4841902743058913,0.42547496772966104,0.16666666666666666,0.14583333333333334,0.4845422658062912
baseline,371,16,48,768,0.4839291468719705,0.42589438957994535,0.1875,0.13541666666666666,0.48413267064781573
baseline,371,17,51,816,0.48432710648577587,0.4268458130480431,0.1875,0.125,0.4839909722425217
baseline,371,18,54,864,0.4845246844259444,0.4281957683456879,0.1875,0.125,0.48488825851649925
baseline,371,19,57,912,0.48451466617695055,0.4282787094430717,0.1875,0.125,0.4853913331341814
baseline,371,20,60,960,0.4842330578342123,0.42671701485730124,0.1875,0.125,0.48769902270252663
baseline,371,21,63,1008,0.4837515815898273,0.42674384371005364,0.1875,0.125,0.48507390764292363
baseline,371,22,66,1056,0.4834024707847333,0.4259073218400424,0.1875,0.13541666666666666,0.48368368008016066
baseline,371,23,69,1104,0.4835515739666163,0.4267048158515885,0.16666666666666666,0.14583333333333334,0.4835641281744596
baseline,371,24,72,1152,0.48457481612116543,0.4297478601152476,0.20833333333333334,0.16666666666666666,0.49012016132205843
baseline,371,25,75,1200,0.48439286586166047,0.4280721389554844,0.20833333333333334,0.16666666666666666,0.4859255588480568
baseline,371,26,78,1248,0.4835099745401424,0.4271080795633367,0.1875,0.14583333333333334,0.4846248789375365
baseline,371,27,81,1296,0.4833050811489432,0.4254473041812572,0.1875,0.125,0.4889223956442206
baseline,371,28,84,1344,0.4835539263338861,0.425446648864428,0.1875,0.125,0.48437502758261736
baseline,371,29,87,1392,0.4838830645768839,0.42845611380510773,0.1875,0.125,0.4883471986587298
baseline,371,30,90,1440,0.4831030278799496,0.4293396262393059,0.1875,0.13541666666666666,0.48579060950873226
baseline,371,31,93,1488,0.4826980753800241,0.4284113140240143,0.1875,0.13541666666666666,0.48430803801741074
baseline,371,32,96,1536,0.48263056755763706,0.4274737829723114,0.16666666666666666,0.13541666666666666,0.48316427064967743
baseline,371,33,99,1584,0.48295676125518067,0.42811215069624703,0.1875,0.15625,0.48475962147714186
baseline,371,34,102,1632,0.4828109488679719,0.4279624451888668,0.1875,0.15625,0.4840765750778398
baseline,371,35,105,1680,0.4822817397680854,0.4270376597005829,0.16666666666666666,0.13541666666666666,0.4838993994051226
baseline,371,36,108,1728,0.48234509272143367,0.4266600385418204,0.1875,0.125,0.4841340410970926
baseline,371,37,111,1776,0.482027974953362,0.42705190795773923,0.1875,0.13541666666666666,0.4852612611700609
baseline,371,38,114,1824,0.48192304199779185,0.4297331422569944,0.1875,0.13541666666666666,0.4837842813455658
baseline,371,39,117,1872,0.4817281434845347,0.42967620655970545,0.1875,0.13541666666666666,0.4836769205950591
baseline,371,40,120,1920,0.4817358029857332,0.43049627592055345,0.1875,0.13541666666666666,0.48501805416940025
baseline,371,41,123,1968,0.48148007851710767,0.4300747145744195,0.1875,0.13541666666666666,0.48245864213250417
baseline,371,42,126,2016,0.48133594924481266,0.4301130973586582,0.1875,0.14583333333333334,0.4830004124461033
baseline,371,43,129,2064,0.4813139448846555,0.4272978341153992,0.1875,0.13541666666666666,0.48387374602770467
baseline,371,44,132,2112,0.48107704838348847,0.4282344232049991,0.1875,0.13541666666666666,0.48295746642702064
baseline,371,45,135,2160,0.48085854193610994,0.42987794828335196,0.1875,0.13541666666666666,0.48229841290436953
baseline,371,46,138,2208,0.48087151362382735,0.4329675075395895,0.1875,0.13541666666666666,0.4844294402002105
baseline,371,47,141,2256,0.48059039185534586,0.43383722567593813,0.1875,0.15625,0.4856525943409699
baseline,371,48,144,2304,0.48026597523457487,0.43302280725575343,0.1875,0.15625,0.4813395306975452
baseline,371,49,147,2352,0.4799904413133043,0.4305824291044266,0.1875,0.13541666666666666,0.48346384956014976
baseline,371,50,150,2400,0.48021079306465414,0.43068934996566877,0.1875,0.125,0.48373399695235575
baseline,371,51,153,2448,0.4798222021605545,0.43094424704872997,0.1875,0.125,0.48179269916921424
baseline,371,52,156,2496,0.4794622659737224,0.4340566387529718,0.1875,0.15625,0.48410172503388704
baseline,371,53,159,2544,0.47935694306512766,0.43540975146649935,0.1875,0.15625,0.47976471816790706
baseline,371,54,162,2592,0.47893623881611425,0.435984583604274,0.1875,0.15625,0.4810107158384625
baseline,371,55,165,2640,0.47883007708587816,0.432626169708848,0.1875,0.13541666666666666,0.486590108776982
baseline,371,56,168,2688,0.4785167387998186,0.43475340837887283,0.1875,0.13541666666666666,0.48088909123936663
baseline,371,57,171,2736,0.4780831017034532,0.4350290597463778,0.16666666666666666,0.14583333333333334,0.47960547445952395
baseline,371,58,174,2784,0.47783575427659697,0.43562929129523503,0.16666666666666666,0.14583333333333334,0.47907524794097833
baseline,371,59,177,2832,0.4784106965965201,0.4373719696463521,0.20833333333333334,0.16666666666666666,0.48245224981163504
baseline,371,60,180,2880,0.4790527109709621,0.4403682411523518,0.20833333333333334,0.17708333333333334,0.48268491603420444
baseline,371,61,183,2928,0.4776597208154085,0.44245472805965896,0.1875,0.15625,0.4840582212096554
baseline,371,62,186,2976,0.476938977125212,0.43785643432728677,0.1875,0.13541666666666666,0.4796397865314234
baseline,371,63,189,3024,0.47742346140055597,0.43789472288212267,0.1875,0.125,0.47976534970172074
baseline,371,64,192,3072,0.4783195622551127,0.43693625914902956,0.1875,0.125,0.4840605031521757
baseline,371,65,195,3120,0.47623311109177485,0.43781336072259364,0.16666666666666666,0.14583333333333334,0.4823533323378358
baseline,371,66,198,3168,0.4758864306706981,0.4385522428564797,0.16666666666666666,0.15625,0.4765755338785717
baseline,371,67,201,3216,0.4761059097334938,0.44099059360470566,0.20833333333333334,0.15625,0.47679331962159965
baseline,371,68,204,3264,0.4757067675441086,0.44233631353602426,0.20833333333333334,0.15625,0.4770877677997578
baseline,371,69,207,3312,0.4751844256898255,0.4435329096504701,0.16666666666666666,0.15625,0.47596006806143004
baseline,371,70,210,3360,0.47498388202979874,0.44557862226018513,0.1875,0.15625,0.4761173519855158
baseline,371,71,213,3408,0.4746549164299347,0.4452305671194911,0.16666666666666666,0.16666666666666666,0.4765579974232253
baseline,371,72,216,3456,0.47438495435953504,0.442129493817847,0.16666666666666666,0.15625,0.4797732285698723
baseline,371,73,219,3504,0.47416922352045016,0.44137586393276423,0.16666666666666666,0.14583333333333334,0.47492189435770943
baseline,371,74,222,3552,0.47440482736425055,0.4409640613732595,0.1875,0.13541666666666666,0.47704837291607943
baseline,371,75,225,3600,0.47389793933118,0.4415434716929652,0.1875,0.13541666666666666,0.47641368240849324
baseline,371,76,228,3648,0.4733712924723115,0.44777532824878546,0.16666666666666666,0.17708333333333334,0.4773778366673949
baseline,371,77,231,3696,0.4732387953018993,0.45029128098272286,0.1875,0.17708333333333334,0.47599858140882595
baseline,371,78,234,3744,0.47326312159735245,0.45248504324012684,0.20833333333333334,0.17708333333333334,0.47427190226845584
baseline,371,79,237,3792,0.4724101362746718,0.44928706380686095,0.16666666666666666,0.17708333333333334,0.4753587199834743
baseline,371,80,240,3840,0.47206045361615173,0.44690853042079065,0.16666666666666666,0.17708333333333334,0.47555315195143305
baseline,371,81,243,3888,0.47192889779613606,0.4514084183878751,0.1875,0.17708333333333334,0.47871079225312224
baseline,371,82,246,3936,0.47154802838385496,0.44961820838927097,0.16666666666666666,0.17708333333333334,0.4754156742146181
baseline,371,83,249,3984,0.47148053608387147,0.4494330012893349,0.16666666666666666,0.16666666666666666,0.4757543022289122
baseline,371,84,252,4032,0.4711419748397079,0.44732228286865866,0.16666666666666666,0.17708333333333334,0.47371214622499874
baseline,371,85,255,4080,0.47135001786320263,0.44576283249741905,0.16666666666666666,0.15625,0.4772309250699953
baseline,371,86,258,4128,0.4706896019841329,0.4482321629869171,0.16666666666666666,0.17708333333333334,0.4714241690798187
baseline,371,87,261,4176,0.47035472277980706,0.44969774603797613,0.1875,0.17708333333333334,0.47283035419033875
baseline,371,88,264,4224,0.47049032821253906,0.4559511579824816,0.20833333333333334,0.17708333333333334,0.4735310144355309
baseline,371,89,267,4272,0.4709846921892065,0.45866404899921426,0.20833333333333334,0.19791666666666666,0.4745874253786739
baseline,371,90,270,4320,0.46952246813284976,0.4537221797500475,0.20833333333333334,0.17708333333333334,0.4717374857629058
baseline,371,91,273,4368,0.46919767124132106,0.4525827953526491,0.1875,0.17708333333333334,0.4718790156952824
baseline,371,92,276,4416,0.4690090039612977,0.4492946649183271,0.1875,0.16666666666666666,0.4716300556765806
baseline,371,93,279,4464,0.4685932521291523,0.45343409955731534,0.20833333333333334,0.17708333333333334,0.478805094660743
baseline,371,94,282,4512,0.46823439923804466,0.44987248541618374,0.1875,0.17708333333333334,0.469298897276987
baseline,371,95,285,4560,0.468151388361093,0.4489003043481464,0.1875,0.16666666666666666,0.4721649505353909
baseline,371,96,288,4608,0.4677234714234965,0.44838457368157636,0.1875,0.17708333333333334,0.4724064161448151
baseline,371,97,291,4656,0.46719782991073205,0.4525377824686465,0.20833333333333334,0.17708333333333334,0.47237204650710835
baseline,371,98,294,4704,0.46684766502260294,0.4499386775032938,0.20833333333333334,0.17708333333333334,0.46825036982593643
baseline,371,99,297,4752,0.4665216882323498,0.4497991170134479,0.20833333333333334,0.17708333333333334,0.4676037837985157
baseline,371,100,300,4800,0.46618894502891456,0.45118296009150843,0.20833333333333334,0.17708333333333334,0.4687303212102272
baseline,371,101,303,4848,0.4657840424615633,0.4499060475380601,0.1875,0.17708333333333334,0.4707027176761341
baseline,371,102,306,4896,0.4654647068240691,0.4529027663773226,0.20833333333333334,0.17708333333333334,0.4681841368735126
baseline,371,103,309,4944,0.46526310870470317,0.44954188333103917,0.1875,0.16666666666666666,0.47067171259322205
baseline,371,104,312,4992,0.4643784323018161,0.44808179539967347,0.20833333333333334,0.17708333333333334,0.46890759327521164
baseline,371,105,315,5040,0.46419669222739784,0.45103747107285613,0.20833333333333334,0.19791666666666666,0.47017418135704725
baseline,371,106,318,5088,0.4637727950695396,0.45053676182256575,0.20833333333333334,0.19791666666666666,0.46534628881102397
baseline,371,107,321,5136,0.4630643438820227,0.4466480135478781,0.20833333333333334,0.17708333333333334,0.46554142976387974
baseline,371,108,324,5184,0.4625814938378376,0.4464408507698925,0.20833333333333334,0.17708333333333334,0.4645920132458901
baseline,371,109,327,5232,0.46226357348162583,0.4443789580430327,0.1875,0.16666666666666666,0.4630139139948934
baseline,371,110,330,5280,0.4615746501271156,0.44604703435989485,0.20833333333333334,0.1875,0.46568125146596956
baseline,371,111,333,5328,0.4616598527769513,0.443798673441191,0.1875,0.16666666666666666,0.4672987765724938
baseline,371,112,336,5376,0.46084161219708136,0.44501069499166174,0.20833333333333334,0.17708333333333334,0.46295450012444067
baseline,371,113,339,5424,0.4602780482421038,0.44357379489869303,0.1875,0.19791666666666666,0.46308670560043935
baseline,371,114,342,5472,0.45991795933951424,0.4415150160120583,0.1875,0.17708333333333334,0.4629563923959609
baseline,371,115,345,5520,0.4596773969692551,0.4421736547577127,0.1875,0.1875,0.4616992355014434
baseline,371,116,348,5568,0.4587012471374883,0.4428325282964638,0.1875,0.1875,0.46156154294939017
baseline,371,117,351,5616,0.45824857141302244,0.444203649254265,0.1875,0.1875,0.460369955703886
baseline,371,118,354,5664,0.45757872682907047,0.44231225485118575,0.1875,0.19791666666666666,0.45809962064194965
baseline,371,119,357,5712,0.45795004286822727,0.43983896837110564,0.1875,0.17708333333333334,0.461063788818394
baseline,371,120,360,5760,0.4570379447592834,0.43890369239386756,0.1875,0.16666666666666666,0.4593696444204496
baseline,371,121,363,5808,0.45589401647949984,0.4385050467744358,0.1875,0.16666666666666666,0.45754529444807646
baseline,371,122,366,5856,0.45536845381067287,0.44053158617665084,0.1875,0.1875,0.45886306780523545
baseline,371,123,369,5904,0.4552333910103074,0.4441319726508461,0.1875,0.1875,0.45796942847548455
baseline,371,124,372,5952,0.454602995926543,0.44520438727986716,0.1875,0.1875,0.456633043663691
baseline,371,125,375,6000,0.453576169055591,0.44079414011226375,0.1875,0.1875,0.457116304094312
baseline,371,126,378,6048,0.45317324000344356,0.436720518861985,0.1875,0.14583333333333334,0.45600088886693335
baseline,371,127,381,6096,0.4529190406987502,0.43625203047526134,0.1875,0.14583333333333334,0.45614014076410464
baseline,371,128,384,6144,0.45341329246348566,0.434453644035471,0.20833333333333334,0.17708333333333334,0.45823707083258647
baseline,371,129,387,6192,0.45167862926832686,0.43881442115055586,0.20833333333333334,0.16666666666666666,0.45851527164053923
baseline,371,130,390,6240,0.4513377525660121,0.4394980219623957,0.1875,0.1875,0.45900171314354204
baseline,371,131,393,6288,0.450189839365267,0.437801374252577,0.1875,0.1875,0.4553603770816213
baseline,371,132,396,6336,0.45071927267831685,0.4448385307266194,0.1875,0.1875,0.45535988525525867
baseline,371,133,399,6384,0.44919019674846883,0.43816625695533046,0.1875,0.1875,0.4554147748588217
baseline,371,134,402,6432,0.44908356178968484,0.43822247255903135,0.20833333333333334,0.19791666666666666,0.4546487825216116
baseline,371,135,405,6480,0.44850058968937684,0.44008506001691133,0.20833333333333334,0.19791666666666666,0.45138863774371935
baseline,371,136,408,6528,0.44778851238732353,0.4397165156607043,0.1875,0.19791666666666666,0.4495969074006347
baseline,371,137,411,6576,0.4468989169102248,0.43953937236508905,0.1875,0.1875,0.4497526035003239
baseline,371,138,414,6624,0.4465065280396014,0.4404905016201068,0.1875,0.1875,0.45151772481303
baseline,371,139,417,6672,0.4459825696194663,0.44259082810540074,0.20833333333333334,0.1875,0.45172761599198547
baseline,371,140,420,6720,0.44547938876030946,0.4370508951728287,0.1875,0.19791666666666666,0.4505491518825673
baseline,371,141,423,6768,0.4456464893894772,0.4348194747547822,0.20833333333333334,0.16666666666666666,0.44906426416434675
baseline,371,142,426,6816,0.44518547558604804,0.43365083015910283,0.1875,0.1875,0.4511317874305821
baseline,371,143,429,6864,0.4439567437046679,0.43954585248139005,0.1875,0.19791666666666666,0.45173903556008127
baseline,371,144,432,6912,0.44415195320008166,0.4402066472566047,0.20833333333333334,0.19791666666666666,0.45088008579242606
baseline,371,145,435,6960,0.4431483259506512,0.4426201605512688,0.20833333333333334,0.20833333333333334,0.449652833523343
baseline,371,146,438,7008,0.44213884154499405,0.4391246580667625,0.1875,0.19791666666666666,0.4464409916369589
baseline,371,147,441,7056,0.44182715963659086,0.4360164510219758,0.1875,0.19791666666666666,0.4457349391536957
baseline,371,148,444,7104,0.44157700849974274,0.43600099220959637,0.1875,0.20833333333333334,0.44581376634033926
baseline,371,149,447,7152,0.4407954657692293,0.43888667554901656,0.1875,0.19791666666666666,0.4448609859606543
baseline,371,150,450,7200,0.44015697142148563,0.4391424087857321,0.1875,0.19791666666666666,0.44161196282196413
baseline,371,151,453,7248,0.43966195426148397,0.43980292733766624,0.1875,0.19791666666666666,0.4419113299202211
baseline,371,152,456,7296,0.4394808049003718,0.4404562269179298,0.1875,0.19791666666666666,0.44435933445857884
baseline,371,153,459,7344,0.4394429501845824,0.4457120636594512,0.20833333333333334,0.20833333333333334,0.4446747728089622
baseline,371,154,462,7392,0.4391427798625919,0.44494154989909207,0.20833333333333334,0.20833333333333334,0.4425832516862846
baseline,371,155,465,7440,0.43847407343206674,0.44166376999940926,0.22916666666666666,0.1875,0.4456791337340446
baseline,371,156,468,7488,0.43710936337258904,0.4433036372803448,0.1875,0.19791666666666666,0.44538235583177826
baseline,371,157,471,7536,0.4365182973582973,0.44185295769866323,0.1875,0.19791666666666666,0.4398085255195412
baseline,371,158,474,7584,0.4360514241693855,0.44152519379227817,0.1875,0.19791666666666666,0.43775830890162015
baseline,371,159,477,7632,0.4356278025606291,0.4446013237197401,0.1875,0.19791666666666666,0.4397159211514919
baseline,371,160,480,7680,0.43546383648141074,0.4401747185016185,0.1875,0.19791666666666666,0.4415579405261103
baseline,372,0,0,0,0.7038815098155168,0.7001586056651311,0.7083333333333334,0.6145833333333334,
baseline,372,1,3,48,0.5679795339476182,0.5675064484676816,0.2708333333333333,0.19791666666666666,0.6534479300970446
baseline,372,2,6,96,0.5076708203376349,0.48231305695287174,0.22916666666666666,0.19791666666666666,0.5394306503640053
baseline,372,3,9,144,0.4996693682786813,0.44145503417264126,0.22916666666666666,0.17708333333333334,0.4944148412061993
baseline,372,4,12,192,0.5016402924944182,0.4194431992911423,0.1875,0.16666666666666666,0.5023154375906375
baseline,372,5,15,240,0.5009010142425401,0.41271944960528834,0.1875,0.14583333333333334,0.5062642786853185
baseline,372,6,18,288,0.489253896368983,0.4140834676014624,0.1875,0.125,0.5065386816450105
baseline,372,7,21,336,0.48643919336768243,0.4165425546256217,0.1875,0.125,0.48959274241928236
baseline,372,8,24,384,0.4851379410961368,0.4229908418486658,0.1875,0.125,0.48523858005943793
baseline,372,9,27,432,0.48651144971690496,0.431016078714791,0.20833333333333334,0.14583333333333334,0.4884940618451113
baseline,372,10,30,480,0.48772968586754795,0.434583175239059,0.20833333333333334,0.14583333333333334,0.4875557569003346
baseline,372,11,33,528,0.4874093327424524,0.4339496023784773,0.20833333333333334,0.14583333333333334,0.489547258004324
baseline,372,12,36,576,0.4861523611479095,0.43063368524218054,0.20833333333333334,0.14583333333333334,0.48765840834005275
baseline,372,13,39,624,0.4856921758093214,0.429589496137366,0.20833333333333334,0.13541666666666666,0.48797204391352994
baseline,372,14,42,672,0.4848620166593305,0.4250242491351804,0.1875,0.125,0.48948352969672876
baseline,372,15,45,720,0.4848931512048699,0.41983992462445124,0.1875,0.125,0.4879860565128733
baseline,372,16,48,768,0.48481431682964127,0.41898012145766983,0.1875,0.125,0.4850607373487054
baseline,372,17,51,816,0.48473887147165423,0.41869473503411575,0.1875,0.13541666666666666,0.4854716034070236
baseline,372,18,54,864,0.4843729170046794,0.4210483796655277,0.1875,0.13541666666666666,0.4874528341646416
baseline,372,19,57,912,0.48438644572590844,0.4227462770747437,0.1875,0.13541666666666666,0.4862271350306219
baseline,372,20,60,960,0.484431030815494,0.42452639406957465,0.16666666666666666,0.13541666666666666,0.4862653476157635
baseline,372,21,63,1008,0.48453924077617483,0.42631336701973366,0.1875,0.13541666666666666,0.4882591762002573
baseline,372,22,66,1056,0.4844137669019872,0.42480400165668114,0.16666666666666666,0.14583333333333334,0.48653260656927727
baseline,372,23,69,1104,0.4841910217449163,0.4217987130069054,0.1875,0.13541666666666666,0.4871993710535841
baseline,372,24,72,1152,0.484175724218322,0.42342835570090864,0.1875,0.13541666666666666,0.48654759323273256
baseline,372,25,75,1200,0.48421405802703593,0.4230388066956397,0.16666666666666666,0.13541666666666666,0.485020980660091
baseline,372,26,78,1248,0.484270088495841,0.420563417130379,0.1875,0.13541666666666666,0.4869735854397647
baseline,372,27,81,1296,0.48406357250211957,0.4217936650713936,0.1875,0.13541666666666666,0.4868226686896171
baseline,372,28,84,1344,0.4840149530339118,0.42237397185877623,0.1875,0.13541666666666666,0.48496438265281444
baseline,372,29,87,1392,0.4840016550605415,0.42326202977984334,0.1875,0.13541666666666666,0.4849559746271553
baseline,372,30,90,1440,0.4843832569782817,0.425935883164581,0.1875,0.13541666666666666,0.4902696748191315
baseline,372,31,93,1488,0.4839693295716281,0.42307627012358523,0.1875,0.13541666666666666,0.48532704364508206
baseline,372,32,96,1536,0.4840098827031409,0.42454592566520094,0.1875,0.13541666666666666,0.4866065148562179
baseline,372,33,99,1584,0.48394258634798143,0.4217934690943292,0.1875,0.13541666666666666,0.48598757998115416
baseline,372,34,102,1632,0.4840873064999054,0.4204765247945282,0.1875,0.13541666666666666,0.48458047038128127
baseline,372,35,105,1680,0.48406703256228,0.4217780309316638,0.1875,0.13541666666666666,0.48617001634193757
baseline,372,36,108,1728,0.48400789962533675,0.4215856676963196,0.1875,0.13541666666666666,0.4852135144701137
baseline,372,37,111,1776,0.4844297999264999,0.4191459430346318,0.1875,0.13541666666666666,0.48926117344596953
baseline,372,38,114,1824,0.48402369188524624,0.4220029133224641,0.1875,0.13541666666666666,0.4879554468833645
baseline,372,39,117,1872,0.48396637986523566,0.42531346802716624,0.1875,0.13541666666666666,0.48569481981316437
baseline,372,40,120,1920,0.48413178643745597,0.4253849530989338,0.1875,0.13541666666666666,0.4852525589571098
baseline,372,41,123,1968,0.48400934654331573,0.4237624727376041,0.1875,0.125,0.4864730543971712
baseline,372,42,126,2016,0.48401898750767297,0.4240528804190964,0.1875,0.125,0.4847348313910877
baseline,372,43,129,2064,0.4840430674562972,0.423231663881638,0.1875,0.125,0.4857967293986876
baseline,372,44,132,2112,0.48404105461270525,0.42330949945061414,0.1875,0.125,0.4859232094752866
baseline,372,45,135,2160,0.4837694311917376,0.42202995780270197,0.1875,0.13541666666666666,0.4853760303206766
baseline,372,46,138,2208,0.48370682884162414,0.4229484317497854,0.1875,0.13541666666666666,0.48369856755985224
baseline,372,47,141,2256,0.4838106561412663,0.4250131804231225,0.1875,0.13541666666666666,0.4849315832456731
baseline,372,48,144,2304,0.48413814777124875,0.42653043453681677,0.1875,0.14583333333333334,0.4853808997287267
baseline,372,49,147,2352,0.4842264788350941,0.42597279394035015,0.1875,0.16666666666666666,0.48715310786584776
baseline,372,50,150,2400,0.48401058052175067,0.42615362929939266,0.1875,0.14583333333333334,0.48656038890324504
baseline,372,51,153,2448,0.48366971462029246,0.42232200748055376,0.1875,0.13541666666666666,0.48562674034574166
baseline,372,52,156,2496,0.4836429022483985,0.4227717272013749,0.1875,0.13541666666666666,0.4843353487116751
baseline,372,53,159,2544,0.48372953973114424,0.4213943353332201,0.1875,0.125,0.48515125673425996
baseline,372,54,162,2592,0.4838593827172764,0.42284595102580713,0.1875,0.125,0.48605025010970465
baseline,372,55,165,2640,0.48363335868744506,0.42184049466801143,0.1875,0.13541666666666666,0.48453098653356586
baseline,372,56,168,2688,0.48372184317963013,0.420590286563517,0.1875,0.13541666666666666,0.48622782182296514
baseline,372,57,171,2736,0.48352420226501475,0.42352348640215803,0.1875,0.13541666666666666,0.48692118570895165
baseline,372,58,174,2784,0.48357979766565146,0.4244630943716423,0.1875,0.13541666666666666,0.48493519163733895
baseline,372,59,177,2832,0.4836120474011694,0.42141277680835526,0.1875,0.13541666666666666,0.4876816785564091
baseline,372,60,180,2880,0.4835622422097155,0.42161483727263277,0.1875,0.13541666666666666,0.4842509432213334
baseline,372,61,183,2928,0.4834947926159707,0.42163346549423436,0.1875,0.13541666666666666,0.4855294761300848
baseline,372,62,186,2976,0.48348109017222346,0.42465873956373335,0.1875,0.13541666666666666,0.4860071813066771
baseline,372,63,189,3024,0.48354842677927645,0.42484495302094566,0.1875,0.13541666666666666,0.4849055258049508
baseline,372,64,192,3072,0.4834260101462225,0.4244919649480499,0.1875,0.13541666666666666,0.4839492038167217
baseline,372,65,195,3120,0.4834325125898559,0.4246382385510666,0.1875,0.13541666666666666,0.4845762138099829
baseline,372,66,198,3168,0.48343873992376785,0.4255644344091171,0.1875,0.13541666666666666,0.4852476757762976
baseline,372,67,201,3216,0.48350182581850715,0.4258884201594131,0.1875,0.13541666666666666,0.4842480944035341
baseline,372,68,204,3264,0.48364097891358987,0.42270894068297754,0.16666666666666666,0.14583333333333334,0.4877210755540253
baseline,372,69,207,3312,0.48336893700436234,0.423189049903914,0.1875,0.13541666666666666,0.48441221563560216
baseline,372,70,210,3360,0.48351949229727476,0.42056543835900845,0.1875,0.125,0.48975630298085404
baseline,372,71,213,3408,0.48347385508370216,0.4207188188682243,0.1875,0.125,0.48488663715696995
baseline,372,72,216,3456,0.4832554459658273,0.42393758824621103,0.1875,0.13541666666666666,0.4854738042617755
baseline,372,73,219,3504,0.4834458872295977,0.427053137735105,0.20833333333333334,0.13541666666666666,0.48738844684237015
baseline,372,74,222,3552,0.4833360322695304,0.42633499736587993,0.1875,0.13541666666666666,0.4839316306057646
baseline,372,75,225,3600,0.4833557087875531,0.4268872039208593,0.20833333333333334,0.13541666666666666,0.48433719100229694
baseline,372,76,228,3648,0.48309632266108676,0.4242271526836596,0.1875,0.13541666666666666,0.48569997254016933
baseline,372,77,231,3696,0.4830583183313552,0.4239413111896126,0.1875,0.13541666666666666,0.4846784794420093
baseline,372,78,234,3744,0.4831602788095901,0.4234035368369953,0.1875,0.125,0.484903521475952
baseline,372,79,237,3792,0.4830051237983466,0.42390653633340775,0.1875,0.13541666666666666,0.48550608915577903
baseline,372,80,240,3840,0.483041193148293,0.4253088456071376,0.1875,0.13541666666666666,0.4852388152296436
baseline,372,81,243,3888,0.48297184933315185,0.42381604805543116,0.1875,0.13541666666666666,0.4856420581448771
baseline,372,82,246,3936,0.482980603670802,0.42383295810806904,0.1875,0.13541666666666666,0.48397831636447936
baseline,372,83,249,3984,0.48313152847311264,0.42180035594422804,0.1875,0.13541666666666666,0.48545849597656243
baseline,372,84,252,4032,0.48321917808686354,0.42101588287536224,0.1875,0.125,0.48609001827847725
baseline,372,85,255,4080,0.4832792397281372,0.4229185586389434,0.1875,0.125,0.48659384242781895
baseline,372,86,258,4128,0.48357901197827174,0.4236789181693416,0.1875,0.125,0.4869298345992256
baseline,372,87,261,4176,0.48288544730023736,0.4252048532567701,0.1875,0.13541666666666666,0.48526689418096414
baseline,372,88,264,4224,0.48315628648773273,0.42861405448129736,0.1875,0.13541666666666666,0.4869666878189718
baseline,372,89,267,4272,0.4834973955022212,0.42962255108492675,0.1875,0.16666666666666666,0.48597500566232393
baseline,372,90,270,4320,0.4835707427563339,0.429557957385333,0.1875,0.16666666666666666,0.48492900448474674
baseline,372,91,273,4368,0.4829007662055363,0.4261956285604582,0.1875,0.14583333333333334,0.48357905176374194
baseline,372,92,276,4416,0.4828318934924621,0.4240556521787857,0.16666666666666666,0.13541666666666666,0.4840103373885782
baseline,372,93,279,4464,0.48254912193618615,0.42399690527184575,0.1875,0.13541666666666666,0.48358212428428865
baseline,372,94,282,4512,0.4826814381529599,0.42235317489073765,0.1875,0.13541666666666666,0.4850764049707276
baseline,372,95,285,4560,0.4826935262552012,0.42190338368918906,0.1875,0.13541666666666666,0.4835617978018918
baseline,372,96,288,4608,0.48297113764991545,0.424525375919677,0.1875,0.125,0.4876075575347974
baseline,372,97,291,4656,0.48259312105223273,0.4255748084801791,0.1875,0.125,0.4858128949130691
baseline,372,98,294,4704,0.4826456923009715,0.42373731201321624,0.1875,0.125,0.4843529881316527
baseline,372,99,297,4752,0.4822930004219825,0.42400258506803573,0.1875,0.13541666666666666,0.48472725250794557
baseline,372,100,300,4800,0.48226043095032023,0.42360989802650634,0.1875,0.13541666666666666,0.48326048806959526
baseline,372,101,303,4848,0.4821389535845626,0.4256144983400559,0.1875,0.13541666666666666,0.4835949150465775
baseline,372,102,306,4896,0.48215951136981444,0.426245663664844,0.1875,0.13541666666666666,0.48452811131234813
baseline,372,103,309,4944,0.4819860921169359,0.42549007066372924,0.1875,0.13541666666666666,0.48308315741821256
baseline,372,104,312,4992,0.4821041165600665,0.42827555827393243,0.1875,0.13541666666666666,0.485763055956627
baseline,372,105,315,5040,0.4821838636629649,0.4270095162849277,0.1875,0.14583333333333334,0.48536355646211216
baseline,372,106,318,5088,0.4818206177309345,0.4260473134755845,0.16666666666666666,0.13541666666666666,0.48268832204917783
baseline,372,107,321,5136,0.4816812085885376,0.4251881384957111,0.1875,0.13541666666666666,0.4830755718666593
baseline,372,108,324,5184,0.48209362062815614,0.4225384361820434,0.1875,0.125,0.48807627093229566
baseline,372,109,327,5232,0.48211158052650016,0.42293174740176337,0.1875,0.125,0.4860250878046665
baseline,372,110,330,5280,0.4814974728013848,0.42584925163471965,0.1875,0.125,0.48262561604635373
baseline,372,111,333,5328,0.48126123083175704,0.4273211052664605,0.1875,0.13541666666666666,0.4814290109490435
baseline,372,112,336,5376,0.481526891009981,0.4307828605609783,0.1875,0.14583333333333334,0.4849255602452263
baseline,372,113,339,5424,0.48163202533280547,0.4310662769427658,0.1875,0.16666666666666666,0.48339653136911503
baseline,372,114,342,5472,0.4811784895863602,0.4301702838704706,0.1875,0.14583333333333334,0.48215572948686775
baseline,372,115,345,5520,0.48090821108417064,0.4298151161829821,0.1875,0.13541666666666666,0.482311476234357
baseline,372,116,348,5568,0.48105941666251617,0.4323260363368746,0.1875,0.13541666666666666,0.48619376561925076
baseline,372,117,351,5616,0.48065189599967356,0.4293272570169286,0.1875,0.13541666666666666,0.4827121641528372
baseline,372,118,354,5664,0.48035269036310263,0.42773182732131804,0.1875,0.13541666666666666,0.48265112862828524
baseline,372,119,357,5712,0.4802523420167151,0.4268929158751851,0.1875,0.13541666666666666,0.48188064900212907
baseline,372,120,360,5760,0.4808899981541051,0.4261464213211186,0.1875,0.125,0.48624231652600186
baseline,372,121,363,5808,0.48060860066596284,0.4264738389686393,0.1875,0.125,0.4819326395487668
baseline,372,122,366,5856,0.4798975747210914,0.4274845149424502,0.1875,0.125,0.48055553438883364
baseline,372,123,369,5904,0.479443068766148,0.42852684357099197,0.1875,0.13541666666666666,0.4802594709901011
baseline,372,124,372,5952,0.4793147246708527,0.4298793512077686,0.16666666666666666,0.14583333333333334,0.47958613949110407
baseline,372,125,375,6000,0.47986430135605573,0.4354289577675045,0.20833333333333334,0.16666666666666666,0.48629375145474335
baseline,372,126,378,6048,0.4791346037951332,0.43394954497352706,0.1875,0.15625,0.4803544930011114
baseline,372,127,381,6096,0.47863018865724855,0.4321656621999482,0.1875,0.13541666666666666,0.48338901911396626
baseline,372,128,384,6144,0.4783931256957883,0.4315526149267182,0.1875,0.13541666666666666,0.4799660219550994
baseline,372,129,387,6192,0.47824688006586297,0.430303063976243,0.1875,0.125,0.4800956281538677
baseline,372,130,390,6240,0.4778811965658834,0.43270673162578266,0.1875,0.13541666666666666,0.48030256982842195
baseline,372,131,393,6288,0.4776618569978632,0.4330473381159732,0.16666666666666666,0.13541666666666666,0.47809065089658986
baseline,372,132,396,6336,0.4775690926414047,0.43335072682000925,0.16666666666666666,0.14583333333333334,0.47861392703051103
baseline,372,133,399,6384,0.47750235750661396,0.43274765420963496,0.16666666666666666,0.14583333333333334,0.4794046549509472
baseline,372,134,402,6432,0.4768998578205244,0.4347013061003442,0.16666666666666666,0.14583333333333334,0.4795652707609626
baseline,372,135,405,6480,0.4766897011206044,0.43286103024729994,0.16666666666666666,0.13541666666666666,0.4790298339988592
baseline,372,136,408,6528,0.4765038582270212,0.4325418121042745,0.1875,0.13541666666666666,0.4784128407352984
baseline,372,137,411,6576,0.4761650572491806,0.433756357196824,0.1875,0.13541666666666666,0.47682417414478806
baseline,372,138,414,6624,0.4760754399434543,0.43938407621418335,0.16666666666666666,0.15625,0.479784527185827
baseline,372,139,417,6672,0.47604652136294784,0.44057327768784926,0.1875,0.15625,0.47862599623597485
baseline,372,140,420,6720,0.4760105967743946,0.44252618802167315,0.20833333333333334,0.15625,0.47927995929744016
baseline,372,141,423,6768,0.4755835446615146,0.4424272864050624,0.1875,0.15625,0.47747937647034683
baseline,372,142,426,6816,0.47535623468968263,0.440684386796534,0.16666666666666666,0.13541666666666666,0.47745542795882484
baseline,372,143,429,6864,0.4760174976147568,0.43702903644240204,0.1875,0.125,0.4784219769846436
baseline,372,144,432,6912,0.47530264468377453,0.4354757185041834,0.1875,0.125,0.47708327423074576
baseline,372,145,435,6960,0.4741798366423941,0.4370209546970481,0.16666666666666666,0.13541666666666666,0.4784648302283087
baseline,372,146,438,7008,0.47435564128423047,0.4355423775644948,0.1875,0.125,0.476456510051323
baseline,372,147,441,7056,0.47413086052776904,0.436852815162913,0.16666666666666666,0.13541666666666666,0.47592402722287436
baseline,372,148,444,7104,0.47348618507116874,0.43883625625089345,0.16666666666666666,0.13541666666666666,0.47605448885916113
baseline,372,149,447,7152,0.47331755512533635,0.44217930310048237,0.16666666666666666,0.16666666666666666,0.4739305235551237
baseline,372,150,450,7200,0.47325621967320025,0.4422307541572532,0.16666666666666666,0.15625,0.47535178957496677
baseline,372,151,453,7248,0.4730417716375055,0.44602493046357367,0.1875,0.17708333333333334,0.4751761705567013
baseline,372,152,456,7296,0.47282434109236976,0.44576163330898533,0.16666666666666666,0.15625,0.479070078306812
baseline,372,153,459,7344,0.4725826647856138,0.44684616628042645,0.16666666666666666,0.17708333333333334,0.4743535143086075
baseline,372,154,462,7392,0.47198746382224993,0.4446357360967151,0.16666666666666666,0.16666666666666666,0.472565881200473
baseline,372,155,465,7440,0.4717274772719624,0.4403265888853632,0.16666666666666666,0.14583333333333334,0.4746168133552056
baseline,372,156,468,7488,0.47136711642297097,0.44104824709999524,0.16666666666666666,0.14583333333333334,0.4731295610190139
baseline,372,157,471,7536,0.47111634837989186,0.44407002290426756,0.16666666666666666,0.17708333333333334,0.4751164407711094
baseline,372,158,474,7584,0.4708737542029466,0.442424146707557,0.16666666666666666,0.15625,0.47387439124237263
baseline,372,159,477,7632,0.47077881758151,0.44122787951880865,0.1875,0.14583333333333334,0.4770909188936801
baseline,372,160,480,7680,0.4704100731525546,0.4407520946550034,0.16666666666666666,0.15625,0.4732270490331822
early_stop,370,0,0,0,0.6738115211332999,0.6720940399230374,0.1875,0.19791666666666666,
early_stop,370,1,3,48,0.543821078021622,0.5293428068562677,0.20833333333333334,0.15625,0.6124248749981357
early_stop,370,2,6,96,0.5028356529617556,0.46992980291287995,0.22916666666666666,0.19791666666666666,0.5323010529505171
early_stop,370,3,9,144,0.4990411003418275,0.43721739853599934,0.22916666666666666,0.17708333333333334,0.5070904527280553
early_stop,370,4,12,192,0.4957897245197757,0.4223517208600914,0.1875,0.15625,0.49841841798153297
early_stop,370,5,15,240,0.4915431396454606,0.419303085091355,0.1875,0.15625,0.49870560796911967
early_stop,370,6,18,288,0.48719343504825235,0.41977758346227323,0.16666666666666666,0.14583333333333334,0.4921823262008676
early_stop,370,7,21,336,0.4851664515196507,0.4221755493185057,0.1875,0.125,0.4918910486962715
early_stop,370,8,24,384,0.485873708142355,0.4269541895816622,0.1875,0.125,0.48585171633344154
early_stop,370,9,27,432,0.4872915175278641,0.43095226107218626,0.1875,0.13541666666666666,0.4871719073811637
early_stop,370,10,30,480,0.4859229146348403,0.4293780212247156,0.1875,0.125,0.48893991901274053
early_stop,370,11,33,528,0.485703257421261,0.4292359277891431,0.1875,0.125,0.48719048720013153
early_stop,370,12,36,576,0.4847052988428963,0.4274616910255585,0.1875,0.13541666666666666,0.48727196424731983
early_stop,370,13,39,624,0.4841381173472615,0.4245337789131969,0.1875,0.13541666666666666,0.48548044780680316
early_stop,370,14,42,672,0.48416837215423686,0.42530351480232226,0.1875,0.13541666666666666,0.4872497878425868
early_stop,370,15,45,720,0.48405349584496093,0.42193865937696007,0.1875,0.13541666666666666,0.48584788202800233
early_stop,370,16,48,768,0.4844514764249576,0.41960865384834656,0.1875,0.13541666666666666,0.4859551581890891
early_stop,370,17,51,816,0.48498592864027995,0.41852634293942553,0.1875,0.13541666666666666,0.4872376208288533
early_stop,370,18,54,864,0.4852863640118276,0.4185998401546369,0.16666666666666666,0.13541666666666666,0.4875839648226446
early_stop,370,19,57,912,0.4838875468034789,0.42278137815321865,0.1875,0.13541666666666666,0.49275695891701976
early_stop,370,20,60,960,0.4841386852036261,0.42460699313407924,0.1875,0.125,0.4880123159565983
early_stop,370,21,63,1008,0.48460613596257973,0.42847416459034915,0.1875,0.13541666666666666,0.4881396118259447
early_stop,370,22,66,1056,0.48405122528626787,0.42617130923909796,0.1875,0.13541666666666666,0.48737393832457715
early_stop,370,23,69,1104,0.4838727516285281,0.42511146382275644,0.1875,0.13541666666666666,0.48512167938558437
early_stop,370,24,72,1152,0.48384034184421854,0.424613861143742,0.16666666666666666,0.13541666666666666,0.48500237449233613
early_stop,370,25,75,1200,0.48374545472672786,0.4223420387556915,0.1875,0.13541666666666666,0.48657968466944324
early_stop,370,26,78,1248,0.48367955175695854,0.4227703180326798,0.1875,0.13541666666666666,0.48469372132631755
early_stop,370,27,81,1296,0.4836452485815547,0.42268958396315043,0.1875,0.13541666666666666,0.4850560584034176
early_stop,370,28,84,1344,0.4837011863893672,0.42285757778454736,0.1875,0.125,0.4875666727503056
early_stop,370,29,87,1392,0.4836451094256157,0.4252252289440827,0.1875,0.13541666666666666,0.485631682187313
early_stop,370,30,90,1440,0.4836839256600805,0.4261170674032142,0.1875,0.13541666666666666,0.4846398780079095
early_stop,370,31,93,1488,0.4837875793685001,0.4255070221570743,0.1875,0.14583333333333334,0.4864370011089149
early_stop,370,32,96,1536,0.48382070814239736,0.42726437167706877,0.1875,0.13541666666666666,0.48692459186389336
early_stop,370,33,99,1584,0.4835232531082256,0.4255784289144251,0.1875,0.13541666666666666,0.48432320180425953
early_stop,370,34,102,1632,0.48344629932516403,0.42489717267279287,0.1875,0.13541666666666666,0.4841047368880633
early_stop,370,35,105,1680,0.48347325145855985,0.42287724478416155,0.1875,0.13541666666666666,0.4871785290543889
early_stop,370,36,108,1728,0.48369779124839923,0.42080360927681926,0.1875,0.125,0.4864302792074997
early_stop,370,37,111,1776,0.483618375498428,0.42092048669902726,0.1875,0.13541666666666666,0.48523936229637377
early_stop,371,0,0,0,0.6843186798445471,0.71151935509447,0.4583333333333333,0.5833333333333334,
early_stop,371,1,3,48,0.5328546330719096,0.5429599636929066,0.2916666666666667,0.2916666666666667,0.6022243517066835
early_stop,371,2,6,96,0.5143361224417606,0.4730904407310395,0.22916666666666666,0.20833333333333334,0.5285604007188658
early_stop,371,3,9,144,0.49922724036794563,0.4277053388247963,0.20833333333333334,0.16666666666666666,0.5067972484900963
early_stop,371,4,12,192,0.48985409570692084,0.41641070713712547,0.1875,0.11458333333333333,0.4973988202208128
early_stop,371,5,15,240,0.4909815698092141,0.42476186021227386,0.20833333333333334,0.16666666666666666,0.4960000008675314
early_stop,371,6,18,288,0.49213391414320223,0.43592114579965835,0.20833333333333334,0.17708333333333334,0.49509612183867585
early_stop,371,7,21,336,0.48987762004274765,0.43581069485985485,0.20833333333333334,0.17708333333333334,0.49218591384823407
early_stop,371,8,24,384,0.48805220941617944,0.4352126701262485,0.20833333333333334,0.16666666666666666,0.4949420207585969
early_stop,371,9,27,432,0.4860572393200901,0.43084538100338315,0.20833333333333334,0.14583333333333334,0.4898023208626661
early_stop,371,10,30,480,0.48572774749902686,0.42888236477399255,0.1875,0.16666666666666666,0.4902101042292227
early_stop,371,11,33,528,0.48496345876181474,0.4284506377577843,0.1875,0.14583333333333334,0.48726494291323846
early_stop,371,12,36,576,0.48434086201462084,0.4266744723459361,0.1875,0.13541666666666666,0.48677676505596557
early_stop,371,13,39,624,0.4844240380761699,0.42634765030091787,0.1875,0.14583333333333334,0.48610038288834595
early_stop,371,14,42,672,0.484678128526079,0.4252285696124631,0.16666666666666666,0.15625,0.48792207912563074
early_stop,371,15,45,720,0.4841902743058913,0.42547496772966104,0.16666666666666666,0.14583333333333334,0.4845422658062912
early_stop,371,16,48,768,0.4839291468719705,0.42589438957994535,0.1875,0.13541666666666666,0.48413267064781573
early_stop,371,17,51,816,0.48432710648577587,0.4268458130480431,0.1875,0.125,0.4839909722425217
early_stop,371,18,54,864,0.4845246844259444,0.4281957683456879,0.1875,0.125,0.48488825851649925
early_stop,371,19,57,912,0.48451466617695055,0.4282787094430717,0.1875,0.125,0.4853913331341814
early_stop,371,20,60,960,0.4842330578342123,0.42671701485730124,0.1875,0.125,0.48769902270252663
early_stop,371,21,63,1008,0.4837515815898273,0.42674384371005364,0.1875,0.125,0.48507390764292363
early_stop,371,22,66,1056,0.4834024707847333,0.4259073218400424,0.1875,0.13541666666666666,0.48368368008016066
early_stop,371,23,69,1104,0.4835515739666163,0.4267048158515885,0.16666666666666666,0.14583333333333334,0.4835641281744596
early_stop,371,24,72,1152,0.48457481612116543,0.4297478601152476,0.20833333333333334,0.16666666666666666,0.49012016132205843
early_stop,372,0,0,0,0.7038815098155168,0.7001586056651311,0.7083333333333334,0.6145833333333334,
early_stop,372,1,3,48,0.5679795339476182,0.5675064484676816,0.2708333333333333,0.19791666666666666,0.6534479300970446
early_stop,372,2,6,96,0.5076708203376349,0.48231305695287174,0.22916666666666666,0.19791666666666666,0.5394306503640053
early_stop,372,3,9,144,0.4996693682786813,0.44145503417264126,0.22916666666666666,0.17708333333333334,0.4944148412061993
early_stop,372,4,12,192,0.5016402924944182,0.4194431992911423,0.1875,0.16666666666666666,0.5023154375906375
early_stop,372,5,15,240,0.5009010142425401,0.41271944960528834,0.1875,0.14583333333333334,0.5062642786853185
early_stop,372,6,18,288,0.489253896368983,0.4140834676014624,0.1875,0.125,0.5065386816450105
early_stop,372,7,21,336,0.48643919336768243,0.4165425546256217,0.1875,0.125,0.48959274241928236
early_stop,372,8,24,384,0.4851379410961368,0.4229908418486658,0.1875,0.125,0.48523858005943793
early_stop,372,9,27,432,0.48651144971690496,0.431016078714791,0.20833333333333334,0.14583333333333334,0.4884940618451113
early_stop,372,10,30,480,0.48772968586754795,0.434583175239059,0.20833333333333334,0.14583333333333334,0.4875557569003346
early_stop,372,11,33,528,0.4874093327424524,0.4339496023784773,0.20833333333333334,0.14583333333333334,0.489547258004324
early_stop,372,12,36,576,0.4861523611479095,0.43063368524218054,0.20833333333333334,0.14583333333333334,0.48765840834005275
early_stop,372,13,39,624,0.4856921758093214,0.429589496137366,0.20833333333333334,0.13541666666666666,0.48797204391352994
early_stop,372,14,42,672,0.4848620166593305,0.4250242491351804,0.1875,0.125,0.48948352969672876
early_stop,372,15,45,720,0.4848931512048699,0.41983992462445124,0.1875,0.125,0.4879860565128733
early_stop,372,16,48,768,0.48481431682964127,0.41898012145766983,0.1875,0.125,0.4850607373487054
early_stop,372,17,51,816,0.48473887147165423,0.41869473503411575,0.1875,0.13541666666666666,0.4854716034070236
early_stop,372,18,54,864,0.4843729170046794,0.4210483796655277,0.1875,0.13541666666666666,0.4874528341646416
early_stop,372,19,57,912,0.48438644572590844,0.4227462770747437,0.1875,0.13541666666666666,0.4862271350306219
early_stop,372,20,60,960,0.484431030815494,0.42452639406957465,0.16666666666666666,0.13541666666666666,0.4862653476157635
early_stop,372,21,63,1008,0.48453924077617483,0.42631336701973366,0.1875,0.13541666666666666,0.4882591762002573
early_stop,372,22,66,1056,0.4844137669019872,0.42480400165668114,0.16666666666666666,0.14583333333333334,0.48653260656927727
early_stop,372,23,69,1104,0.4841910217449163,0.4217987130069054,0.1875,0.13541666666666666,0.4871993710535841
early_stop,372,24,72,1152,0.484175724218322,0.42342835570090864,0.1875,0.13541666666666666,0.48654759323273256
early_stop,372,25,75,1200,0.48421405802703593,0.4230388066956397,0.16666666666666666,0.13541666666666666,0.485020980660091
dropout,370,0,0,0,0.6738115211332999,0.6720940399230374,0.1875,0.19791666666666666,
dropout,370,1,3,48,0.5490122598987246,0.5343516770044056,0.20833333333333334,0.15625,0.6221648895670557
dropout,370,2,6,96,0.5053587424512264,0.4756536742123201,0.22916666666666666,0.1875,0.5605386810174888
dropout,370,3,9,144,0.49664071833426365,0.4416003899329035,0.22916666666666666,0.17708333333333334,0.5243850701077486
dropout,370,4,12,192,0.49508717899307997,0.4252824075628741,0.20833333333333334,0.15625,0.517057504149809
dropout,370,5,15,240,0.4933125616461209,0.41771782892123516,0.1875,0.15625,0.47656311861146455
dropout,370,6,18,288,0.4899212655272553,0.4150378540336869,0.16666666666666666,0.14583333333333334,0.5034346550614675
dropout,370,7,21,336,0.48683457655192625,0.4167133106329372,0.1875,0.125,0.508536962414368
dropout,370,8,24,384,0.48544768727288695,0.420814135121974,0.1875,0.125,0.47257949113332454
dropout,370,9,27,432,0.4851817087951318,0.4248293583848964,0.1875,0.125,0.499689078042074
dropout,370,10,30,480,0.48458033036835474,0.42652566588443624,0.1875,0.125,0.4985313237896398
dropout,370,11,33,528,0.48512698689729356,0.4294584564557953,0.1875,0.125,0.5037682630536077
dropout,370,12,36,576,0.4847947110137574,0.429880285962172,0.20833333333333334,0.13541666666666666,0.4657230277813837
dropout,370,13,39,624,0.4839973937304179,0.42656806996939317,0.20833333333333334,0.13541666666666666,0.49160417156582276
dropout,370,14,42,672,0.48400202191385167,0.4274347758099751,0.20833333333333334,0.13541666666666666,0.5153713159475942
dropout,370,15,45,720,0.4837326638466155,0.42461330680281556,0.1875,0.13541666666666666,0.50018839746116
dropout,370,16,48,768,0.48385493269610363,0.4221256264946378,0.1875,0.13541666666666666,0.47132313645331325
dropout,370,17,51,816,0.48407957932492307,0.4211376295200042,0.1875,0.13541666666666666,0.5142494448578426
dropout,370,18,54,864,0.4841961660857968,0.4209207443203364,0.16666666666666666,0.13541666666666666,0.49451469000099957
dropout,370,19,57,912,0.48373219100646586,0.42409091247406433,0.1875,0.13541666666666666,0.5196826045941644
dropout,370,20,60,960,0.48422189414688277,0.42539872243394655,0.1875,0.125,0.5003766841137139
dropout,370,21,63,1008,0.4847501375641515,0.4290957410311275,0.1875,0.13541666666666666,0.4805962729036615
dropout,370,22,66,1056,0.48420350801060713,0.4268256617607354,0.16666666666666666,0.13541666666666666,0.5068528689230121
dropout,370,23,69,1104,0.483936387193113,0.4253542792396434,0.16666666666666666,0.14583333333333334,0.47789629400403505
dropout,370,24,72,1152,0.4837417002107299,0.42406414772218354,0.16666666666666666,0.14583333333333334,0.48343549968302524
dropout,370,25,75,1200,0.4837562393655664,0.42128895941547856,0.1875,0.13541666666666666,0.5279480598103018
dropout,370,26,78,1248,0.48375503662004227,0.4222225725598255,0.1875,0.125,0.5016954316253253
dropout,370,27,81,1296,0.4835983138812408,0.4226974905430294,0.1875,0.125,0.48582813863213437
dropout,370,28,84,1344,0.4837285817346694,0.4223202943360011,0.1875,0.125,0.4777640339205232
dropout,370,29,87,1392,0.48332746184793196,0.4227035698090342,0.1875,0.13541666666666666,0.43842564420015456
dropout,370,30,90,1440,0.48370580455234985,0.42149643861503544,0.1875,0.13541666666666666,0.46607758828000256
dropout,370,31,93,1488,0.4858037541394699,0.4211406613500108,0.1875,0.13541666666666666,0.456769593103786
dropout,370,32,96,1536,0.4866414457554808,0.42294820202061595,0.1875,0.13541666666666666,0.46570999606350383
dropout,370,33,99,1584,0.486395663622803,0.4231831656030734,0.20833333333333334,0.13541666666666666,0.5062509883985324
dropout,370,34,102,1632,0.48488792537202,0.4245627338309748,0.20833333333333334,0.13541666666666666,0.5355142483279098
dropout,370,35,105,1680,0.48483967381441756,0.424894404029569,0.1875,0.13541666666666666,0.5143014892970271
dropout,370,36,108,1728,0.48387993218569214,0.42337922726730276,0.20833333333333334,0.13541666666666666,0.49710354582328176
dropout,370,37,111,1776,0.4835077957946041,0.4230289564397467,0.1875,0.13541666666666666,0.4733030129927469
dropout,370,38,114,1824,0.48315054877375313,0.4242422112853352,0.1875,0.13541666666666666,0.4897081536337689
dropout,370,39,117,1872,0.4834628181495995,0.4259084105620223,0.1875,0.14583333333333334,0.500551046590479
dropout,370,40,120,1920,0.4833580712599645,0.4254304904595568,0.1875,0.13541666666666666,0.4921220395891343
dropout,370,41,123,1968,0.4833581911322256,0.42238792028541944,0.1875,0.13541666666666666,0.5100668877971128
dropout,370,42,126,2016,0.48346093978174004,0.42135643321089883,0.1875,0.13541666666666666,0.4792082238543718
dropout,370,43,129,2064,0.4835683964771849,0.4199489218301591,0.1875,0.125,0.49382739531697567
dropout,370,44,132,2112,0.48345076109687285,0.42004178968481626,0.1875,0.13541666666666666,0.4572938439045247
dropout,370,45,135,2160,0.48370599579322393,0.41933827933462164,0.1875,0.13541666666666666,0.4953542173041299
dropout,370,46,138,2208,0.4838424295647343,0.421038721691607,0.1875,0.13541666666666666,0.5099849598183922
dropout,370,47,141,2256,0.4837443918791731,0.4230451090807669,0.1875,0.14583333333333334,0.46943567047367923
dropout,370,48,144,2304,0.48341103606348046,0.42433218647917875,0.1875,0.13541666666666666,0.4589570535603442
dropout,370,49,147,2352,0.4830206869688885,0.423826566626431,0.1875,0.13541666666666666,0.4958674781255496
dropout,370,50,150,2400,0.48278367630552727,0.4234059222494473,0.1875,0.13541666666666666,0.4976213458405742
dropout,370,51,153,2448,0.48298455776188876,0.4217894189820612,0.1875,0.125,0.5041747940760015
dropout,370,52,156,2496,0.48276912285851453,0.4227273778310677,0.1875,0.13541666666666666,0.4890370482239039
dropout,370,53,159,2544,0.48278961395891135,0.4227285036252091,0.1875,0.125,0.45617407129968307
dropout,370,54,162,2592,0.4827481893969992,0.4227085006917301,0.1875,0.125,0.5047064827248318
dropout,370,55,165,2640,0.4827122473576639,0.4270710435002054,0.1875,0.13541666666666666,0.4865520581891835
dropout,370,56,168,2688,0.48251270273749763,0.42545738492537694,0.1875,0.13541666666666666,0.5076029465711714
dropout,370,57,171,2736,0.48258695018224634,0.4266912641765317,0.1875,0.13541666666666666,0.47673136789508463
dropout,370,58,174,2784,0.48243858188120575,0.4244218269481587,0.1875,0.13541666666666666,0.4874813656983581
dropout,370,59,177,2832,0.4823778707535788,0.4227213014612416,0.1875,0.13541666666666666,0.45285910192191586
dropout,370,60,180,2880,0.4822684749186401,0.42272748965200496,0.1875,0.125,0.4944156179620769
dropout,370,61,183,2928,0.4822912385620229,0.42230433324219124,0.1875,0.13541666666666666,0.5193079520010262
dropout,370,62,186,2976,0.48231700125402627,0.42286804002756817,0.1875,0.125,0.5126008928909991
dropout,370,63,189,3024,0.4820813749396817,0.4227912807697975,0.1875,0.125,0.4567019286636142
dropout,370,64,192,3072,0.48195964255438256,0.42301915125683914,0.1875,0.125,0.4713676506900129
dropout,370,65,195,3120,0.4824496519355204,0.42155931467571417,0.1875,0.13541666666666666,0.4920773311955881
dropout,370,66,198,3168,0.48302064821710716,0.4209873595486495,0.1875,0.13541666666666666,0.45321384347610144
dropout,370,67,201,3216,0.48296265019295587,0.42265088926912914,0.1875,0.13541666666666666,0.4532955037269431
dropout,370,68,204,3264,0.4818066455835249,0.42413537644419413,0.1875,0.13541666666666666,0.47461516044331287
dropout,370,69,207,3312,0.48169898860153615,0.42399563515975575,0.1875,0.125,0.4900201264641759
dropout,370,70,210,3360,0.4819920163784342,0.4234379471870076,0.1875,0.125,0.5084631171618852
dropout,370,71,213,3408,0.48184906848384307,0.4227014914166262,0.1875,0.125,0.4780402840584852
dropout,370,72,216,3456,0.4812111827349986,0.4253002150261627,0.1875,0.13541666666666666,0.5129780502430669
dropout,370,73,219,3504,0.48112833240867575,0.4266051915679053,0.16666666666666666,0.13541666666666666,0.5115780490548641
dropout,370,74,222,3552,0.4810159211491978,0.42978844800349636,0.1875,0.13541666666666666,0.47602547807521994
dropout,370,75,225,3600,0.4809829696755017,0.43112846572292707,0.1875,0.13541666666666666,0.5083819033609598
dropout,370,76,228,3648,0.4809055299195413,0.43126641627047774,0.1875,0.13541666666666666,0.4935612462023525
dropout,370,77,231,3696,0.4807439807803509,0.42772334593021316,0.1875,0.125,0.5125920447412201
dropout,370,78,234,3744,0.48056591615806904,0.42913225392503196,0.1875,0.13541666666666666,0.4833363722809667
dropout,370,79,237,3792,0.48067384682457703,0.4313063293896147,0.1875,0.15625,0.4766376985413621
dropout,370,80,240,3840,0.4805819836930236,0.42919725409940174,0.16666666666666666,0.15625,0.46271699539315164
dropout,370,81,243,3888,0.480638472469941,0.42654884804758814,0.16666666666666666,0.14583333333333334,0.4724833347681087
dropout,370,82,246,3936,0.4807389679345319,0.424439517525602,0.1875,0.125,0.49543540739946906
dropout,370,83,249,3984,0.4807225534588677,0.42434551862444253,0.1875,0.125,0.4488065104932229
dropout,370,84,252,4032,0.4804244135686684,0.42519981468773277,0.1875,0.13541666666666666,0.49022196319100214
dropout,370,85,255,4080,0.48099114635130674,0.4239830047056141,0.1875,0.125,0.5086652497183741
dropout,370,86,258,4128,0.48016439238801983,0.42553449253563674,0.1875,0.13541666666666666,0.4977533882774238
dropout,370,87,261,4176,0.4793727545441943,0.42901161513540226,0.16666666666666666,0.13541666666666666,0.48410459996458854
dropout,370,88,264,4224,0.47903379786934236,0.43211166542578416,0.16666666666666666,0.13541666666666666,0.47809536812657477
dropout,370,89,267,4272,0.4790720259623025,0.43574224581817883,0.16666666666666666,0.14583333333333334,0.47905853626927947
dropout,370,90,270,4320,0.47878658144390734,0.43610439422687564,0.1875,0.14583333333333334,0.4737108428967949
dropout,370,91,273,4368,0.4786777278397863,0.4371423832398123,0.1875,0.15625,0.47490581150708105
dropout,370,92,276,4416,0.4782639983691282,0.43603918073734677,0.16666666666666666,0.15625,0.4783315466722608
dropout,370,93,279,4464,0.478209939680196,0.4373343759030095,0.1875,0.15625,0.48493695988060176
dropout,370,94,282,4512,0.47782515468201886,0.43571976820258024,0.1875,0.15625,0.4784358899012336
dropout,370,95,285,4560,0.4778003797790087,0.43301668743471877,0.16666666666666666,0.14583333333333334,0.4788483679381678
dropout,370,96,288,4608,0.47749091409163097,0.4347955076288488,0.16666666666666666,0.14583333333333334,0.4968859376684514
dropout,370,97,291,4656,0.47707368562369656,0.4361551501115746,0.16666666666666666,0.14583333333333334,0.5019231294804595
dropout,370,98,294,4704,0.4769023262966612,0.4378346098604977,0.16666666666666666,0.14583333333333334,0.4868032739892196
dropout,370,99,297,4752,0.47685640611720226,0.43572108839997753,0.16666666666666666,0.14583333333333334,0.47683003429915183
dropout,370,100,300,4800,0.4770336289513637,0.43369466391614875,0.16666666666666666,0.13541666666666666,0.47863450045849437
dropout,370,101,303,4848,0.4767422041303941,0.4348196739498267,0.16666666666666666,0.14583333333333334,0.4759521139817318
dropout,370,102,306,4896,0.47656493472836753,0.4372077749848618,0.16666666666666666,0.15625,0.5009389559630951
dropout,370,103,309,4944,0.4761270729448574,0.4374947137465292,0.16666666666666666,0.14583333333333334,0.5028170282433614
dropout,370,104,312,4992,0.47604536963957594,0.44101340233566,0.1875,0.15625,0.5037472018238117
dropout,370,105,315,5040,0.47630940431574853,0.4426058009092513,0.16666666666666666,0.15625,0.47294442094898886
dropout,370,106,318,5088,0.4762848157250779,0.44335874557183946,0.16666666666666666,0.15625,0.453617016576745
dropout,370,107,321,5136,0.47599294459443736,0.44225756341915273,0.16666666666666666,0.15625,0.5030570511929042
dropout,370,108,324,5184,0.4758661234335985,0.4404943403961448,0.20833333333333334,0.15625,0.467284080967639
dropout,370,109,327,5232,0.47592860820983174,0.43942911325476586,0.1875,0.15625,0.4522625866264632
dropout,370,110,330,5280,0.47582499627842423,0.4420376580854927,0.20833333333333334,0.16666666666666666,0.4990532109091795
dropout,370,111,333,5328,0.4757998352437614,0.4410279649018685,0.1875,0.15625,0.4661763364322204
dropout,370,112,336,5376,0.47525986035985773,0.44049770562014173,0.16666666666666666,0.15625,0.4837553322327504
dropout,370,113,339,5424,0.47486938792211303,0.4404290247077369,0.1875,0.15625,0.48710576372253617
dropout,370,114,342,5472,0.47486371958358964,0.44257041340509673,0.1875,0.15625,0.5146532566906167
dropout,370,115,345,5520,0.47498461847491474,0.44274226233365516,0.1875,0.14583333333333334,0.47468785885016973
dropout,370,116,348,5568,0.47443877804226914,0.44413317236480215,0.16666666666666666,0.15625,0.49240133430315386
dropout,370,117,351,5616,0.47417686754858535,0.44501660883636723,0.16666666666666666,0.17708333333333334,0.42958763572512404
dropout,370,118,354,5664,0.47462914948522633,0.4448578483987559,0.20833333333333334,0.17708333333333334,0.4847405132824674
dropout,370,119,357,5712,0.4746710286916596,0.4415409961285925,0.16666666666666666,0.17708333333333334,0.47182824083266545
dropout,370,120,360,5760,0.47501345709526305,0.4388234611202895,0.1875,0.15625,0.5153122684652113
dropout,370,121,363,5808,0.47479852308493764,0.4397195193388909,0.1875,0.14583333333333334,0.48248478563840447
dropout,370,122,366,5856,0.4748974186711619,0.43796026769263213,0.1875,0.14583333333333334,0.5027653277352689
dropout,370,123,369,5904,0.47416276527177875,0.4386439579267758,0.1875,0.15625,0.4568912923559978
dropout,370,124,372,5952,0.47337315711847555,0.44127845293156986,0.16666666666666666,0.16666666666666666,0.45723758823923966
dropout,370,125,375,6000,0.4733728319916817,0.4468399564687653,0.1875,0.17708333333333334,0.4894165384675319
dropout,370,126,378,6048,0.47348923284189276,0.44894694559372555,0.20833333333333334,0.17708333333333334,0.46033998630967177
dropout,370,127,381,6096,0.4731929277284235,0.44752422909621287,0.20833333333333334,0.17708333333333334,0.4613745952555756
dropout,370,128,384,6144,0.4725310585919959,0.4448110987483956,0.1875,0.17708333333333334,0.48201504575673143
dropout,370,129,387,6192,0.4720720620276291,0.4416659847848036,0.16666666666666666,0.17708333333333334,0.47210589242137146
dropout,370,130,390,6240,0.47205073760411675,0.43978435968284985,0.16666666666666666,0.15625,0.4896396202832857
dropout,370,131,393,6288,0.47161633355939864,0.4418331892815986,0.16666666666666666,0.17708333333333334,0.48442589433809663
dropout,370,132,396,6336,0.4718724330979285,0.44021755456401196,0.16666666666666666,0.15625,0.4867936427041091
dropout,370,133,399,6384,0.4716939370514716,0.44127928337701644,0.16666666666666666,0.16666666666666666,0.49158740133067025
dropout,370,134,402,6432,0.4714085315440864,0.4413664581971937,0.16666666666666666,0.17708333333333334,0.4977376511432429
dropout,370,135,405,6480,0.4718471284228853,0.4409843790542094,0.16666666666666666,0.15625,0.493721528621952
dropout,370,136,408,6528,0.471817648906121,0.4428728936982586,0.16666666666666666,0.15625,0.5016788848424719
dropout,370,137,411,6576,0.47111335313238306,0.4430855603012592,0.16666666666666666,0.17708333333333334,0.5002754573033873
dropout,370,138,414,6624,0.4715573578089846,0.44766901441138307,0.1875,0.1875,0.47642869472088994
dropout,370,139,417,6672,0.472152866286708,0.45074899709726046,0.1875,0.19791666666666666,0.4896451902185257
dropout,370,140,420,6720,0.4711721537147993,0.4473960106363241,0.1875,0.17708333333333334,0.46242120163820605
dropout,370,141,423,6768,0.4709775095024263,0.4474706139464452,0.1875,0.1875,0.4715871961929003
dropout,370,142,426,6816,0.4703361827894001,0.4423042090746158,0.16666666666666666,0.16666666666666666,0.49320920786874495
dropout,370,143,429,6864,0.47028753735544604,0.4392340102580616,0.16666666666666666,0.16666666666666666,0.47597511115975394
dropout,370,144,432,6912,0.4705985937995863,0.43652586366250734,0.1875,0.14583333333333334,0.4634695040181385
dropout,370,145,435,6960,0.4701154412628885,0.43638775166412697,0.1875,0.14583333333333334,0.4727819779241724
dropout,370,146,438,7008,0.4689607407329564,0.4382370355818146,0.1875,0.14583333333333334,0.471925999020949
dropout,370,147,441,7056,0.4681021562901111,0.4395774332510946,0.16666666666666666,0.16666666666666666,0.46334894331111975
dropout,370,148,444,7104,0.4676494795723869,0.4380729338475826,0.16666666666666666,0.15625,0.46161623233134724
dropout,370,149,447,7152,0.4670709844925513,0.4369954861567553,0.16666666666666666,0.15625,0.5100499774962975
dropout,370,150,450,7200,0.4670070385274904,0.4382515756140244,0.1875,0.16666666666666666,0.4467872390647393
dropout,370,151,453,7248,0.46669325023965325,0.4363465458600276,0.1875,0.15625,0.4752204437415887
dropout,370,152,456,7296,0.4665331919511147,0.43544332764490523,0.1875,0.15625,0.4821263782287226
dropout,370,153,459,7344,0.46609432517497856,0.4325011544009927,0.1875,0.16666666666666666,0.5022877348656155
dropout,370,154,462,7392,0.46515938346090085,0.4267225749748984,0.16666666666666666,0.15625,0.485014408836647
dropout,370,155,465,7440,0.46503725377703553,0.42916831591932514,0.1875,0.15625,0.4756390219409499
dropout,370,156,468,7488,0.4645923946067265,0.4286240833451213,0.16666666666666666,0.15625,0.47526513205253457
dropout,370,157,471,7536,0.4642971849192959,0.42561050943407613,0.16666666666666666,0.13541666666666666,0.4882715896247478
dropout,370,158,474,7584,0.46524483575193165,0.42438891714053334,0.20833333333333334,0.13541666666666666,0.4733066081748789
dropout,370,159,477,7632,0.46420139569505176,0.4239263614852354,0.1875,0.13541666666666666,0.45309777704250376
dropout,370,160,480,7680,0.4633233154845955,0.42507987902910477,0.16666666666666666,0.13541666666666666,0.4768444999855197
dropout,371,0,0,0,0.6843186798445471,0.71151935509447,0.4583333333333333,0.5833333333333334,
dropout,371,1,3,48,0.5361461098424708,0.5474737477765862,0.2708333333333333,0.2916666666666667,0.6098239834163789
dropout,371,2,6,96,0.5154180353563361,0.48030581758771906,0.22916666666666666,0.20833333333333334,0.5074523794222695
dropout,371,3,9,144,0.5027607852409773,0.4359373693728874,0.22916666666666666,0.16666666666666666,0.5109422315667463
dropout,371,4,12,192,0.49300346485298735,0.4178918514805923,0.16666666666666666,0.14583333333333334,0.5049330907360184
dropout,371,5,15,240,0.49014745787988295,0.4167016695793639,0.1875,0.11458333333333333,0.5018491294022963
dropout,371,6,18,288,0.48870949385869383,0.4249353193886329,0.20833333333333334,0.15625,0.5162414084945596
dropout,371,7,21,336,0.48938544829015046,0.4297052840734445,0.20833333333333334,0.16666666666666666,0.4646558932419196
dropout,371,8,24,384,0.4881917363694246,0.4313569408684495,0.1875,0.13541666666666666,0.5033560907582905
dropout,371,9,27,432,0.48730678113927217,0.42698704602031395,0.1875,0.125,0.48511442364526075
dropout,371,10,30,480,0.4864881679152096,0.424208166735261,0.1875,0.13541666666666666,0.49668236287615214
dropout,371,11,33,528,0.4854953640340982,0.4254868972311548,0.20833333333333334,0.13541666666666666,0.5155167832911877
dropout,371,12,36,576,0.4846112507452778,0.4244334703725852,0.1875,0.13541666666666666,0.5358380527350372
dropout,371,13,39,624,0.48439506188935116,0.42535844054591204,0.1875,0.13541666666666666,0.4692327362447342
dropout,371,14,42,672,0.484361285599014,0.42501425522175956,0.1875,0.13541666666666666,0.5010176027804403
dropout,371,15,45,720,0.4838954172270557,0.4260248128358132,0.1875,0.13541666666666666,0.4669334253186368
dropout,371,16,48,768,0.48376305494274846,0.4268107340919116,0.1875,0.13541666666666666,0.4779181939095511
dropout,371,17,51,816,0.4837588724875827,0.4259096389948526,0.1875,0.13541666666666666,0.4691741239134277
dropout,371,18,54,864,0.483751247127932,0.4267991790860615,0.1875,0.13541666666666666,0.5030215972435698
dropout,371,19,57,912,0.48415177861025316,0.4277745321943541,0.1875,0.125,0.5025283178471568
dropout,371,20,60,960,0.48400771664651526,0.4265336104242918,0.1875,0.125,0.5050585982575742
dropout,371,21,63,1008,0.48373222832231394,0.4277134098121819,0.1875,0.125,0.48803074356194004
dropout,371,22,66,1056,0.48331704635150574,0.42693065972629735,0.1875,0.13541666666666666,0.5176787142622994
dropout,371,23,69,1104,0.48372549587412766,0.42852296685708885,0.1875,0.15625,0.5070336985960994
dropout,371,24,72,1152,0.48458239587230095,0.4300754709362266,0.20833333333333334,0.16666666666666666,0.48732256899884147
dropout,371,25,75,1200,0.4839526760991357,0.42647385267031107,0.1875,0.15625,0.48179327845845793
dropout,371,26,78,1248,0.4834562652975111,0.42475651841138107,0.1875,0.13541666666666666,0.500749945850275
dropout,371,27,81,1296,0.4843419056206679,0.42305970635786666,0.1875,0.125,0.4748958731557919
dropout,371,28,84,1344,0.48544690013114417,0.42186657817397394,0.1875,0.125,0.47478409716399606
dropout,371,29,87,1392,0.48462128308012514,0.42317733744522795,0.1875,0.125,0.47403041634792614
dropout,371,30,90,1440,0.48344638265466955,0.4242584495206909,0.1875,0.125,0.5060039765336629
dropout,371,31,93,1488,0.4831011291354383,0.4246230162163245,0.1875,0.125,0.5050774344205434
dropout,371,32,96,1536,0.48270257383686044,0.42531444586503353,0.1875,0.13541666666666666,0.5077741655985375
dropout,371,33,99,1584,0.48255370381914786,0.4273038817880148,0.16666666666666666,0.14583333333333334,0.46507227443810306
dropout,371,34,102,1632,0.4824291548610071,0.4285463439476213,0.16666666666666666,0.15625,0.47948979376535683
dropout,371,35,105,1680,0.48210081728897425,0.42781837173856196,0.16666666666666666,0.14583333333333334,0.5032284609872155
dropout,371,36,108,1728,0.48204438125898674,0.4270856709307255,0.1875,0.13541666666666666,0.48736617391353376
dropout,371,37,111,1776,0.4819537658082047,0.42651009722123634,0.1875,0.13541666666666666,0.4771204022048856
dropout,371,38,114,1824,0.4819323161390872,0.4287871560826119,0.1875,0.125,0.48951826372693574
dropout,371,39,117,1872,0.48166455191940666,0.4285080223219133,0.1875,0.125,0.48602738506021836
dropout,371,40,120,1920,0.48189661951978113,0.4297819215464069,0.1875,0.125,0.46480993102728146
dropout,371,41,123,1968,0.48190039688866876,0.43049285133323556,0.1875,0.125,0.5041036669443598
dropout,371,42,126,2016,0.4815425818387795,0.4300393958926659,0.1875,0.13541666666666666,0.48853094285104276
dropout,371,43,129,2064,0.48205379076561333,0.42773757889062153,0.1875,0.13541666666666666,0.48683555342813706
dropout,371,44,132,2112,0.4812192958768293,0.4290696987413596,0.1875,0.13541666666666666,0.5208311800787732
dropout,371,45,135,2160,0.48099693858487574,0.43116981111886193,0.1875,0.13541666666666666,0.47413805774163637
dropout,371,46,138,2208,0.4807378113011249,0.43406749651777643,0.1875,0.14583333333333334,0.48381449878461585
dropout,371,47,141,2256,0.48081900399039684,0.43534049501626054,0.1875,0.15625,0.5003112849219392
dropout,371,48,144,2304,0.4804711950931435,0.4344056671450236,0.1875,0.14583333333333334,0.4917677166900787
dropout,371,49,147,2352,0.4802932814016146,0.43228872310800287,0.1875,0.13541666666666666,0.49139859952674697
dropout,371,50,150,2400,0.4803293630586023,0.430601580309978,0.1875,0.125,0.4842046780456553
dropout,371,51,153,2448,0.4802189629293771,0.4288045723646741,0.1875,0.125,0.48066578395101606
dropout,371,52,156,2496,0.48005480405084455,0.42993942778571476,0.16666666666666666,0.14583333333333334,0.5047699073990611
dropout,371,53,159,2544,0.48037383076934903,0.4311898963613175,0.1875,0.15625,0.4899327708811508
dropout,371,54,162,2592,0.48004129281490043,0.4314130904032229,0.1875,0.15625,0.48007870822750714
dropout,371,55,165,2640,0.4799213049103426,0.4284501141741457,0.1875,0.13541666666666666,0.5099036552706185
dropout,371,56,168,2688,0.4793414877011583,0.4300206728750724,0.1875,0.13541666666666666,0.4984184984424525
dropout,371,57,171,2736,0.4790930265633209,0.4319560834182803,0.1875,0.13541666666666666,0.5326742630695321
dropout,371,58,174,2784,0.4791194267449417,0.43436205360896435,0.16666666666666666,0.14583333333333334,0.48430077183465325
dropout,371,59,177,2832,0.4792714490821736,0.43547960636098165,0.1875,0.15625,0.4810817130311436
dropout,371,60,180,2880,0.47996959034866227,0.4383632172098652,0.20833333333333334,0.16666666666666666,0.5085225892968538
dropout,371,61,183,2928,0.48049820243733216,0.44286299362009757,0.20833333333333334,0.17708333333333334,0.5080990276661831
dropout,371,62,186,2976,0.4797825889741399,0.4410279051982589,0.20833333333333334,0.16666666666666666,0.49351474231545245
dropout,371,63,189,3024,0.4794134815859556,0.4402120904601194,0.1875,0.15625,0.489074349577892
dropout,371,64,192,3072,0.4786334291212604,0.4355575435634355,0.1875,0.13541666666666666,0.48598931992885314
dropout,371,65,195,3120,0.4782047689201187,0.43419075947479274,0.16666666666666666,0.14583333333333334,0.5036617613678921
dropout,371,66,198,3168,0.47805080003817246,0.431980428750302,0.1875,0.13541666666666666,0.4701444599621513
dropout,371,67,201,3216,0.47819305283860647,0.431635917492392,0.16666666666666666,0.14583333333333334,0.47985754754104004
dropout,371,68,204,3264,0.47840205784491935,0.4316948433477253,0.16666666666666666,0.15625,0.477417443574474
dropout,371,69,207,3312,0.4781689377082565,0.4327905790473016,0.16666666666666666,0.15625,0.4810480751080766
dropout,371,70,210,3360,0.4779333608971919,0.43503600851962226,0.16666666666666666,0.15625,0.44874198577988045
dropout,371,71,213,3408,0.4776627656776426,0.4359301636714832,0.16666666666666666,0.15625,0.48041524311113254
dropout,371,72,216,3456,0.4779806682415102,0.43525147732381875,0.16666666666666666,0.14583333333333334,0.4858913342022535
dropout,371,73,219,3504,0.47733007122143256,0.43574012805680845,0.1875,0.13541666666666666,0.4796784637106953
dropout,371,74,222,3552,0.47769033374677417,0.436159350465539,0.1875,0.13541666666666666,0.5062018197574726
dropout,371,75,225,3600,0.4777398996076287,0.43751174276227794,0.1875,0.13541666666666666,0.4946074502159424
dropout,371,76,228,3648,0.4775377738580659,0.4414331254352653,0.1875,0.14583333333333334,0.48227078338535817
dropout,371,77,231,3696,0.47625689004630417,0.4408908511191412,0.1875,0.15625,0.47879830319124705
dropout,371,78,234,3744,0.4759421389054222,0.4418003127134635,0.16666666666666666,0.16666666666666666,0.47577670444161185
dropout,371,79,237,3792,0.4755617936333878,0.44001334683910515,0.16666666666666666,0.15625,0.4787964512263713
dropout,371,80,240,3840,0.475506436724032,0.4379137226494983,0.16666666666666666,0.15625,0.46780824263564663
dropout,371,81,243,3888,0.47538347133420356,0.44123874519777057,0.1875,0.15625,0.5012291477684142
dropout,371,82,246,3936,0.474989059896668,0.44033002569547125,0.16666666666666666,0.15625,0.4909858759448655
dropout,371,83,249,3984,0.47507272343624235,0.4418387563542239,0.1875,0.15625,0.4979366774904193
dropout,371,84,252,4032,0.4748330628601389,0.4407085691528238,0.1875,0.15625,0.4956568538504134
dropout,371,85,255,4080,0.4745292036485329,0.4386782108223914,0.16666666666666666,0.15625,0.48281860462900433
dropout,371,86,258,4128,0.4744786797876716,0.4393108412296984,0.16666666666666666,0.14583333333333334,0.49828229187725714
dropout,371,87,261,4176,0.47433356660550063,0.4391105550091639,0.16666666666666666,0.15625,0.47736621258848855
dropout,371,88,264,4224,0.4741932837098107,0.44171669452505924,0.16666666666666666,0.16666666666666666,0.48252142117087565
dropout,371,89,267,4272,0.4740680133503368,0.4409488950964609,0.16666666666666666,0.17708333333333334,0.4499048875440462
dropout,371,90,270,4320,0.4742388140379952,0.4387768283125253,0.16666666666666666,0.14583333333333334,0.4898744138642035
dropout,371,91,273,4368,0.47398415207869765,0.43969608127519805,0.16666666666666666,0.15625,0.48010960503888017
dropout,371,92,276,4416,0.473754290154992,0.43936765321070276,0.16666666666666666,0.15625,0.48650887998247794
dropout,371,93,279,4464,0.4740390583709266,0.44587361823199273,0.1875,0.17708333333333334,0.46132733610192833
dropout,371,94,282,4512,0.4735450216429335,0.44382806388966395,0.16666666666666666,0.17708333333333334,0.47543690563933144
dropout,371,95,285,4560,0.4733541313147938,0.44251957366262534,0.16666666666666666,0.16666666666666666,0.4916526286707161
dropout,371,96,288,4608,0.4733495713147251,0.4407833426735151,0.16666666666666666,0.16666666666666666,0.47087623553817987
dropout,371,97,291,4656,0.4731276896807379,0.4422863430591932,0.16666666666666666,0.17708333333333334,0.4616462198462663
dropout,371,98,294,4704,0.4732796977739669,0.4403107840945248,0.16666666666666666,0.17708333333333334,0.4936917427594147
dropout,371,99,297,4752,0.4732643821220155,0.4399737448306767,0.16666666666666666,0.17708333333333334,0.4721359305308022
dropout,371,100,300,4800,0.47321843492646093,0.4413347473364706,0.16666666666666666,0.17708333333333334,0.49334341424311967
dropout,371,101,303,4848,0.472442586544135,0.44118786163469964,0.16666666666666666,0.17708333333333334,0.4718101728809933
dropout,371,102,306,4896,0.4725911727257938,0.44436118711184536,0.1875,0.17708333333333334,0.4967418058852302
dropout,371,103,309,4944,0.4723549517140236,0.4428097021069099,0.16666666666666666,0.17708333333333334,0.4926521135668498
dropout,371,104,312,4992,0.472298322602072,0.4420544187200433,0.16666666666666666,0.17708333333333334,0.5206247888333406
dropout,371,105,315,5040,0.4735811789907591,0.4465921199366611,0.16666666666666666,0.17708333333333334,0.49221354845628307
dropout,371,106,318,5088,0.4735269918606073,0.4470546593741022,0.1875,0.17708333333333334,0.4825721306360897
dropout,371,107,321,5136,0.4733653786768977,0.44566494745364266,0.16666666666666666,0.17708333333333334,0.48408223914115905
dropout,371,108,324,5184,0.47191878787554087,0.44280510380672516,0.16666666666666666,0.17708333333333334,0.4532276915424969
dropout,371,109,327,5232,0.4714696352432685,0.43803987911337283,0.16666666666666666,0.17708333333333334,0.48236677468947065
dropout,371,110,330,5280,0.4717797308471772,0.4367225108290265,0.16666666666666666,0.15625,0.4831746240391273
dropout,371,111,333,5328,0.47238614902938797,0.4353087956462806,0.16666666666666666,0.15625,0.48468385178779944
dropout,371,112,336,5376,0.4720927622653233,0.4369189549680835,0.16666666666666666,0.15625,0.4614779617392449
dropout,371,113,339,5424,0.4718993637540975,0.43681110131941314,0.16666666666666666,0.17708333333333334,0.5003044440451397
dropout,371,114,342,5472,0.4714760909582581,0.4373714086887106,0.16666666666666666,0.17708333333333334,0.4670753103582945
dropout,371,115,345,5520,0.47067570915967377,0.4392834483614974,0.16666666666666666,0.17708333333333334,0.4600578076724702
dropout,371,116,348,5568,0.470475437454597,0.44238114575210413,0.1875,0.17708333333333334,0.49044417419291414
dropout,371,117,351,5616,0.4708979522099406,0.44543362695347155,0.1875,0.17708333333333334,0.48490704945430263
dropout,371,118,354,5664,0.4704757545518808,0.44447680807221857,0.1875,0.1875,0.4818042469258729
dropout,371,119,357,5712,0.4699176228010818,0.4417298316286576,0.1875,0.17708333333333334,0.48195613039676455
dropout,371,120,360,5760,0.47011517892392135,0.4406793221499213,0.1875,0.17708333333333334,0.49061947590942184
dropout,371,121,363,5808,0.46972796657823696,0.44038317455964376,0.1875,0.17708333333333334,0.47417579261962844
dropout,371,122,366,5856,0.46941088583570595,0.4427492148293066,0.1875,0.17708333333333334,0.5120507194171006
dropout,371,123,369,5904,0.46937663093923804,0.44501182295719227,0.20833333333333334,0.17708333333333334,0.48165984058153594
dropout,371,124,372,5952,0.46950985229263575,0.4470664153678489,0.20833333333333334,0.17708333333333334,0.4771754248390125
dropout,371,125,375,6000,0.46906743541445,0.44474939867942465,0.20833333333333334,0.17708333333333334,0.47370635007366807
dropout,371,126,378,6048,0.46861105703939704,0.4396820459677136,0.16666666666666666,0.17708333333333334,0.45163886330734915
dropout,371,127,381,6096,0.4690600998321364,0.4357680813977926,0.16666666666666666,0.16666666666666666,0.47010689818363954
dropout,371,128,384,6144,0.4715527652409188,0.43181460291449403,0.20833333333333334,0.14583333333333334,0.46944557650679153
dropout,371,129,387,6192,0.47157377894751623,0.4314349317697001,0.20833333333333334,0.14583333333333334,0.4667426428367612
dropout,371,130,390,6240,0.47216190497208804,0.4293751144045978,0.20833333333333334,0.13541666666666666,0.4873489453600836
dropout,371,131,393,6288,0.4706303230501234,0.4303341046344005,0.1875,0.14583333333333334,0.4998812097956131
dropout,371,132,396,6336,0.4676840739638856,0.43555734525076684,0.16666666666666666,0.16666666666666666,0.46225223155857553
dropout,371,133,399,6384,0.4673490162670119,0.4373092302766554,0.1875,0.16666666666666666,0.47895367137829054
dropout,371,134,402,6432,0.46743262102961974,0.44041719730346024,0.1875,0.17708333333333334,0.4670423143937914
dropout,371,135,405,6480,0.467276891256361,0.4412884410493101,0.1875,0.17708333333333334,0.46280969549598155
dropout,371,136,408,6528,0.4668837925351077,0.43961660244004613,0.1875,0.17708333333333334,0.47366302215700634
dropout,371,137,411,6576,0.46636566540147434,0.4362564304885194,0.1875,0.16666666666666666,0.46418014946214753
dropout,371,138,414,6624,0.46607564565215975,0.43367240561450826,0.16666666666666666,0.16666666666666666,0.4700912154527102
dropout,371,139,417,6672,0.4657833218262471,0.433627481297447,0.16666666666666666,0.16666666666666666,0.47349750327820894
dropout,371,140,420,6720,0.46590965513896293,0.43115422036585294,0.16666666666666666,0.14583333333333334,0.477636609888441
dropout,371,141,423,6768,0.4662795291950861,0.4309613256941054,0.16666666666666666,0.14583333333333334,0.4620211762600725
dropout,371,142,426,6816,0.4661699676373907,0.4291609426979508,0.16666666666666666,0.14583333333333334,0.47974700579253743
dropout,371,143,429,6864,0.46530065689202527,0.43081035511387533,0.16666666666666666,0.15625,0.4859662527713345
dropout,371,144,432,6912,0.4647184795183998,0.4316023990690623,0.16666666666666666,0.15625,0.4371250320184578
dropout,371,145,435,6960,0.46510566338377707,0.4342147236504843,0.1875,0.16666666666666666,0.4930779407618564
dropout,371,146,438,7008,0.46540626514110334,0.4328677256007775,0.1875,0.16666666666666666,0.4691792296680148
dropout,371,147,441,7056,0.464119001651709,0.43047082334010683,0.1875,0.15625,0.48183653407516563
dropout,371,148,444,7104,0.4635584874977985,0.42928740262130455,0.16666666666666666,0.14583333333333334,0.48799740631296923
dropout,371,149,447,7152,0.46375986501457495,0.4301686424299067,0.16666666666666666,0.14583333333333334,0.47691920474723976
dropout,371,150,450,7200,0.4635476587613882,0.43082446834877625,0.16666666666666666,0.14583333333333334,0.46620908448729215
dropout,371,151,453,7248,0.463189589337873,0.4316191848432361,0.16666666666666666,0.14583333333333334,0.4679671300898623
dropout,371,152,456,7296,0.4626563005178728,0.4331543288690877,0.1875,0.15625,0.46131390170877434
dropout,371,153,459,7344,0.4632307212861632,0.43769539989589656,0.1875,0.16666666666666666,0.5067930391459684
dropout,371,154,462,7392,0.4631593204080171,0.43649193045939266,0.1875,0.16666666666666666,0.442736518184339
dropout,371,155,465,7440,0.4621016498667812,0.4327256592990622,0.1875,0.16666666666666666,0.4816094546367582
dropout,371,156,468,7488,0.46237714779040306,0.4329797010388195,0.1875,0.1875,0.4433410202082777
dropout,371,157,471,7536,0.46158256205938814,0.42782292664870186,0.1875,0.17708333333333334,0.493645946146911
dropout,371,158,474,7584,0.46118796947596935,0.42484118110437946,0.1875,0.16666666666666666,0.4370252930700776
dropout,371,159,477,7632,0.4610516675962611,0.42473827519581436,0.1875,0.16666666666666666,0.4857118916879686
dropout,371,160,480,7680,0.46119125768966684,0.4222916765694984,0.16666666666666666,0.15625,0.4875865816487499
dropout,372,0,0,0,0.7038815098155168,0.7001586056651311,0.7083333333333334,0.6145833333333334,
dropout,372,1,3,48,0.5739813558834919,0.5750644547612165,0.2916666666666667,0.22916666666666666,0.6561014800897468
dropout,372,2,6,96,0.5110522334394036,0.48849167768146257,0.22916666666666666,0.1875,0.5535941896419087
dropout,372,3,9,144,0.4984676540359709,0.44504533430744647,0.22916666666666666,0.17708333333333334,0.5000982729370468
dropout,372,4,12,192,0.5017573863495264,0.42226791284316717,0.20833333333333334,0.17708333333333334,0.4937984666273465
dropout,372,5,15,240,0.5040125550728665,0.41478905873023414,0.1875,0.15625,0.5073079444427601
dropout,372,6,18,288,0.49316210734813587,0.41410519847310767,0.16666666666666666,0.14583333333333334,0.511134578330009
dropout,372,7,21,336,0.48927997459807226,0.41469904592574647,0.16666666666666666,0.13541666666666666,0.4783613767130093
dropout,372,8,24,384,0.4861175030393919,0.41916149576101097,0.1875,0.13541666666666666,0.4875861390720592
dropout,372,9,27,432,0.48569006969555056,0.4260217213375764,0.1875,0.14583333333333334,0.5111950004500985
dropout,372,10,30,480,0.48554575211527523,0.4288556290839802,0.20833333333333334,0.14583333333333334,0.4967660974164707
dropout,372,11,33,528,0.48604237045902093,0.43127136520175086,0.20833333333333334,0.14583333333333334,0.5065721729647378
dropout,372,12,36,576,0.48628024127084,0.4320741160851986,0.20833333333333334,0.13541666666666666,0.47261939387220425
dropout,372,13,39,624,0.48683023110503626,0.43359825349546616,0.20833333333333334,0.14583333333333334,0.5002765120989846
dropout,372,14,42,672,0.4856337819436491,0.4290740141302883,0.1875,0.125,0.49028636680938426
dropout,372,15,45,720,0.48468454313088244,0.4222974957116321,0.1875,0.125,0.4564200627352745
dropout,372,16,48,768,0.4846896608923806,0.4195394391541744,0.1875,0.125,0.48573921880418774
dropout,372,17,51,816,0.4852285970076882,0.41734086396671377,0.1875,0.125,0.49193924555009355
dropout,372,18,54,864,0.4852424969975035,0.41699443173350326,0.1875,0.13541666666666666,0.48613518508280235
dropout,372,19,57,912,0.48505427142634927,0.4174561262564162,0.1875,0.13541666666666666,0.5089624967876495
dropout,372,20,60,960,0.48483020894376133,0.41933061150285883,0.16666666666666666,0.13541666666666666,0.5093242542517555
dropout,372,21,63,1008,0.4844024705050087,0.42143287393457385,0.16666666666666666,0.13541666666666666,0.48360653660999703
dropout,372,22,66,1056,0.4848434766425345,0.42156618286728326,0.16666666666666666,0.15625,0.49911324416075864
dropout,372,23,69,1104,0.4846470475701157,0.4193437481896112,0.16666666666666666,0.13541666666666666,0.4776054190595987
dropout,372,24,72,1152,0.4842635205741743,0.42077843621891287,0.1875,0.13541666666666666,0.4781755297594275
dropout,372,25,75,1200,0.4842653275292676,0.42067330033119293,0.1875,0.13541666666666666,0.4979038584016458
dropout,372,26,78,1248,0.4844275200789712,0.41918281110794164,0.1875,0.13541666666666666,0.49328246849187046
dropout,372,27,81,1296,0.4839118868890335,0.4212181205162664,0.1875,0.13541666666666666,0.5110268202926312
dropout,372,28,84,1344,0.48395897962522233,0.42288470487022395,0.1875,0.13541666666666666,0.48824423890633595
dropout,372,29,87,1392,0.48405859779710053,0.4238987346519447,0.1875,0.13541666666666666,0.47079334140356827
dropout,372,30,90,1440,0.48468899743655397,0.4266852549908758,0.1875,0.13541666666666666,0.49791649881720473
dropout,372,31,93,1488,0.48408416447441366,0.4242148329051272,0.1875,0.13541666666666666,0.4662995390055185
dropout,372,32,96,1536,0.48402058658708835,0.42395067987200497,0.1875,0.13541666666666666,0.48778518587412273
dropout,372,33,99,1584,0.4843792200754784,0.4196930689295641,0.1875,0.13541666666666666,0.47695686766574247
dropout,372,34,102,1632,0.48559158833010646,0.4164847164089169,0.1875,0.13541666666666666,0.45615679642546997
dropout,372,35,105,1680,0.48587417595611204,0.416723756005376,0.16666666666666666,0.13541666666666666,0.5025027674325314
dropout,372,36,108,1728,0.4860318772979865,0.41581124946956693,0.1875,0.13541666666666666,0.47443312059154136
dropout,372,37,111,1776,0.4868172846400991,0.41428713764947167,0.1875,0.13541666666666666,0.5085944331922257
dropout,372,38,114,1824,0.484960990376278,0.41764244618733165,0.1875,0.13541666666666666,0.511296804027484
dropout,372,39,117,1872,0.48380516693337805,0.4226946401489365,0.1875,0.13541666666666666,0.49979024494842045
dropout,372,40,120,1920,0.484082344580622,0.42525921556009294,0.1875,0.13541666666666666,0.4763624737294235
dropout,372,41,123,1968,0.48423068220591076,0.425865251309205,0.1875,0.13541666666666666,0.48807761300133956
dropout,372,42,126,2016,0.4843380121712331,0.4266772783199741,0.1875,0.13541666666666666,0.49444070562229686
dropout,372,43,129,2064,0.4840995550928995,0.4247779566734798,0.1875,0.125,0.4639656298525971
dropout,372,44,132,2112,0.4841815995889714,0.42280127662921335,0.1875,0.125,0.49338710774998124
dropout,372,45,135,2160,0.484370433871774,0.4206031118131766,0.1875,0.125,0.5135208187675252
dropout,372,46,138,2208,0.4844364635712588,0.4198900660860881,0.1875,0.125,0.47780145816757824
dropout,372,47,141,2256,0.4842353328307308,0.41985662766633913,0.1875,0.125,0.4775242557483528
dropout,372,48,144,2304,0.48441237866157677,0.4189898213524157,0.1875,0.13541666666666666,0.4694952248996802
dropout,372,49,147,2352,0.4846324514984033,0.4182778844758574,0.1875,0.13541666666666666,0.4876545685292884
dropout,372,50,150,2400,0.4837404621404542,0.419999821139319,0.1875,0.13541666666666666,0.5175659485983052
dropout,372,51,153,2448,0.4837549975273185,0.4198487527186429,0.1875,0.125,0.5068153300394991
dropout,372,52,156,2496,0.4837288034457649,0.4226433032599812,0.1875,0.13541666666666666,0.4934860877774758
dropout,372,53,159,2544,0.48371910465705764,0.42239762479453963,0.1875,0.13541666666666666,0.49269286590103745
dropout,372,54,162,2592,0.4837921680011286,0.4227146378359812,0.1875,0.13541666666666666,0.48407142555943566
dropout,372,55,165,2640,0.48381559257233686,0.42127315828548034,0.1875,0.13541666666666666,0.5061754860696425
dropout,372,56,168,2688,0.4839052384875487,0.4190132300512826,0.1875,0.13541666666666666,0.5039205591847206
dropout,372,57,171,2736,0.48381680081686557,0.4205705992417886,0.1875,0.13541666666666666,0.5099079659586973
dropout,372,58,174,2784,0.4839414446134047,0.4203265721569835,0.1875,0.125,0.49529960666823447
dropout,372,59,177,2832,0.48424032576749054,0.41740748285683377,0.1875,0.125,0.514976404878165
dropout,372,60,180,2880,0.4843088747493695,0.41785951988697434,0.1875,0.125,0.49104941962606086
dropout,372,61,183,2928,0.4842688544587055,0.4187161009740706,0.1875,0.125,0.5065297622230392
dropout,372,62,186,2976,0.48391924639502776,0.4213290377783325,0.1875,0.125,0.46994941067128276
dropout,372,63,189,3024,0.48373703930578255,0.4217457911439304,0.1875,0.13541666666666666,0.4787291631818364
dropout,372,64,192,3072,0.4837150992973796,0.4220446895853936,0.1875,0.13541666666666666,0.5050039780937248
dropout,372,65,195,3120,0.4839769874140541,0.4228399359749078,0.1875,0.13541666666666666,0.5068274759154044
dropout,372,66,198,3168,0.48400423507585844,0.4240064787336339,0.1875,0.13541666666666666,0.4759445034247293
dropout,372,67,201,3216,0.48417296520266295,0.4241335035479703,0.1875,0.14583333333333334,0.4704553580562532
dropout,372,68,204,3264,0.4844030827348364,0.41974617272045545,0.1875,0.14583333333333334,0.46806815976507893
dropout,372,69,207,3312,0.48433236636632365,0.4180479567824748,0.16666666666666666,0.13541666666666666,0.49806268084163285
dropout,372,70,210,3360,0.4848359938488649,0.4142675811874916,0.1875,0.13541666666666666,0.49783132510610884
dropout,372,71,213,3408,0.4849366191945003,0.413781025248739,0.1875,0.125,0.4962516035875039
dropout,372,72,216,3456,0.48406846500655565,0.4159887450417317,0.1875,0.125,0.4981437907252082
dropout,372,73,219,3504,0.48360057541191037,0.41826471197008114,0.1875,0.13541666666666666,0.48769693597332103
dropout,372,74,222,3552,0.4835856287163018,0.4192569486084942,0.1875,0.125,0.4989132979771375
dropout,372,75,225,3600,0.48358431070774416,0.4215088021935454,0.1875,0.13541666666666666,0.48585040092747084
dropout,372,76,228,3648,0.48353658804778865,0.42107063260953415,0.1875,0.13541666666666666,0.49587630800832994
dropout,372,77,231,3696,0.4835186040737227,0.4217806948876795,0.1875,0.13541666666666666,0.48752733106924717
dropout,372,78,234,3744,0.4835223175514045,0.42167399693563906,0.1875,0.13541666666666666,0.48283761719845936
dropout,372,79,237,3792,0.4834494970246457,0.42135615268340404,0.1875,0.13541666666666666,0.4943105520116548
dropout,372,80,240,3840,0.4834218593562634,0.42115027514521525,0.1875,0.13541666666666666,0.49289602651957126
dropout,372,81,243,3888,0.4834570200814811,0.41867686921755304,0.1875,0.13541666666666666,0.4895158272564483
dropout,372,82,246,3936,0.48359451618889016,0.4180042796595526,0.1875,0.13541666666666666,0.4938683559044949
dropout,372,83,249,3984,0.4840137244637133,0.41556668040748973,0.1875,0.13541666666666666,0.4940181628180225
dropout,372,84,252,4032,0.4841240516044271,0.4144776551693807,0.1875,0.125,0.4879622842319258
dropout,372,85,255,4080,0.4837169653627284,0.4162002882229486,0.1875,0.125,0.49414730528473433
dropout,372,86,258,4128,0.48383917963129836,0.417599104566873,0.1875,0.125,0.5160041815993364
dropout,372,87,261,4176,0.48348097324738587,0.4194760698425814,0.1875,0.125,0.4767749639984998
dropout,372,88,264,4224,0.4835274538626709,0.42263538876998963,0.1875,0.13541666666666666,0.49433904527838424
dropout,372,89,267,4272,0.4837257851434476,0.4239787292402745,0.20833333333333334,0.13541666666666666,0.49588062146334005
dropout,372,90,270,4320,0.48377441680366456,0.42418203109993774,0.20833333333333334,0.13541666666666666,0.48795117274619365
dropout,372,91,273,4368,0.48335559061108285,0.4210873163030893,0.1875,0.13541666666666666,0.49647219512372126
dropout,372,92,276,4416,0.4833962444990461,0.4190480260696437,0.1875,0.13541666666666666,0.4971944589601596
dropout,372,93,279,4464,0.48330272514981515,0.4185739387161885,0.1875,0.13541666666666666,0.5038971674007918
dropout,372,94,282,4512,0.4835724933544303,0.4167210325273773,0.1875,0.13541666666666666,0.49219179707858496
dropout,372,95,285,4560,0.48351096945287764,0.41592027451337765,0.1875,0.13541666666666666,0.5000577883586524
dropout,372,96,288,4608,0.4831844157712004,0.4181910882539693,0.1875,0.13541666666666666,0.4960734552969584
dropout,372,97,291,4656,0.4831472190014618,0.4186909166221235,0.1875,0.13541666666666666,0.48089597352433094
dropout,372,98,294,4704,0.4832577263514332,0.41619449597179853,0.1875,0.125,0.48739013864403424
dropout,372,99,297,4752,0.4832848053480651,0.4155092276422934,0.1875,0.13541666666666666,0.48299118010441094
dropout,372,100,300,4800,0.4833744812854317,0.4148104287599787,0.1875,0.13541666666666666,0.5071555730927654
dropout,372,101,303,4848,0.48319112776951384,0.416286197819046,0.1875,0.13541666666666666,0.48961403345407356
dropout,372,102,306,4896,0.48316234364756977,0.4174658795408804,0.1875,0.13541666666666666,0.48613386919596907
dropout,372,103,309,4944,0.48307792976433933,0.41722362913673267,0.1875,0.13541666666666666,0.4791958691612537
dropout,372,104,312,4992,0.48316032190992386,0.420299296505154,0.1875,0.13541666666666666,0.48061339435820577
dropout,372,105,315,5040,0.48321604352104863,0.41891203593765686,0.1875,0.13541666666666666,0.4717536381126533
dropout,372,106,318,5088,0.48325254259949824,0.4178829482796187,0.1875,0.13541666666666666,0.47224228610919133
dropout,372,107,321,5136,0.4832814337495834,0.4165703153059977,0.1875,0.13541666666666666,0.48691483478593206
dropout,372,108,324,5184,0.4835491276510089,0.4141084499048107,0.1875,0.13541666666666666,0.48819263879682034
dropout,372,109,327,5232,0.48357354714909784,0.4146601846922587,0.1875,0.13541666666666666,0.4781696694580934
dropout,372,110,330,5280,0.48310692612279277,0.4175082150986544,0.1875,0.13541666666666666,0.48738064806670317
dropout,372,111,333,5328,0.48300623894819367,0.41863112782762485,0.1875,0.13541666666666666,0.5031184422341894
dropout,372,112,336,5376,0.4828754730677695,0.4210252585664507,0.20833333333333334,0.13541666666666666,0.48594934946400964
dropout,372,113,339,5424,0.4826998165244336,0.42108558236547516,0.1875,0.13541666666666666,0.49254876342417436
dropout,372,114,342,5472,0.4825378715391972,0.42127263829079825,0.1875,0.13541666666666666,0.48525182001211004
dropout,372,115,345,5520,0.48247269576129553,0.42088232745061166,0.1875,0.13541666666666666,0.4978281124396882
dropout,372,116,348,5568,0.4827807660441424,0.42251989413785046,0.1875,0.125,0.4972068040186784
dropout,372,117,351,5616,0.4829228358688778,0.4205636513880902,0.1875,0.125,0.4819272797303879
dropout,372,118,354,5664,0.48262013975007995,0.4178343005216887,0.1875,0.125,0.4888803602456057
dropout,372,119,357,5712,0.4826933997145542,0.415247703645447,0.1875,0.125,0.480344560702705
dropout,372,120,360,5760,0.4833787703507498,0.4146900013599768,0.1875,0.125,0.4961489372443313
dropout,372,121,363,5808,0.48328258395794815,0.41454312320699954,0.1875,0.125,0.48630942495987445
dropout,372,122,366,5856,0.48284026224744525,0.4145664261573503,0.1875,0.125,0.49019081026660644
dropout,372,123,369,5904,0.48233103488937856,0.4150000046648972,0.1875,0.125,0.4893161840500427
dropout,372,124,372,5952,0.4819365743935376,0.4164055580929773,0.1875,0.125,0.4880844107970134
dropout,372,125,375,6000,0.4819396890579127,0.4207900401547853,0.1875,0.13541666666666666,0.4848303851544631
dropout,372,126,378,6048,0.4818058539822538,0.42027758632355194,0.1875,0.13541666666666666,0.47688167734181225
dropout,372,127,381,6096,0.48146265085322687,0.41957452449319105,0.1875,0.13541666666666666,0.4802567757882385
dropout,372,128,384,6144,0.481354920286881,0.41881641063611424,0.1875,0.125,0.4909308495736238
dropout,372,129,387,6192,0.48145255129528225,0.41763670759380983,0.1875,0.125,0.485377993884021
dropout,372,130,390,6240,0.48120746649057183,0.41976736863344694,0.1875,0.125,0.5058707894547771
dropout,372,131,393,6288,0.48115861400428805,0.4196348994677974,0.1875,0.125,0.4981355113485941
dropout,372,132,396,6336,0.4809112654656124,0.41931478776193915,0.1875,0.125,0.4865958258944339
dropout,372,133,399,6384,0.4808278858931531,0.41831237201033417,0.1875,0.125,0.4793681198613145
dropout,372,134,402,6432,0.4804960144221612,0.4198389442393218,0.1875,0.125,0.4791353367449538
dropout,372,135,405,6480,0.4804459603371974,0.4185772038318248,0.1875,0.125,0.480787123121432
dropout,372,136,408,6528,0.4802088070639788,0.4190016864006429,0.1875,0.125,0.4761986766392082
dropout,372,137,411,6576,0.47991048006607867,0.41997263971872895,0.1875,0.125,0.488713109835754
dropout,372,138,414,6624,0.47974363309740387,0.4241844143272359,0.1875,0.13541666666666666,0.4990227877307438
dropout,372,139,417,6672,0.47965262951453697,0.4249548973694199,0.1875,0.13541666666666666,0.4814494670952582
dropout,372,140,420,6720,0.4796280584939687,0.42579638143729753,0.1875,0.13541666666666666,0.47169221699918645
dropout,372,141,423,6768,0.47913575077750153,0.42410649852571775,0.1875,0.125,0.4803391646832849
dropout,372,142,426,6816,0.4789576070909752,0.42243634962855275,0.1875,0.125,0.4726046929854648
dropout,372,143,429,6864,0.4796247836408969,0.4188858642910834,0.1875,0.125,0.47321450060184844
dropout,372,144,432,6912,0.47972929612765397,0.4180641392401964,0.1875,0.125,0.5039402994707138
dropout,372,145,435,6960,0.47883921731791873,0.4204752329457862,0.1875,0.125,0.49618888468164185
dropout,372,146,438,7008,0.4788583014518315,0.42003328985583077,0.1875,0.125,0.5004558978083383
dropout,372,147,441,7056,0.4786174143677031,0.42093085850078055,0.1875,0.125,0.4851254311798016
dropout,372,148,444,7104,0.47797607142819487,0.42328087153156724,0.1875,0.125,0.470381754099175
dropout,372,149,447,7152,0.47769268389604697,0.4255785833354193,0.1875,0.125,0.5049084060055787
dropout,372,150,450,7200,0.4775475711655835,0.42630913820680066,0.1875,0.125,0.4951810579875737
dropout,372,151,453,7248,0.4780568921988657,0.4319784049418937,0.1875,0.125,0.4881307141730238
dropout,372,152,456,7296,0.47827421883343674,0.4338260511715675,0.1875,0.125,0.4763802042158674
dropout,372,153,459,7344,0.4783521319647557,0.43496865902634196,0.1875,0.125,0.49026772946811015
dropout,372,154,462,7392,0.47736199224871917,0.432219593674904,0.1875,0.125,0.48393032997095825
dropout,372,155,465,7440,0.4766240966096447,0.42742071237627144,0.1875,0.125,0.49374716148572956
dropout,372,156,468,7488,0.4763846092932391,0.42829867296135965,0.1875,0.125,0.48187967681046584
dropout,372,157,471,7536,0.4764609273795613,0.4324589221036203,0.1875,0.125,0.5176813472139614
dropout,372,158,474,7584,0.47597811147866115,0.4306682265425943,0.1875,0.125,0.4906374435798518
dropout,372,159,477,7632,0.4759402037219361,0.42894283814892953,0.1875,0.125,0.4806273914479444
dropout,372,160,480,7680,0.47583776154935564,0.42652233311629706,0.1875,0.125,0.4909576906257275
decay,370,0,0,0,0.6738115211332999,0.6720940399230374,0.1875,0.19791666666666666,
decay,370,1,3,48,0.5443660418929289,0.5300410188481157,0.20833333333333334,0.15625,0.612656137026938
decay,370,2,6,96,0.5032514311290389,0.4710635009575935,0.22916666666666666,0.19791666666666666,0.5328427170619284
decay,370,3,9,144,0.4986524700341281,0.4382991368965001,0.22916666666666666,0.17708333333333334,0.5070697233514615
decay,370,4,12,192,0.495175594907274,0.4232798983938609,0.1875,0.15625,0.4978942484465591
decay,370,5,15,240,0.49097478668620376,0.4200482886947114,0.1875,0.16666666666666666,0.49803968029168993
decay,370,6,18,288,0.4867855102978457,0.4202865608466164,0.16666666666666666,0.15625,0.4916493575749885
decay,370,7,21,336,0.4848849123947254,0.4223571550351825,0.1875,0.125,0.49140450193665036
decay,370,8,24,384,0.4856508334406994,0.42699384469994744,0.1875,0.125,0.4855759056814457
decay,370,9,27,432,0.48705693651486365,0.43086578734611486,0.1875,0.13541666666666666,0.48692302745346866
decay,370,10,30,480,0.4858371104841932,0.4296122652440513,0.1875,0.125,0.4886604051060246
decay,370,11,33,528,0.48569205828078316,0.42959293168314594,0.1875,0.125,0.48712812077413953
decay,370,12,36,576,0.4847954549612301,0.4280882399841725,0.1875,0.13541666666666666,0.4872448315731312
decay,370,13,39,624,0.48417426261074037,0.42520637558052826,0.1875,0.13541666666666666,0.48556897150861467
decay,370,14,42,672,0.4842328997632883,0.4261039423071494,0.1875,0.13541666666666666,0.48733758787228076
decay,370,15,45,720,0.48405458161513265,0.42270820274796733,0.1875,0.13541666666666666,0.48584181448284464
decay,370,16,48,768,0.48439112492458664,0.4203685802771891,0.1875,0.13541666666666666,0.48590238490514165
decay,370,17,51,816,0.4848636870868514,0.4192863546324544,0.1875,0.13541666666666666,0.4870931891627535
decay,370,18,54,864,0.4851456440335142,0.41940740735789644,0.16666666666666666,0.13541666666666666,0.4874017401310439
decay,370,19,57,912,0.4840008664528144,0.42375493183044305,0.1875,0.13541666666666666,0.4924514048270612
decay,370,20,60,960,0.484333609371382,0.4255938151184635,0.1875,0.125,0.4880408375480072
decay,370,21,63,1008,0.48494813469262854,0.4296391129086037,0.1875,0.13541666666666666,0.48842189491099214
decay,370,22,66,1056,0.48434087434184514,0.4273719055695939,0.1875,0.13541666666666666,0.4875855711282897
decay,370,23,69,1104,0.48409180641882643,0.42623341075344934,0.16666666666666666,0.13541666666666666,0.4853376503969474
decay,370,24,72,1152,0.4840048716703793,0.4256411952195638,0.16666666666666666,0.13541666666666666,0.48518376964141785
decay,370,25,75,1200,0.4838871485574458,0.42329863566309484,0.1875,0.13541666666666666,0.48667257228391697
decay,370,26,78,1248,0.48386961853721927,0.42370445680049346,0.1875,0.13541666666666666,0.48482010609154425
decay,370,27,81,1296,0.4838284156147279,0.42359792916911915,0.1875,0.13541666666666666,0.48514225943589356
decay,370,28,84,1344,0.48393673999541814,0.42374843261982215,0.1875,0.13541666666666666,0.4876502551374195
decay,370,29,87,1392,0.4839317644361684,0.42618082922507333,0.1875,0.13541666666666666,0.485838684472575
decay,370,30,90,1440,0.48399689427726306,0.4270770839440323,0.1875,0.13541666666666666,0.48490302281921877
decay,370,31,93,1488,0.48400376876708934,0.4264235683304634,0.1875,0.14583333333333334,0.48658496858482697
decay,370,32,96,1536,0.48411492900223013,0.428220674837311,0.1875,0.13541666666666666,0.48718557516784305
decay,370,33,99,1584,0.48378987386663813,0.42644552338850666,0.1875,0.13541666666666666,0.48455326583226127
decay,370,34,102,1632,0.4837073739292726,0.42567113436476695,0.1875,0.13541666666666666,0.48432113819693723
decay,370,35,105,1680,0.4836915072090746,0.4237128504375785,0.1875,0.13541666666666666,0.4870478095935085
decay,370,36,108,1728,0.483880737653537,0.421526063667155,0.1875,0.13541666666666666,0.48658270688157185
decay,370,37,111,1776,0.483834477446915,0.4216557327729902,0.1875,0.13541666666666666,0.4853260898699083
decay,370,38,114,1824,0.4837930270989803,0.4250873924447884,0.1875,0.125,0.48801313448649725
decay,370,39,117,1872,0.48389087144107107,0.4279626491623831,0.1875,0.13541666666666666,0.4883226531959676
decay,370,40,120,1920,0.4843299898106981,0.4296362613042613,0.1875,0.13541666666666666,0.48600683891340885
decay,370,41,123,1968,0.4838919525365813,0.4269333043776367,0.1875,0.13541666666666666,0.4855272309313503
decay,370,42,126,2016,0.4836844343273945,0.42589950570231255,0.1875,0.13541666666666666,0.484527283276333
decay,370,43,129,2064,0.4835868654303288,0.4244874784832233,0.1875,0.13541666666666666,0.4846103522892884
decay,370,44,132,2112,0.4834884772290291,0.424469299388811,0.1875,0.13541666666666666,0.4849639639707551
decay,370,45,135,2160,0.4835547939728122,0.42278782997727254,0.1875,0.13541666666666666,0.48563208266087443
decay,370,46,138,2208,0.48373721092950833,0.4231491121319025,0.16666666666666666,0.13541666666666666,0.48607620296502896
decay,370,47,141,2256,0.4836265891950886,0.4253346746649113,0.16666666666666666,0.14583333333333334,0.4859056682657746
decay,370,48,144,2304,0.48354809924523007,0.42720845417885994,0.16666666666666666,0.13541666666666666,0.48507304315837935
decay,370,49,147,2352,0.4834787912066125,0.4268110920150656,0.1875,0.13541666666666666,0.4839514946795687
decay,370,50,150,2400,0.4834855400400863,0.4262882264181224,0.1875,0.13541666666666666,0.4847259618256456
decay,370,51,153,2448,0.48349649269199,0.42460304702419593,0.1875,0.13541666666666666,0.4854434529403427
decay,370,52,156,2496,0.48334461508204457,0.4250529826625111,0.1875,0.13541666666666666,0.4878487086858752
decay,370,53,159,2544,0.48326415794439564,0.42418128149921835,0.1875,0.13541666666666666,0.48607808570083105
decay,370,54,162,2592,0.4832875955141591,0.4237074859760373,0.1875,0.13541666666666666,0.4843493227054954
decay,370,55,165,2640,0.4833947562663652,0.4280931953046036,0.20833333333333334,0.13541666666666666,0.4875141669807468
decay,370,56,168,2688,0.48322607790544964,0.42649144198780126,0.1875,0.13541666666666666,0.48495405521783796
decay,370,57,171,2736,0.4834266076501921,0.42842301763880425,0.1875,0.13541666666666666,0.4849765846184999
decay,370,58,174,2784,0.48318420870212675,0.4265924255630979,0.1875,0.13541666666666666,0.48508641086102994
decay,370,59,177,2832,0.4832559757433496,0.4266159171211246,0.1875,0.13541666666666666,0.48484736686191093
decay,370,60,180,2880,0.4834267582598019,0.42707327160485925,0.1875,0.13541666666666666,0.4855215232691989
decay,370,61,183,2928,0.4830289495699766,0.4257827115624786,0.1875,0.13541666666666666,0.4866683103291058
decay,370,62,186,2976,0.4831696346518977,0.425257088888849,0.1875,0.125,0.4866717118606347
decay,370,63,189,3024,0.4829683585792785,0.42509868805216433,0.1875,0.13541666666666666,0.4835337970717751
decay,370,64,192,3072,0.4829831674172249,0.4271959475278447,0.1875,0.13541666666666666,0.485757533506888
decay,370,65,195,3120,0.4832046214217372,0.42656892679706787,0.1875,0.14583333333333334,0.4861145807707305
decay,370,66,198,3168,0.4831426216180145,0.424559742191573,0.16666666666666666,0.13541666666666666,0.48532594263950585
decay,370,67,201,3216,0.4829738292740456,0.4251467291438722,0.1875,0.13541666666666666,0.48430469118475344
decay,370,68,204,3264,0.4829525600442201,0.42758018789956065,0.1875,0.13541666666666666,0.48732727728227215
decay,370,69,207,3312,0.483380402318435,0.42773187250826866,0.1875,0.125,0.4851855278953931
decay,370,70,210,3360,0.4833121233026995,0.4267860484183834,0.1875,0.125,0.4848607704601841
decay,370,71,213,3408,0.48293062260247827,0.4263346534167031,0.1875,0.125,0.48351185382169354
decay,370,72,216,3456,0.4827110562459201,0.4279705298829593,0.16666666666666666,0.13541666666666666,0.48572024709997713
decay,370,73,219,3504,0.4827583787189484,0.4269308904659373,0.1875,0.14583333333333334,0.4854109720676331
decay,370,74,222,3552,0.4828276918048971,0.42946278573479235,0.1875,0.14583333333333334,0.48437244238968513
decay,370,75,225,3600,0.48263097477026085,0.42898802759026405,0.1875,0.13541666666666666,0.4836448872773513
decay,370,76,228,3648,0.4824394836978345,0.42804198748451533,0.1875,0.13541666666666666,0.4843626110561859
decay,370,77,231,3696,0.48263340301659574,0.42485023934849425,0.1875,0.125,0.48876280898217134
decay,370,78,234,3744,0.48257148938521405,0.42746636350989253,0.1875,0.125,0.4843850347786369
decay,370,79,237,3792,0.4825642504322027,0.43072302337658613,0.1875,0.13541666666666666,0.4868613346062369
decay,370,80,240,3840,0.4823960449132967,0.42998203400586493,0.16666666666666666,0.13541666666666666,0.48295169885754735
decay,370,81,243,3888,0.48226385542469274,0.42913341288890733,0.16666666666666666,0.14583333333333334,0.48320433561837745
decay,370,82,246,3936,0.48220608310929647,0.4289143031880623,0.1875,0.13541666666666666,0.4840764840833222
decay,370,83,249,3984,0.4820480737891771,0.4282344524849995,0.1875,0.13541666666666666,0.48279199080147955
decay,370,84,252,4032,0.4819071094541753,0.42897690748135925,0.16666666666666666,0.13541666666666666,0.4843408272075245
decay,370,85,255,4080,0.48198014585991916,0.4258460699417123,0.1875,0.13541666666666666,0.4867644571626994
decay,370,86,258,4128,0.48194645346007386,0.4267629123121382,0.16666666666666666,0.13541666666666666,0.48819573387446763
decay,370,87,261,4176,0.4819765287769862,0.4292312665544764,0.1875,0.15625,0.48464486689636405
decay,370,88,264,4224,0.48170225976451103,0.43050467278419435,0.16666666666666666,0.13541666666666666,0.48324940732058286
decay,370,89,267,4272,0.481787727641185,0.4318391481083919,0.16666666666666666,0.13541666666666666,0.4825622778177416
decay,370,90,270,4320,0.481598011231055,0.43026441134920596,0.1875,0.13541666666666666,0.48314016240973173
decay,370,91,273,4368,0.481738576102237,0.43068380312524734,0.1875,0.13541666666666666,0.4829566000289584
decay,370,92,276,4416,0.481571535221019,0.42927309793659774,0.1875,0.125,0.48297742248781406
decay,370,93,279,4464,0.4809703606352773,0.4303227058006631,0.1875,0.13541666666666666,0.48352268594768627
decay,370,94,282,4512,0.4808281995054078,0.43051084153198943,0.1875,0.13541666666666666,0.4818222499663511
decay,370,95,285,4560,0.48073302993008943,0.4290585123244413,0.16666666666666666,0.13541666666666666,0.4825806488785829
decay,370,96,288,4608,0.4807650600222382,0.43146279655803,0.1875,0.15625,0.4824939395500931
decay,370,97,291,4656,0.4803960324809861,0.4321427248865173,0.16666666666666666,0.14583333333333334,0.48390295104519493
decay,370,98,294,4704,0.48039774740894775,0.43321617641032867,0.1875,0.13541666666666666,0.4831778016153426
decay,370,99,297,4752,0.4800946133843225,0.4319625846209159,0.16666666666666666,0.13541666666666666,0.4826577895452339
decay,370,100,300,4800,0.4798569410454116,0.4306686712781129,0.16666666666666666,0.14583333333333334,0.4813993733625462
decay,370,101,303,4848,0.47976012858316053,0.4331309971860596,0.1875,0.15625,0.4815309373868469
decay,370,102,306,4896,0.47984376771149817,0.4355875579283303,0.20833333333333334,0.16666666666666666,0.48129500877123704
decay,370,103,309,4944,0.47919469963521405,0.43367927382213267,0.16666666666666666,0.14583333333333334,0.48081142457880227
decay,370,104,312,4992,0.4789911583408401,0.4340536047104615,0.16666666666666666,0.14583333333333334,0.4803869959619713
decay,370,105,315,5040,0.4792381396717405,0.4347487215187395,0.1875,0.13541666666666666,0.4835603061735969
decay,370,106,318,5088,0.47903084151994485,0.4359676169522222,0.1875,0.13541666666666666,0.48073933861439416
decay,370,107,321,5136,0.47894648571579984,0.4352630831453386,0.1875,0.125,0.4817126835041384
decay,370,108,324,5184,0.47819138913074366,0.43352023525182154,0.16666666666666666,0.14583333333333334,0.48245002100659695
decay,370,109,327,5232,0.47801071310967735,0.4338903431261128,0.16666666666666666,0.15625,0.4794976228783659
decay,370,110,330,5280,0.4780663632936901,0.43933410233583886,0.20833333333333334,0.16666666666666666,0.48051714022956116
decay,370,111,333,5328,0.4781535591658603,0.4401659243841016,0.20833333333333334,0.16666666666666666,0.4808516313701838
decay,370,112,336,5376,0.47771509829522824,0.44044677317567044,0.20833333333333334,0.16666666666666666,0.4790835432709055
decay,370,113,339,5424,0.47703622984709915,0.4372746588057055,0.16666666666666666,0.14583333333333334,0.48008934705043377
decay,370,114,342,5472,0.4778279946644816,0.4371192294816592,0.1875,0.125,0.482844648560822
decay,370,115,345,5520,0.4782545529815527,0.4364492943573232,0.1875,0.125,0.48608997852408115
decay,370,116,348,5568,0.4764605925018368,0.4396184968996253,0.16666666666666666,0.14583333333333334,0.4779633114646571
decay,370,117,351,5616,0.47714853683937086,0.445376383882566,0.20833333333333334,0.16666666666666666,0.4793894173075775
decay,370,118,354,5664,0.47920368071444813,0.4504210323495883,0.20833333333333334,0.1875,0.4856554518173566
decay,370,119,357,5712,0.47686387297575666,0.44470287409017367,0.20833333333333334,0.16666666666666666,0.47862872480100643
decay,370,120,360,5760,0.47597295982298243,0.43776837721618905,0.1875,0.13541666666666666,0.4834366620448593
decay,370,121,363,5808,0.4772894988993229,0.4387379208280436,0.1875,0.125,0.4813585953284391
decay,370,122,366,5856,0.4761907137169628,0.4360772624758291,0.1875,0.125,0.4835217851021684
decay,370,123,369,5904,0.47532602229141574,0.437946444171432,0.16666666666666666,0.14583333333333334,0.4784358352407417
decay,370,124,372,5952,0.4749633977677732,0.44166550893473716,0.16666666666666666,0.15625,0.4755898629618418
decay,370,125,375,6000,0.47572727845815094,0.44781053279472155,0.20833333333333334,0.16666666666666666,0.47804382274067
decay,370,126,378,6048,0.4754255003305195,0.44795896681228764,0.20833333333333334,0.16666666666666666,0.4785360944927353
decay,370,127,381,6096,0.4746353266858379,0.444694926191263,0.1875,0.15625,0.4781833791359162
decay,370,128,384,6144,0.4743522614872994,0.4428565182052055,0.16666666666666666,0.16666666666666666,0.4758034384779816
decay,370,129,387,6192,0.47488952504903775,0.44163192640952426,0.1875,0.13541666666666666,0.4772135876869806
decay,370,130,390,6240,0.47452262586158933,0.44056630660453405,0.16666666666666666,0.125,0.47673933822698017
decay,370,131,393,6288,0.4738214957302813,0.4434187000299543,0.16666666666666666,0.17708333333333334,0.47521404381055454
decay,370,132,396,6336,0.47357409876180717,0.4425514768738939,0.16666666666666666,0.16666666666666666,0.4761578754321573
decay,370,133,399,6384,0.47345413824774035,0.446117603965175,0.1875,0.17708333333333334,0.4750286561085526
decay,370,134,402,6432,0.47390173840918187,0.4488731725430064,0.20833333333333334,0.19791666666666666,0.4752510865664344
decay,370,135,405,6480,0.47294680610160755,0.44482170817307537,0.16666666666666666,0.17708333333333334,0.47922504078291145
decay,370,136,408,6528,0.4730688226395901,0.4446007760463278,0.16666666666666666,0.16666666666666666,0.47748148530485834
decay,370,137,411,6576,0.4727245032322835,0.44276295849912084,0.16666666666666666,0.16666666666666666,0.4752778925702707
decay,370,138,414,6624,0.472438287654378,0.44506967261812674,0.1875,0.17708333333333334,0.47481738377841726
decay,370,139,417,6672,0.4724117494704421,0.44789776927341207,0.1875,0.17708333333333334,0.4736540757296906
decay,370,140,420,6720,0.47195955761310215,0.4461604957262845,0.16666666666666666,0.17708333333333334,0.47526205031707264
decay,370,141,423,6768,0.4721362438902223,0.449629334412303,0.1875,0.17708333333333334,0.47559092161127897
decay,370,142,426,6816,0.47161315756751127,0.44756037764585455,0.1875,0.17708333333333334,0.47263666606924515
decay,370,143,429,6864,0.4713758811836659,0.4466809179952147,0.1875,0.17708333333333334,0.4728508852474076
decay,370,144,432,6912,0.4714183956293754,0.4430129721486533,0.16666666666666666,0.17708333333333334,0.4756617801372531
decay,370,145,435,6960,0.4713466017961439,0.4427610905236438,0.16666666666666666,0.15625,0.4729086111800395
decay,370,146,438,7008,0.47068763479509707,0.444386866996694,0.16666666666666666,0.17708333333333334,0.4716389984205511
decay,370,147,441,7056,0.4704512434767552,0.446355476508943,0.1875,0.17708333333333334,0.4732617198919184
decay,370,148,444,7104,0.47030006620915693,0.4443237004990885,0.16666666666666666,0.17708333333333334,0.47797210345074354
decay,370,149,447,7152,0.4701681643332803,0.44394897959120233,0.1875,0.17708333333333334,0.47484585013485736
decay,370,150,450,7200,0.4697683895292181,0.44647357503724194,0.1875,0.17708333333333334,0.47203617052751823
decay,370,151,453,7248,0.4696133578560245,0.4471618310764279,0.1875,0.17708333333333334,0.470527674226427
decay,370,152,456,7296,0.46968671734701695,0.4492231875416853,0.20833333333333334,0.1875,0.47127128666546625
decay,370,153,459,7344,0.4693554295453716,0.44820505769549585,0.1875,0.1875,0.47212743175791455
decay,370,154,462,7392,0.4688125242527675,0.4432518244105436,0.16666666666666666,0.17708333333333334,0.47628911239134863
decay,370,155,465,7440,0.4690217979130935,0.44842139017882543,0.20833333333333334,0.17708333333333334,0.4759680947565548
decay,370,156,468,7488,0.4689559779185329,0.44897061626704504,0.20833333333333334,0.17708333333333334,0.4704997919953386
decay,370,157,471,7536,0.46818765807999013,0.4448081774447694,0.1875,0.17708333333333334,0.4707050914574394
decay,370,158,474,7584,0.46845241250350195,0.4415424064090822,0.1875,0.15625,0.47465957241659007
decay,370,159,477,7632,0.4676608876010042,0.4404763789641745,0.16666666666666666,0.16666666666666666,0.4703314533125642
decay,370,160,480,7680,0.4672373972759625,0.44149920597857,0.16666666666666666,0.16666666666666666,0.468704067835449
decay,371,0,0,0,0.6843186798445471,0.71151935509447,0.4583333333333333,0.5833333333333334,
decay,371,1,3,48,0.5330627373053765,0.5432620251506554,0.2916666666666667,0.2916666666666667,0.6023809150841187
decay,371,2,6,96,0.5139317238598695,0.4736776081710324,0.22916666666666666,0.20833333333333334,0.52850071480777
decay,371,3,9,144,0.498710021693352,0.42854272308559843,0.20833333333333334,0.16666666666666666,0.5064435257198822
decay,371,4,12,192,0.4894456746546123,0.41694602186451757,0.1875,0.11458333333333333,0.49691966030541607
decay,371,5,15,240,0.49035532558566225,0.424328616140016,0.20833333333333334,0.16666666666666666,0.4953996658057247
decay,371,6,18,288,0.4914190175166599,0.4349496357094938,0.20833333333333334,0.16666666666666666,0.49431624527430557
decay,371,7,21,336,0.48926547902632844,0.4350267848053802,0.1875,0.17708333333333334,0.4914778144440756
decay,371,8,24,384,0.48767698206052157,0.43498644938305414,0.20833333333333334,0.16666666666666666,0.49430726714572487
decay,371,9,27,432,0.4858440758436249,0.43101845600796934,0.20833333333333334,0.14583333333333334,0.4894728008801367
decay,371,10,30,480,0.48552725526570023,0.4292442114968938,0.1875,0.16666666666666666,0.4898419804983911
decay,371,11,33,528,0.484910613431121,0.4289108495394882,0.1875,0.14583333333333334,0.48705002436167916
decay,371,12,36,576,0.4843929161467972,0.427218868066164,0.1875,0.13541666666666666,0.48671261398077253
decay,371,13,39,624,0.4844966410117169,0.42690606613657617,0.1875,0.15625,0.486125380093334
decay,371,14,42,672,0.4847472508840837,0.42580448086595357,0.16666666666666666,0.15625,0.48790040027993226
decay,371,15,45,720,0.48435704273859287,0.42609047975609377,0.16666666666666666,0.14583333333333334,0.4846585156724738
decay,371,16,48,768,0.4841297011295143,0.4264291419645964,0.1875,0.13541666666666666,0.48432152916441584
decay,371,17,51,816,0.48454739407005554,0.42737223762742294,0.1875,0.125,0.484189042503212
decay,371,18,54,864,0.4848084566948057,0.4287627075171386,0.1875,0.125,0.4850892610826006
decay,371,19,57,912,0.4848271946966331,0.4288521211189473,0.1875,0.125,0.4856566501973137
decay,371,20,60,960,0.484646871388591,0.4274698335329319,0.1875,0.125,0.48798396656260673
decay,371,21,63,1008,0.48416664984516405,0.42743369730783193,0.1875,0.125,0.4854401769029964
decay,371,22,66,1056,0.4837142310578169,0.42647251645154943,0.1875,0.13541666666666666,0.48407756566452803
decay,371,23,69,1104,0.4837984733536242,0.4270959846749312,0.16666666666666666,0.14583333333333334,0.48382221305673045
decay,371,24,72,1152,0.4847535158362765,0.42992017278471756,0.20833333333333334,0.16666666666666666,0.49013942236231794
decay,371,25,75,1200,0.4846595678026715,0.4282278246713204,0.20833333333333334,0.16666666666666666,0.48610892991283805
decay,371,26,78,1248,0.4839192623167186,0.4272455500296129,0.1875,0.14583333333333334,0.4850005625562745
decay,371,27,81,1296,0.483623326833793,0.42536232148385783,0.1875,0.125,0.4890018715701186
decay,371,28,84,1344,0.4838721913465244,0.4253329682634965,0.1875,0.125,0.48462744637736116
decay,371,29,87,1392,0.484403675649916,0.42854312949941975,0.1875,0.125,0.48866598571228304
decay,371,30,90,1440,0.4838552153433726,0.429615445351927,0.1875,0.13541666666666666,0.48621967698510743
decay,371,31,93,1488,0.48338369036640566,0.4285813198327049,0.1875,0.13541666666666666,0.4850434627223579
decay,371,32,96,1536,0.4832672028640756,0.42752577179595214,0.1875,0.13541666666666666,0.4838081952281679
decay,371,33,99,1584,0.48350856012124727,0.42788222153328154,0.16666666666666666,0.15625,0.4851673837359636
decay,371,34,102,1632,0.4834948297604062,0.4276798159547069,0.1875,0.15625,0.48460266875813235
decay,371,35,105,1680,0.4831440293544585,0.4267654591259566,0.16666666666666666,0.13541666666666666,0.4845625369086139
decay,371,36,108,1728,0.48314438733689585,0.4260905942043139,0.1875,0.13541666666666666,0.48479241529791645
decay,371,37,111,1776,0.483000063487903,0.42651134994141965,0.1875,0.13541666666666666,0.485763798636222
decay,371,38,114,1824,0.4829978773805869,0.4290376590408755,0.1875,0.13541666666666666,0.4847361657719071
decay,371,39,117,1872,0.4828833314512882,0.4288836024324653,0.1875,0.13541666666666666,0.4845522618352998
decay,371,40,120,1920,0.4829359981952636,0.4294975736131166,0.1875,0.13541666666666666,0.4858835404715731
decay,371,41,123,1968,0.48276406985302583,0.42897424690141334,0.1875,0.13541666666666666,0.48361644046415053
decay,371,42,126,2016,0.4826864615762137,0.4288464008784165,0.1875,0.13541666666666666,0.48408591637344073
decay,371,43,129,2064,0.48271033595157525,0.42603561175928206,0.1875,0.13541666666666666,0.4851225556926087
decay,371,44,132,2112,0.4826557179144671,0.4268852889185502,0.1875,0.13541666666666666,0.48430588291065596
decay,371,45,135,2160,0.4825124934061093,0.4281124429061188,0.1875,0.13541666666666666,0.48382681520597653
decay,371,46,138,2208,0.48273136790070326,0.4310107040417632,0.1875,0.13541666666666666,0.4858174897126948
decay,371,47,141,2256,0.4825569358488912,0.43151848240346163,0.1875,0.14583333333333334,0.48710486635409583
decay,371,48,144,2304,0.48235766878415215,0.43057907030119474,0.1875,0.14583333333333334,0.4832500276488307
decay,371,49,147,2352,0.48219485297917425,0.42829384677036914,0.1875,0.13541666666666666,0.4850745060605566
decay,371,50,150,2400,0.4824915250025268,0.4282426883108727,0.1875,0.125,0.48541733148557925
decay,371,51,153,2448,0.4822777344293911,0.4281478995878755,0.1875,0.125,0.4837440417928671
decay,371,52,156,2496,0.48202574059729714,0.43023785964881783,0.1875,0.14583333333333334,0.48575871083087624
decay,371,53,159,2544,0.48203971287998604,0.4311868592794501,0.1875,0.15625,0.4822956355100156
decay,371,54,162,2592,0.4819303268704207,0.43182865447140556,0.1875,0.14583333333333334,0.48357302918518236
decay,371,55,165,2640,0.48186751460003396,0.4288489134877309,0.1875,0.13541666666666666,0.4882246460720256
decay,371,56,168,2688,0.48181164930009146,0.4307399318156153,0.1875,0.13541666666666666,0.4839989327450609
decay,371,57,171,2736,0.4815231680069039,0.43044858401970293,0.1875,0.13541666666666666,0.48275702017936634
decay,371,58,174,2784,0.4814229252134645,0.43057938313526267,0.16666666666666666,0.13541666666666666,0.4824725216947349
decay,371,59,177,2832,0.48195285137067195,0.4313421671161704,0.1875,0.16666666666666666,0.4858710141841791
decay,371,60,180,2880,0.4825227213048371,0.43345561415732087,0.20833333333333334,0.17708333333333334,0.48574963126155685
decay,371,61,183,2928,0.4817207399885435,0.4358973174926433,0.1875,0.16666666666666666,0.4876912575297197
decay,371,62,186,2976,0.4811753357881609,0.432128425299996,0.1875,0.13541666666666666,0.4834055164259689
decay,371,63,189,3024,0.4817628652144885,0.43226033399696845,0.1875,0.125,0.4837219382409533
decay,371,64,192,3072,0.48252671866048336,0.43092718417232617,0.1875,0.125,0.48736078201342803
decay,371,65,195,3120,0.4810899814514289,0.43092905906407525,0.1875,0.13541666666666666,0.48541047755074845
decay,371,66,198,3168,0.480710194638939,0.4306158894326384,0.16666666666666666,0.13541666666666666,0.48142833734412543
decay,371,67,201,3216,0.4808075830879665,0.4318675367157226,0.1875,0.15625,0.48134380533041465
decay,371,68,204,3264,0.48069088952991157,0.4331675803687634,0.1875,0.15625,0.48154989508729473
decay,371,69,207,3312,0.48053687976292414,0.43447490829622026,0.1875,0.15625,0.4810696611027952
decay,371,70,210,3360,0.48053961880944546,0.43621699663939256,0.1875,0.16666666666666666,0.481405501994092
decay,371,71,213,3408,0.4802180979349502,0.4356008159649649,0.1875,0.13541666666666666,0.48169607130720205
decay,371,72,216,3456,0.47996361217761657,0.43242976207022416,0.1875,0.13541666666666666,0.4848927757069301
decay,371,73,219,3504,0.4798899312547955,0.43159885457963804,0.1875,0.13541666666666666,0.4803516950537949
decay,371,74,222,3552,0.4803197042962816,0.43112775321694574,0.1875,0.125,0.4827134078514537
decay,371,75,225,3600,0.48022007677994855,0.4315136850363,0.1875,0.125,0.482225954061746
decay,371,76,228,3648,0.4798834474317793,0.43631178508151924,0.1875,0.13541666666666666,0.4834101511703084
decay,371,77,231,3696,0.47940101225159276,0.4374122272398424,0.1875,0.15625,0.48248446087647195
decay,371,78,234,3744,0.4796245442260245,0.43978746113049333,0.20833333333333334,0.16666666666666666,0.48032917426314925
decay,371,79,237,3792,0.4790632871777172,0.43770194284707964,0.1875,0.14583333333333334,0.4813931257198907
decay,371,80,240,3840,0.4787974464045313,0.43578125025311776,0.16666666666666666,0.15625,0.4814740637559464
decay,371,81,243,3888,0.47893988875540555,0.4394989718749614,0.1875,0.15625,0.485200967444674
decay,371,82,246,3936,0.4785099941658279,0.43753508990157214,0.16666666666666666,0.14583333333333334,0.48191778339017494
decay,371,83,249,3984,0.47836621982951116,0.4365125889125383,0.1875,0.13541666666666666,0.481624788576847
decay,371,84,252,4032,0.4782888142720658,0.434869324971556,0.1875,0.13541666666666666,0.47985403500215634
decay,371,85,255,4080,0.47881715955516024,0.43380626776747655,0.1875,0.125,0.4844655100386788
decay,371,86,258,4128,0.4782771921547964,0.43550449835484545,0.1875,0.125,0.4790087106288741
decay,371,87,261,4176,0.47778436919213063,0.4363520570472092,0.16666666666666666,0.14583333333333334,0.4798521813534992
decay,371,88,264,4224,0.4779892749153403,0.4418630914295821,0.1875,0.16666666666666666,0.48027497428713756
decay,371,89,267,4272,0.47865472192906217,0.4448607566018448,0.20833333333333334,0.17708333333333334,0.48174517426973323
decay,371,90,270,4320,0.47756427518827554,0.4417646375971385,0.1875,0.15625,0.4792765428672747
decay,371,91,273,4368,0.4772400676353499,0.4410626609805533,0.16666666666666666,0.14583333333333334,0.47910907052290613
decay,371,92,276,4416,0.4770666206996496,0.4381156197498039,0.1875,0.13541666666666666,0.4791286137478963
decay,371,93,279,4464,0.4770473814874096,0.44194393937816784,0.1875,0.15625,0.48494761129462133
decay,371,94,282,4512,0.4769773301522577,0.4393178337227012,0.1875,0.13541666666666666,0.47808854180046834
decay,371,95,285,4560,0.4770646015217408,0.43882210477685507,0.1875,0.125,0.4804546742158553
decay,371,96,288,4608,0.4765355904114816,0.43794716098161973,0.16666666666666666,0.14583333333333334,0.48018104217918184
decay,371,97,291,4656,0.47628039008047635,0.44194935832932947,0.16666666666666666,0.15625,0.4804063753867241
decay,371,98,294,4704,0.4761125596832061,0.440303445956187,0.16666666666666666,0.15625,0.4772208069879438
decay,371,99,297,4752,0.4759644528786611,0.4406902143528783,0.16666666666666666,0.15625,0.4767969106483117
decay,371,100,300,4800,0.47601487115114605,0.4424046054958972,0.1875,0.15625,0.4784704080859779
decay,371,101,303,4848,0.4755900267546466,0.44165656039928763,0.16666666666666666,0.14583333333333334,0.4798822020546714
decay,371,102,306,4896,0.47551808161021275,0.44456978211657905,0.16666666666666666,0.15625,0.47778860990456445
decay,371,103,309,4944,0.4758282820587622,0.4432269096504968,0.1875,0.13541666666666666,0.48227150348726205
decay,371,104,312,4992,0.47522480395443684,0.4421749532776491,0.16666666666666666,0.14583333333333334,0.47839608830555663
decay,371,105,315,5040,0.4753035172510369,0.44625520094421844,0.16666666666666666,0.15625,0.4806072057332665
decay,371,106,318,5088,0.475159168106505,0.4468652678453135,0.20833333333333334,0.15625,0.4765390517491257
decay,371,107,321,5136,0.4747170904731437,0.4444899765782482,0.16666666666666666,0.15625,0.4765391670713856
decay,371,108,324,5184,0.47447890687651073,0.44459351357575333,0.16666666666666666,0.15625,0.47603806651025754
decay,371,109,327,5232,0.47435986310015155,0.4431523352007854,0.16666666666666666,0.14583333333333334,0.4747862879940217
decay,371,110,330,5280,0.47418716174120545,0.44533205362573053,0.16666666666666666,0.16666666666666666,0.4765069634718994
decay,371,111,333,5328,0.47443372791601696,0.4445523440770978,0.1875,0.14583333333333334,0.47954016455508525
decay,371,112,336,5376,0.4740024215311564,0.4460969056909146,0.16666666666666666,0.16666666666666666,0.4756593353779596
decay,371,113,339,5424,0.4737047232130733,0.44518222488412046,0.16666666666666666,0.16666666666666666,0.47515352185848275
decay,371,114,342,5472,0.4736945587284347,0.44435676099917026,0.16666666666666666,0.16666666666666666,0.4760447828658026
decay,371,115,345,5520,0.47357364752069125,0.4454709802777134,0.16666666666666666,0.15625,0.47455174395337524
decay,371,116,348,5568,0.4732847677291887,0.44739493586096896,0.1875,0.16666666666666666,0.4753848440925654
decay,371,117,351,5616,0.4733044237009027,0.4493015823871067,0.1875,0.16666666666666666,0.4746722857394461
decay,371,118,354,5664,0.4730111350192201,0.44857946786869346,0.1875,0.17708333333333334,0.47354918901533766
decay,371,119,357,5712,0.47283778181240926,0.4479046033058953,0.16666666666666666,0.17708333333333334,0.47392807208105703
decay,371,120,360,5760,0.4726999296060393,0.4475599800524905,0.16666666666666666,0.16666666666666666,0.4739058656373498
decay,371,121,363,5808,0.4724839960871427,0.4476145035092552,0.16666666666666666,0.16666666666666666,0.4732003242341267
decay,371,122,366,5856,0.4721280783186797,0.44933124821159987,0.16666666666666666,0.17708333333333334,0.47420621902525545
decay,371,123,369,5904,0.47209034871658356,0.45184782658355244,0.1875,0.17708333333333334,0.47393773554361185
decay,371,124,372,5952,0.47208666397826615,0.45351420157386535,0.1875,0.17708333333333334,0.4736274698247908
decay,371,125,375,6000,0.4715808405472058,0.45049791792987975,0.16666666666666666,0.17708333333333334,0.4742185483169825
decay,371,126,378,6048,0.4714205690883402,0.44735848299055175,0.16666666666666666,0.17708333333333334,0.4733118266206546
decay,371,127,381,6096,0.47139045489196163,0.44622389232716664,0.16666666666666666,0.17708333333333334,0.4732156438294292
decay,371,128,384,6144,0.47206818624763774,0.4455114828536133,0.1875,0.14583333333333334,0.4768481113844237
decay,371,129,387,6192,0.4708235032234854,0.4499387644009732,0.16666666666666666,0.17708333333333334,0.4762458982292639
decay,371,130,390,6240,0.47067088983349986,0.44887736092214925,0.1875,0.17708333333333334,0.4753175769493361
decay,371,131,393,6288,0.4704665137898532,0.44838056984319125,0.16666666666666666,0.17708333333333334,0.475140565700702
decay,371,132,396,6336,0.4707747359005979,0.4544329103674991,0.1875,0.1875,0.474513326191033
decay,371,133,399,6384,0.47011315377126867,0.45057246526985884,0.1875,0.17708333333333334,0.4747675855459706
decay,371,134,402,6432,0.47002926501824005,0.4519441617639786,0.1875,0.17708333333333334,0.4727545000638442
decay,371,135,405,6480,0.47009964833263423,0.45264880111061023,0.1875,0.17708333333333334,0.4715438944597692
decay,371,136,408,6528,0.46972425929489914,0.45145598081329275,0.1875,0.17708333333333334,0.4706035610444846
decay,371,137,411,6576,0.4691297200086291,0.45032810364324766,0.1875,0.17708333333333334,0.4715887203062268
decay,371,138,414,6624,0.46883978060637704,0.44989781958936664,0.20833333333333334,0.17708333333333334,0.4725761408716512
decay,371,139,417,6672,0.4687641905554805,0.4521268897886174,0.20833333333333334,0.17708333333333334,0.47299558798111346
decay,371,140,420,6720,0.46845307631328453,0.4475422020202906,0.16666666666666666,0.17708333333333334,0.471313490828089
decay,371,141,423,6768,0.46859026883599264,0.4455314049024106,0.16666666666666666,0.16666666666666666,0.4709443350577874
decay,371,142,426,6816,0.4687390789146469,0.4433682953053288,0.16666666666666666,0.16666666666666666,0.4730639712794897
decay,371,143,429,6864,0.4680146529307569,0.4493576842920632,0.1875,0.1875,0.4744854416342423
decay,371,144,432,6912,0.46769373051464447,0.4509062063854891,0.20833333333333334,0.17708333333333334,0.47284233916822926
decay,371,145,435,6960,0.46763237236096983,0.45266572936124677,0.20833333333333334,0.17708333333333334,0.47117107642415307
decay,371,146,438,7008,0.4670097817080064,0.4487470822966711,0.20833333333333334,0.17708333333333334,0.46952795076516796
decay,371,147,441,7056,0.46695175039930775,0.44552149840129623,0.1875,0.16666666666666666,0.4701211472553177
decay,371,148,444,7104,0.46694337483558396,0.4448557029113925,0.1875,0.16666666666666666,0.4700320641745803
decay,371,149,447,7152,0.46645048210581264,0.4468874530598024,0.20833333333333334,0.17708333333333334,0.4688093245019251
decay,371,150,450,7200,0.4660525867711706,0.44727093033039433,0.1875,0.17708333333333334,0.4671787349148156
decay,371,151,453,7248,0.46583610681038107,0.4470846046734815,0.1875,0.1875,0.4673462205610466
decay,371,152,456,7296,0.465958549407957,0.4469542144893796,0.1875,0.17708333333333334,0.46940655963424877
decay,371,153,459,7344,0.46582078942075134,0.45181673223350743,0.20833333333333334,0.19791666666666666,0.4699915855621071
decay,371,154,462,7392,0.46561000526965074,0.45035709000135976,0.20833333333333334,0.17708333333333334,0.4691354428283366
decay,371,155,465,7440,0.4654955875702515,0.4467144641793257,0.1875,0.16666666666666666,0.4701902956128034
decay,371,156,468,7488,0.4643420841317316,0.4468479010848904,0.20833333333333334,0.17708333333333334,0.46975014366735807
decay,371,157,471,7536,0.4641772688267303,0.4453299832527913,0.20833333333333334,0.17708333333333334,0.4661899857286283
decay,371,158,474,7584,0.4639079680351141,0.4449970457784893,0.20833333333333334,0.17708333333333334,0.4650892477785978
decay,371,159,477,7632,0.46357745213397933,0.44587049191827105,0.20833333333333334,0.17708333333333334,0.4657163436051708
decay,371,160,480,7680,0.4633646538886898,0.44158565305069164,0.1875,0.16666666666666666,0.46743272004420405
decay,372,0,0,0,0.7038815098155168,0.7001586056651311,0.7083333333333334,0.6145833333333334,
decay,372,1,3,48,0.5685127678743476,0.5680919146114564,0.2708333333333333,0.19791666666666666,0.6535737504028442
decay,372,2,6,96,0.5082481795480388,0.48352020413068253,0.22916666666666666,0.19791666666666666,0.5400973984943979
decay,372,3,9,144,0.49956696703351017,0.4427265251114281,0.22916666666666666,0.17708333333333334,0.49497360137177115
decay,372,4,12,192,0.5010516763364357,0.42046298958517264,0.20833333333333334,0.16666666666666666,0.5019964850685716
decay,372,5,15,240,0.5000561266943873,0.4134041972827685,0.1875,0.15625,0.5055659071309805
decay,372,6,18,288,0.48870213109500105,0.4148145010417053,0.1875,0.125,0.5058425056800243
decay,372,7,21,336,0.4859966512043828,0.4171026259858906,0.1875,0.125,0.4890150942075941
decay,372,8,24,384,0.4848871627398082,0.4234240055306217,0.1875,0.125,0.4848477958159352
decay,372,9,27,432,0.48638045221821846,0.43142417864860017,0.20833333333333334,0.14583333333333334,0.48828152120687474
decay,372,10,30,480,0.48761486496338874,0.43490955306396334,0.20833333333333334,0.14583333333333334,0.4874213761756341
decay,372,11,33,528,0.4872798172527351,0.4342492385890564,0.20833333333333334,0.15625,0.48941333679539856
decay,372,12,36,576,0.48604148948327214,0.43096037967257583,0.20833333333333334,0.14583333333333334,0.4875694375172774
decay,372,13,39,624,0.48564741341841305,0.43002794724828086,0.20833333333333334,0.13541666666666666,0.4878860125366608
decay,372,14,42,672,0.4848806019541221,0.42558038360416633,0.1875,0.125,0.48946083709304444
decay,372,15,45,720,0.4848579215634687,0.42050527885223515,0.1875,0.125,0.48795069147958686
decay,372,16,48,768,0.4847828335803432,0.41982876251826334,0.1875,0.125,0.48504044355783016
decay,372,17,51,816,0.4846480177023507,0.4196057580904757,0.1875,0.13541666666666666,0.48543305155046373
decay,372,18,54,864,0.48439895996811927,0.42206735344797347,0.1875,0.13541666666666666,0.48736878005120143
decay,372,19,57,912,0.4844770228993836,0.42382988408784544,0.1875,0.13541666666666666,0.48621910926233425
decay,372,20,60,960,0.48454046047301813,0.42566149357936595,0.16666666666666666,0.13541666666666666,0.48637716839353784
decay,372,21,63,1008,0.4846988435087001,0.427437824163766,0.1875,0.13541666666666666,0.4882282402147453
decay,372,22,66,1056,0.4845167947355762,0.42594360626402583,0.16666666666666666,0.14583333333333334,0.486585506556444
decay,372,23,69,1104,0.48424346464124457,0.4228852711024167,0.1875,0.13541666666666666,0.4871938920463119
decay,372,24,72,1152,0.48426138613862574,0.4245759307783992,0.1875,0.13541666666666666,0.4866283947223506
decay,372,25,75,1200,0.48427091288589463,0.42419042533041096,0.16666666666666666,0.13541666666666666,0.48505923112530963
decay,372,26,78,1248,0.4842620896725464,0.421661130444017,0.1875,0.13541666666666666,0.48696131802569104
decay,372,27,81,1296,0.48407093685613445,0.422808341303835,0.1875,0.13541666666666666,0.4866658939583511
decay,372,28,84,1344,0.48406871071977164,0.42344715688250795,0.1875,0.13541666666666666,0.48496599475892505
decay,372,29,87,1392,0.4840873442369802,0.4244006527564273,0.1875,0.13541666666666666,0.4850054183120162
decay,372,30,90,1440,0.484548924884292,0.42708295419248515,0.1875,0.13541666666666666,0.49024929467822814
decay,372,31,93,1488,0.48406212033792,0.42427389292623285,0.1875,0.13541666666666666,0.48538574223915854
decay,372,32,96,1536,0.48410915343178024,0.42577586713473164,0.1875,0.13541666666666666,0.48670851124297343
decay,372,33,99,1584,0.48399050954933553,0.42300762736403924,0.1875,0.13541666666666666,0.4860389301289462
decay,372,34,102,1632,0.4840646067422754,0.4216459684509106,0.1875,0.13541666666666666,0.4845752308464661
decay,372,35,105,1680,0.48404775311492226,0.4229889236643957,0.1875,0.13541666666666666,0.48619450734867414
decay,372,36,108,1728,0.4840058881334956,0.42276084299936434,0.1875,0.13541666666666666,0.48520017204663457
decay,372,37,111,1776,0.48435964842359724,0.4202626148211103,0.1875,0.13541666666666666,0.48913482604253455
decay,372,38,114,1824,0.48404765334603034,0.4232863773057682,0.1875,0.13541666666666666,0.4877936959858382
decay,372,39,117,1872,0.4841365722653272,0.42665893589117543,0.1875,0.13541666666666666,0.4857535581289019
decay,372,40,120,1920,0.4843338543071356,0.426660802019953,0.1875,0.13541666666666666,0.4854262625285662
decay,372,41,123,1968,0.48418624923503334,0.4250186168077105,0.1875,0.13541666666666666,0.4866789863702487
decay,372,42,126,2016,0.4841995106130659,0.4253282070752946,0.1875,0.13541666666666666,0.4848797792814164
decay,372,43,129,2064,0.4841815266954505,0.42446914500504396,0.1875,0.125,0.48583400739374555
decay,372,44,132,2112,0.4841585525715719,0.42452148771335346,0.1875,0.125,0.4859100596143753
decay,372,45,135,2160,0.4838700477749776,0.42335810802786367,0.1875,0.13541666666666666,0.48542115592708784
decay,372,46,138,2208,0.48382082703830154,0.4243493225940546,0.1875,0.13541666666666666,0.4838032230350029
decay,372,47,141,2256,0.48398733514699055,0.4264634671522371,0.1875,0.13541666666666666,0.4850543322987977
decay,372,48,144,2304,0.4843013210122473,0.4279905232405566,0.1875,0.15625,0.4855198669488289
decay,372,49,147,2352,0.4843505485251666,0.4273985910352874,0.1875,0.16666666666666666,0.48732229903562163
decay,372,50,150,2400,0.48421580359217636,0.42755483489393775,0.1875,0.14583333333333334,0.48662989260401646
decay,372,51,153,2448,0.48384342667616664,0.42360594435378646,0.1875,0.13541666666666666,0.4858207305099791
decay,372,52,156,2496,0.4838471632594518,0.42406080471900287,0.1875,0.13541666666666666,0.4845488298862511
decay,372,53,159,2544,0.48389947040209225,0.42263360865563865,0.1875,0.13541666666666666,0.4852338951877637
decay,372,54,162,2592,0.48405554042553395,0.42410465394896385,0.1875,0.125,0.4862018134995562
decay,372,55,165,2640,0.4838339825205947,0.42324241464199924,0.1875,0.13541666666666666,0.4846206892392424
decay,372,56,168,2688,0.4838465760676646,0.42197717025503967,0.1875,0.13541666666666666,0.4862663467320297
decay,372,57,171,2736,0.48377056233420407,0.42507976629517136,0.1875,0.13541666666666666,0.4871056338046223
decay,372,58,174,2784,0.4838377056905269,0.4259741882743136,0.1875,0.13541666666666666,0.4850711929787499
decay,372,59,177,2832,0.48374034564104945,0.42280601836426124,0.1875,0.13541666666666666,0.4877933866058897
decay,372,60,180,2880,0.4837242331484825,0.42301337421537116,0.1875,0.13541666666666666,0.48433681289205843
decay,372,61,183,2928,0.4837027637224587,0.4229512948415833,0.1875,0.13541666666666666,0.4856256028837001
decay,372,62,186,2976,0.4837849228593587,0.4260370621448848,0.1875,0.13541666666666666,0.4861096370457698
decay,372,63,189,3024,0.4838887030704624,0.42619475276132607,0.1875,0.13541666666666666,0.48525320067031563
decay,372,64,192,3072,0.48376108231270765,0.4258610278833554,0.1875,0.13541666666666666,0.48423855322884385
decay,372,65,195,3120,0.4837388612789541,0.4260422087647246,0.1875,0.13541666666666666,0.48484054423970474
decay,372,66,198,3168,0.4837994293474252,0.426978747135639,0.1875,0.13541666666666666,0.48548527858191676
decay,372,67,201,3216,0.48384820224084746,0.4273006682685356,0.1875,0.13541666666666666,0.4845748287947799
decay,372,68,204,3264,0.4838597638399378,0.4239927729172761,0.16666666666666666,0.14583333333333334,0.4878028259472904
decay,372,69,207,3312,0.48367933742985797,0.42450125499888114,0.16666666666666666,0.13541666666666666,0.48464357375738515
decay,372,70,210,3360,0.4838048248903672,0.42161403922817137,0.1875,0.13541666666666666,0.4898423272683406
decay,372,71,213,3408,0.48378158560857926,0.4218652411605015,0.1875,0.13541666666666666,0.4851261230165675
decay,372,72,216,3456,0.48368576515906,0.4253505318832398,0.1875,0.13541666666666666,0.48580632798906304
decay,372,73,219,3504,0.48398693456919545,0.42874785380036656,0.1875,0.13541666666666666,0.4876581131705602
decay,372,74,222,3552,0.48386827820596007,0.4279336629979238,0.1875,0.13541666666666666,0.4844246359260967
decay,372,75,225,3600,0.48389224403206504,0.4283391413602544,0.1875,0.13541666666666666,0.48480929127101285
decay,372,76,228,3648,0.4835621244280495,0.42534729495768003,0.1875,0.13541666666666666,0.48611284638673996
decay,372,77,231,3696,0.4835332916445962,0.42497311444894653,0.1875,0.13541666666666666,0.48513878745885197
decay,372,78,234,3744,0.48366179710880935,0.4243731202780288,0.1875,0.13541666666666666,0.48535606103058054
decay,372,79,237,3792,0.4835299586404198,0.424994829226812,0.1875,0.13541666666666666,0.4858874099900346
decay,372,80,240,3840,0.4836221806271334,0.4264615079631407,0.1875,0.13541666666666666,0.4858336861026842
decay,372,81,243,3888,0.4835123715745315,0.4249419460745634,0.1875,0.13541666666666666,0.48605103900239083
decay,372,82,246,3936,0.48350420546050193,0.42489072642768644,0.1875,0.13541666666666666,0.48455493460039795
decay,372,83,249,3984,0.4836183453136454,0.42261865786271285,0.1875,0.13541666666666666,0.48598204911086035
decay,372,84,252,4032,0.4837238856770803,0.4217567546118232,0.1875,0.13541666666666666,0.48640251656706557
decay,372,85,255,4080,0.483833395599582,0.42369460214850946,0.1875,0.125,0.4867534812595782
decay,372,86,258,4128,0.4841892421918706,0.42449466724931334,0.1875,0.125,0.4871985970325679
decay,372,87,261,4176,0.4837028837050788,0.4263401829485732,0.1875,0.13541666666666666,0.485985328382519
decay,372,88,264,4224,0.48401258735739905,0.42977019952833523,0.1875,0.13541666666666666,0.48751341574943724
decay,372,89,267,4272,0.4841888993323064,0.43047919268774404,0.1875,0.16666666666666666,0.48647959834467575
decay,372,90,270,4320,0.4842472071604275,0.4303317811114333,0.1875,0.16666666666666666,0.48551919201689886
decay,372,91,273,4368,0.48367043857964714,0.42687810247637775,0.1875,0.14583333333333334,0.48422675531267473
decay,372,92,276,4416,0.48365650526636533,0.4245707300510066,0.1875,0.14583333333333334,0.4849739903993724
decay,372,93,279,4464,0.48341581108520043,0.42451408032528143,0.1875,0.13541666666666666,0.4844364041564466
decay,372,94,282,4512,0.48355126199784504,0.4227588708141495,0.1875,0.13541666666666666,0.4857107576716415
decay,372,95,285,4560,0.48353795776382563,0.4222654039588856,0.1875,0.13541666666666666,0.48439563215075676
decay,372,96,288,4608,0.48389132802034435,0.42516517112246505,0.1875,0.125,0.4886494857830606
decay,372,97,291,4656,0.48374333166162553,0.4264004727421744,0.1875,0.13541666666666666,0.4865334187201317
decay,372,98,294,4704,0.483771390294185,0.42429645788128584,0.1875,0.125,0.48545889414837085
decay,372,99,297,4752,0.4834310183183342,0.42433598173607145,0.1875,0.13541666666666666,0.48559547933762715
decay,372,100,300,4800,0.48336496886597363,0.4236380229594736,0.1875,0.13541666666666666,0.484420088294143
decay,372,101,303,4848,0.4833963389165868,0.4257467686388452,0.1875,0.13541666666666666,0.48475944723968656
decay,372,102,306,4896,0.4835235381625019,0.4263606528905608,0.1875,0.13541666666666666,0.48557031004870027
decay,372,103,309,4944,0.483306436080763,0.42522575884134994,0.1875,0.13541666666666666,0.4844897216563829
decay,372,104,312,4992,0.483573859342999,0.42816273700879925,0.1875,0.13541666666666666,0.4872231058438357
decay,372,105,315,5040,0.48355364868722,0.42650562904148376,0.1875,0.15625,0.4863471917588293
decay,372,106,318,5088,0.4833680478270775,0.4256832209808071,0.16666666666666666,0.13541666666666666,0.48399112312941966
decay,372,107,321,5136,0.48331589241425865,0.42480729912230136,0.1875,0.13541666666666666,0.4846949006736578
decay,372,108,324,5184,0.4836218589165841,0.42183031442521207,0.1875,0.13541666666666666,0.48904028905484753
decay,372,109,327,5232,0.4836631425684372,0.42192778067104747,0.1875,0.125,0.48722005722752226
decay,372,110,330,5280,0.4833415471401052,0.42484695166088277,0.1875,0.13541666666666666,0.4843098615188539
decay,372,111,333,5328,0.4832595072977057,0.42601045628447665,0.1875,0.13541666666666666,0.4833559969424348
decay,372,112,336,5376,0.48359093078670917,0.42913945932765235,0.1875,0.13541666666666666,0.48634562856827096
decay,372,113,339,5424,0.4835991388221184,0.4289191869311661,0.1875,0.15625,0.4852548923259274
decay,372,114,342,5472,0.48343850770470503,0.42817044060432113,0.1875,0.13541666666666666,0.4840986626158772
decay,372,115,345,5520,0.4833621097467096,0.4277328302845996,0.1875,0.13541666666666666,0.48475462017472654
decay,372,116,348,5568,0.4837240757748247,0.4302647345178677,0.1875,0.15625,0.4884649125772138
decay,372,117,351,5616,0.48331244044681804,0.4272445334095341,0.1875,0.13541666666666666,0.4849715242086215
decay,372,118,354,5664,0.48315737048889645,0.42529196328678137,0.1875,0.13541666666666666,0.4847758496848776
decay,372,119,357,5712,0.4831727792001612,0.42389414217563415,0.1875,0.13541666666666666,0.4844669239543262
decay,372,120,360,5760,0.4838047111457137,0.4232236524757777,0.1875,0.125,0.4888214542314848
decay,372,121,363,5808,0.483890952214684,0.4233002845712412,0.1875,0.125,0.4851385040206209
decay,372,122,366,5856,0.4836017136612883,0.42395185600270496,0.1875,0.125,0.4841766902071019
decay,372,123,369,5904,0.48325978513551765,0.4241401398834534,0.1875,0.13541666666666666,0.48398444672480795
decay,372,124,372,5952,0.48310996518241817,0.4246624752539985,0.1875,0.13541666666666666,0.483348797282286
decay,372,125,375,6000,0.4835088085898942,0.4292911540119731,0.1875,0.16666666666666666,0.489318483477883
decay,372,126,378,6048,0.48336585881516375,0.428577084535029,0.1875,0.14583333333333334,0.48369554654794616
decay,372,127,381,6096,0.48321263855323277,0.42760384469154505,0.1875,0.13541666666666666,0.4864937255336704
decay,372,128,384,6144,0.48312068302417255,0.4267851005994174,0.1875,0.13541666666666666,0.4841504037067957
decay,372,129,387,6192,0.4830318480721137,0.4248174355696918,0.1875,0.13541666666666666,0.48429167768674675
decay,372,130,390,6240,0.4830537878960269,0.4266610034393574,0.1875,0.13541666666666666,0.48516423714987283
decay,372,131,393,6288,0.48301593801665516,0.4259406900353681,0.1875,0.13541666666666666,0.4833140182542602
decay,372,132,396,6336,0.4830682505849559,0.4252424077441647,0.20833333333333334,0.13541666666666666,0.48401190409264094
decay,372,133,399,6384,0.48321020034372153,0.42409771151114484,0.1875,0.13541666666666666,0.48469050342004355
decay,372,134,402,6432,0.48297481012027027,0.42634869597540614,0.1875,0.13541666666666666,0.4857465171029331
decay,372,135,405,6480,0.4829874505728436,0.4244554106896435,0.1875,0.13541666666666666,0.48516342862680323
decay,372,136,408,6528,0.4830095974014578,0.4242499338224812,0.1875,0.13541666666666666,0.4844149865869829
decay,372,137,411,6576,0.4829738870333324,0.42510831980890523,0.1875,0.13541666666666666,0.48328151201504016
decay,372,138,414,6624,0.48324575501639133,0.4295157029080085,0.1875,0.13541666666666666,0.4859299032553189
decay,372,139,417,6672,0.48325996532750376,0.4296753021874246,0.1875,0.14583333333333334,0.4850140225691048
decay,372,140,420,6720,0.483524554850215,0.4312824319499457,0.1875,0.16666666666666666,0.4861778170110996
decay,372,141,423,6768,0.48353706191272994,0.43157167117067735,0.1875,0.15625,0.4850585560922291
decay,372,142,426,6816,0.48353509074891,0.43083956685162533,0.20833333333333334,0.13541666666666666,0.48603942564678776
decay,372,143,429,6864,0.48339027122603984,0.4267949524363548,0.1875,0.13541666666666666,0.4855104391807447
decay,372,144,432,6912,0.48319496357282254,0.42416604419101067,0.1875,0.125,0.4844252318506066
decay,372,145,435,6960,0.4829168550243576,0.42443555503680747,0.1875,0.13541666666666666,0.4849506067473852
decay,372,146,438,7008,0.48331349514456484,0.422167358162371,0.1875,0.125,0.4852031625865855
decay,372,147,441,7056,0.48338058602816103,0.4217662792598629,0.1875,0.13541666666666666,0.4850447361600332
decay,372,148,444,7104,0.48297667199063193,0.42353137579216216,0.1875,0.13541666666666666,0.48493621365980927
decay,372,149,447,7152,0.48273686049282355,0.4259055730230079,0.1875,0.13541666666666666,0.4832205661008137
decay,372,150,450,7200,0.48283708942424003,0.4261005505950728,0.1875,0.13541666666666666,0.4844422150264269
decay,372,151,453,7248,0.4830437337969394,0.43016913175262816,0.1875,0.15625,0.48439139533726133
decay,372,152,456,7296,0.4832668158759015,0.43143480422322344,0.20833333333333334,0.13541666666666666,0.48719468396626553
decay,372,153,459,7344,0.48342117344399194,0.43249855451874764,0.1875,0.13541666666666666,0.4843872550864066
decay,372,154,462,7392,0.48300196286322267,0.4304803386701292,0.20833333333333334,0.13541666666666666,0.4834793933068962
decay,372,155,465,7440,0.48258908599886546,0.42598491005288164,0.1875,0.13541666666666666,0.4855168333524451
decay,372,156,468,7488,0.48259063034033706,0.4260743229544426,0.1875,0.13541666666666666,0.48386294257542306
decay,372,157,471,7536,0.4827386165008609,0.4284911784754614,0.1875,0.13541666666666666,0.4865683485143902
decay,372,158,474,7584,0.48258584819337996,0.42596527944224266,0.16666666666666666,0.13541666666666666,0.48518326026155795
decay,372,159,477,7632,0.48279653347972423,0.42528643222199086,0.1875,0.13541666666666666,0.487046367401959
decay,372,160,480,7680,0.48272730742643466,0.42358850830723194,0.1875,0.13541666666666666,0.4859039388752137
augment_valid,370,0,0,0,0.6738115211332999,0.6720940399230374,0.1875,0.19791666666666666,
augment_valid,370,1,3,48,0.5956302281874468,0.5450739393179501,0.2708333333333333,0.23958333333333334,0.6126069749418198
augment_valid,370,2,6,96,0.546064315373387,0.4905452162455788,0.25,0.22916666666666666,0.564545584237894
augment_valid,370,3,9,144,0.49859180647137835,0.43939610165276605,0.20833333333333334,0.16666666666666666,0.5368247344124687
augment_valid,370,4,12,192,0.4874758561156573,0.4188186639082649,0.20833333333333334,0.13541666666666666,0.4942461317030225
augment_valid,370,5,15,240,0.488542001531693,0.4187825848008811,0.1875,0.125,0.49004960495220623
augment_valid,370,6,18,288,0.48968105064225953,0.4241878538703638,0.20833333333333334,0.13541666666666666,0.49426334813926004
augment_valid,370,7,21,336,0.4884784532083115,0.42298486004808167,0.20833333333333334,0.13541666666666666,0.49609710264028356
augment_valid,370,8,24,384,0.48681241877497644,0.4228446257799221,0.20833333333333334,0.13541666666666666,0.4899342998761204
augment_valid,370,9,27,432,0.4853561210947226,0.4238499962160264,0.20833333333333334,0.13541666666666666,0.4863927313823175
augment_valid,370,10,30,480,0.484632573884262,0.42548561081797476,0.1875,0.13541666666666666,0.48757427429555783
augment_valid,370,11,33,528,0.48446689372157764,0.42737606336763906,0.20833333333333334,0.13541666666666666,0.48782568829733447
augment_valid,370,12,36,576,0.4865247255119471,0.4314706363090022,0.1875,0.125,0.48819721351691764
augment_valid,370,13,39,624,0.48856900030717104,0.43315680098298165,0.1875,0.13541666666666666,0.4840673981237071
augment_valid,370,14,42,672,0.49155297345473015,0.43755455335677435,0.20833333333333334,0.17708333333333334,0.4823686320636021
augment_valid,370,15,45,720,0.49192165044536756,0.4362411108445965,0.20833333333333334,0.16666666666666666,0.49503469493144836
augment_valid,370,16,48,768,0.48903209133069686,0.430645972085427,0.20833333333333334,0.16666666666666666,0.5005155112878018
augment_valid,370,17,51,816,0.48529186812350106,0.4229475449989615,0.1875,0.125,0.49086512627827167
augment_valid,370,18,54,864,0.4847407567536799,0.418868972463368,0.1875,0.13541666666666666,0.4926357044129411
augment_valid,370,19,57,912,0.484403428433744,0.4213539414568315,0.16666666666666666,0.13541666666666666,0.4886047266226566
augment_valid,370,20,60,960,0.48498129059924294,0.4220046948265806,0.16666666666666666,0.15625,0.4826767659068449
augment_valid,370,21,63,1008,0.48633591274801974,0.4270524298592732,0.20833333333333334,0.16666666666666666,0.49048170616753844
augment_valid,370,22,66,1056,0.4849280898286337,0.42478416489663595,0.1875,0.16666666666666666,0.4970676841233497
augment_valid,370,23,69,1104,0.4852102527404032,0.42394962782192885,0.20833333333333334,0.16666666666666666,0.4744330426519047
augment_valid,370,24,72,1152,0.4854521510171363,0.42338860431997444,0.20833333333333334,0.16666666666666666,0.48834140502206286
augment_valid,370,25,75,1200,0.48585776097357103,0.42079344187537554,0.16666666666666666,0.15625,0.4796291524867102
augment_valid,370,26,78,1248,0.4866735051930225,0.4215381501361823,0.1875,0.15625,0.4855522565623506
augment_valid,370,27,81,1296,0.4869431824525991,0.421624290074564,0.1875,0.16666666666666666,0.48349300051572514
augment_valid,370,28,84,1344,0.4874248205998933,0.4211584845837099,0.1875,0.15625,0.46978908179254586
augment_valid,370,29,87,1392,0.4866038768294571,0.4232312339049784,0.1875,0.16666666666666666,0.5084516213640357
augment_valid,370,30,90,1440,0.48633281958089913,0.4237732238804597,0.1875,0.16666666666666666,0.47244151442029914
augment_valid,370,31,93,1488,0.48544880419188363,0.42305011326370295,0.20833333333333334,0.16666666666666666,0.4928124802229552
augment_valid,370,32,96,1536,0.4842003239643475,0.4256255014376224,0.20833333333333334,0.13541666666666666,0.5079733484027841
augment_valid,370,33,99,1584,0.485107225285323,0.4272232752860042,0.1875,0.125,0.4863798363685514
augment_valid,370,34,102,1632,0.4859195941704928,0.42810716999723786,0.1875,0.125,0.488382159845177
augment_valid,370,35,105,1680,0.4858692514317331,0.4270019041054877,0.1875,0.125,0.4861713175061375
augment_valid,370,36,108,1728,0.4857043442254381,0.42397529342039686,0.1875,0.125,0.4843767892006113
augment_valid,370,37,111,1776,0.4857194820425446,0.4237418052669642,0.1875,0.125,0.4951268757308179
augment_valid,370,38,114,1824,0.4842788995308402,0.4218266054937903,0.1875,0.125,0.4919004023173594
augment_valid,370,39,117,1872,0.4839411541605097,0.42297620200162706,0.1875,0.13541666666666666,0.4862235895881486
augment_valid,370,40,120,1920,0.4841699141718925,0.42421360270932656,0.16666666666666666,0.13541666666666666,0.4883571386610052
augment_valid,370,41,123,1968,0.48399219603668303,0.4221963290763033,0.1875,0.13541666666666666,0.48898272236033513
augment_valid,370,42,126,2016,0.4840691081834198,0.4231203116446516,0.1875,0.125,0.4925528666814352
augment_valid,370,43,129,2064,0.48448015926409954,0.4235716774095737,0.1875,0.125,0.4835242022099096
augment_valid,370,44,132,2112,0.4848402910764933,0.4247872730227858,0.1875,0.125,0.487242412458071
augment_valid,370,45,135,2160,0.4845292853025676,0.4229524885031026,0.1875,0.125,0.4869861559892093
augment_valid,370,46,138,2208,0.48439046158663895,0.42310899284197295,0.1875,0.125,0.48383499997658275
augment_valid,370,47,141,2256,0.4851939639751212,0.42655081171952247,0.1875,0.125,0.48633751170702766
augment_valid,370,48,144,2304,0.4860074759883695,0.42908114036183037,0.1875,0.125,0.4835939640132325
augment_valid,370,49,147,2352,0.48647342939752214,0.42942405791247856,0.1875,0.125,0.48786862459761243
augment_valid,370,50,150,2400,0.48599771536295827,0.42795110836718386,0.1875,0.125,0.4869764868687169
augment_valid,370,51,153,2448,0.48557958522715605,0.42587997723829013,0.1875,0.125,0.481916444101476
augment_valid,370,52,156,2496,0.48545487993941555,0.42643840842720754,0.1875,0.125,0.48978812846147485
augment_valid,370,53,159,2544,0.4850409978414139,0.42417158471423005,0.1875,0.125,0.484228466047063
augment_valid,370,54,162,2592,0.4850698975220711,0.423536851595584,0.1875,0.125,0.4865517327398237
augment_valid,370,55,165,2640,0.4852558730467507,0.4272864910391359,0.1875,0.125,0.48493975117480764
augment_valid,370,56,168,2688,0.48553339058223877,0.4271686361558889,0.1875,0.125,0.4898057390112635
augment_valid,370,57,171,2736,0.48617739543953764,0.42960949662847536,0.1875,0.125,0.48552752235560304
augment_valid,370,58,174,2784,0.4846395189665363,0.42589517220105294,0.1875,0.125,0.4935675392235643
augment_valid,370,59,177,2832,0.48391190490452324,0.42357706161118425,0.1875,0.13541666666666666,0.48691532188672126
augment_valid,370,60,180,2880,0.48395419519604843,0.4231890101341052,0.1875,0.13541666666666666,0.494957058907825
augment_valid,370,61,183,2928,0.48383797193218364,0.42228561339294557,0.1875,0.13541666666666666,0.4876345695476117
augment_valid,370,62,186,2976,0.48412168938695355,0.4223138044556816,0.1875,0.125,0.4875396412189697
augment_valid,370,63,189,3024,0.4843058306528447,0.42259365015218214,0.1875,0.125,0.486813460323089
augment_valid,370,64,192,3072,0.4843245541200531,0.4238997381504936,0.1875,0.125,0.4851226649266626
augment_valid,370,65,195,3120,0.4852358703103157,0.42575928015394804,0.1875,0.125,0.47961728657935393
augment_valid,370,66,198,3168,0.48550206329988627,0.42507072779927135,0.1875,0.125,0.500324224000634
augment_valid,370,67,201,3216,0.48424747323095946,0.4219938259093707,0.1875,0.13541666666666666,0.49542509491936854
augment_valid,370,68,204,3264,0.48387007761014617,0.42262230642471765,0.1875,0.13541666666666666,0.4861953329640631
augment_valid,370,69,207,3312,0.48383279042748156,0.42235272192744566,0.1875,0.13541666666666666,0.4865136593897426
augment_valid,370,70,210,3360,0.48383497768025574,0.42128919300975004,0.1875,0.13541666666666666,0.4859480096087581
augment_valid,370,71,213,3408,0.4839632303339803,0.42161822246927594,0.1875,0.125,0.48659599381385993
augment_valid,370,72,216,3456,0.48418201157815677,0.4234571770789995,0.1875,0.125,0.4850931893926571
augment_valid,370,73,219,3504,0.48415508882935393,0.42234114766882874,0.1875,0.125,0.48958848484414336
augment_valid,370,74,222,3552,0.483973393636062,0.4230508993432675,0.1875,0.13541666666666666,0.4858656270760529
augment_valid,370,75,225,3600,0.48449423233854033,0.4217206715324712,0.1875,0.15625,0.4790323248574217
augment_valid,370,76,228,3648,0.486915347470459,0.42232358967776434,0.20833333333333334,0.16666666666666666,0.4820455000005613
augment_valid,370,77,231,3696,0.48875189816130754,0.4202356903870423,0.1875,0.16666666666666666,0.49924143143472016
augment_valid,370,78,234,3744,0.48832212552375953,0.4235256231767555,0.1875,0.17708333333333334,0.4888721973497166
augment_valid,370,79,237,3792,0.48794987265683076,0.4270576598361842,0.20833333333333334,0.17708333333333334,0.48295775064476776
augment_valid,370,80,240,3840,0.48685533262476594,0.4258141652732788,0.20833333333333334,0.17708333333333334,0.5005593968257855
augment_valid,370,81,243,3888,0.48527034656460905,0.4235155474023271,0.1875,0.16666666666666666,0.49065269759371927
augment_valid,370,82,246,3936,0.48445476049407793,0.42246198830066195,0.16666666666666666,0.15625,0.4752451345198554
augment_valid,370,83,249,3984,0.4840160696779863,0.42149577676950983,0.1875,0.13541666666666666,0.49211198976207493
augment_valid,370,84,252,4032,0.48409980753824505,0.42271633131395925,0.1875,0.125,0.4888953726589178
augment_valid,370,85,255,4080,0.4850202379303143,0.42237322621896217,0.1875,0.125,0.4886321704885121
augment_valid,370,86,258,4128,0.48610817437710957,0.42529166504953037,0.1875,0.13541666666666666,0.48394289104143046
augment_valid,370,87,261,4176,0.48622010502014756,0.4266243144969171,0.1875,0.13541666666666666,0.4981835093543276
augment_valid,370,88,264,4224,0.4872759734581075,0.429008241511114,0.1875,0.13541666666666666,0.4703678593704424
augment_valid,370,89,267,4272,0.48830818634338335,0.4313559156210059,0.1875,0.15625,0.4861887624946395
augment_valid,370,90,270,4320,0.48732860975169406,0.42936289133666494,0.1875,0.13541666666666666,0.49231470350934076
augment_valid,370,91,273,4368,0.48668712120952046,0.4286507426521681,0.1875,0.13541666666666666,0.4861635735121988
augment_valid,370,92,276,4416,0.4860260410590267,0.4268264653069813,0.1875,0.125,0.48665970240950074
augment_valid,370,93,279,4464,0.48558919695510055,0.42651566130926527,0.1875,0.125,0.4813911056047844
augment_valid,370,94,282,4512,0.4854806403135245,0.4259018932777474,0.1875,0.125,0.4848412641655857
augment_valid,370,95,285,4560,0.48524615761320894,0.4239297983154205,0.1875,0.125,0.48438060572615244
augment_valid,370,96,288,4608,0.48442269613093986,0.42233798916742615,0.1875,0.125,0.49319107432280945
augment_valid,370,97,291,4656,0.4840512461939745,0.42217274095293056,0.1875,0.13541666666666666,0.4855437475467356
augment_valid,370,98,294,4704,0.4838641654182067,0.42190001188274556,0.1875,0.13541666666666666,0.4856624331750028
augment_valid,370,99,297,4752,0.48420650334700815,0.4201441062996438,0.16666666666666666,0.14583333333333334,0.48427194453950345
augment_valid,370,100,300,4800,0.4848990694824297,0.41909091681252564,0.16666666666666666,0.15625,0.4905691701985684
augment_valid,370,101,303,4848,0.4856747105757497,0.4202238783449584,0.20833333333333334,0.16666666666666666,0.4846553644826001
augment_valid,370,102,306,4896,0.48491532975882784,0.4211875400505886,0.1875,0.16666666666666666,0.4978615638592374
augment_valid,370,103,309,4944,0.48425384911974345,0.42047985755244116,0.16666666666666666,0.14583333333333334,0.4855667700235175
augment_valid,370,104,312,4992,0.4841223422157725,0.4207715593255819,0.1875,0.13541666666666666,0.4775733659151857
augment_valid,370,105,315,5040,0.48390190061290433,0.42148338632956955,0.1875,0.13541666666666666,0.48736230332250213
augment_valid,370,106,318,5088,0.4839117677064455,0.4223058401183229,0.1875,0.13541666666666666,0.4900163442401588
augment_valid,370,107,321,5136,0.484032516854439,0.4216153817743447,0.1875,0.13541666666666666,0.4835961441776093
augment_valid,370,108,324,5184,0.4840072498107733,0.4188700815726065,0.1875,0.125,0.48611838497170945
augment_valid,370,109,327,5232,0.4841034790078791,0.4179071695186016,0.1875,0.125,0.4863284545089696
augment_valid,370,110,330,5280,0.4838903024477517,0.4199845994265153,0.1875,0.13541666666666666,0.48455124107445363
augment_valid,370,111,333,5328,0.4843518279472498,0.41895148427751633,0.16666666666666666,0.13541666666666666,0.479813528978196
augment_valid,370,112,336,5376,0.48490944849346046,0.4196772988010123,0.1875,0.15625,0.48726390372619494
augment_valid,370,113,339,5424,0.4856140464592871,0.41984421052254084,0.20833333333333334,0.16666666666666666,0.48088332964959773
augment_valid,370,114,342,5472,0.48673160718333913,0.4207971454932617,0.20833333333333334,0.16666666666666666,0.47995702502928966
augment_valid,370,115,345,5520,0.4869484686816617,0.4204229914750348,0.1875,0.16666666666666666,0.48521603580832817
augment_valid,370,116,348,5568,0.4896350433226731,0.42328209510249115,0.20833333333333334,0.17708333333333334,0.4527240244732513
augment_valid,370,117,351,5616,0.4948395546466931,0.4285912620865135,0.20833333333333334,0.19791666666666666,0.46499810340663333
augment_valid,370,118,354,5664,0.49559219956027184,0.42929727586993477,0.20833333333333334,0.19791666666666666,0.5226050183527188
augment_valid,370,119,357,5712,0.49339088847905627,0.425484781856617,0.20833333333333334,0.17708333333333334,0.500900894966826
augment_valid,370,120,360,5760,0.49194823723962733,0.42217274853433334,0.20833333333333334,0.17708333333333334,0.4645437571817735
augment_valid,370,121,363,5808,0.48903865205911384,0.4217239403322511,0.20833333333333334,0.17708333333333334,0.49696315952040493
augment_valid,370,122,366,5856,0.489106675632962,0.41856460654957256,0.20833333333333334,0.16666666666666666,0.4707578851195284
augment_valid,370,123,369,5904,0.48655770364763784,0.41788147633371925,0.1875,0.15625,0.5104641436572835
augment_valid,370,124,372,5952,0.4842553025143352,0.4193248496014017,0.16666666666666666,0.13541666666666666,0.4963096320682616
augment_valid,370,125,375,6000,0.4840381938163865,0.4227967772120314,0.20833333333333334,0.13541666666666666,0.4825839613771059
augment_valid,370,126,378,6048,0.48449225636097965,0.42485243848937243,0.1875,0.13541666666666666,0.48537644411505704
augment_valid,370,127,381,6096,0.4851589620576336,0.42549060211894024,0.1875,0.125,0.48532771255617907
augment_valid,370,128,384,6144,0.48715634852635953,0.4289488515764224,0.1875,0.13541666666666666,0.48410366891941425
augment_valid,370,129,387,6192,0.488712522317414,0.4307595846970811,0.20833333333333334,0.15625,0.48185828661161184
augment_valid,370,130,390,6240,0.48896890162319884,0.4304190420975767,0.20833333333333334,0.17708333333333334,0.49600241879232726
augment_valid,370,131,393,6288,0.48815963205677554,0.4296192928564033,0.20833333333333334,0.14583333333333334,0.4923905381515102
augment_valid,370,132,396,6336,0.4860008289910744,0.42453607106109786,0.1875,0.13541666666666666,0.49929488716169995
augment_valid,370,133,399,6384,0.48489952466075253,0.42264577106808426,0.1875,0.125,0.4871528307284841
augment_valid,370,134,402,6432,0.48397994264265715,0.4205437870834921,0.1875,0.125,0.4873136389637909
augment_valid,370,135,405,6480,0.4839138578918049,0.4186314836546307,0.1875,0.13541666666666666,0.4840518171295652
augment_valid,370,136,408,6528,0.4842935055731787,0.41892342054308235,0.16666666666666666,0.14583333333333334,0.48944245127406116
augment_valid,370,137,411,6576,0.4843875041799346,0.418004275584837,0.16666666666666666,0.14583333333333334,0.4895202064236302
augment_valid,370,138,414,6624,0.4848095747155417,0.4187403536136894,0.16666666666666666,0.15625,0.4807899845138697
augment_valid,370,139,417,6672,0.48475550908604553,0.4200391684253399,0.16666666666666666,0.15625,0.48425572250643273
augment_valid,370,140,420,6720,0.48466804159813187,0.419183886718456,0.16666666666666666,0.15625,0.4863414174998352
augment_valid,370,141,423,6768,0.4841516644720108,0.42213921846173036,0.1875,0.14583333333333334,0.4998003340871053
augment_valid,370,142,426,6816,0.4838926292598578,0.42185232166671566,0.1875,0.13541666666666666,0.4918437679119865
augment_valid,370,143,429,6864,0.48419182188782744,0.422625979757129,0.1875,0.13541666666666666,0.48461121000862223
augment_valid,370,144,432,6912,0.4855897109212168,0.4244590978260548,0.1875,0.125,0.48981469733682786
augment_valid,370,145,435,6960,0.4859571167882857,0.4246875946628901,0.1875,0.13541666666666666,0.48503142900437
augment_valid,370,146,438,7008,0.4864800660871847,0.425829185563652,0.1875,0.13541666666666666,0.47974354988758144
augment_valid,370,147,441,7056,0.488868813664864,0.43022545634734244,0.20833333333333334,0.16666666666666666,0.4715928718579856
augment_valid,370,148,444,7104,0.4889010179818067,0.4284624925258722,0.20833333333333334,0.16666666666666666,0.5095258611718985
augment_valid,370,149,447,7152,0.48713408606239333,0.42430090247472946,0.20833333333333334,0.14583333333333334,0.48671649055241245
augment_valid,370,150,450,7200,0.48578551960451205,0.42242249220433364,0.1875,0.13541666666666666,0.49032577434750246
augment_valid,370,151,453,7248,0.4856957894572173,0.42329335330135676,0.1875,0.125,0.4751133537263515
augment_valid,370,152,456,7296,0.48590409362247744,0.4253186242363034,0.1875,0.125,0.48248967094509226
augment_valid,370,153,459,7344,0.4859147017409156,0.4256213127793039,0.1875,0.125,0.4872698772932875
augment_valid,370,154,462,7392,0.48592813952008934,0.42497196134653015,0.1875,0.125,0.4835751956809748
augment_valid,370,155,465,7440,0.48551817740050224,0.4268297352489099,0.20833333333333334,0.125,0.500331668849335
augment_valid,370,156,468,7488,0.4849140732217847,0.4261622011457713,0.20833333333333334,0.13541666666666666,0.4876491164134212
augment_valid,370,157,471,7536,0.484361513734203,0.4236234299370573,0.20833333333333334,0.13541666666666666,0.48306264075631944
augment_valid,370,158,474,7584,0.48405847067730146,0.421446504847833,0.1875,0.13541666666666666,0.48737351556530645
augment_valid,370,159,477,7632,0.4839614296098773,0.41928260084584107,0.1875,0.13541666666666666,0.4854074795321939
augment_valid,370,160,480,7680,0.48392881352735095,0.4198759521959456,0.1875,0.13541666666666666,0.4854024959169381
augment_valid,371,0,0,0,0.6843186798445471,0.71151935509447,0.4583333333333333,0.5833333333333334,
augment_valid,371,1,3,48,0.5411511811168674,0.5109206010648417,0.22916666666666666,0.13541666666666666,0.6361643528772333
augment_valid,371,2,6,96,0.4893851432078346,0.43309805897799675,0.1875,0.11458333333333333,0.5280959014699123
augment_valid,371,3,9,144,0.4873735373601152,0.4233973622687223,0.20833333333333334,0.14583333333333334,0.48755076843604117
augment_valid,371,4,12,192,0.4933246125601554,0.42128440914350773,0.1875,0.125,0.4959627925302866
augment_valid,371,5,15,240,0.5037123330229186,0.4222693855667692,0.16666666666666666,0.13541666666666666,0.49926376773909564
augment_valid,371,6,18,288,0.4956606412237994,0.424095079551915,0.20833333333333334,0.13541666666666666,0.5089334494161738
augment_valid,371,7,21,336,0.4940614484976272,0.4255498376344833,0.1875,0.16666666666666666,0.4882677171154904
augment_valid,371,8,24,384,0.4892094384788152,0.43087108236616817,0.20833333333333334,0.17708333333333334,0.4996762162267329
augment_valid,371,9,27,432,0.48553979515977347,0.4307362473229566,0.20833333333333334,0.15625,0.4949899256924592
augment_valid,371,10,30,480,0.4855920310195277,0.43235220310774686,0.20833333333333334,0.13541666666666666,0.48934626847485574
augment_valid,371,11,33,528,0.4852805828604047,0.431109603418776,0.1875,0.13541666666666666,0.4887050955930639
augment_valid,371,12,36,576,0.487615642974212,0.43300489229220823,0.1875,0.125,0.4893800838309104
augment_valid,371,13,39,624,0.4856316939266252,0.428985339645272,0.1875,0.125,0.493361225911404
augment_valid,371,14,42,672,0.484478520182503,0.4241774538025905,0.1875,0.13541666666666666,0.48671347378354407
augment_valid,371,15,45,720,0.48470804401785933,0.4225402484390541,0.1875,0.13541666666666666,0.4858541579823222
augment_valid,371,16,48,768,0.4854934642123534,0.4212680578520362,0.16666666666666666,0.13541666666666666,0.48715567728810294
augment_valid,371,17,51,816,0.4856018125404337,0.42092693805275044,0.16666666666666666,0.13541666666666666,0.48917793854229935
augment_valid,371,18,54,864,0.4846286735727446,0.4227549989408835,0.1875,0.13541666666666666,0.48389551675290665
augment_valid,371,19,57,912,0.48442743802550803,0.42399632784447094,0.1875,0.13541666666666666,0.48913394786819103
augment_valid,371,20,60,960,0.48620746846402857,0.4287306965062134,0.1875,0.125,0.49072206307317634
augment_valid,371,21,63,1008,0.4869645356325259,0.431193213920622,0.1875,0.125,0.4928284647433063
augment_valid,371,22,66,1056,0.48589359313739316,0.42971412854479724,0.1875,0.125,0.4848061468013902
augment_valid,371,23,69,1104,0.4843704084197968,0.42662124117045036,0.1875,0.13541666666666666,0.4878600171790642
augment_valid,371,24,72,1152,0.4849224883675616,0.427178009590496,0.1875,0.16666666666666666,0.4905011615033163
augment_valid,371,25,75,1200,0.48537850930655085,0.4252508263565548,0.1875,0.16666666666666666,0.4909221403304522
augment_valid,371,26,78,1248,0.4856063185709621,0.4239679916190511,0.1875,0.15625,0.4793732755421783
augment_valid,371,27,81,1296,0.48855467015754944,0.42141231698698794,0.1875,0.15625,0.48158051582947153
augment_valid,371,28,84,1344,0.4957994276770803,0.425618123171359,0.1875,0.17708333333333334,0.4669557532767061
augment_valid,371,29,87,1392,0.5005458684630677,0.4349434412900668,0.1875,0.1875,0.4686252498882421
augment_valid,371,30,90,1440,0.4957081682014886,0.4324466521661165,0.1875,0.1875,0.556282694691924
augment_valid,371,31,93,1488,0.4858353687145558,0.424201399796819,0.1875,0.15625,0.5157448430850563
augment_valid,371,32,96,1536,0.4840290870520978,0.4255474867187308,0.1875,0.13541666666666666,0.4782324218096338
augment_valid,371,33,99,1584,0.48594014266393626,0.4310907115503679,0.1875,0.125,0.487777079756772
augment_valid,371,34,102,1632,0.4881692901334023,0.4352584471785059,0.1875,0.13541666666666666,0.48207343683764375
augment_valid,371,35,105,1680,0.4882277856246038,0.4344670433349787,0.1875,0.14583333333333334,0.4917609818006645
augment_valid,371,36,108,1728,0.4868045077378815,0.43089145417330715,0.1875,0.13541666666666666,0.4941751539584523
augment_valid,371,37,111,1776,0.4851069812231064,0.42730960556162795,0.1875,0.125,0.4860137926046734
augment_valid,371,38,114,1824,0.4842385416665274,0.4254959325437151,0.1875,0.13541666666666666,0.49018654060710776
augment_valid,371,39,117,1872,0.4853689540579318,0.4235858559642341,0.1875,0.15625,0.48511957688873114
augment_valid,371,40,120,1920,0.488482459729497,0.424565374650178,0.20833333333333334,0.16666666666666666,0.4737046079006906
augment_valid,371,41,123,1968,0.4894470190870916,0.4254149852029548,0.20833333333333334,0.17708333333333334,0.5050318276827087
augment_valid,371,42,126,2016,0.4872023577358607,0.4252655863707641,0.1875,0.16666666666666666,0.49619370136833996
augment_valid,371,43,129,2064,0.4864020964618292,0.4230505227556603,0.1875,0.15625,0.4721498501545969
augment_valid,371,44,132,2112,0.48569776340527,0.42324174548320886,0.16666666666666666,0.15625,0.4868017047910769
augment_valid,371,45,135,2160,0.4849590971289914,0.4233109679218076,0.16666666666666666,0.15625,0.48806692501887666
augment_valid,371,46,138,2208,0.48396791116924476,0.4256906153465836,0.1875,0.13541666666666666,0.49335728126622724
augment_valid,371,47,141,2256,0.484208376892743,0.4275696918017135,0.1875,0.13541666666666666,0.4861331691947986
augment_valid,371,48,144,2304,0.48760442031230883,0.43386686691346266,0.1875,0.13541666666666666,0.48426515317856306
augment_valid,371,49,147,2352,0.4919177716208491,0.4392881610159885,0.20833333333333334,0.17708333333333334,0.48901797243309336
augment_valid,371,50,150,2400,0.4925437752827821,0.43953579430694756,0.20833333333333334,0.17708333333333334,0.49782461506366915
augment_valid,371,51,153,2448,0.48857563506608875,0.43361938676178235,0.20833333333333334,0.16666666666666666,0.5023865025821724
augment_valid,371,52,156,2496,0.4851731863028046,0.4286003864000752,0.1875,0.125,0.4895855092838473
augment_valid,371,53,159,2544,0.4848448521508913,0.4280933844956558,0.1875,0.125,0.4789012438301465
augment_valid,371,54,162,2592,0.484667550144164,0.42805905672636513,0.1875,0.125,0.48528550613025373
augment_valid,371,55,165,2640,0.4841848728530021,0.42459457002597684,0.1875,0.125,0.48823940933782084
augment_valid,371,56,168,2688,0.48370825229845343,0.4246951495981939,0.1875,0.13541666666666666,0.48607757709190996
augment_valid,371,57,171,2736,0.4837353735201051,0.4252068263384709,0.1875,0.13541666666666666,0.4875947902823099
augment_valid,371,58,174,2784,0.48487868672445295,0.4289942679048308,0.1875,0.125,0.4835849492571663
augment_valid,371,59,177,2832,0.485804741286002,0.4313085375498993,0.20833333333333334,0.125,0.49147443675778774
augment_valid,371,60,180,2880,0.48533322593044614,0.4308155535630245,0.20833333333333334,0.125,0.4971383543114965
augment_valid,371,61,183,2928,0.48459492290146683,0.4303383572612171,0.20833333333333334,0.13541666666666666,0.4923826414311754
augment_valid,371,62,186,2976,0.4836923198042918,0.42530089342490013,0.20833333333333334,0.13541666666666666,0.488254474853715
augment_valid,371,63,189,3024,0.4843583539060173,0.42424056001356775,0.16666666666666666,0.15625,0.4827303862675311
augment_valid,371,64,192,3072,0.48604491971721914,0.42256674825679275,0.1875,0.15625,0.4824349267086799
augment_valid,371,65,195,3120,0.4848281887150838,0.42367113633722003,0.16666666666666666,0.15625,0.5178135026715411
augment_valid,371,66,198,3168,0.48380326407658486,0.4237123130950804,0.16666666666666666,0.13541666666666666,0.4885010162190159
augment_valid,371,67,201,3216,0.48358316844625954,0.4249294411547752,0.1875,0.13541666666666666,0.4831763226956454
augment_valid,371,68,204,3264,0.48366340268678853,0.4258821029708839,0.1875,0.13541666666666666,0.48620488240607457
augment_valid,371,69,207,3312,0.48407176452468786,0.42757129186864856,0.1875,0.13541666666666666,0.4846181895704131
augment_valid,371,70,210,3360,0.48583587973500936,0.43150453184152493,0.1875,0.125,0.48169189524598716
augment_valid,371,71,213,3408,0.4862236189936475,0.43209556448932646,0.20833333333333334,0.125,0.49340588035034355
augment_valid,371,72,216,3456,0.4854265740342512,0.42923962217630063,0.20833333333333334,0.125,0.4899004473045186
augment_valid,371,73,219,3504,0.4848119814182161,0.42705711142633396,0.1875,0.125,0.4887597703164921
augment_valid,371,74,222,3552,0.48431839451899933,0.42434655233199786,0.1875,0.125,0.48720055561823133
augment_valid,371,75,225,3600,0.4838883831643525,0.4222193523036622,0.1875,0.125,0.486731603658386
augment_valid,371,76,228,3648,0.48359976943966343,0.42481239903182094,0.1875,0.13541666666666666,0.48592294114391105
augment_valid,371,77,231,3696,0.48350506220552947,0.4248501154613426,0.1875,0.13541666666666666,0.4854752986500692
augment_valid,371,78,234,3744,0.4838626839601538,0.42734491718333806,0.1875,0.13541666666666666,0.48705882083011404
augment_valid,371,79,237,3792,0.4842353174726233,0.4278929483303376,0.1875,0.125,0.4848885138229692
augment_valid,371,80,240,3840,0.48367264858289455,0.42631129876410573,0.1875,0.13541666666666666,0.48389107452432817
augment_valid,371,81,243,3888,0.4839626944319408,0.4291003626044267,0.20833333333333334,0.13541666666666666,0.48844426363458404
augment_valid,371,82,246,3936,0.4834727418700591,0.4273583001004629,0.20833333333333334,0.13541666666666666,0.48930595189182163
augment_valid,371,83,249,3984,0.48342654872883745,0.42582555897226615,0.1875,0.13541666666666666,0.4839107824020829
augment_valid,371,84,252,4032,0.48328796841571986,0.4246628485258874,0.20833333333333334,0.13541666666666666,0.48730648923178954
augment_valid,371,85,255,4080,0.48373907713741815,0.42421707254775737,0.1875,0.125,0.4901202344645854
augment_valid,371,86,258,4128,0.484329052075356,0.4254102385544678,0.1875,0.125,0.4857022695477486
augment_valid,371,87,261,4176,0.48415765500893587,0.4242324924494074,0.1875,0.125,0.4890393545488469
augment_valid,371,88,264,4224,0.4851329916895928,0.4285049146136823,0.1875,0.125,0.4760857606987559
augment_valid,371,89,267,4272,0.48743892306112074,0.43314710430186193,0.1875,0.13541666666666666,0.4853915106181504
augment_valid,371,90,270,4320,0.4893325559710678,0.4358497381249516,0.1875,0.16666666666666666,0.4949100091701161
augment_valid,371,91,273,4368,0.48802994633187774,0.43474460034228635,0.20833333333333334,0.15625,0.49444198659252664
augment_valid,371,92,276,4416,0.4861482439955748,0.43110505406489014,0.20833333333333334,0.125,0.48685722936416664
augment_valid,371,93,279,4464,0.48537988969147167,0.43133245738908305,0.20833333333333334,0.13541666666666666,0.4908909183539012
augment_valid,371,94,282,4512,0.4844885683777358,0.4283922402664964,0.20833333333333334,0.13541666666666666,0.48379827622425675
augment_valid,371,95,285,4560,0.4853937749685408,0.42913599407880243,0.1875,0.125,0.47488254981730976
augment_valid,371,96,288,4608,0.486739416478835,0.43021135167565533,0.1875,0.13541666666666666,0.49275481914004554
augment_valid,371,97,291,4656,0.485722348593413,0.42926588467206667,0.1875,0.125,0.5009496488116462
augment_valid,371,98,294,4704,0.48398132159125845,0.4235082909919082,0.1875,0.125,0.49643686605248744
augment_valid,371,99,297,4752,0.48379500300861983,0.4205186342914707,0.1875,0.13541666666666666,0.484227031166121
augment_valid,371,100,300,4800,0.4849704671943371,0.4205122137216071,0.1875,0.15625,0.48813222551482566
augment_valid,371,101,303,4848,0.48545398887142605,0.4210217286945363,0.1875,0.16666666666666666,0.4777066948801227
augment_valid,371,102,306,4896,0.4863932303076326,0.42457494148548225,0.20833333333333334,0.16666666666666666,0.47858014101547974
augment_valid,371,103,309,4944,0.4861078959732669,0.4260588087551775,0.20833333333333334,0.16666666666666666,0.5091210539436
augment_valid,371,104,312,4992,0.48609210734632907,0.42612198635445475,0.20833333333333334,0.16666666666666666,0.4832495318837167
augment_valid,371,105,315,5040,0.4857182436354908,0.4288111738451055,0.20833333333333334,0.17708333333333334,0.4847353914100862
augment_valid,371,106,318,5088,0.4848204618419511,0.42764447967391184,0.20833333333333334,0.16666666666666666,0.5002673796049993
augment_valid,371,107,321,5136,0.48383313292083036,0.4260585999113759,0.1875,0.16666666666666666,0.4870149367108314
augment_valid,371,108,324,5184,0.48369554355953176,0.4254717865367705,0.20833333333333334,0.13541666666666666,0.49011791193478144
augment_valid,371,109,327,5232,0.48425367460798224,0.42545122945998237,0.20833333333333334,0.125,0.4837586037683796
augment_valid,371,110,330,5280,0.48555880472223056,0.4284328662941331,0.1875,0.125,0.4833020152376182
augment_valid,371,111,333,5328,0.486284606894801,0.42877891806052776,0.1875,0.13541666666666666,0.4958556462248014
augment_valid,371,112,336,5376,0.48708062429027876,0.43012537697703496,0.1875,0.13541666666666666,0.4665215890407349
augment_valid,371,113,339,5424,0.48715945389334186,0.4294217334887011,0.1875,0.13541666666666666,0.5031510876725191
augment_valid,371,114,342,5472,0.48560481054093946,0.42561599971535324,0.1875,0.125,0.49879418900307976
augment_valid,371,115,345,5520,0.4844428892739101,0.42380259261336645,0.1875,0.125,0.4877551964144346
augment_valid,371,116,348,5568,0.48403225729753335,0.4244523839503828,0.1875,0.13541666666666666,0.4838033079650814
augment_valid,371,117,351,5616,0.4838237588168346,0.4248826475056628,0.20833333333333334,0.13541666666666666,0.4843741600659747
augment_valid,371,118,354,5664,0.4837887100457239,0.42465603792854206,0.20833333333333334,0.13541666666666666,0.48333906938002946
augment_valid,371,119,357,5712,0.4839887682909993,0.42554683723859615,0.20833333333333334,0.13541666666666666,0.4841026806459799
augment_valid,371,120,360,5760,0.48419933651438435,0.42561972872976467,0.20833333333333334,0.13541666666666666,0.48368160532803245
augment_valid,371,121,363,5808,0.4848598039163199,0.4268070729256004,0.20833333333333334,0.125,0.48165845599763807
augment_valid,371,122,366,5856,0.4849493475923119,0.4270581964396065,0.20833333333333334,0.125,0.49201365834756783
augment_valid,371,123,369,5904,0.4842525882586363,0.4257889670467872,0.20833333333333334,0.13541666666666666,0.4898345599403155
augment_valid,371,124,372,5952,0.4839887748599465,0.42570493842433726,0.20833333333333334,0.13541666666666666,0.48414604170787806
augment_valid,371,125,375,6000,0.48360518205344133,0.42337648360122543,0.20833333333333334,0.13541666666666666,0.4857392160451319
augment_valid,371,126,378,6048,0.4835950654441598,0.42138885808808474,0.1875,0.13541666666666666,0.48409862186763136
augment_valid,371,127,381,6096,0.4837037112764054,0.42086118284279966,0.1875,0.13541666666666666,0.48702080366421646
augment_valid,371,128,384,6144,0.48360130200661305,0.4204593789551749,0.1875,0.13541666666666666,0.48573661354207887
augment_valid,371,129,387,6192,0.48355813691942573,0.4219198906228936,0.20833333333333334,0.13541666666666666,0.4858931549928645
augment_valid,371,130,390,6240,0.4836540505651155,0.42087852517294255,0.1875,0.13541666666666666,0.48591993821470325
augment_valid,371,131,393,6288,0.483581722272829,0.4209964441174514,0.1875,0.13541666666666666,0.4803236839706681
augment_valid,371,132,396,6336,0.4838606381547468,0.4232132267427679,0.1875,0.15625,0.4833086300616527
augment_valid,371,133,399,6384,0.48455916187734055,0.42117045882246207,0.16666666666666666,0.15625,0.491152769298562
augment_valid,371,134,402,6432,0.48480975305891727,0.4235513634331809,0.20833333333333334,0.16666666666666666,0.4807567971415707
augment_valid,371,135,405,6480,0.48479688057674974,0.42581605787176485,0.20833333333333334,0.16666666666666666,0.48300885474808114
augment_valid,371,136,408,6528,0.4847470352959244,0.42664160839582815,0.20833333333333334,0.16666666666666666,0.4932154751707382
augment_valid,371,137,411,6576,0.4843091314871802,0.4255304548396941,0.20833333333333334,0.16666666666666666,0.4918037808692115
augment_valid,371,138,414,6624,0.4841059245481496,0.4242827822443225,0.1875,0.16666666666666666,0.4754970185969831
augment_valid,371,139,417,6672,0.48391269593669883,0.4251611512968636,0.1875,0.16666666666666666,0.49390906287134567
augment_valid,371,140,420,6720,0.4836172321874032,0.42303695094775623,0.16666666666666666,0.13541666666666666,0.4872135385432525
augment_valid,371,141,423,6768,0.48363417391233804,0.4214064481043998,0.1875,0.13541666666666666,0.4887786825482836
augment_valid,371,142,426,6816,0.4839439409158291,0.4203157404014748,0.1875,0.125,0.4850251139813128
augment_valid,371,143,429,6864,0.48382319086883596,0.421604218346091,0.1875,0.13541666666666666,0.48616889585171313
augment_valid,371,144,432,6912,0.48392107925564204,0.42380754456211694,0.1875,0.13541666666666666,0.48538155636618646
augment_valid,371,145,435,6960,0.4845442631224242,0.4261897074008402,0.20833333333333334,0.125,0.48217273414497214
augment_valid,371,146,438,7008,0.4859101155139705,0.4281387253702045,0.1875,0.125,0.48224425423825973
augment_valid,371,147,441,7056,0.487018013221149,0.42984225206654464,0.1875,0.13541666666666666,0.4948855907205845
augment_valid,371,148,444,7104,0.4867861284977589,0.4294031500889344,0.1875,0.13541666666666666,0.49803440240518354
augment_valid,371,149,447,7152,0.48593325619920796,0.42833503090523695,0.1875,0.125,0.4857848080993587
augment_valid,371,150,450,7200,0.4846076457606145,0.4250469680375109,0.1875,0.125,0.4883417345320869
augment_valid,371,151,453,7248,0.4842573829773677,0.42333585606260327,0.1875,0.125,0.47943889997939687
augment_valid,371,152,456,7296,0.4844102568641775,0.42207050574201266,0.1875,0.125,0.48817235504197276
augment_valid,371,153,459,7344,0.48422586307215987,0.424379411314721,0.20833333333333334,0.13541666666666666,0.4877378451612459
augment_valid,371,154,462,7392,0.4842634739435556,0.42663030769539617,0.20833333333333334,0.13541666666666666,0.4856941151754528
augment_valid,371,155,465,7440,0.4840062767524231,0.42615919114765966,0.20833333333333334,0.13541666666666666,0.48880644864730177
augment_valid,371,156,468,7488,0.48392040460197777,0.4260616866284628,0.20833333333333334,0.13541666666666666,0.48502536013049463
augment_valid,371,157,471,7536,0.48393564752172086,0.42606591246604814,0.20833333333333334,0.13541666666666666,0.48558714564834443
augment_valid,371,158,474,7584,0.4841623053176321,0.42644756896157426,0.20833333333333334,0.13541666666666666,0.48427517645461843
augment_valid,371,159,477,7632,0.4842774845831351,0.4260235151443677,0.20833333333333334,0.13541666666666666,0.48308898338275813
augment_valid,371,160,480,7680,0.48448678097927034,0.4242617048961654,0.1875,0.125,0.48439671733022044
augment_valid,372,0,0,0,0.7038815098155168,0.7001586056651311,0.7083333333333334,0.6145833333333334,
augment_valid,372,1,3,48,0.5682180518275738,0.5571287524569233,0.20833333333333334,0.19791666666666666,0.6569680119967329
augment_valid,372,2,6,96,0.5025032640677968,0.4652516767084082,0.1875,0.15625,0.5471975428050281
augment_valid,372,3,9,144,0.4879059645819892,0.4238373460924448,0.16666666666666666,0.14583333333333334,0.4884273411588282
augment_valid,372,4,12,192,0.49786479383430154,0.41217906147672617,0.16666666666666666,0.14583333333333334,0.47793346751275445
augment_valid,372,5,15,240,0.5067773766657017,0.41500058330008294,0.16666666666666666,0.14583333333333334,0.5060598336814331
augment_valid,372,6,18,288,0.5084934155872297,0.42348302947699046,0.20833333333333334,0.17708333333333334,0.47712488053893054
augment_valid,372,7,21,336,0.5054825984871957,0.42249812963576255,0.20833333333333334,0.17708333333333334,0.49979141475800976
augment_valid,372,8,24,384,0.4993090030782649,0.42493001900401134,0.20833333333333334,0.17708333333333334,0.49482887576717455
augment_valid,372,9,27,432,0.49197814001200685,0.4307897066832261,0.20833333333333334,0.1875,0.49950489945919657
augment_valid,372,10,30,480,0.48843370467136243,0.43392336569325235,0.20833333333333334,0.17708333333333334,0.4912793724667508
augment_valid,372,11,33,528,0.4883910924037262,0.43737668640930377,0.20833333333333334,0.15625,0.4946152333654676
augment_valid,372,12,36,576,0.49345085642416103,0.4438233360310783,0.22916666666666666,0.16666666666666666,0.48408883222717153
augment_valid,372,13,39,624,0.49818769756056575,0.4491376665243619,0.25,0.17708333333333334,0.5016805179366165
augment_valid,372,14,42,672,0.5014054962979829,0.45058389929145887,0.22916666666666666,0.1875,0.4744120027153218
augment_valid,372,15,45,720,0.5034603134851516,0.45099595019605027,0.22916666666666666,0.19791666666666666,0.47036624002262517
augment_valid,372,16,48,768,0.5026896260924135,0.4494529706039792,0.20833333333333334,0.19791666666666666,0.48511340392864993
augment_valid,372,17,51,816,0.4971604824538258,0.4414107120926661,0.20833333333333334,0.1875,0.5233545297820128
augment_valid,372,18,54,864,0.4903154569579817,0.4303947489898922,0.20833333333333334,0.15625,0.5032253707048171
augment_valid,372,19,57,912,0.48577153388464334,0.42238890053468836,0.1875,0.13541666666666666,0.49190744134408354
augment_valid,372,20,60,960,0.4844158511907366,0.42151282379744076,0.1875,0.125,0.4849511668259425
augment_valid,372,21,63,1008,0.4843045377151703,0.423659553919308,0.1875,0.13541666666666666,0.48869958533813596
augment_valid,372,22,66,1056,0.48431067831281177,0.4232342115400724,0.1875,0.13541666666666666,0.48360673872238075
augment_valid,372,23,69,1104,0.4843117201884651,0.42129361752595723,0.1875,0.13541666666666666,0.48699707163369155
augment_valid,372,24,72,1152,0.48433971789497116,0.42337089583936494,0.20833333333333334,0.13541666666666666,0.49230942352106366
augment_valid,372,25,75,1200,0.48458283872241553,0.42283260452440014,0.1875,0.13541666666666666,0.4787549711427271
augment_valid,372,26,78,1248,0.4861310832549867,0.41994260326753663,0.16666666666666666,0.15625,0.4759427444951145
augment_valid,372,27,81,1296,0.4877991120709708,0.42111292911258147,0.20833333333333334,0.16666666666666666,0.49438070906004095
augment_valid,372,28,84,1344,0.4877562619692497,0.4224692254969808,0.20833333333333334,0.16666666666666666,0.4859459506392585
augment_valid,372,29,87,1392,0.4867011797148703,0.4239378085897467,0.20833333333333334,0.16666666666666666,0.49005837105697864
augment_valid,372,30,90,1440,0.485334456528748,0.4257645652855857,0.20833333333333334,0.16666666666666666,0.4971431396157919
augment_valid,372,31,93,1488,0.48436255117265986,0.4231621008666535,0.20833333333333334,0.13541666666666666,0.4892295867439564
augment_valid,372,32,96,1536,0.484666023058683,0.4257105589964878,0.20833333333333334,0.13541666666666666,0.48880716025185267
augment_valid,372,33,99,1584,0.4854034646269995,0.4253031265879354,0.1875,0.125,0.4866006020431776
augment_valid,372,34,102,1632,0.4861457154825122,0.425323510443749,0.1875,0.13541666666666666,0.4867844690570257
augment_valid,372,35,105,1680,0.48560034730776924,0.424697740046274,0.1875,0.125,0.4907813290443033
augment_valid,372,36,108,1728,0.4851653841809121,0.42296237045711776,0.1875,0.125,0.4852641071838211
augment_valid,372,37,111,1776,0.4854415592551676,0.42099375736555894,0.1875,0.125,0.4918095483004326
augment_valid,372,38,114,1824,0.4854461188748304,0.4243014663351399,0.1875,0.125,0.4810092044371312
augment_valid,372,39,117,1872,0.48529011391290977,0.4257546278341085,0.1875,0.125,0.48829423903619573
augment_valid,372,40,120,1920,0.4856102875217228,0.4257005316488651,0.1875,0.125,0.4825139613287068
augment_valid,372,41,123,1968,0.4861041444421734,0.4257117106893933,0.1875,0.13541666666666666,0.48839218375797494
augment_valid,372,42,126,2016,0.487226134644968,0.4283227636491325,0.20833333333333334,0.14583333333333334,0.4805334813921133
augment_valid,372,43,129,2064,0.487302523172275,0.42792981948630815,0.20833333333333334,0.15625,0.48838509712640565
augment_valid,372,44,132,2112,0.48627950550410576,0.4260585475880782,0.1875,0.13541666666666666,0.4914143557105248
augment_valid,372,45,135,2160,0.48479519243859764,0.4228034093769106,0.1875,0.125,0.49322553755411985
augment_valid,372,46,138,2208,0.48409739916861955,0.4219683099609237,0.1875,0.13541666666666666,0.48470490147309014
augment_valid,372,47,141,2256,0.4841242933554275,0.42370748416713094,0.1875,0.13541666666666666,0.48488300793654515
augment_valid,372,48,144,2304,0.48432489504650594,0.42525054242550325,0.20833333333333334,0.13541666666666666,0.4873635608032915
augment_valid,372,49,147,2352,0.4847038546126294,0.426196418388095,0.20833333333333334,0.13541666666666666,0.4896941386552906
augment_valid,372,50,150,2400,0.48668836624630823,0.4303025260447734,0.1875,0.125,0.4827652923025411
augment_valid,372,51,153,2448,0.4894664388418101,0.4333850977920071,0.20833333333333334,0.1875,0.48168412751394274
augment_valid,372,52,156,2496,0.49140811110370436,0.4364896530383504,0.20833333333333334,0.1875,0.499960029649356
augment_valid,372,53,159,2544,0.49144998238893284,0.4354902386170727,0.20833333333333334,0.17708333333333334,0.48329952785341407
augment_valid,372,54,162,2592,0.49152549278110297,0.4356230632947277,0.20833333333333334,0.17708333333333334,0.48275668329496396
augment_valid,372,55,165,2640,0.48929528656043786,0.4314552038345673,0.20833333333333334,0.1875,0.49608779188755653
augment_valid,372,56,168,2688,0.4874968072778594,0.42659131055764826,0.20833333333333334,0.16666666666666666,0.4866259146103384
augment_valid,372,57,171,2736,0.4856694961967955,0.4248728412198452,0.1875,0.13541666666666666,0.49389452821068286
augment_valid,372,58,174,2784,0.484376933701072,0.42217671674037804,0.1875,0.125,0.4894985062766763
augment_valid,372,59,177,2832,0.4842191824723036,0.4189313176938913,0.1875,0.125,0.48686431462345814
augment_valid,372,60,180,2880,0.4840264321327819,0.4186550138468527,0.1875,0.13541666666666666,0.48484481923546063
augment_valid,372,61,183,2928,0.4840323557549256,0.4185616092394124,0.1875,0.13541666666666666,0.4845081069219057
augment_valid,372,62,186,2976,0.4839057530855486,0.42146515687112635,0.1875,0.13541666666666666,0.49044468802735613
augment_valid,372,63,189,3024,0.4840594504922883,0.42171256007128405,0.16666666666666666,0.13541666666666666,0.4784746672993197
augment_valid,372,64,192,3072,0.4841310806937689,0.4214903821614133,0.16666666666666666,0.13541666666666666,0.4878023778543043
augment_valid,372,65,195,3120,0.48432133670880617,0.42135890168140494,0.16666666666666666,0.14583333333333334,0.4815764718149489
augment_valid,372,66,198,3168,0.48430225231994234,0.42168241058696426,0.16666666666666666,0.14583333333333334,0.4909791462623985
augment_valid,372,67,201,3216,0.48405931315966794,0.4221013492890357,0.16666666666666666,0.13541666666666666,0.4911320052018448
augment_valid,372,68,204,3264,0.48397361909596043,0.4197758696226126,0.1875,0.13541666666666666,0.4862013061926536
augment_valid,372,69,207,3312,0.4839402946454845,0.4205975705862852,0.1875,0.13541666666666666,0.48257839226817995
augment_valid,372,70,210,3360,0.4843460135000315,0.417467734468789,0.1875,0.13541666666666666,0.48822541766815175
augment_valid,372,71,213,3408,0.48425203015665663,0.4177872300622652,0.1875,0.13541666666666666,0.48902815996745774
augment_valid,372,72,216,3456,0.4840957828223243,0.4218606861500001,0.1875,0.125,0.487114323364604
augment_valid,372,73,219,3504,0.48464717409469205,0.4256716884605721,0.20833333333333334,0.13541666666666666,0.48633640375267145
augment_valid,372,74,222,3552,0.48546417577929457,0.427181842640523,0.1875,0.125,0.48373772142389715
augment_valid,372,75,225,3600,0.4864137025391638,0.42930545635402995,0.1875,0.125,0.4873255621686514
augment_valid,372,76,228,3648,0.48776764272349765,0.4302184655876909,0.1875,0.15625,0.47023706478578475
augment_valid,372,77,231,3696,0.4871727128075283,0.42911794065742037,0.1875,0.13541666666666666,0.5187934125314282
augment_valid,372,78,234,3744,0.48581009690375626,0.4256830453399035,0.1875,0.125,0.48625582360503755
augment_valid,372,79,237,3792,0.4850128173031673,0.4245691685534665,0.1875,0.125,0.4822822786051262
augment_valid,372,80,240,3840,0.4856515954681375,0.4265804172351421,0.1875,0.125,0.48197515829676724
augment_valid,372,81,243,3888,0.4854795772490326,0.42538887886437954,0.1875,0.125,0.48627188702687024
augment_valid,372,82,246,3936,0.485743828669533,0.4259306537725731,0.1875,0.125,0.4826945270767668
augment_valid,372,83,249,3984,0.48584124433073644,0.42403640679261834,0.1875,0.125,0.48674874882206587
augment_valid,372,84,252,4032,0.4863341632258007,0.4240862180227307,0.1875,0.13541666666666666,0.47694869137311113
augment_valid,372,85,255,4080,0.48820679677242457,0.4286470003758465,0.20833333333333334,0.16666666666666666,0.4777161431599038
augment_valid,372,86,258,4128,0.49005371853404983,0.43171183907696276,0.20833333333333334,0.17708333333333334,0.48693244379633915
augment_valid,372,87,261,4176,0.4894017663241861,0.43202879658183074,0.20833333333333334,0.17708333333333334,0.5004007971148718
augment_valid,372,88,264,4224,0.4887229760726523,0.4326925560998333,0.1875,0.16666666666666666,0.4838321172299079
augment_valid,372,89,267,4272,0.4873592795401496,0.4311094650926172,0.20833333333333334,0.14583333333333334,0.4939591753840964
augment_valid,372,90,270,4320,0.48697444853309885,0.43069279288483814,0.20833333333333334,0.125,0.47016299464325345
augment_valid,372,91,273,4368,0.48637059643004027,0.42848440855125064,0.1875,0.125,0.48310603620086995
augment_valid,372,92,276,4416,0.4858265510051596,0.42647393005327233,0.1875,0.125,0.48599352169484294
augment_valid,372,93,279,4464,0.4858908514545763,0.4265628275722526,0.1875,0.125,0.4805034232695033
augment_valid,372,94,282,4512,0.48563825093879326,0.42441189563660275,0.1875,0.125,0.48568355951813613
augment_valid,372,95,285,4560,0.4851115864545084,0.4225022523915322,0.1875,0.125,0.49599719049820035
augment_valid,372,96,288,4608,0.48471283925327596,0.4228202725796774,0.1875,0.125,0.4888104641566973
augment_valid,372,97,291,4656,0.4842237824678816,0.4226304643669863,0.1875,0.125,0.4868778433941525
augment_valid,372,98,294,4704,0.4845469761118202,0.4213311311057595,0.1875,0.125,0.4837118181528474
augment_valid,372,99,297,4752,0.48502071613379033,0.42295478986236223,0.1875,0.125,0.48753745340890503
augment_valid,372,100,300,4800,0.4848568747139932,0.422317715502785,0.1875,0.125,0.490828230221339
augment_valid,372,101,303,4848,0.4841819311593694,0.4223344482244615,0.1875,0.125,0.49183736177737947
augment_valid,372,102,306,4896,0.48389937901554797,0.42147872796886166,0.1875,0.13541666666666666,0.48570083980084205
augment_valid,372,103,309,4944,0.48542049693066397,0.4207979750427842,0.1875,0.16666666666666666,0.47693291377735747
augment_valid,372,104,312,4992,0.488917203810005,0.4273275436775874,0.20833333333333334,0.17708333333333334,0.4696232461957435
augment_valid,372,105,315,5040,0.495124364547294,0.4316267535660854,0.20833333333333334,0.19791666666666666,0.4632861666816062
augment_valid,372,106,318,5088,0.4966977656215656,0.4323941230811236,0.20833333333333334,0.19791666666666666,0.5073170381400732
augment_valid,372,107,321,5136,0.49612745918084117,0.43073391603190886,0.20833333333333334,0.19791666666666666,0.5015140857033548
augment_valid,372,108,324,5184,0.49209932638664494,0.423356124940405,0.1875,0.1875,0.5128231746158568
augment_valid,372,109,327,5232,0.48852661380843526,0.42026743619355317,0.1875,0.17708333333333334,0.4981939923570842
augment_valid,372,110,330,5280,0.4853935628054689,0.42116091862147925,0.1875,0.15625,0.4997941014423395
augment_valid,372,111,333,5328,0.4841080561575793,0.4215887083731615,0.16666666666666666,0.14583333333333334,0.49647650782326574
augment_valid,372,112,336,5376,0.48434744322512824,0.4251367228834327,0.1875,0.13541666666666666,0.48612088278603344
augment_valid,372,113,339,5424,0.4846275303352847,0.4256067610210315,0.1875,0.125,0.485726603581026
augment_valid,372,114,342,5472,0.485801359488877,0.42749279588698225,0.1875,0.125,0.47875180176655974
augment_valid,372,115,345,5520,0.4863288136954955,0.42842364565748525,0.1875,0.125,0.49780393425617514
augment_valid,372,116,348,5568,0.48680052921375166,0.4306027397622389,0.20833333333333334,0.13541666666666666,0.49100678518886104
augment_valid,372,117,351,5616,0.4868559150858022,0.4293064449609192,0.1875,0.14583333333333334,0.4792500678091213
augment_valid,372,118,354,5664,0.48707921992236686,0.42868701841665685,0.1875,0.14583333333333334,0.4789980695788563
augment_valid,372,119,357,5712,0.4878938506739769,0.4290666415578593,0.1875,0.16666666666666666,0.4695201636749409
augment_valid,372,120,360,5760,0.4893486322512915,0.4297002463502116,0.20833333333333334,0.1875,0.48631098447166426
augment_valid,372,121,363,5808,0.4897253914794511,0.4293072869518873,0.20833333333333334,0.17708333333333334,0.4840196713330502
augment_valid,372,122,366,5856,0.4905497621426645,0.430375269558296,0.20833333333333334,0.17708333333333334,0.4914528860650034
augment_valid,372,123,369,5904,0.48942750179643574,0.4283374651019676,0.20833333333333334,0.17708333333333334,0.49203857664110084
augment_valid,372,124,372,5952,0.48827618278305823,0.42708178176607237,0.20833333333333334,0.16666666666666666,0.4897666527630878
augment_valid,372,125,375,6000,0.48661815207672077,0.42733320749247605,0.1875,0.13541666666666666,0.49965292769332087
augment_valid,372,126,378,6048,0.4860679557121415,0.4265726095479401,0.1875,0.125,0.47326052210658226
augment_valid,372,127,381,6096,0.4859938864310014,0.42634790678392065,0.1875,0.125,0.48484397389467376
augment_valid,372,128,384,6144,0.4857065745459776,0.4256624815956962,0.1875,0.125,0.484147763228355
augment_valid,372,129,387,6192,0.48528297231011663,0.4234290673214412,0.1875,0.125,0.4820636860502249
augment_valid,372,130,390,6240,0.48536257417783446,0.4244253834868001,0.1875,0.125,0.4831250245469591
augment_valid,372,131,393,6288,0.48483045294440674,0.42251495892913565,0.1875,0.125,0.492855180389439
augment_valid,372,132,396,6336,0.4847529730036452,0.4212023941498863,0.1875,0.125,0.4789623793348685
augment_valid,372,133,399,6384,0.48470956882256594,0.41969790123399275,0.1875,0.125,0.4930008463077645
augment_valid,372,134,402,6432,0.48385206358604477,0.41954373890801855,0.1875,0.125,0.4901283039437954
augment_valid,372,135,405,6480,0.4838164178565407,0.4175246862760013,0.1875,0.13541666666666666,0.4881354670475762
augment_valid,372,136,408,6528,0.48377051641546037,0.4177083434726409,0.1875,0.125,0.4833188991361232
augment_valid,372,137,411,6576,0.4837130740732538,0.4186763212444577,0.1875,0.125,0.48547078903323654
augment_valid,372,138,414,6624,0.4839555246687482,0.4227145666318585,0.1875,0.13541666666666666,0.4870968991698987
augment_valid,372,139,417,6672,0.4840708568693963,0.4231463580726001,0.1875,0.125,0.4858208711802445
augment_valid,372,140,420,6720,0.4843875761807545,0.42473829282360026,0.20833333333333334,0.125,0.48537089942608763
augment_valid,372,141,423,6768,0.48446754628172833,0.4252241508204457,0.20833333333333334,0.125,0.48722308547122345
augment_valid,372,142,426,6816,0.4846665051932105,0.42561682949841,0.1875,0.125,0.48620458925097587
augment_valid,372,143,429,6864,0.4843201843485115,0.42256191898572576,0.1875,0.125,0.48446340040489755
augment_valid,372,144,432,6912,0.48435390281257745,0.42076607041508435,0.1875,0.125,0.48331740046071664
augment_valid,372,145,435,6960,0.4841808184066196,0.42034951106615076,0.1875,0.125,0.4870554015602288
augment_valid,372,146,438,7008,0.4844535357930546,0.4177499287823269,0.1875,0.125,0.48535620906342913
augment_valid,372,147,441,7056,0.4847659528870915,0.41684965104010424,0.1875,0.125,0.4848467931026132
augment_valid,372,148,444,7104,0.4844013607930376,0.41723725418878305,0.1875,0.125,0.48836678757791385
augment_valid,372,149,447,7152,0.484010862125505,0.4185354012541902,0.1875,0.125,0.48461692007052176
augment_valid,372,150,450,7200,0.483911831442747,0.4179438220334877,0.1875,0.125,0.4851428679454053
augment_valid,372,151,453,7248,0.4835962374700782,0.4206388325948393,0.1875,0.13541666666666666,0.4842547590617616
augment_valid,372,152,456,7296,0.4836214929417948,0.42224139155964835,0.1875,0.13541666666666666,0.4856223518221379
augment_valid,372,153,459,7344,0.48370357181826545,0.42311566528582345,0.20833333333333334,0.13541666666666666,0.48199105387178337
augment_valid,372,154,462,7392,0.48394891637853926,0.42185114851064265,0.1875,0.14583333333333334,0.4772110064261003
augment_valid,372,155,465,7440,0.48456763737173053,0.4186808103834467,0.16666666666666666,0.15625,0.49810547906934605
augment_valid,372,156,468,7488,0.4847103468473319,0.41910866863265106,0.16666666666666666,0.15625,0.47853501155751205
augment_valid,372,157,471,7536,0.4845588508719476,0.42102122002356696,0.16666666666666666,0.15625,0.4947611016610513
augment_valid,372,158,474,7584,0.4847493607844684,0.4174988482931494,0.16666666666666666,0.15625,0.48461686155150535
augment_valid,372,159,477,7632,0.4846906945616279,0.41540902524831463,0.16666666666666666,0.14583333333333334,0.48053123079262394
augment_valid,372,160,480,7680,0.48546930684196893,0.41302143741044456,0.16666666666666666,0.14583333333333334,0.487905480880267
augment_invalid,370,0,0,0,0.6738115211332999,0.6720940399230374,0.1875,0.19791666666666666,
augment_invalid,370,1,3,48,0.7146218684269879,0.7760595089807324,0.4791666666666667,0.625,0.6753182080803862
augment_invalid,370,2,6,96,0.6534835146320555,0.7510519314840257,0.3541666666666667,0.5520833333333334,0.6761169111284308
augment_invalid,370,3,9,144,0.6105618953466844,0.7108896115487574,0.3333333333333333,0.4583333333333333,0.6342512343358139
augment_invalid,370,4,12,192,0.6018661143600688,0.6995165895008625,0.3333333333333333,0.4479166666666667,0.62205011607556
augment_invalid,370,5,15,240,0.5923824137575912,0.6770180409910411,0.3125,0.4270833333333333,0.6321422245599314
augment_invalid,370,6,18,288,0.5919781875324887,0.6702480186054762,0.3125,0.4166666666666667,0.6406795135265647
augment_invalid,370,7,21,336,0.5940712109952972,0.6647628232354681,0.3541666666666667,0.3854166666666667,0.6342393740013098
augment_invalid,370,8,24,384,0.610758484383829,0.6887790389074224,0.375,0.4479166666666667,0.6297293984263858
augment_invalid,370,9,27,432,0.6209622610652829,0.7025804428051821,0.3333333333333333,0.46875,0.6247867833960317
augment_invalid,370,10,30,480,0.617216047086417,0.7002116229992077,0.3333333333333333,0.46875,0.6242686132799696
augment_invalid,370,11,33,528,0.6138905883835714,0.6931350963233821,0.3333333333333333,0.4791666666666667,0.6254540482107435
augment_invalid,370,12,36,576,0.6002701741288157,0.6711280846610262,0.3125,0.4375,0.6155268930690431
augment_invalid,370,13,39,624,0.5884502873200061,0.6526023572172884,0.3125,0.40625,0.6248796554333331
augment_invalid,370,14,42,672,0.5776776935842913,0.6359176901748113,0.3333333333333333,0.3854166666666667,0.6101095485955154
augment_invalid,370,15,45,720,0.5717400093732162,0.6226153852986265,0.3125,0.34375,0.6279760840869226
augment_invalid,370,16,48,768,0.578632238656179,0.6387037738265645,0.3125,0.375,0.6531441707070084
augment_invalid,370,17,51,816,0.5897180170666679,0.6603757228439721,0.3125,0.4166666666666667,0.6400560946540029
augment_invalid,370,18,54,864,0.6095590297756069,0.7023075374222891,0.3333333333333333,0.4791666666666667,0.633382884898502
augment_invalid,370,19,57,912,0.6348674269917652,0.7430088661160902,0.3333333333333333,0.5208333333333334,0.6272781796785565
augment_invalid,370,20,60,960,0.6642797420048843,0.7876158219328762,0.3541666666666667,0.5625,0.6259696242819369
augment_invalid,370,21,63,1008,0.6807795198293723,0.8163937554929913,0.375,0.5625,0.6216948612536415
augment_invalid,370,22,66,1056,0.6966011621263667,0.8513911527170578,0.375,0.5729166666666666,0.6271384409821275
augment_invalid,370,23,69,1104,0.6890098657743361,0.8379796972640371,0.375,0.5625,0.6547311614022236
augment_invalid,370,24,72,1152,0.6787990995459877,0.8149569879289745,0.375,0.5625,0.6212465738037392
augment_invalid,370,25,75,1200,0.6684078150279203,0.791946768859573,0.375,0.5625,0.6266481835690682
augment_invalid,370,26,78,1248,0.6498511455258621,0.7590840060930019,0.3541666666666667,0.5729166666666666,0.6348444889389855
augment_invalid,370,27,81,1296,0.6360532837883818,0.7347622986476865,0.3333333333333333,0.5208333333333334,0.6259395647212451
augment_invalid,370,28,84,1344,0.625489123553001,0.7161606038578756,0.3333333333333333,0.5,0.6276392759950254
augment_invalid,370,29,87,1392,0.616060781319593,0.7037108925283948,0.3333333333333333,0.4791666666666667,0.6249385811266851
augment_invalid,370,30,90,1440,0.6082847053372834,0.691679417742881,0.3333333333333333,0.4583333333333333,0.6223264955945244
augment_invalid,370,31,93,1488,0.6056876400683621,0.6888674065278803,0.3333333333333333,0.46875,0.6241635583390927
augment_invalid,370,32,96,1536,0.60404056751399,0.6846036302484758,0.3125,0.46875,0.6226107687651625
augment_invalid,370,33,99,1584,0.6067453698301629,0.6886315163391569,0.3333333333333333,0.46875,0.6306092003061257
augment_invalid,370,34,102,1632,0.6132093180101522,0.6990244920851659,0.3333333333333333,0.4791666666666667,0.6301300256491725
augment_invalid,370,35,105,1680,0.6253113691519389,0.7264155907714974,0.3541666666666667,0.4895833333333333,0.6284822756908127
augment_invalid,370,36,108,1728,0.6347221391917884,0.7422045116850361,0.3541666666666667,0.5208333333333334,0.6200393708716018
augment_invalid,370,37,111,1776,0.6445832194206073,0.7651047039233249,0.3541666666666667,0.53125,0.6237671853557786
augment_invalid,370,38,114,1824,0.6522728048404424,0.7707438605818228,0.3541666666666667,0.5729166666666666,0.6203166186231431
augment_invalid,370,39,117,1872,0.6593875860772674,0.7839107553249501,0.3541666666666667,0.5729166666666666,0.6201032319896705
augment_invalid,370,40,120,1920,0.6694839486356997,0.8001869885224858,0.375,0.5625,0.6110243173708042
augment_invalid,370,41,123,1968,0.6847117657561349,0.8256693463079129,0.375,0.5729166666666666,0.6058328422474776
augment_invalid,370,42,126,2016,0.7006763245009596,0.851559993108518,0.3958333333333333,0.5729166666666666,0.5928432888888626
augment_invalid,370,43,129,2064,0.707529809163566,0.8641117465062788,0.3958333333333333,0.5729166666666666,0.6373902552849173
augment_invalid,370,44,132,2112,0.6987478717284276,0.8432976211420994,0.3958333333333333,0.5729166666666666,0.6472220667753477
augment_invalid,370,45,135,2160,0.6875489881681296,0.8253917396395751,0.375,0.5729166666666666,0.6189151143760271
augment_invalid,370,46,138,2208,0.6803273871012525,0.8174870467153297,0.375,0.5625,0.6216213859670103
augment_invalid,370,47,141,2256,0.6718533093418383,0.800255608279798,0.375,0.5625,0.6330823334540353
augment_invalid,370,48,144,2304,0.6621922242425952,0.7793692901133218,0.3541666666666667,0.5625,0.6246803791037251
augment_invalid,370,49,147,2352,0.6501809098097513,0.7530144757671519,0.3333333333333333,0.53125,0.6408704695822074
augment_invalid,370,50,150,2400,0.6408043110278058,0.7344516695444296,0.3333333333333333,0.5208333333333334,0.6234997907615409
augment_invalid,370,51,153,2448,0.6316937134987827,0.7217723758210504,0.3333333333333333,0.5104166666666666,0.6269686003305223
augment_invalid,370,52,156,2496,0.6227665348703806,0.7117871829243961,0.3333333333333333,0.5,0.6270648258292467
augment_invalid,370,53,159,2544,0.6170408374516242,0.7004730925091599,0.3333333333333333,0.4583333333333333,0.6224982747145106
augment_invalid,370,54,162,2592,0.6122421892581156,0.6983949956296257,0.3333333333333333,0.46875,0.6224910482690976
augment_invalid,370,55,165,2640,0.6101177322906723,0.6996139121004353,0.3333333333333333,0.46875,0.625068016367668
augment_invalid,370,56,168,2688,0.607065073884169,0.6974166693655676,0.3333333333333333,0.46875,0.6205118293644772
augment_invalid,370,57,171,2736,0.6071248113657655,0.6997463663398379,0.3333333333333333,0.46875,0.6304409951079623
augment_invalid,370,58,174,2784,0.6084782513825568,0.701474916233295,0.3333333333333333,0.46875,0.6241719112920942
augment_invalid,370,59,177,2832,0.608632308613578,0.6988686529285107,0.3333333333333333,0.4791666666666667,0.6180696074592191
augment_invalid,370,60,180,2880,0.6074861295311849,0.6934408884491559,0.3333333333333333,0.46875,0.6219469372827894
augment_invalid,370,61,183,2928,0.6084367457659677,0.6919412556714839,0.3333333333333333,0.4791666666666667,0.6264099261627689
augment_invalid,370,62,186,2976,0.6108146981288538,0.6906323529367892,0.3333333333333333,0.4583333333333333,0.6307796107965826
augment_invalid,370,63,189,3024,0.6160546587221503,0.7009172852364319,0.3333333333333333,0.46875,0.6251810240795568
augment_invalid,370,64,192,3072,0.6175906500349565,0.7037492318095478,0.3333333333333333,0.5,0.6225104430741858
augment_invalid,370,65,195,3120,0.6189782680626896,0.7139261680166253,0.3541666666666667,0.5,0.6259056028378042
augment_invalid,370,66,198,3168,0.6133011840957138,0.7024210526977779,0.3333333333333333,0.4895833333333333,0.6181444097406689
augment_invalid,370,67,201,3216,0.6055942534112199,0.6880746375227567,0.3333333333333333,0.4375,0.6142550405117121
augment_invalid,370,68,204,3264,0.6006208158114018,0.6792333059496741,0.3541666666666667,0.4375,0.6291476697809243
augment_invalid,370,69,207,3312,0.595983137360505,0.6682193581969719,0.3333333333333333,0.4166666666666667,0.6162905157301477
augment_invalid,370,70,210,3360,0.5949875163524821,0.666843484264362,0.3333333333333333,0.40625,0.6363281743400481
augment_invalid,370,71,213,3408,0.59683118175413,0.671273320314142,0.3125,0.4166666666666667,0.6242102930281591
augment_invalid,370,72,216,3456,0.6002923246316593,0.6798787302876589,0.3333333333333333,0.4375,0.630569720395114
augment_invalid,370,73,219,3504,0.6000100129479947,0.6780865318515316,0.3333333333333333,0.4375,0.6031753707002464
augment_invalid,370,74,222,3552,0.5976908726764217,0.6735311010623657,0.3333333333333333,0.4375,0.621987579634887
augment_invalid,370,75,225,3600,0.596604578387926,0.6708017219049337,0.3333333333333333,0.4375,0.6228783911610876
augment_invalid,370,76,228,3648,0.5950061681646632,0.6692711788600492,0.3333333333333333,0.4270833333333333,0.6161783825886383
augment_invalid,370,77,231,3696,0.5922447688448896,0.6646002228693928,0.3125,0.4166666666666667,0.6215980762252754
augment_invalid,370,78,234,3744,0.5939593877183137,0.6638598295536959,0.3333333333333333,0.4166666666666667,0.6332651387318409
augment_invalid,370,79,237,3792,0.5985420502261712,0.6743784278199495,0.3333333333333333,0.4375,0.6384507584702687
augment_invalid,370,80,240,3840,0.602116122313193,0.6807865243829526,0.3125,0.4479166666666667,0.6210147527004787
augment_invalid,370,81,243,3888,0.6024997366446077,0.6819764737415062,0.3333333333333333,0.4479166666666667,0.6143070819657971
augment_invalid,370,82,246,3936,0.6005523283630918,0.6741145782933867,0.3333333333333333,0.4270833333333333,0.6133714571286369
augment_invalid,370,83,249,3984,0.5981831740131657,0.6690785602888907,0.3125,0.4270833333333333,0.623217359086202
augment_invalid,370,84,252,4032,0.5943096053329424,0.6643081455489652,0.3125,0.4166666666666667,0.6058146034843324
augment_invalid,370,85,255,4080,0.5931736809457536,0.6631287134201747,0.3125,0.4166666666666667,0.6401830413558957
augment_invalid,370,86,258,4128,0.5967797821335196,0.6756580917418852,0.3333333333333333,0.4270833333333333,0.6372043733010919
augment_invalid,370,87,261,4176,0.6002511696490036,0.6853765391165597,0.3125,0.4479166666666667,0.6193315633598623
augment_invalid,370,88,264,4224,0.603536008056977,0.6887579628530885,0.3125,0.46875,0.6254948601826001
augment_invalid,370,89,267,4272,0.608878019486477,0.6961286622030775,0.3333333333333333,0.4791666666666667,0.6356062531470872
augment_invalid,370,90,270,4320,0.6152318715675696,0.7042827039100334,0.3333333333333333,0.4791666666666667,0.6273414244526955
augment_invalid,370,91,273,4368,0.620886049523254,0.7115175814094998,0.3333333333333333,0.5,0.6216371886081933
augment_invalid,370,92,276,4416,0.6268027316538198,0.7214459409077233,0.3333333333333333,0.5,0.6226678748480298
augment_invalid,370,93,279,4464,0.6349417444152916,0.7368467203888285,0.3333333333333333,0.5208333333333334,0.6220012937625117
augment_invalid,370,94,282,4512,0.6393628512030536,0.7484058171451586,0.3333333333333333,0.5208333333333334,0.6306506601641061
augment_invalid,370,95,285,4560,0.6386280827062385,0.7511437621082218,0.3333333333333333,0.5208333333333334,0.6284806839610315
augment_invalid,370,96,288,4608,0.6344219796172691,0.7414107068603727,0.3541666666666667,0.5208333333333334,0.6331792784739406
augment_invalid,370,97,291,4656,0.6308927497254877,0.7321177677116376,0.3333333333333333,0.5,0.6213100299957045
augment_invalid,370,98,294,4704,0.6276243944065377,0.7229826825180748,0.3333333333333333,0.5,0.6236628022540992
augment_invalid,370,99,297,4752,0.6254992116134627,0.7218369163214827,0.3333333333333333,0.5,0.6238133352922269
augment_invalid,370,100,300,4800,0.6242027047980521,0.7209556241867604,0.3333333333333333,0.4895833333333333,0.6224642536853847
augment_invalid,370,101,303,4848,0.6255221039525041,0.726636688397611,0.3333333333333333,0.4895833333333333,0.622199934999584
augment_invalid,370,102,306,4896,0.6288937027493074,0.7348601237598364,0.3541666666666667,0.5,0.622260479048501
augment_invalid,370,103,309,4944,0.6299733159465774,0.7346550660966321,0.3541666666666667,0.5,0.6243651606715998
augment_invalid,370,104,312,4992,0.6298749742540347,0.7337947000001992,0.3541666666666667,0.5,0.6244371301338946
augment_invalid,370,105,315,5040,0.6286131096822182,0.7275032141740948,0.3333333333333333,0.5,0.6254658782060707
augment_invalid,370,106,318,5088,0.6300135373589578,0.731370482224766,0.3333333333333333,0.5,0.6175703866320486
augment_invalid,370,107,321,5136,0.630423335006684,0.7326792062685428,0.3333333333333333,0.5,0.6266949214675405
augment_invalid,370,108,324,5184,0.6300190735304587,0.7385326558076898,0.3333333333333333,0.5104166666666666,0.6261587554779892
augment_invalid,370,109,327,5232,0.6274218686778071,0.7347461178793692,0.3333333333333333,0.5,0.6244041557571052
augment_invalid,370,110,330,5280,0.6254985858343866,0.7271597526587884,0.3333333333333333,0.4895833333333333,0.6226277034840143
augment_invalid,370,111,333,5328,0.6218956417476437,0.7179391739837758,0.3333333333333333,0.5,0.6246786006875753
augment_invalid,370,112,336,5376,0.6194496382848996,0.7164320657797628,0.3333333333333333,0.5,0.6244309861592895
augment_invalid,370,113,339,5424,0.6173004204177998,0.710877413537169,0.3333333333333333,0.4895833333333333,0.6220628085907745
augment_invalid,370,114,342,5472,0.6167044720643906,0.7040330373060589,0.3333333333333333,0.46875,0.6262805209419425
augment_invalid,370,115,345,5520,0.615652931655862,0.7033030047872114,0.3333333333333333,0.46875,0.6228533369731527
augment_invalid,370,116,348,5568,0.616222652946738,0.7039153124045526,0.3333333333333333,0.4583333333333333,0.625054148161596
augment_invalid,370,117,351,5616,0.6149749352317018,0.7032362039174344,0.3333333333333333,0.4895833333333333,0.6202036450043379
augment_invalid,370,118,354,5664,0.6147168691755218,0.708916402985888,0.3541666666666667,0.4895833333333333,0.6266617511584576
augment_invalid,370,119,357,5712,0.6135147395757595,0.7070544050643995,0.3541666666666667,0.4895833333333333,0.6198515521552582
augment_invalid,370,120,360,5760,0.6104226233766205,0.6992963528357654,0.3333333333333333,0.46875,0.6207037525081772
augment_invalid,370,121,363,5808,0.6105537828435356,0.6946972663096043,0.3333333333333333,0.4583333333333333,0.632222131599155
augment_invalid,370,122,366,5856,0.6124226506386233,0.7063197722305296,0.3333333333333333,0.4791666666666667,0.6304837756482758
augment_invalid,370,123,369,5904,0.613997968520694,0.7095260521059027,0.3333333333333333,0.4895833333333333,0.6220160805941561
augment_invalid,370,124,372,5952,0.6127408974089259,0.7066852707174283,0.3333333333333333,0.4791666666666667,0.6174171456806179
augment_invalid,370,125,375,6000,0.6136319763358298,0.7053742360409344,0.3333333333333333,0.4895833333333333,0.6305408517909513
augment_invalid,370,126,378,6048,0.6157805857099395,0.7086941443159587,0.3333333333333333,0.5,0.6211353989187476
augment_invalid,370,127,381,6096,0.6160449121127977,0.7074386680379546,0.3333333333333333,0.5,0.6221218581413476
augment_invalid,370,128,384,6144,0.6179859630339943,0.7101721890477305,0.3333333333333333,0.4895833333333333,0.6245729407476647
augment_invalid,370,129,387,6192,0.6194603470599275,0.7115952045511674,0.3333333333333333,0.5,0.6216673812190345
augment_invalid,370,130,390,6240,0.6201123414253306,0.7128348329850677,0.3333333333333333,0.4895833333333333,0.6229564538073263
augment_invalid,370,131,393,6288,0.6192196631853232,0.7112962606044225,0.3333333333333333,0.4895833333333333,0.6212353639637969
augment_invalid,370,132,396,6336,0.6158925415060472,0.7079418950587991,0.3333333333333333,0.46875,0.619927719006946
augment_invalid,370,133,399,6384,0.611835609475991,0.7024665194811991,0.3333333333333333,0.46875,0.6234917314218636
augment_invalid,370,134,402,6432,0.609298672151211,0.699335573975094,0.3333333333333333,0.4791666666666667,0.623580515159039
augment_invalid,370,135,405,6480,0.6093270565557455,0.6941311928853939,0.3333333333333333,0.4479166666666667,0.6285599877243696
augment_invalid,370,136,408,6528,0.6114479533330309,0.6928182827059229,0.3333333333333333,0.4583333333333333,0.6289759255629067
augment_invalid,370,137,411,6576,0.6134155241034647,0.6996275413239412,0.3333333333333333,0.4583333333333333,0.6240857640708279
augment_invalid,370,138,414,6624,0.6141150127411398,0.7043253681190107,0.3333333333333333,0.4791666666666667,0.62303210891978
augment_invalid,370,139,417,6672,0.6149709435151027,0.7065084503070782,0.3333333333333333,0.4895833333333333,0.6221968419176204
augment_invalid,370,140,420,6720,0.6172107270404545,0.7083201764204464,0.3333333333333333,0.4895833333333333,0.624035105562954
augment_invalid,370,141,423,6768,0.6175749649998542,0.7125360304398147,0.3333333333333333,0.5,0.6220807484558072
augment_invalid,370,142,426,6816,0.6174248675083484,0.7136207820825824,0.3333333333333333,0.5,0.6227291984105635
augment_invalid,370,143,429,6864,0.6209014464955406,0.7220478038650757,0.3541666666666667,0.5,0.6248839704409429
augment_invalid,370,144,432,6912,0.6251132093112504,0.7305826162397081,0.3333333333333333,0.4895833333333333,0.6241398834383666
augment_invalid,370,145,435,6960,0.6271515544710035,0.7315136606537975,0.3333333333333333,0.5,0.6244690474908531
augment_invalid,370,146,438,7008,0.6294604257514115,0.7332796819872641,0.3333333333333333,0.5,0.6205962148107188
augment_invalid,370,147,441,7056,0.6332497664705948,0.7402884820293494,0.3333333333333333,0.5,0.6233203580628162
augment_invalid,370,148,444,7104,0.6314381669774708,0.731829937762314,0.3333333333333333,0.4895833333333333,0.6331340691715189
augment_invalid,370,149,447,7152,0.6256882185343552,0.7234364300780941,0.3333333333333333,0.5,0.6253373442405209
augment_invalid,370,150,450,7200,0.6241492944076759,0.7196630374147209,0.3333333333333333,0.5,0.6217997170713182
augment_invalid,370,151,453,7248,0.623878083898798,0.7191107667928279,0.3333333333333333,0.5,0.622871933347975
augment_invalid,370,152,456,7296,0.6208503576693549,0.715453354556017,0.3333333333333333,0.5,0.624067865429855
augment_invalid,370,153,459,7344,0.6173805515703842,0.71538922061066,0.3541666666666667,0.5,0.6242629149432894
augment_invalid,370,154,462,7392,0.6144387833770645,0.7087050721414695,0.3333333333333333,0.4895833333333333,0.6232875981365041
augment_invalid,370,155,465,7440,0.6130173334249129,0.7046977591764517,0.3333333333333333,0.4791666666666667,0.6241415276890807
augment_invalid,370,156,468,7488,0.6133584036014585,0.7028914763568986,0.3333333333333333,0.4895833333333333,0.62636422322536
augment_invalid,370,157,471,7536,0.614551830596313,0.7041174768625286,0.3333333333333333,0.4791666666666667,0.6245338926564146
augment_invalid,370,158,474,7584,0.616244948465056,0.7056010909163705,0.3333333333333333,0.4791666666666667,0.6225993787896354
augment_invalid,370,159,477,7632,0.6166353579278259,0.7115842406283983,0.3333333333333333,0.4895833333333333,0.6241192480770841
augment_invalid,370,160,480,7680,0.6175777906533836,0.7106398299759773,0.3333333333333333,0.46875,0.6223176944750539
augment_invalid,371,0,0,0,0.6843186798445471,0.71151935509447,0.4583333333333333,0.5833333333333334,
augment_invalid,371,1,3,48,0.7182547287331199,0.8787501642856488,0.4166666666666667,0.59375,0.6455259943931143
augment_invalid,371,2,6,96,0.6324165393177138,0.7696075401690714,0.3333333333333333,0.5,0.6742478033162982
augment_invalid,371,3,9,144,0.6023707588216869,0.6878754848669203,0.3125,0.4583333333333333,0.6363877422180862
augment_invalid,371,4,12,192,0.5773258013860302,0.6267363437823997,0.3125,0.3333333333333333,0.6143508893500599
augment_invalid,371,5,15,240,0.5651505511233558,0.593257289498834,0.2916666666666667,0.3125,0.6351986309099289
augment_invalid,371,6,18,288,0.5742240321570841,0.6163361753931363,0.2916666666666667,0.34375,0.6358562436108238
augment_invalid,371,7,21,336,0.596798287016873,0.6664934880499026,0.3541666666666667,0.40625,0.643606342175105
augment_invalid,371,8,24,384,0.6102104512699802,0.6949464393566096,0.3333333333333333,0.4479166666666667,0.6187485264528741
augment_invalid,371,9,27,432,0.6248098143409991,0.722614796903667,0.3333333333333333,0.5,0.6273296235001592
augment_invalid,371,10,30,480,0.6202677025297711,0.7240206094343226,0.3541666666666667,0.5,0.6257507043407644
augment_invalid,371,11,33,528,0.6012559848612357,0.6881619184982674,0.3333333333333333,0.4479166666666667,0.62216174703765
augment_invalid,371,12,36,576,0.599368220392767,0.6790680454795958,0.3333333333333333,0.4479166666666667,0.6329107150935077
augment_invalid,371,13,39,624,0.6007782880644105,0.678552651657999,0.3333333333333333,0.4479166666666667,0.6260292922372167
augment_invalid,371,14,42,672,0.6076164598193289,0.6928047290412588,0.3333333333333333,0.4479166666666667,0.6261138351629346
augment_invalid,371,15,45,720,0.6129699529549871,0.7027409611758628,0.3541666666666667,0.46875,0.6242147574451468
augment_invalid,371,16,48,768,0.6239530576780676,0.7134373818880482,0.3333333333333333,0.4895833333333333,0.6258741777366625
augment_invalid,371,17,51,816,0.6117968832495065,0.6973067255533141,0.3333333333333333,0.4791666666666667,0.6244358802290836
augment_invalid,371,18,54,864,0.5870512571709089,0.6532070550273392,0.3125,0.4166666666666667,0.607494743235082
augment_invalid,371,19,57,912,0.5761933806271812,0.6327594498375017,0.3333333333333333,0.3645833333333333,0.6453456258275204
augment_invalid,371,20,60,960,0.577202278891075,0.6332732305752751,0.3333333333333333,0.3645833333333333,0.6191162040725873
augment_invalid,371,21,63,1008,0.5809547737423918,0.6342664698723037,0.3125,0.34375,0.6364306769616896
augment_invalid,371,22,66,1056,0.602484314726444,0.6711505659318938,0.3541666666666667,0.4270833333333333,0.6473827862297102
augment_invalid,371,23,69,1104,0.6240017303130695,0.7082719998109264,0.3333333333333333,0.4791666666666667,0.6241755813334654
augment_invalid,371,24,72,1152,0.6512446325855324,0.7587013092557152,0.3541666666666667,0.5729166666666666,0.6199842296777028
augment_invalid,371,25,75,1200,0.6634738632321392,0.7873683553022265,0.3541666666666667,0.5729166666666666,0.6414031096281597
augment_invalid,371,26,78,1248,0.6783402905368785,0.8204758731828958,0.375,0.5625,0.6031406033018829
augment_invalid,371,27,81,1296,0.681921260016313,0.8210657279743464,0.375,0.5625,0.6412370907698665
augment_invalid,371,28,84,1344,0.6611413470520519,0.7967142597397449,0.3541666666666667,0.5729166666666666,0.6459453448153175
augment_invalid,371,29,87,1392,0.6413801394072061,0.7599356479726683,0.3541666666666667,0.53125,0.6276919504496146
augment_invalid,371,30,90,1440,0.6295480382849847,0.7366730153317443,0.3541666666666667,0.5,0.6190674024426154
augment_invalid,371,31,93,1488,0.6229091321115994,0.7202282566788333,0.3541666666666667,0.4895833333333333,0.6240153564496332
augment_invalid,371,32,96,1536,0.6136603292215136,0.7040071890494605,0.3333333333333333,0.4895833333333333,0.625934394586466
augment_invalid,371,33,99,1584,0.604437261396242,0.6869930122432404,0.3333333333333333,0.4583333333333333,0.6180459715375127
augment_invalid,371,34,102,1632,0.5963308986615975,0.6690383001769891,0.3333333333333333,0.4375,0.6219895314499823
augment_invalid,371,35,105,1680,0.5894793806779633,0.6538326991468429,0.3125,0.4166666666666667,0.6224931212037842
augment_invalid,371,36,108,1728,0.5864136135457386,0.6481009583893402,0.3333333333333333,0.4166666666666667,0.6156479149937523
augment_invalid,371,37,111,1776,0.5875258349285456,0.6600608001889889,0.3125,0.4166666666666667,0.6424974403686526
augment_invalid,371,38,114,1824,0.5863601159730581,0.6549357550975935,0.3125,0.40625,0.6078574984275691
augment_invalid,371,39,117,1872,0.5815870471243653,0.6485655017724005,0.3125,0.40625,0.6113757064836245
augment_invalid,371,40,120,1920,0.5850934940995318,0.6498963315813393,0.3125,0.3958333333333333,0.6456018473890648
augment_invalid,371,41,123,1968,0.5923575954849578,0.6600235085299275,0.3125,0.4166666666666667,0.6286256148063937
augment_invalid,371,42,126,2016,0.6041944840994874,0.6824152549366772,0.3333333333333333,0.4375,0.6280254474648352
augment_invalid,371,43,129,2064,0.6241731165672676,0.7177257594195064,0.3333333333333333,0.4895833333333333,0.6310533245882771
augment_invalid,371,44,132,2112,0.6402482964853987,0.7459543729461262,0.3333333333333333,0.5208333333333334,0.6223943195094043
augment_invalid,371,45,135,2160,0.6653347235439213,0.7788157115958061,0.3333333333333333,0.5520833333333334,0.6148727041497354
augment_invalid,371,46,138,2208,0.6823738296120444,0.8047349229932488,0.375,0.5625,0.6252592009775079
augment_invalid,371,47,141,2256,0.6939633464121159,0.836747971216064,0.375,0.5729166666666666,0.6071695911452019
augment_invalid,371,48,144,2304,0.7102145959076273,0.8691457767815521,0.3958333333333333,0.5729166666666666,0.6147451415970733
augment_invalid,371,49,147,2352,0.6998174735080696,0.8479509769783408,0.3958333333333333,0.5729166666666666,0.668842543942073
augment_invalid,371,50,150,2400,0.6782367300522939,0.8069414410441565,0.375,0.5625,0.6421846905662626
augment_invalid,371,51,153,2448,0.6525000332788277,0.757660881046,0.3333333333333333,0.5416666666666666,0.6583398799583663
augment_invalid,371,52,156,2496,0.6255151397373936,0.7239897775606284,0.3541666666666667,0.4895833333333333,0.6343737100647621
augment_invalid,371,53,159,2544,0.6089081912465826,0.6938723447188074,0.3333333333333333,0.46875,0.6241203082303873
augment_invalid,371,54,162,2592,0.6004290066934025,0.6799011721557419,0.3125,0.4375,0.6246692367215064
augment_invalid,371,55,165,2640,0.5964710278169226,0.6707916974340394,0.3333333333333333,0.4270833333333333,0.6285954080597237
augment_invalid,371,56,168,2688,0.5979529390376956,0.6739616821079597,0.3333333333333333,0.4375,0.6333878726060965
augment_invalid,371,57,171,2736,0.6034925898598192,0.6823818303994114,0.3333333333333333,0.4583333333333333,0.629986066586551
augment_invalid,371,58,174,2784,0.6123616539661523,0.6974700663174462,0.3333333333333333,0.4791666666666667,0.6322623844005756
augment_invalid,371,59,177,2832,0.6218687908091357,0.7184683461615068,0.3541666666666667,0.4895833333333333,0.625141022714693
augment_invalid,371,60,180,2880,0.62789567913293,0.7336726034890352,0.3541666666666667,0.5,0.624282126848612
augment_invalid,371,61,183,2928,0.6337451379306381,0.7362419040271183,0.3541666666666667,0.5208333333333334,0.6276659796030507
augment_invalid,371,62,186,2976,0.6352535577684023,0.7408856612219755,0.3541666666666667,0.5208333333333334,0.6243721734261498
augment_invalid,371,63,189,3024,0.6306085956796755,0.7323382200912752,0.3333333333333333,0.5104166666666666,0.6307009589311008
augment_invalid,371,64,192,3072,0.6244791701072546,0.7162338507206605,0.3333333333333333,0.4895833333333333,0.6272368648605077
augment_invalid,371,65,195,3120,0.6204487215061307,0.7198910580889049,0.3333333333333333,0.5,0.6264802333911649
augment_invalid,371,66,198,3168,0.6211742638662595,0.719184259933705,0.3333333333333333,0.4895833333333333,0.6236270105253369
augment_invalid,371,67,201,3216,0.6251769045865416,0.7288849046139804,0.3333333333333333,0.4895833333333333,0.6227846467343424
augment_invalid,371,68,204,3264,0.6283412174105345,0.7326171507011722,0.3541666666666667,0.5,0.6226778038606686
augment_invalid,371,69,207,3312,0.6305430062498584,0.7331627842030212,0.3333333333333333,0.5,0.6208037083192418
augment_invalid,371,70,210,3360,0.6320392341623166,0.7356139848130221,0.3541666666666667,0.5208333333333334,0.621121705903059
augment_invalid,371,71,213,3408,0.6329543064292954,0.7315580322755061,0.3333333333333333,0.5208333333333334,0.6236903249630789
augment_invalid,371,72,216,3456,0.6325921733812757,0.7381436723865975,0.3541666666666667,0.5104166666666666,0.6276280400931598
augment_invalid,371,73,219,3504,0.6328339111502012,0.7398750545760531,0.3541666666666667,0.5208333333333334,0.6211348410001624
augment_invalid,371,74,222,3552,0.6329310053841524,0.7387436554578605,0.3333333333333333,0.5104166666666666,0.6210447470387007
augment_invalid,371,75,225,3600,0.6339077687323894,0.7395714889393502,0.3333333333333333,0.5,0.6252882762074942
augment_invalid,371,76,228,3648,0.6339203470949232,0.7375584869376697,0.3333333333333333,0.5,0.6219765511743796
augment_invalid,371,77,231,3696,0.6360946226989261,0.74369514988686,0.3541666666666667,0.5208333333333334,0.621634003314767
augment_invalid,371,78,234,3744,0.6358106431759104,0.742365990015092,0.3541666666666667,0.5208333333333334,0.6258022995731674
augment_invalid,371,79,237,3792,0.6328864525772523,0.7360116826197792,0.3541666666666667,0.5208333333333334,0.6231980721502529
augment_invalid,371,80,240,3840,0.6321694316916724,0.7390845934837925,0.3541666666666667,0.5104166666666666,0.6196836557953304
augment_invalid,371,81,243,3888,0.6298736062270234,0.7306898594687682,0.3541666666666667,0.5,0.628572379598168
augment_invalid,371,82,246,3936,0.6245223352653198,0.7220056927845246,0.3541666666666667,0.4895833333333333,0.6248397279183882
augment_invalid,371,83,249,3984,0.6221359270456097,0.7142281359921571,0.3333333333333333,0.5,0.6236231180418123
augment_invalid,371,84,252,4032,0.6166709051608409,0.7068910846535236,0.3333333333333333,0.46875,0.6244617079429595
augment_invalid,371,85,255,4080,0.6104675151899508,0.696740167401574,0.3333333333333333,0.4583333333333333,0.6200148330569116
augment_invalid,371,86,258,4128,0.6000751605049882,0.6774784717021017,0.3541666666666667,0.4375,0.6195706265341981
augment_invalid,371,87,261,4176,0.5962342276513338,0.6747537439356277,0.3333333333333333,0.4270833333333333,0.6312104873519776
augment_invalid,371,88,264,4224,0.5967476727732127,0.6718714192998053,0.3333333333333333,0.4270833333333333,0.6299757774530277
augment_invalid,371,89,267,4272,0.5992172414439386,0.6818064374334091,0.3125,0.4375,0.622791559367171
augment_invalid,371,90,270,4320,0.5986410023965069,0.6780070113429293,0.3333333333333333,0.4375,0.6215487155281367
augment_invalid,371,91,273,4368,0.5986237413217886,0.6749274153959378,0.3333333333333333,0.4270833333333333,0.6240060890443863
augment_invalid,371,92,276,4416,0.602572687589363,0.6831886996186057,0.3541666666666667,0.4375,0.6303805613091713
augment_invalid,371,93,279,4464,0.6089800302740254,0.6986041928204735,0.3333333333333333,0.4791666666666667,0.6338352373520628
augment_invalid,371,94,282,4512,0.6188631820535094,0.7144836652086569,0.3333333333333333,0.4895833333333333,0.6250304643190655
augment_invalid,371,95,285,4560,0.6284124422437355,0.7269115921644294,0.3333333333333333,0.4895833333333333,0.6231095297296044
augment_invalid,371,96,288,4608,0.6338237103252305,0.7414452998939104,0.3333333333333333,0.5,0.6288435124253161
augment_invalid,371,97,291,4656,0.6355969895139407,0.740393652161211,0.3333333333333333,0.5208333333333334,0.6237450814665279
augment_invalid,371,98,294,4704,0.6360307532168079,0.7458624821595367,0.3541666666666667,0.5208333333333334,0.626652733104592
augment_invalid,371,99,297,4752,0.6345826000249648,0.7387434725642438,0.3333333333333333,0.5208333333333334,0.6236256876193661
augment_invalid,371,100,300,4800,0.6281302164140704,0.7258974564997777,0.3333333333333333,0.5,0.6297297686026454
augment_invalid,371,101,303,4848,0.6224013144545673,0.710877630126245,0.3333333333333333,0.4895833333333333,0.6236136191299657
augment_invalid,371,102,306,4896,0.6178983219510016,0.7068837614692357,0.3333333333333333,0.4895833333333333,0.6238955024871741
augment_invalid,371,103,309,4944,0.6162780120784075,0.7051070136077623,0.3333333333333333,0.4583333333333333,0.6256913465613815
augment_invalid,371,104,312,4992,0.6151898541274731,0.7121320468604665,0.3333333333333333,0.4791666666666667,0.6268574810925883
augment_invalid,371,105,315,5040,0.6152019103040122,0.7100735618291645,0.3333333333333333,0.5,0.6232383158992656
augment_invalid,371,106,318,5088,0.6153734802019736,0.7105024296578901,0.3333333333333333,0.5,0.624337788623816
augment_invalid,371,107,321,5136,0.6141910721380398,0.7039163376888196,0.3333333333333333,0.4791666666666667,0.6190345391271147
augment_invalid,371,108,324,5184,0.6115141928806137,0.6978116613463289,0.3333333333333333,0.4791666666666667,0.6229654357927003
augment_invalid,371,109,327,5232,0.6108945013654108,0.6979969900893357,0.3333333333333333,0.4791666666666667,0.6242831377490936
augment_invalid,371,110,330,5280,0.6075338231328663,0.6942015242170618,0.3333333333333333,0.46875,0.6165073422896999
augment_invalid,371,111,333,5328,0.6000119116510456,0.6732284144298983,0.3541666666666667,0.4375,0.6163080447313425
augment_invalid,371,112,336,5376,0.5983267713773383,0.6704407503093709,0.3333333333333333,0.4270833333333333,0.6411408446171794
augment_invalid,371,113,339,5424,0.6006584679212525,0.6832041812539021,0.3125,0.4375,0.6276968832852847
augment_invalid,371,114,342,5472,0.6004827436552128,0.684138333107906,0.3125,0.4375,0.6111738006947194
augment_invalid,371,115,345,5520,0.6003050165563613,0.6843388736040761,0.3125,0.4375,0.6228995669587004
augment_invalid,371,116,348,5568,0.5990030014053417,0.6792106311008211,0.3541666666666667,0.4375,0.6136512912786892
augment_invalid,371,117,351,5616,0.5935985456032014,0.6689151189769493,0.3125,0.4166666666666667,0.6075939130730296
augment_invalid,371,118,354,5664,0.5884408803736587,0.660794454895545,0.3125,0.4166666666666667,0.6256535309926714
augment_invalid,371,119,357,5712,0.588983529956632,0.6559515060593578,0.3333333333333333,0.4166666666666667,0.643622913115201
augment_invalid,371,120,360,5760,0.5920307226642683,0.6606431666015156,0.3125,0.4166666666666667,0.6164647954222757
augment_invalid,371,121,363,5808,0.5970902757152866,0.6658556814271565,0.3125,0.4166666666666667,0.6326602983397592
augment_invalid,371,122,366,5856,0.6001954173993053,0.6744394996736128,0.3333333333333333,0.4270833333333333,0.6259122729038346
augment_invalid,371,123,369,5904,0.6062434493982188,0.6901678010209737,0.3333333333333333,0.46875,0.6367829040451636
augment_invalid,371,124,372,5952,0.611215472077049,0.7012757404840083,0.3333333333333333,0.4791666666666667,0.6161146425965387
augment_invalid,371,125,375,6000,0.6136198799422555,0.7051701340291595,0.3333333333333333,0.4895833333333333,0.6218692172087844
augment_invalid,371,126,378,6048,0.6145125822664331,0.7106823369433682,0.3333333333333333,0.4895833333333333,0.6199650154166915
augment_invalid,371,127,381,6096,0.6145851262734324,0.7121622298628125,0.3333333333333333,0.5,0.6230331348436
augment_invalid,371,128,384,6144,0.6179695952998959,0.7119434597385809,0.3333333333333333,0.46875,0.6276207952783246
augment_invalid,371,129,387,6192,0.6196086385744809,0.7171393874802411,0.3333333333333333,0.4895833333333333,0.6237489448777184
augment_invalid,371,130,390,6240,0.6178357024618925,0.7161521376265018,0.3333333333333333,0.4895833333333333,0.6219486588960214
augment_invalid,371,131,393,6288,0.6164191032957064,0.7065912240243807,0.3333333333333333,0.46875,0.6249182283182209
augment_invalid,371,132,396,6336,0.6154859155854981,0.7063902716426352,0.3333333333333333,0.46875,0.6209997873618959
augment_invalid,371,133,399,6384,0.612068908528609,0.7002747837011611,0.3333333333333333,0.4583333333333333,0.6220668948948223
augment_invalid,371,134,402,6432,0.6111374363649423,0.6943027778893224,0.3333333333333333,0.4583333333333333,0.6255238737137324
augment_invalid,371,135,405,6480,0.6095324975850404,0.6967906948772141,0.3333333333333333,0.4479166666666667,0.6218702665976331
augment_invalid,371,136,408,6528,0.606919523226268,0.6942559442146577,0.3333333333333333,0.4479166666666667,0.6154708199593127
augment_invalid,371,137,411,6576,0.6040999855478248,0.6886778722151732,0.3333333333333333,0.4583333333333333,0.6203426249148071
augment_invalid,371,138,414,6624,0.6014290312128963,0.6878278789070044,0.3125,0.4479166666666667,0.622609989987807
augment_invalid,371,139,417,6672,0.598672792020898,0.6777169495755572,0.3333333333333333,0.4375,0.6192229770173866
augment_invalid,371,140,420,6720,0.5972095263299028,0.6731511784963601,0.3125,0.4270833333333333,0.6313275641765987
augment_invalid,371,141,423,6768,0.5995692034371415,0.6711468560799299,0.3541666666666667,0.40625,0.6288774106229639
augment_invalid,371,142,426,6816,0.6033187917404416,0.6818529677066261,0.3541666666666667,0.4270833333333333,0.6347299784111916
augment_invalid,371,143,429,6864,0.6076571668298788,0.6928087925067693,0.3333333333333333,0.4479166666666667,0.6292073701120894
augment_invalid,371,144,432,6912,0.6102104686845344,0.6912584522367684,0.3333333333333333,0.4583333333333333,0.6158061789451613
augment_invalid,371,145,435,6960,0.6126930259689333,0.6984072926376476,0.3333333333333333,0.4583333333333333,0.6325447380328496
augment_invalid,371,146,438,7008,0.6177463284281727,0.7106885304428167,0.3333333333333333,0.4791666666666667,0.625546845298099
augment_invalid,371,147,441,7056,0.6226219674085974,0.7189488191287073,0.3333333333333333,0.4895833333333333,0.6230392469599239
augment_invalid,371,148,444,7104,0.6207872921300902,0.7164319396858013,0.3333333333333333,0.4895833333333333,0.6238014100610964
augment_invalid,371,149,447,7152,0.6179156842699101,0.7132508494553349,0.3333333333333333,0.4791666666666667,0.6236503764491615
augment_invalid,371,150,450,7200,0.6148120904257317,0.708330342571455,0.3333333333333333,0.4583333333333333,0.6211583023367687
augment_invalid,371,151,453,7248,0.612530674214476,0.7077206228357068,0.3333333333333333,0.46875,0.6222165956108622
augment_invalid,371,152,456,7296,0.6116253116786589,0.7100319975710919,0.3333333333333333,0.4791666666666667,0.6264877830925162
augment_invalid,371,153,459,7344,0.6108470156323119,0.7043585424048618,0.3333333333333333,0.4791666666666667,0.6223295430354152
augment_invalid,371,154,462,7392,0.610846559723471,0.6938986483546558,0.3333333333333333,0.4583333333333333,0.6220246384614035
augment_invalid,371,155,465,7440,0.6097970129676539,0.6882167132198762,0.3541666666666667,0.4583333333333333,0.6220107589448616
augment_invalid,371,156,468,7488,0.6087322622693041,0.6935558384506528,0.3333333333333333,0.4479166666666667,0.6262545178690946
augment_invalid,371,157,471,7536,0.6083805450126838,0.6920904316517879,0.3333333333333333,0.4479166666666667,0.6200385096015415
augment_invalid,371,158,474,7584,0.6074867016572522,0.6895612217868665,0.3333333333333333,0.4479166666666667,0.619076093085412
augment_invalid,371,159,477,7632,0.6061491593846622,0.6926568033873189,0.3333333333333333,0.4479166666666667,0.6227798415349787
augment_invalid,371,160,480,7680,0.6061141639336408,0.6915085774196855,0.3333333333333333,0.4479166666666667,0.6241706516514222
augment_invalid,372,0,0,0,0.7038815098155168,0.7001586056651311,0.7083333333333334,0.6145833333333334,
augment_invalid,372,1,3,48,0.6671685864768714,0.7190802898531938,0.3958333333333333,0.5,0.6920615189146827
augment_invalid,372,2,6,96,0.6983423795193561,0.8198695506993064,0.4166666666666667,0.6041666666666666,0.6428460216725141
augment_invalid,372,3,9,144,0.6607379619002969,0.8033632439712747,0.375,0.5520833333333334,0.659519629220277
augment_invalid,372,4,12,192,0.6140995124391692,0.7186404100583106,0.3333333333333333,0.46875,0.6363779881663877
augment_invalid,372,5,15,240,0.6014281785371368,0.6917694521930092,0.3541666666666667,0.4270833333333333,0.6463053991666056
augment_invalid,372,6,18,288,0.5936212642256992,0.6697323443144466,0.3541666666666667,0.3854166666666667,0.6273383280754145
augment_invalid,372,7,21,336,0.5974442282962378,0.6683533516092345,0.3541666666666667,0.3854166666666667,0.6345060147835524
augment_invalid,372,8,24,384,0.5939657902343921,0.6590440965367447,0.3541666666666667,0.3854166666666667,0.6168473054569151
augment_invalid,372,9,27,432,0.5924308770777071,0.6578357208919333,0.3333333333333333,0.40625,0.6166522890898788
augment_invalid,372,10,30,480,0.5830936827452042,0.6407251694759251,0.3125,0.3854166666666667,0.6182012064123009
augment_invalid,372,11,33,528,0.5824566930517122,0.6402564872593942,0.3125,0.40625,0.6285104552354608
augment_invalid,372,12,36,576,0.5818817273258542,0.6393947884743075,0.3333333333333333,0.3958333333333333,0.6152098590614167
augment_invalid,372,13,39,624,0.6002081995582044,0.6683582594783554,0.3333333333333333,0.4479166666666667,0.6672581562662007
augment_invalid,372,14,42,672,0.6225306032769483,0.7064570742844417,0.3333333333333333,0.5,0.6292627254779809
augment_invalid,372,15,45,720,0.6444239420592784,0.7457600003284228,0.3333333333333333,0.53125,0.6191913344336606
augment_invalid,372,16,48,768,0.6535049683750956,0.7663440091423473,0.3541666666666667,0.5729166666666666,0.643442377402545
augment_invalid,372,17,51,816,0.6481169971272396,0.763610980311683,0.3541666666666667,0.5416666666666666,0.6280255377903866
augment_invalid,372,18,54,864,0.6329440049755964,0.7367416985216967,0.3333333333333333,0.5,0.6342039635543538
augment_invalid,372,19,57,912,0.6156591327799755,0.7088959097482604,0.3333333333333333,0.4791666666666667,0.6226968952234196
augment_invalid,372,20,60,960,0.6052810693633833,0.6944202767292756,0.3333333333333333,0.46875,0.6239698806975015
augment_invalid,372,21,63,1008,0.5994092827771865,0.6780438175810244,0.3541666666666667,0.4375,0.6315078185998148
augment_invalid,372,22,66,1056,0.5978082101686824,0.677007717129008,0.3333333333333333,0.4375,0.6328183055992526
augment_invalid,372,23,69,1104,0.607226747814907,0.6909720412034113,0.3333333333333333,0.4479166666666667,0.6296386526589617
augment_invalid,372,24,72,1152,0.617849488232047,0.7080221278519766,0.3333333333333333,0.5,0.6264866149596315
augment_invalid,372,25,75,1200,0.6195752244457173,0.7113891740429744,0.3333333333333333,0.5,0.6221823021255664
augment_invalid,372,26,78,1248,0.6152907700623077,0.7054967449658035,0.3333333333333333,0.4791666666666667,0.6221535681506156
augment_invalid,372,27,81,1296,0.6082270429397058,0.6906245607511936,0.3333333333333333,0.4583333333333333,0.624813863436472
augment_invalid,372,28,84,1344,0.6108018325659521,0.6991859964353083,0.3333333333333333,0.4791666666666667,0.6357320657039351
augment_invalid,372,29,87,1392,0.6188852636044091,0.7156416270331037,0.3333333333333333,0.5,0.6224397366702622
augment_invalid,372,30,90,1440,0.6224939849994252,0.7148066748998853,0.3333333333333333,0.5,0.6268229079403523
augment_invalid,372,31,93,1488,0.6270145788807461,0.7251947239242508,0.3333333333333333,0.5,0.6235627403879193
augment_invalid,372,32,96,1536,0.6362716571409487,0.7398345984491574,0.3541666666666667,0.53125,0.622850599411412
augment_invalid,372,33,99,1584,0.6404783216273388,0.7483973105611007,0.3333333333333333,0.5416666666666666,0.6247332588491773
augment_invalid,372,34,102,1632,0.6286978448321017,0.7297295767185495,0.3333333333333333,0.5,0.641612599981393
augment_invalid,372,35,105,1680,0.615403617826086,0.708548200299651,0.3333333333333333,0.5,0.623223448266005
augment_invalid,372,36,108,1728,0.6118913508458818,0.7024320209308342,0.3333333333333333,0.4895833333333333,0.6269374016439397
augment_invalid,372,37,111,1776,0.6098489329767651,0.7006487348848408,0.3333333333333333,0.4791666666666667,0.618086390057689
augment_invalid,372,38,114,1824,0.604354970135678,0.6932453706253009,0.3333333333333333,0.46875,0.6219289784927632
augment_invalid,372,39,117,1872,0.5978601960889975,0.681033702474599,0.3125,0.4479166666666667,0.6204378032150918
augment_invalid,372,40,120,1920,0.5917939697381004,0.6672951425152518,0.3125,0.4166666666666667,0.6124846635980207
augment_invalid,372,41,123,1968,0.5902722019573838,0.66325272251686,0.3125,0.4166666666666667,0.6342098152824808
augment_invalid,372,42,126,2016,0.5904304231126613,0.6598954047856197,0.3333333333333333,0.4166666666666667,0.6190798680331132
augment_invalid,372,43,129,2064,0.5915776257643997,0.6594784465525206,0.3125,0.4166666666666667,0.6184892872221571
augment_invalid,372,44,132,2112,0.5889136519151047,0.65239082975745,0.3125,0.4166666666666667,0.6160380231199076
augment_invalid,372,45,135,2160,0.5898042381812024,0.6559193678708702,0.3333333333333333,0.4166666666666667,0.6293611531534827
augment_invalid,372,46,138,2208,0.595798892252886,0.6667741932310226,0.3333333333333333,0.4270833333333333,0.6266829635059294
augment_invalid,372,47,141,2256,0.6008061855184582,0.6763922601461937,0.3541666666666667,0.4375,0.6201071676887459
augment_invalid,372,48,144,2304,0.6017361836357652,0.6816254522651158,0.3333333333333333,0.4375,0.6230442174446896
augment_invalid,372,49,147,2352,0.6091345770910178,0.696088263006359,0.3333333333333333,0.4791666666666667,0.6314296280485472
augment_invalid,372,50,150,2400,0.6122618631185743,0.7029950624358433,0.3541666666666667,0.5,0.6192155797416822
augment_invalid,372,51,153,2448,0.6238190333018158,0.7241245196929662,0.3333333333333333,0.5,0.6304443564269159
augment_invalid,372,52,156,2496,0.6453508237129059,0.7613019336764589,0.3333333333333333,0.53125,0.621054044477666
augment_invalid,372,53,159,2544,0.6625788839262818,0.7872184913329519,0.3541666666666667,0.5520833333333334,0.6106053436927202
augment_invalid,372,54,162,2592,0.6770496732960334,0.8098428036194821,0.375,0.5520833333333334,0.6413889491362416
augment_invalid,372,55,165,2640,0.6708426879761236,0.8021728987685375,0.3541666666666667,0.5520833333333334,0.6384046862986014
augment_invalid,372,56,168,2688,0.656930062766229,0.7795179264752802,0.3541666666666667,0.5520833333333334,0.6370356765551498
augment_invalid,372,57,171,2736,0.6413520473986062,0.7505906509128589,0.3333333333333333,0.5416666666666666,0.6324111656517036
augment_invalid,372,58,174,2784,0.6271160512452267,0.7256874088724746,0.3333333333333333,0.5,0.6234568146624254
augment_invalid,372,59,177,2832,0.6204628990510217,0.7189425987999712,0.3333333333333333,0.5104166666666666,0.6202653563923659
augment_invalid,372,60,180,2880,0.615854789298072,0.7136766898545771,0.3333333333333333,0.4895833333333333,0.6260243876944181
augment_invalid,372,61,183,2928,0.6154634586634595,0.7102783637040558,0.3333333333333333,0.4791666666666667,0.6210320469686942
augment_invalid,372,62,186,2976,0.6124058509231044,0.7038460924458558,0.3333333333333333,0.4791666666666667,0.623984762687542
augment_invalid,372,63,189,3024,0.6064049198225653,0.6946634898607629,0.3333333333333333,0.4479166666666667,0.6184390843712217
augment_invalid,372,64,192,3072,0.6030041624835031,0.6903219367762171,0.3333333333333333,0.4479166666666667,0.6221936303374248
augment_invalid,372,65,195,3120,0.6000099917649785,0.6845764741024212,0.3333333333333333,0.4479166666666667,0.6199660234924179
augment_invalid,372,66,198,3168,0.5977439109860235,0.6773273921096129,0.3541666666666667,0.4375,0.6178086931426728
augment_invalid,372,67,201,3216,0.595752066535496,0.6737768299775176,0.3333333333333333,0.4375,0.6215389321098312
augment_invalid,372,68,204,3264,0.596614862210678,0.68062536096082,0.3333333333333333,0.4479166666666667,0.6348423305004472
augment_invalid,372,69,207,3312,0.6014391964599202,0.6864013726474577,0.3333333333333333,0.4479166666666667,0.6269991927488203
augment_invalid,372,70,210,3360,0.6054994311305477,0.6887881347058746,0.3333333333333333,0.4583333333333333,0.6176534391841256
augment_invalid,372,71,213,3408,0.6095207941277437,0.6965209135732326,0.3333333333333333,0.46875,0.6300315824771267
augment_invalid,372,72,216,3456,0.6178617474231691,0.709280347929083,0.3333333333333333,0.4791666666666667,0.6223206590886324
augment_invalid,372,73,219,3504,0.6267044230965325,0.725551228567448,0.3333333333333333,0.5104166666666666,0.6246266250489402
augment_invalid,372,74,222,3552,0.6363871131655076,0.743055752669387,0.3333333333333333,0.5104166666666666,0.6174130181914997
augment_invalid,372,75,225,3600,0.6467689500845248,0.7617819114628221,0.3541666666666667,0.5416666666666666,0.6256516800033516
augment_invalid,372,76,228,3648,0.6601355941684798,0.7839855573111013,0.3541666666666667,0.5520833333333334,0.6122201071410437
augment_invalid,372,77,231,3696,0.6605840879958577,0.7910750567497594,0.3541666666666667,0.5625,0.6371354151612109
augment_invalid,372,78,234,3744,0.6587568269341593,0.7885781521890373,0.3541666666666667,0.5625,0.6155929555308183
augment_invalid,372,79,237,3792,0.6552941987086386,0.7869405235890197,0.3541666666666667,0.5729166666666666,0.6259231481240266
augment_invalid,372,80,240,3840,0.6499886984106901,0.7756769887407932,0.3541666666666667,0.5729166666666666,0.6349473586982197
augment_invalid,372,81,243,3888,0.6419843283053198,0.7654074017485227,0.3541666666666667,0.5416666666666666,0.6220992357699464
augment_invalid,372,82,246,3936,0.6321556367144945,0.7428790128511377,0.3541666666666667,0.53125,0.6317467427276634
augment_invalid,372,83,249,3984,0.6236421060499285,0.7249120919797303,0.3333333333333333,0.5104166666666666,0.6205008209073145
augment_invalid,372,84,252,4032,0.6252799062178956,0.7245966917590217,0.3333333333333333,0.5,0.6238378309658814
augment_invalid,372,85,255,4080,0.6317875625642255,0.7328611887265839,0.3333333333333333,0.5104166666666666,0.6209564680314889
augment_invalid,372,86,258,4128,0.6356682448401785,0.7383952863647104,0.3333333333333333,0.5104166666666666,0.6288994537267278
augment_invalid,372,87,261,4176,0.6379002342771852,0.7460721312782823,0.3333333333333333,0.5,0.6180741970533573
augment_invalid,372,88,264,4224,0.6352761559171677,0.7471394816108702,0.3333333333333333,0.5,0.6268810001164765
augment_invalid,372,89,267,4272,0.6275886584424608,0.7355231962235442,0.3541666666666667,0.5,0.6261062381527672
augment_invalid,372,90,270,4320,0.6234199958252281,0.7314433658015319,0.3541666666666667,0.5104166666666666,0.618868890803865
augment_invalid,372,91,273,4368,0.6223781775006011,0.7336237517136807,0.3541666666666667,0.5,0.6222530199363082
augment_invalid,372,92,276,4416,0.6213904762527162,0.7290485246282525,0.3541666666666667,0.5,0.6218681550877567
augment_invalid,372,93,279,4464,0.6237003530572537,0.7296174053780501,0.3541666666666667,0.5104166666666666,0.6218232208652242
augment_invalid,372,94,282,4512,0.625805369367623,0.7330758360012276,0.3541666666666667,0.5104166666666666,0.6216999863574948
augment_invalid,372,95,285,4560,0.6188691185790466,0.7178393619288309,0.3333333333333333,0.4895833333333333,0.6266088326648444
augment_invalid,372,96,288,4608,0.6165770971785587,0.7112180721351953,0.3333333333333333,0.4791666666666667,0.6212288991312981
augment_invalid,372,97,291,4656,0.6144879995007714,0.7086387539595108,0.3333333333333333,0.4791666666666667,0.6190465936091063
augment_invalid,372,98,294,4704,0.6179575131947744,0.7168822287698194,0.3333333333333333,0.4791666666666667,0.6254730990620944
augment_invalid,372,99,297,4752,0.6241722387079259,0.7266028388577469,0.3333333333333333,0.5,0.6203845111896552
augment_invalid,372,100,300,4800,0.6328178735612345,0.7409569720079562,0.3333333333333333,0.5208333333333334,0.6169602188578961
augment_invalid,372,101,303,4848,0.6357953434261222,0.746265104678403,0.3333333333333333,0.5104166666666666,0.625004254639292
augment_invalid,372,102,306,4896,0.630197971501944,0.7367146162691673,0.3333333333333333,0.5208333333333334,0.6227424848313515
augment_invalid,372,103,309,4944,0.6241410442903255,0.7307010466887608,0.3333333333333333,0.5104166666666666,0.6180145250420619
augment_invalid,372,104,312,4992,0.6103741582488847,0.7090606245294415,0.3541666666666667,0.4895833333333333,0.6178382956589544
augment_invalid,372,105,315,5040,0.5931652923289027,0.6844965848583889,0.3333333333333333,0.4479166666666667,0.6169308730825208
augment_invalid,372,106,318,5088,0.5810219157866624,0.6575413712935319,0.3125,0.4166666666666667,0.6203736667903788
augment_invalid,372,107,321,5136,0.5801436053420304,0.6515548478048759,0.3125,0.4166666666666667,0.6425570019073231
augment_invalid,372,108,324,5184,0.5873777576576293,0.6622477486529915,0.3333333333333333,0.4270833333333333,0.6247007564950332
augment_invalid,372,109,327,5232,0.5948329890200831,0.66948823135642,0.3333333333333333,0.4479166666666667,0.6226709119178735
augment_invalid,372,110,330,5280,0.6047322468590064,0.6842429967958967,0.3333333333333333,0.46875,0.6185334860383706
augment_invalid,372,111,333,5328,0.6226203499653729,0.7120902992048407,0.3333333333333333,0.5104166666666666,0.6253794304988812
augment_invalid,372,112,336,5376,0.6446915697768097,0.7537329741487276,0.3333333333333333,0.5208333333333334,0.6165042561042396
augment_invalid,372,113,339,5424,0.6675259369238221,0.7936288859162883,0.3541666666666667,0.5520833333333334,0.6210185840667098
augment_invalid,372,114,342,5472,0.6779113040039327,0.8228138561013627,0.375,0.5520833333333334,0.6309061474104672
augment_invalid,372,115,345,5520,0.6645123393023639,0.8123581059767253,0.3541666666666667,0.5729166666666666,0.6487922336835107
augment_invalid,372,116,348,5568,0.6436151895060913,0.7837087406022826,0.3541666666666667,0.5625,0.628649128193547
augment_invalid,372,117,351,5616,0.630297445050814,0.7600117526257115,0.3541666666666667,0.53125,0.6171535544888093
augment_invalid,372,118,354,5664,0.6206181942681851,0.742209782784828,0.3541666666666667,0.5,0.6237306325631872
augment_invalid,372,119,357,5712,0.6177946831353939,0.7287025325551902,0.3541666666666667,0.5,0.6193294717254565
augment_invalid,372,120,360,5760,0.6225453220553692,0.726762136176097,0.3333333333333333,0.4895833333333333,0.618081153079153
augment_invalid,372,121,363,5808,0.6231314413850967,0.7196362684387819,0.3333333333333333,0.46875,0.619565992162375
augment_invalid,372,122,366,5856,0.6241288881481901,0.7205377098595335,0.3541666666666667,0.4791666666666667,0.622535693842967
augment_invalid,372,123,369,5904,0.621766961368516,0.7185030103265732,0.3541666666666667,0.46875,0.6143157499507422
augment_invalid,372,124,372,5952,0.6147074416266404,0.7131610979579893,0.3541666666666667,0.4583333333333333,0.6231633812687859
augment_invalid,372,125,375,6000,0.603113055372679,0.7024313987763741,0.3333333333333333,0.4479166666666667,0.6207088672697222
augment_invalid,372,126,378,6048,0.5984189992791878,0.6944553581741841,0.3333333333333333,0.4479166666666667,0.6132432418557895
augment_invalid,372,127,381,6096,0.5993757875342594,0.6960966341778453,0.3333333333333333,0.4479166666666667,0.6300153118029642
augment_invalid,372,128,384,6144,0.6189844135364011,0.7226626767273888,0.3333333333333333,0.46875,0.6255330249906033
augment_invalid,372,129,387,6192,0.6345740087327666,0.7427034432620699,0.3541666666666667,0.4895833333333333,0.6248585932496922
augment_invalid,372,130,390,6240,0.6405942711901569,0.7530893964435164,0.3333333333333333,0.5208333333333334,0.6201965101864497
augment_invalid,372,131,393,6288,0.6381082150195031,0.7562543270145211,0.3333333333333333,0.5416666666666666,0.6279668304594899
augment_invalid,372,132,396,6336,0.6309058122740642,0.7498770535985146,0.3333333333333333,0.53125,0.6240603084706323
augment_invalid,372,133,399,6384,0.6199052776344097,0.7385607946997162,0.3541666666666667,0.5104166666666666,0.6234206092784395
augment_invalid,372,134,402,6432,0.6019877693732604,0.7084305729866348,0.3541666666666667,0.4895833333333333,0.6189098814616839
augment_invalid,372,135,405,6480,0.5941776924583199,0.6965622599159685,0.3541666666666667,0.4791666666666667,0.6298044198278328
augment_invalid,372,136,408,6528,0.5946421747795726,0.6938566009820443,0.3333333333333333,0.46875,0.6135270309777735
augment_invalid,372,137,411,6576,0.5995754666789083,0.6986721215781678,0.3333333333333333,0.4895833333333333,0.6228478627695583
augment_invalid,372,138,414,6624,0.6086987817284591,0.7080881420407305,0.3333333333333333,0.4895833333333333,0.6173460596150343
augment_invalid,372,139,417,6672,0.6150152458744195,0.7191262863587617,0.3333333333333333,0.5,0.6170956557211575
augment_invalid,372,140,420,6720,0.614202393175512,0.7179413722090633,0.3333333333333333,0.4895833333333333,0.6140817038584786
augment_invalid,372,141,423,6768,0.6058729500772847,0.7064930583424142,0.3541666666666667,0.4895833333333333,0.6134845853634084
augment_invalid,372,142,426,6816,0.6059283822549367,0.7078470170310484,0.3333333333333333,0.4895833333333333,0.6171811928622416
augment_invalid,372,143,429,6864,0.603951320385189,0.7063015784250527,0.3333333333333333,0.4895833333333333,0.6165093821154527
augment_invalid,372,144,432,6912,0.6044575936239994,0.7110578175025729,0.3333333333333333,0.4895833333333333,0.6198279727528524
augment_invalid,372,145,435,6960,0.6058486271907989,0.7162661375098635,0.3333333333333333,0.4895833333333333,0.6084204298840458
augment_invalid,372,146,438,7008,0.61971143409804,0.7354590670274698,0.3333333333333333,0.4895833333333333,0.6102824018872169
augment_invalid,372,147,441,7056,0.6302801335802389,0.7481353843005505,0.3333333333333333,0.5208333333333334,0.6116387100799492
augment_invalid,372,148,444,7104,0.6260190138785268,0.7393080467280188,0.3333333333333333,0.5208333333333334,0.6172742541755277
augment_invalid,372,149,447,7152,0.6256402364924055,0.7396591699252637,0.3333333333333333,0.5208333333333334,0.6062325556250726
augment_invalid,372,150,450,7200,0.6112534737266837,0.7238041971752507,0.3333333333333333,0.4791666666666667,0.6312998618591389
augment_invalid,372,151,453,7248,0.598366163826718,0.7025492379918908,0.3333333333333333,0.46875,0.6144984584693028
augment_invalid,372,152,456,7296,0.593132145805071,0.6896005174036023,0.3333333333333333,0.46875,0.6131478549452124
augment_invalid,372,153,459,7344,0.5836651869320851,0.6772726817468385,0.3125,0.4479166666666667,0.6108524339422567
augment_invalid,372,154,462,7392,0.5793543069317709,0.6692298040001158,0.2916666666666667,0.4375,0.6076596391368716
augment_invalid,372,155,465,7440,0.5827923391508246,0.6750388327606635,0.3125,0.4270833333333333,0.6122021189632176
augment_invalid,372,156,468,7488,0.5864035084289223,0.6818259882826658,0.3125,0.4166666666666667,0.6072528070458537
augment_invalid,372,157,471,7536,0.6043756815199636,0.7051690471585742,0.3541666666666667,0.46875,0.628139037195571
augment_invalid,372,158,474,7584,0.6112704400370198,0.7181564024236463,0.3958333333333333,0.4791666666666667,0.619407838676354
augment_invalid,372,159,477,7632,0.6112564093653173,0.7162330762115205,0.375,0.5,0.6255188562013382
augment_invalid,372,160,480,7680,0.6036734246977569,0.7083102687697078,0.3333333333333333,0.46875,0.6142800552427516
label_smooth,370,0,0,0,0.6738115211332999,0.6720940399230374,0.1875,0.19791666666666666,
label_smooth,370,1,3,48,0.5441928757238439,0.5295488505303635,0.20833333333333334,0.16666666666666666,0.6226218610220448
label_smooth,370,2,6,96,0.5028580823740766,0.4707333495643126,0.22916666666666666,0.1875,0.5596176687584471
label_smooth,370,3,9,144,0.4943457517908667,0.4374636676462069,0.20833333333333334,0.16666666666666666,0.545954392321543
label_smooth,370,4,12,192,0.4881636252151935,0.42585275692823715,0.1875,0.15625,0.5424638714764094
label_smooth,370,5,15,240,0.48525727912768674,0.42743021594968195,0.16666666666666666,0.15625,0.538725644525443
label_smooth,370,6,18,288,0.4862831635528449,0.43273748107785054,0.20833333333333334,0.13541666666666666,0.5319739640277487
label_smooth,370,7,21,336,0.49088041437924823,0.438664383900667,0.1875,0.125,0.5345139745398712
label_smooth,370,8,24,384,0.4933268885059218,0.4420358197437603,0.1875,0.13541666666666666,0.5318371991202832
label_smooth,370,9,27,432,0.4929337220737578,0.44159427470806273,0.1875,0.13541666666666666,0.5318580684974222
label_smooth,370,10,30,480,0.4892611973928904,0.4375803749154794,0.1875,0.125,0.5332392072481044
label_smooth,370,11,33,528,0.48845420636747816,0.4364314285604641,0.1875,0.13541666666666666,0.5297306062737248
label_smooth,370,12,36,576,0.4878711938483084,0.43624857195247824,0.1875,0.13541666666666666,0.5302347355844331
label_smooth,370,13,39,624,0.4869425376108092,0.43410779079355216,0.1875,0.13541666666666666,0.529470661755791
label_smooth,370,14,42,672,0.4879013034209369,0.43681804983188677,0.16666666666666666,0.13541666666666666,0.5317905605996912
label_smooth,370,15,45,720,0.4871350385124067,0.4336871898469529,0.1875,0.13541666666666666,0.5305710933697477
label_smooth,370,16,48,768,0.48658631608875647,0.43156845904517976,0.1875,0.13541666666666666,0.5300778686274856
label_smooth,370,17,51,816,0.4858815213501139,0.4301723472876747,0.1875,0.13541666666666666,0.5307813382990915
label_smooth,370,18,54,864,0.48562067605934384,0.4302042800419699,0.1875,0.13541666666666666,0.5308190158061808
label_smooth,370,19,57,912,0.48854350241885297,0.4368432262018212,0.1875,0.13541666666666666,0.5351029115482498
label_smooth,370,20,60,960,0.48999020867715676,0.43884042350519153,0.1875,0.125,0.5317286563825151
label_smooth,370,21,63,1008,0.49137996856784966,0.44294081514924105,0.1875,0.13541666666666666,0.5316508295168982
label_smooth,370,22,66,1056,0.4888378955414958,0.4390209839787291,0.16666666666666666,0.13541666666666666,0.5314315924716674
label_smooth,370,23,69,1104,0.48749568125532633,0.4365523009147499,0.16666666666666666,0.13541666666666666,0.5294862975335975
label_smooth,370,24,72,1152,0.4867731730962417,0.43516584557987525,0.16666666666666666,0.14583333333333334,0.5293582360644536
label_smooth,370,25,75,1200,0.48619801281280184,0.4326691534480202,0.1875,0.13541666666666666,0.5307383086995537
label_smooth,370,26,78,1248,0.4869964319629543,0.4340467249234565,0.1875,0.13541666666666666,0.5292358677080702
label_smooth,370,27,81,1296,0.48701960766852403,0.4344704991748274,0.1875,0.13541666666666666,0.5292312042204229
label_smooth,370,28,84,1344,0.4880482051267836,0.43559342330525846,0.1875,0.125,0.5315874300482403
label_smooth,370,29,87,1392,0.48870162897390007,0.4386603915175414,0.1875,0.13541666666666666,0.5298833775884636
label_smooth,370,30,90,1440,0.48886221896168974,0.43950324854401385,0.1875,0.13541666666666666,0.5289672156181106
label_smooth,370,31,93,1488,0.48722517232139695,0.4373167979548893,0.1875,0.14583333333333334,0.5305992316145264
label_smooth,370,32,96,1536,0.48801791324081245,0.4391071492771909,0.1875,0.14583333333333334,0.5307002969358997
label_smooth,370,33,99,1584,0.4870585716511647,0.43641246544451623,0.1875,0.13541666666666666,0.5287453212116658
label_smooth,370,34,102,1632,0.4870117310297503,0.43542403750391007,0.1875,0.13541666666666666,0.5284841182307017
label_smooth,370,35,105,1680,0.48563813042585285,0.4329372714053945,0.1875,0.13541666666666666,0.5310434396794131
label_smooth,370,36,108,1728,0.4852239956726983,0.4304353204121914,0.1875,0.125,0.5304029926573296
label_smooth,370,37,111,1776,0.4853164749579895,0.43122628123283,0.1875,0.13541666666666666,0.5293775575085574
label_smooth,370,38,114,1824,0.4879220435686895,0.4363957889685901,0.1875,0.125,0.5317137979996183
label_smooth,370,39,117,1872,0.4889756639378659,0.4404532259206106,0.1875,0.13541666666666666,0.5319776482927189
label_smooth,370,40,120,1920,0.49026245379736605,0.4427469350904898,0.1875,0.13541666666666666,0.5296480255724306
label_smooth,370,41,123,1968,0.4884932289308641,0.4386570371238459,0.1875,0.13541666666666666,0.5293567223331314
label_smooth,370,42,126,2016,0.48741883784090584,0.43697827327806343,0.1875,0.13541666666666666,0.5282990558727502
label_smooth,370,43,129,2064,0.486485897493008,0.4347108507342652,0.1875,0.13541666666666666,0.5284760849232791
label_smooth,370,44,132,2112,0.4860692138446499,0.4344697157758228,0.1875,0.13541666666666666,0.5287678153817655
label_smooth,370,45,135,2160,0.4853523033691108,0.43279045173910524,0.1875,0.13541666666666666,0.5292939601488783
label_smooth,370,46,138,2208,0.4849122952092535,0.4334594197219162,0.16666666666666666,0.14583333333333334,0.5298501987173195
label_smooth,370,47,141,2256,0.4858830631293652,0.43677480553261444,0.16666666666666666,0.15625,0.5296930717149393
label_smooth,370,48,144,2304,0.4872408781362358,0.4395848279930589,0.16666666666666666,0.13541666666666666,0.5287614423756399
label_smooth,370,49,147,2352,0.4874964000416291,0.43936327229721267,0.1875,0.13541666666666666,0.5277061096233789
label_smooth,370,50,150,2400,0.48752018023481575,0.4385842015620954,0.1875,0.125,0.5285881670707703
label_smooth,370,51,153,2448,0.48658471748668886,0.43650961138172023,0.1875,0.125,0.5288273502748884
label_smooth,370,52,156,2496,0.4850967820985049,0.4364029586954807,0.16666666666666666,0.14583333333333334,0.5313780545026189
label_smooth,370,53,159,2544,0.4846064274669737,0.4347189450109085,0.1875,0.13541666666666666,0.529415502777394
label_smooth,370,54,162,2592,0.48437354543900796,0.43423721573957863,0.1875,0.13541666666666666,0.5277022661784306
label_smooth,370,55,165,2640,0.4862595409911143,0.44068136510900713,0.1875,0.14583333333333334,0.5306347359054844
label_smooth,370,56,168,2688,0.485872933732828,0.43882326161396695,0.1875,0.13541666666666666,0.5281414307630232
label_smooth,370,57,171,2736,0.486798508455488,0.44173507150317465,0.16666666666666666,0.14583333333333334,0.5279155849863736
label_smooth,370,58,174,2784,0.4854773270766189,0.4391589884975821,0.16666666666666666,0.13541666666666666,0.5279535232873552
label_smooth,370,59,177,2832,0.48579924642035577,0.43961394929631453,0.16666666666666666,0.13541666666666666,0.5275467381267419
label_smooth,370,60,180,2880,0.4864724201447395,0.4401555196902505,0.1875,0.125,0.5280620789542498
label_smooth,370,61,183,2928,0.4843121889129074,0.43824928000046076,0.16666666666666666,0.13541666666666666,0.528727568770463
label_smooth,370,62,186,2976,0.4846129531390789,0.43779887495056147,0.1875,0.125,0.5290420363743108
label_smooth,370,63,189,3024,0.4834962375063591,0.437870101857524,0.16666666666666666,0.13541666666666666,0.5259458387738113
label_smooth,370,64,192,3072,0.4839947983196577,0.441191214812608,0.1875,0.15625,0.5280036713452656
label_smooth,370,65,195,3120,0.48305835969190625,0.4406776451657472,0.20833333333333334,0.16666666666666666,0.5282024579531869
label_smooth,370,66,198,3168,0.48195010936355454,0.43733883554516645,0.16666666666666666,0.15625,0.5272930683973547
label_smooth,370,67,201,3216,0.4820839364009537,0.43790570579277266,0.16666666666666666,0.14583333333333334,0.5257774558683785
label_smooth,370,68,204,3264,0.48457518583486525,0.44174323647827746,0.1875,0.125,0.5286089229053189
label_smooth,370,69,207,3312,0.48553450674090515,0.4424279766160189,0.1875,0.125,0.5268853376618997
label_smooth,370,70,210,3360,0.48429702397275687,0.44129302078723587,0.1875,0.125,0.5261025838363466
label_smooth,370,71,213,3408,0.48282922208542,0.4414292349620614,0.16666666666666666,0.14583333333333334,0.5243569035469936
label_smooth,370,72,216,3456,0.48264931953876106,0.4458654078294615,0.20833333333333334,0.16666666666666666,0.5273775453576149
label_smooth,370,73,219,3504,0.48143302364679785,0.4437265396459809,0.20833333333333334,0.16666666666666666,0.5263842151106242
label_smooth,370,74,222,3552,0.4821491946377936,0.4460464429667706,0.20833333333333334,0.16666666666666666,0.5252667642704386
label_smooth,370,75,225,3600,0.4815583543740128,0.44398456760401434,0.16666666666666666,0.15625,0.5242044132186734
label_smooth,370,76,228,3648,0.4816183624099737,0.4429074356221481,0.16666666666666666,0.14583333333333334,0.5243139548002734
label_smooth,370,77,231,3696,0.4813747079539077,0.4390737836235435,0.1875,0.125,0.5290290601539037
label_smooth,370,78,234,3744,0.48198382129253314,0.4432096548663113,0.1875,0.125,0.524606075951603
label_smooth,370,79,237,3792,0.4823394771324983,0.44947562349635967,0.20833333333333334,0.15625,0.5277990872993944
label_smooth,370,80,240,3840,0.48169858040003266,0.4491191463699428,0.20833333333333334,0.15625,0.5231690646859989
label_smooth,370,81,243,3888,0.4807914082829687,0.44768496711647776,0.1875,0.15625,0.5233934947378375
label_smooth,370,82,246,3936,0.48080964286111455,0.4454272819094789,0.16666666666666666,0.14583333333333334,0.5245673245544689
label_smooth,370,83,249,3984,0.48007904136042817,0.44405817649895846,0.16666666666666666,0.14583333333333334,0.5227236850558385
label_smooth,370,84,252,4032,0.47929342473231884,0.4455196022510795,0.16666666666666666,0.15625,0.5238084167013214
label_smooth,370,85,255,4080,0.4783872820655996,0.44119010741533476,0.16666666666666666,0.13541666666666666,0.5261051685381509
label_smooth,370,86,258,4128,0.47756620523253573,0.4437136889851936,0.1875,0.15625,0.5278603252594599
label_smooth,370,87,261,4176,0.47859194422686224,0.4484334537739085,0.1875,0.15625,0.5245487661008649
label_smooth,370,88,264,4224,0.4796335967545919,0.44964386210919477,0.1875,0.15625,0.5224135533867166
label_smooth,370,89,267,4272,0.48019148948734225,0.45070187814717605,0.16666666666666666,0.17708333333333334,0.5214808413170493
label_smooth,370,90,270,4320,0.47957182145121263,0.44749748051363514,0.16666666666666666,0.16666666666666666,0.5222797202214239
label_smooth,370,91,273,4368,0.4796846451917805,0.44742816787057355,0.16666666666666666,0.15625,0.5212924081958564
label_smooth,370,92,276,4416,0.47862530354456717,0.4455896961014987,0.16666666666666666,0.15625,0.5217103199231962
label_smooth,370,93,279,4464,0.4773772856661422,0.44740432957583715,0.16666666666666666,0.17708333333333334,0.5221181380412432
label_smooth,370,94,282,4512,0.4772485481795288,0.44844144022494503,0.16666666666666666,0.17708333333333334,0.5205247927539464
label_smooth,370,95,285,4560,0.4759986881284098,0.4466106401758212,0.1875,0.17708333333333334,0.5210034764625836
label_smooth,370,96,288,4608,0.4761446812613601,0.4493108491014836,0.1875,0.17708333333333334,0.5210622909493807
label_smooth,370,97,291,4656,0.4768013581096872,0.44949388625357933,0.1875,0.17708333333333334,0.5215159838314736
label_smooth,370,98,294,4704,0.47764670093072,0.4499254467622908,0.16666666666666666,0.17708333333333334,0.521506014649329
label_smooth,370,99,297,4752,0.47632967430466083,0.447645878583286,0.16666666666666666,0.17708333333333334,0.520781100337361
label_smooth,370,100,300,4800,0.47475352798914877,0.44525266263878155,0.16666666666666666,0.17708333333333334,0.5198030777090468
label_smooth,370,101,303,4848,0.47481575611102417,0.44846715864430126,0.1875,0.17708333333333334,0.5203130549874221
label_smooth,370,102,306,4896,0.4752191692663689,0.45140248726125193,0.1875,0.1875,0.5197610526692865
label_smooth,370,103,309,4944,0.474461760846848,0.4479652192324987,0.16666666666666666,0.17708333333333334,0.5196624695120677
label_smooth,370,104,312,4992,0.4744042271851661,0.44761510113266656,0.1875,0.17708333333333334,0.5194393111861868
label_smooth,370,105,315,5040,0.47546094975293024,0.44743691179453954,0.1875,0.16666666666666666,0.5209618308799947
label_smooth,370,106,318,5088,0.4752537098896876,0.4482758467264672,0.1875,0.17708333333333334,0.5185527092071703
label_smooth,370,107,321,5136,0.4745867824377168,0.4469680960864774,0.1875,0.16666666666666666,0.5192088536168478
label_smooth,370,108,324,5184,0.472089395528702,0.44475903816649764,0.1875,0.16666666666666666,0.5208894511812501
label_smooth,370,109,327,5232,0.47195832869783266,0.445085418954634,0.1875,0.15625,0.5183540171949852
label_smooth,370,110,330,5280,0.4731373954061824,0.44988424000473404,0.1875,0.17708333333333334,0.5189664139744495
label_smooth,370,111,333,5328,0.4720771497506225,0.4483765409240425,0.20833333333333334,0.17708333333333334,0.518175447143204
label_smooth,370,112,336,5376,0.47221244501207615,0.44933183386444825,0.20833333333333334,0.1875,0.5170437268020877
label_smooth,370,113,339,5424,0.47196092817406954,0.4455816943773767,0.1875,0.17708333333333334,0.5168015966710917
label_smooth,370,114,342,5472,0.4730481067326542,0.443887254679136,0.1875,0.16666666666666666,0.5203504075236346
label_smooth,370,115,345,5520,0.4720539148219834,0.44184980005627333,0.1875,0.17708333333333334,0.5208085758444319
label_smooth,370,116,348,5568,0.4708656885047966,0.44485063274275743,0.1875,0.16666666666666666,0.515465839031917
label_smooth,370,117,351,5616,0.4708807363654843,0.44964204496352655,0.1875,0.1875,0.5158996796085185
label_smooth,370,118,354,5664,0.47174171773021206,0.4541041202389276,0.1875,0.1875,0.5220927915830126
label_smooth,370,119,357,5712,0.4690800031478743,0.44576515325871724,0.1875,0.17708333333333334,0.5158775753521042
label_smooth,370,120,360,5760,0.4688724933313317,0.43717483621663983,0.16666666666666666,0.16666666666666666,0.5207275521857363
label_smooth,370,121,363,5808,0.4712451319130873,0.43740393387789345,0.20833333333333334,0.16666666666666666,0.5182894440030513
label_smooth,370,122,366,5856,0.46692375336978986,0.43464105224017396,0.16666666666666666,0.14583333333333334,0.5213322059275615
label_smooth,370,123,369,5904,0.4665611026190733,0.4377713323339767,0.1875,0.15625,0.5154527095200285
label_smooth,370,124,372,5952,0.46727620224708916,0.44142552305843147,0.1875,0.17708333333333334,0.5125530446547053
label_smooth,370,125,375,6000,0.4687510590509811,0.44631555007501184,0.1875,0.1875,0.5135823800496984
label_smooth,370,126,378,6048,0.4686538702078524,0.4452600935354943,0.1875,0.1875,0.514269468536232
label_smooth,370,127,381,6096,0.4661918019176971,0.438980980607776,0.1875,0.16666666666666666,0.5140922960094406
label_smooth,370,128,384,6144,0.4665482987822869,0.4361284983426284,0.16666666666666666,0.14583333333333334,0.5118029502268029
label_smooth,370,129,387,6192,0.466938954669905,0.4343690301889198,0.1875,0.15625,0.5122744468607857
label_smooth,370,130,390,6240,0.46489765157741275,0.432625474941798,0.16666666666666666,0.14583333333333334,0.5119991261080051
label_smooth,370,131,393,6288,0.4643029501496989,0.4350215639530039,0.1875,0.16666666666666666,0.5100617135556604
label_smooth,370,132,396,6336,0.4629039932996098,0.43293946607674805,0.1875,0.16666666666666666,0.5108935921529477
label_smooth,370,133,399,6384,0.46332000952272495,0.4358737109452097,0.1875,0.1875,0.5104210013627856
label_smooth,370,134,402,6432,0.46316140744143236,0.43819488446127725,0.1875,0.1875,0.5097460353558706
label_smooth,370,135,405,6480,0.4625732272796735,0.43133044339403853,0.1875,0.14583333333333334,0.5141898002823647
label_smooth,370,136,408,6528,0.46376292064278696,0.4301523358332935,0.1875,0.15625,0.5136329134177471
label_smooth,370,137,411,6576,0.46084029214806693,0.4289579130073286,0.1875,0.14583333333333334,0.5092405833622905
label_smooth,370,138,414,6624,0.4598103440231558,0.43296181854622656,0.1875,0.1875,0.5091848771280855
label_smooth,370,139,417,6672,0.46022315792313173,0.43688619626164615,0.1875,0.1875,0.5074137584479388
label_smooth,370,140,420,6720,0.4588346225496007,0.43214246748415314,0.1875,0.17708333333333334,0.5093759799388476
label_smooth,370,141,423,6768,0.45996292945416145,0.4357873515576078,0.1875,0.17708333333333334,0.5083887860706805
label_smooth,370,142,426,6816,0.458403547405488,0.43344339791225267,0.1875,0.17708333333333334,0.5056696665680745
label_smooth,370,143,429,6864,0.4569472199727859,0.43165023370496236,0.1875,0.17708333333333334,0.5052811320768607
label_smooth,370,144,432,6912,0.4569076074005369,0.42879203322493803,0.1875,0.16666666666666666,0.5061535518518828
label_smooth,370,145,435,6960,0.45663639981969717,0.4283026119632151,0.1875,0.16666666666666666,0.5048996860631201
label_smooth,370,146,438,7008,0.4554883956578017,0.4291894595135119,0.1875,0.17708333333333334,0.5034968000116261
label_smooth,370,147,441,7056,0.454664212867064,0.43254658778999994,0.1875,0.1875,0.5045105581339233
label_smooth,370,148,444,7104,0.45456573643271064,0.42958198718529067,0.1875,0.17708333333333334,0.5086837337043894
label_smooth,370,149,447,7152,0.45253515846871645,0.42945059960352766,0.1875,0.17708333333333334,0.5066471068894333
label_smooth,370,150,450,7200,0.45275596351187025,0.43106963559629996,0.1875,0.1875,0.5037476800895541
label_smooth,370,151,453,7248,0.45358623324672137,0.4326668726921274,0.1875,0.1875,0.5010324363288197
label_smooth,370,152,456,7296,0.4534825110975353,0.4350761046096909,0.1875,0.17708333333333334,0.5011791518457721
label_smooth,370,153,459,7344,0.451954002759751,0.43447659822431667,0.1875,0.1875,0.5020359719087953
label_smooth,370,154,462,7392,0.45062903488622047,0.4286174480293187,0.1875,0.17708333333333334,0.5052314782523323
label_smooth,370,155,465,7440,0.4520870324246215,0.43487566074526635,0.1875,0.1875,0.5041495199772403
label_smooth,370,156,468,7488,0.45187536893015245,0.4358928900825371,0.1875,0.1875,0.4993849955554934
label_smooth,370,157,471,7536,0.44978039638746975,0.4312813121431984,0.1875,0.17708333333333334,0.49959838355646013
label_smooth,370,158,474,7584,0.44925212762284766,0.42759267722539046,0.20833333333333334,0.16666666666666666,0.5028391648935977
label_smooth,370,159,477,7632,0.4471172390917082,0.4290206735642112,0.1875,0.1875,0.49918046617659934
label_smooth,370,160,480,7680,0.44760238450269707,0.4321113128541416,0.1875,0.1875,0.4981324072614239
label_smooth,371,0,0,0,0.6843186798445471,0.71151935509447,0.4583333333333333,0.5833333333333334,
label_smooth,371,1,3,48,0.5321470038649212,0.5404840721352892,0.2916666666666667,0.2708333333333333,0.615043248678183
label_smooth,371,2,6,96,0.5066571705189137,0.4656082530136758,0.22916666666666666,0.20833333333333334,0.5616869930357752
label_smooth,371,3,9,144,0.4905148344673806,0.42840040589978917,0.1875,0.15625,0.5476359637228386
label_smooth,371,4,12,192,0.48793244555019327,0.4277715225123702,0.20833333333333334,0.14583333333333334,0.5382860785836415
label_smooth,371,5,15,240,0.4946411765428434,0.4392266248326149,0.20833333333333334,0.16666666666666666,0.5381240213383932
label_smooth,371,6,18,288,0.49743022851828694,0.4465496860102191,0.20833333333333334,0.1875,0.539006769616947
label_smooth,371,7,21,336,0.4910443177016594,0.4408625733161789,0.20833333333333334,0.15625,0.5362575525392865
label_smooth,371,8,24,384,0.4888826781605924,0.4403595751682217,0.20833333333333334,0.15625,0.5369642523269196
label_smooth,371,9,27,432,0.4873619773356343,0.43816587878799756,0.1875,0.17708333333333334,0.5338555600255214
label_smooth,371,10,30,480,0.4872682313618084,0.4384197010128586,0.20833333333333334,0.17708333333333334,0.533937078876166
label_smooth,371,11,33,528,0.48802842114866357,0.439628439077663,0.1875,0.15625,0.5322297885696095
label_smooth,371,12,36,576,0.48873825702655904,0.4397249445744114,0.16666666666666666,0.13541666666666666,0.5308711485436558
label_smooth,371,13,39,624,0.488439391963484,0.43919656814398084,0.16666666666666666,0.13541666666666666,0.5298746302980958
label_smooth,371,14,42,672,0.48736123900504885,0.43707187389193486,0.16666666666666666,0.14583333333333334,0.5315505717091685
label_smooth,371,15,45,720,0.48772017850168825,0.43765090520819977,0.16666666666666666,0.13541666666666666,0.5290803065876272
label_smooth,371,16,48,768,0.48845174612516623,0.43799030437820335,0.1875,0.13541666666666666,0.5288961006459946
label_smooth,371,17,51,816,0.48935277105950664,0.4390669503641243,0.1875,0.125,0.5286672149999717
label_smooth,371,18,54,864,0.4897598809050032,0.44033718468628996,0.1875,0.125,0.5291813574855474
label_smooth,371,19,57,912,0.4893997428495065,0.4398605905139605,0.1875,0.125,0.5293706754701236
label_smooth,371,20,60,960,0.4886770941329231,0.43857646592402305,0.1875,0.125,0.5311395211436151
label_smooth,371,21,63,1008,0.48803547100613276,0.4384143712749584,0.1875,0.13541666666666666,0.5293905659250414
label_smooth,371,22,66,1056,0.48659962609258506,0.43708568242350543,0.1875,0.13541666666666666,0.5283093820780976
label_smooth,371,23,69,1104,0.48622854018687717,0.4376099009404288,0.1875,0.14583333333333334,0.5283082973929514
label_smooth,371,24,72,1152,0.4866488154479042,0.4402345441217239,0.20833333333333334,0.17708333333333334,0.5333290190059539
label_smooth,371,25,75,1200,0.4856711636609357,0.4377927350895015,0.1875,0.16666666666666666,0.5297828253241387
label_smooth,371,26,78,1248,0.48582458316311067,0.4373837671916671,0.1875,0.14583333333333334,0.5287116051844095
label_smooth,371,27,81,1296,0.4874579527864436,0.43677240213760543,0.1875,0.125,0.5325787464573452
label_smooth,371,28,84,1344,0.4874507106062409,0.43631634942580316,0.1875,0.125,0.5290631671581806
label_smooth,371,29,87,1392,0.4895583895616468,0.44075450040716185,0.1875,0.125,0.5319540508182682
label_smooth,371,30,90,1440,0.48827970576298085,0.44171325419242763,0.1875,0.13541666666666666,0.5300337991910368
label_smooth,371,31,93,1488,0.4864202609904728,0.4394561804875538,0.16666666666666666,0.14583333333333334,0.5286717858049649
label_smooth,371,32,96,1536,0.48576150879691093,0.43843688854522433,0.16666666666666666,0.15625,0.5279228666593545
label_smooth,371,33,99,1584,0.4856644055283996,0.4392030190810717,0.20833333333333334,0.16666666666666666,0.5291668059307196
label_smooth,371,34,102,1632,0.48546227175422635,0.43889170546884193,0.1875,0.15625,0.5285817263040631
label_smooth,371,35,105,1680,0.4860860372420089,0.43863108530526357,0.1875,0.13541666666666666,0.5283266619007229
label_smooth,371,36,108,1728,0.4866612057000366,0.43801123430610156,0.1875,0.125,0.528745184603537
label_smooth,371,37,111,1776,0.4855960956944581,0.43818519482404433,0.1875,0.13541666666666666,0.5299959580527059
label_smooth,371,38,114,1824,0.48659827288849744,0.4413008886863771,0.1875,0.13541666666666666,0.5282735302548773
label_smooth,371,39,117,1872,0.4856326685244963,0.44076865296136286,0.1875,0.14583333333333334,0.5284176763996302
label_smooth,371,40,120,1920,0.48573489239405937,0.4407445538333547,0.20833333333333334,0.13541666666666666,0.5293428074087502
label_smooth,371,41,123,1968,0.48496832876541784,0.4400746369225859,0.1875,0.13541666666666666,0.5272882146771541
label_smooth,371,42,126,2016,0.4847033656276887,0.4405702446163949,0.1875,0.15625,0.5277503074328136
label_smooth,371,43,129,2064,0.4837160507397679,0.437018051816652,0.16666666666666666,0.13541666666666666,0.5284145999907944
label_smooth,371,44,132,2112,0.48502677658928156,0.43911047155232025,0.1875,0.13541666666666666,0.5277439248688838
label_smooth,371,45,135,2160,0.4851420704542151,0.4405599984776755,0.1875,0.13541666666666666,0.5272396101542441
label_smooth,371,46,138,2208,0.48694505079014333,0.44524068092096747,0.1875,0.13541666666666666,0.5289888702885669
label_smooth,371,47,141,2256,0.485443946560812,0.44572644112993826,0.20833333333333334,0.16666666666666666,0.5302681404098264
label_smooth,371,48,144,2304,0.4842956638054372,0.44384981424766323,0.1875,0.15625,0.5265608535585228
label_smooth,371,49,147,2352,0.4836219780328559,0.440449105189128,0.16666666666666666,0.13541666666666666,0.5283540352950159
label_smooth,371,50,150,2400,0.48451246781483776,0.4406121689877442,0.1875,0.125,0.5286653882874782
label_smooth,371,51,153,2448,0.48383562225781224,0.4407099094241674,0.1875,0.125,0.5269001088561197
label_smooth,371,52,156,2496,0.4831537309722273,0.44465676049724695,0.20833333333333334,0.15625,0.5289965709281687
label_smooth,371,53,159,2544,0.48336943491155576,0.4461925501981612,0.20833333333333334,0.16666666666666666,0.5253158068244165
label_smooth,371,54,162,2592,0.48402984522705633,0.4472333366843671,0.1875,0.15625,0.5263735533212799
label_smooth,371,55,165,2640,0.48328383438660794,0.4425083314869807,0.1875,0.125,0.5310707286865819
label_smooth,371,56,168,2688,0.4838262495156123,0.44523675829271453,0.1875,0.13541666666666666,0.5262146321650211
label_smooth,371,57,171,2736,0.4823221899240578,0.4444232005528231,0.16666666666666666,0.14583333333333334,0.525209153521978
label_smooth,371,58,174,2784,0.4816993743149169,0.44467620406085256,0.16666666666666666,0.15625,0.524702193293692
label_smooth,371,59,177,2832,0.4806541482646482,0.4455722730670723,0.20833333333333334,0.16666666666666666,0.5275519273500636
label_smooth,371,60,180,2880,0.48123271249796423,0.4486742659909164,0.20833333333333334,0.1875,0.527946041598476
label_smooth,371,61,183,2928,0.48321432040038115,0.45225543167128807,0.20833333333333334,0.16666666666666666,0.5288295512578726
label_smooth,371,62,186,2976,0.4821751453106989,0.4469414909329648,0.1875,0.13541666666666666,0.5254100641715533
label_smooth,371,63,189,3024,0.4839063345928218,0.44788539937895816,0.1875,0.125,0.5256277542986053
label_smooth,371,64,192,3072,0.4839326332977509,0.4458857266471179,0.1875,0.125,0.529054203944067
label_smooth,371,65,195,3120,0.48129868552176197,0.447849349548236,0.16666666666666666,0.15625,0.5277574624470008
label_smooth,371,66,198,3168,0.4798461713992422,0.44762527037327837,0.16666666666666666,0.15625,0.5228568662957706
label_smooth,371,67,201,3216,0.4795746865517692,0.44975397570271775,0.20833333333333334,0.16666666666666666,0.523163080731998
label_smooth,371,68,204,3264,0.4796830676854211,0.4509254050708444,0.20833333333333334,0.15625,0.5235601192633124
label_smooth,371,69,207,3312,0.479928823948693,0.4516828942103002,0.1875,0.15625,0.5225396108935212
label_smooth,371,70,210,3360,0.4805748741838891,0.45372240123790036,0.16666666666666666,0.16666666666666666,0.5225503709236277
label_smooth,371,71,213,3408,0.4802252654282268,0.45222626741570343,0.16666666666666666,0.16666666666666666,0.5230060844256526
label_smooth,371,72,216,3456,0.4779254220014521,0.4475838665186429,0.16666666666666666,0.16666666666666666,0.5256625623018153
label_smooth,371,73,219,3504,0.47786734665535957,0.44734533101954327,0.16666666666666666,0.15625,0.5219141108150934
label_smooth,371,74,222,3552,0.4783956438991946,0.44728189846459115,0.1875,0.13541666666666666,0.5233981614441959
label_smooth,371,75,225,3600,0.4783190829953721,0.4488202786100364,0.16666666666666666,0.13541666666666666,0.5228935592871616
label_smooth,371,76,228,3648,0.48042022706931226,0.45717711226562746,0.16666666666666666,0.17708333333333334,0.5237169367346827
label_smooth,371,77,231,3696,0.47904665155539705,0.4581637679929688,0.20833333333333334,0.17708333333333334,0.522898901838187
label_smooth,371,78,234,3744,0.4793295955452277,0.4596858156804959,0.20833333333333334,0.1875,0.521539325018781
label_smooth,371,79,237,3792,0.47825220647236594,0.4549969046273385,0.16666666666666666,0.17708333333333334,0.5225439582525597
label_smooth,371,80,240,3840,0.4767016137820497,0.45180161300661653,0.16666666666666666,0.17708333333333334,0.5223921614221564
label_smooth,371,81,243,3888,0.47743696073940506,0.45644671182022006,0.1875,0.17708333333333334,0.5251259598301102
label_smooth,371,82,246,3936,0.47727375173344816,0.45484534024674655,0.16666666666666666,0.17708333333333334,0.5225049479469716
label_smooth,371,83,249,3984,0.476513933574275,0.45369143292127617,0.16666666666666666,0.16666666666666666,0.5228271595381736
label_smooth,371,84,252,4032,0.4755969233134485,0.4522451021362485,0.16666666666666666,0.17708333333333334,0.5211997435756315
label_smooth,371,85,255,4080,0.4760066132440131,0.45104808384734313,0.16666666666666666,0.15625,0.524012014759912
label_smooth,371,86,258,4128,0.4761275761109587,0.45368392515319744,0.16666666666666666,0.17708333333333334,0.5193796049300786
label_smooth,371,87,261,4176,0.47521692537908305,0.4549557473349295,0.1875,0.17708333333333334,0.5206109831052398
label_smooth,371,88,264,4224,0.47677233287043413,0.46093484797248546,0.20833333333333334,0.1875,0.5211146257388414
label_smooth,371,89,267,4272,0.4771243300650648,0.4634679303789592,0.20833333333333334,0.20833333333333334,0.5220815779104154
label_smooth,371,90,270,4320,0.47554583790770216,0.45751384297024433,0.20833333333333334,0.17708333333333334,0.5199549036486982
label_smooth,371,91,273,4368,0.47546745128592754,0.45571465630082314,0.1875,0.17708333333333334,0.5200131661996625
label_smooth,371,92,276,4416,0.47400918061473823,0.451631792509166,0.1875,0.16666666666666666,0.5200671894141555
label_smooth,371,93,279,4464,0.4748787485802084,0.45762251469420323,0.20833333333333334,0.17708333333333334,0.5261740076072386
label_smooth,371,94,282,4512,0.47441113257983786,0.454163424537609,0.16666666666666666,0.17708333333333334,0.518238133892618
label_smooth,371,95,285,4560,0.4742777440896327,0.452942014254018,0.1875,0.16666666666666666,0.5205703630674685
label_smooth,371,96,288,4608,0.47279656869986414,0.45255870075913496,0.1875,0.17708333333333334,0.5205866618379029
label_smooth,371,97,291,4656,0.47393052064855506,0.4575404424906735,0.20833333333333334,0.1875,0.5207692388900392
label_smooth,371,98,294,4704,0.4730153690283019,0.45440401770373073,0.1875,0.17708333333333334,0.517623588538994
label_smooth,371,99,297,4752,0.47201286058110453,0.4531707222107904,0.1875,0.17708333333333334,0.5170692500808193
label_smooth,371,100,300,4800,0.4715487020981777,0.4539724960160683,0.20833333333333334,0.17708333333333334,0.5179971982892208
label_smooth,371,101,303,4848,0.4721528086297,0.45262110017587465,0.1875,0.17708333333333334,0.5198099615370134
label_smooth,371,102,306,4896,0.472375978679272,0.4558308969043086,0.20833333333333334,0.17708333333333334,0.5177784504818116
label_smooth,371,103,309,4944,0.47302155942722685,0.4536646675791623,0.1875,0.16666666666666666,0.5197672352789441
label_smooth,371,104,312,4992,0.4708806932968422,0.4522788419788019,0.20833333333333334,0.17708333333333334,0.5182615222416055
label_smooth,371,105,315,5040,0.4719715715579424,0.4560960836010673,0.20833333333333334,0.19791666666666666,0.5195225274601837
label_smooth,371,106,318,5088,0.4705377266705865,0.454356638607926,0.20833333333333334,0.19791666666666666,0.5157572231975935
label_smooth,371,107,321,5136,0.469657737309995,0.4500953623177411,0.20833333333333334,0.17708333333333334,0.5160240479549524
label_smooth,371,108,324,5184,0.4691636001933836,0.4495318007241716,0.20833333333333334,0.17708333333333334,0.5152627978577629
label_smooth,371,109,327,5232,0.46837417972141543,0.4471292850748489,0.1875,0.16666666666666666,0.5140704723037081
label_smooth,371,110,330,5280,0.46851196825175084,0.4498838097814855,0.20833333333333334,0.1875,0.5162532488258442
label_smooth,371,111,333,5328,0.4693243455898837,0.4478075435024076,0.1875,0.16666666666666666,0.5174795179740748
label_smooth,371,112,336,5376,0.4684579726358609,0.44903880514278044,0.20833333333333334,0.17708333333333334,0.5141203358111776
label_smooth,371,113,339,5424,0.4666687405351005,0.44800456519264736,0.1875,0.1875,0.5142196273611379
label_smooth,371,114,342,5472,0.4651314711789998,0.4445426780207169,0.1875,0.16666666666666666,0.5141929365024868
label_smooth,371,115,345,5520,0.4649128744774032,0.44557547564329925,0.1875,0.1875,0.5131965426556583
label_smooth,371,116,348,5568,0.4659719604011953,0.4477293217278235,0.1875,0.1875,0.5132582919498719
label_smooth,371,117,351,5616,0.46644710101182807,0.4497261727532491,0.1875,0.1875,0.5122490649963636
label_smooth,371,118,354,5664,0.4659962815031289,0.44763893224074813,0.1875,0.1875,0.510505151204608
label_smooth,371,119,357,5712,0.4664074619900577,0.4443061444437307,0.1875,0.17708333333333334,0.5127375392330028
label_smooth,371,120,360,5760,0.4647871477124655,0.4429831478731856,0.20833333333333334,0.15625,0.5114112040306781
label_smooth,371,121,363,5808,0.46309506751877444,0.4429513375897723,0.1875,0.16666666666666666,0.5101706449285378
label_smooth,371,122,366,5856,0.46216888549085405,0.4447392080556436,0.1875,0.1875,0.511114573869931
label_smooth,371,123,369,5904,0.46254095586383803,0.44867461404678305,0.1875,0.1875,0.5105709271387741
label_smooth,371,124,372,5952,0.46237455960727614,0.44932680537202613,0.1875,0.1875,0.509328169396886
label_smooth,371,125,375,6000,0.4607890866316473,0.4440538914382646,0.1875,0.17708333333333334,0.509702096464819
label_smooth,371,126,378,6048,0.4599799253493549,0.4398097095599704,0.1875,0.14583333333333334,0.5088384489386323
label_smooth,371,127,381,6096,0.4588370059183567,0.4390441346091479,0.1875,0.15625,0.5088743198532633
label_smooth,371,128,384,6144,0.46006449003965194,0.43774085061708384,0.1875,0.16666666666666666,0.5104374422386122
label_smooth,371,129,387,6192,0.45911681299524415,0.44254755573574805,0.20833333333333334,0.17708333333333334,0.5109530341893254
label_smooth,371,130,390,6240,0.4574331099586939,0.4434246378554598,0.1875,0.1875,0.5107846779725498
label_smooth,371,131,393,6288,0.4581412595272811,0.4428991047714433,0.1875,0.1875,0.5086327119430892
label_smooth,371,132,396,6336,0.45962762115117356,0.4502568174375677,0.1875,0.1875,0.5080356041091817
label_smooth,371,133,399,6384,0.4569547772383758,0.44267926657036744,0.1875,0.1875,0.5081429757627495
label_smooth,371,134,402,6432,0.45801461266355675,0.44318720003376716,0.1875,0.1875,0.5075145580091167
label_smooth,371,135,405,6480,0.45804405168139795,0.44566758385426136,0.1875,0.1875,0.5049935339186101
label_smooth,371,136,408,6528,0.4568480989779946,0.4452025904468897,0.1875,0.1875,0.5035346927956948
label_smooth,371,137,411,6576,0.45464090549879027,0.44396259542901434,0.1875,0.17708333333333334,0.5037988442858977
label_smooth,371,138,414,6624,0.45351203440277815,0.444295796015093,0.1875,0.1875,0.5048614900533454
label_smooth,371,139,417,6672,0.45414180081132427,0.4466288138557799,0.1875,0.1875,0.504825994985937
label_smooth,371,140,420,6720,0.4526454212938163,0.4411438879286926,0.1875,0.1875,0.5042297036213503
label_smooth,371,141,423,6768,0.4519124331049915,0.43826599173863023,0.20833333333333334,0.16666666666666666,0.5031055695475849
label_smooth,371,142,426,6816,0.4510306398432529,0.4380782028952935,0.1875,0.1875,0.5046715076400644
label_smooth,371,143,429,6864,0.45138083388566413,0.4454193333013297,0.1875,0.19791666666666666,0.5054212754894443
label_smooth,371,144,432,6912,0.4533291805105348,0.4466564647577706,0.20833333333333334,0.20833333333333334,0.5046249843877558
label_smooth,371,145,435,6960,0.4519845585968379,0.44839979227055027,0.20833333333333334,0.19791666666666666,0.503397458745869
label_smooth,371,146,438,7008,0.4498602674891163,0.4440351714932172,0.1875,0.1875,0.5010005485860884
label_smooth,371,147,441,7056,0.44922252390679845,0.44087636750665515,0.1875,0.1875,0.5005241191657821
label_smooth,371,148,444,7104,0.44970044789042274,0.4417508675841109,0.1875,0.19791666666666666,0.5008705500003976
label_smooth,371,149,447,7152,0.44978855583423377,0.44586765365000663,0.1875,0.19791666666666666,0.4997481936532342
label_smooth,371,150,450,7200,0.44852407058638755,0.4456309192295371,0.1875,0.19791666666666666,0.49729305076221336
label_smooth,371,151,453,7248,0.44749255055542214,0.4458111136356287,0.1875,0.19791666666666666,0.4973529750368753
label_smooth,371,152,456,7296,0.44590235265716577,0.44474318168792876,0.1875,0.19791666666666666,0.4992540824194112
label_smooth,371,153,459,7344,0.44721233679317657,0.44988524743277064,0.20833333333333334,0.20833333333333334,0.5000647539709151
label_smooth,371,154,462,7392,0.4477282898323179,0.4490423060239097,0.20833333333333334,0.20833333333333334,0.4979541250482807
label_smooth,371,155,465,7440,0.4468280970996459,0.4452244988215961,0.22916666666666666,0.20833333333333334,0.5007880432133547
label_smooth,371,156,468,7488,0.4446869264785491,0.4467450449079564,0.1875,0.19791666666666666,0.49981862052941906
label_smooth,371,157,471,7536,0.4447005132409703,0.4460738839996363,0.1875,0.1875,0.4957597608862538
label_smooth,371,158,474,7584,0.4446784110473219,0.44662922643827246,0.1875,0.1875,0.4942692158815835
label_smooth,371,159,477,7632,0.44325593933715174,0.4487174926225406,0.1875,0.19791666666666666,0.4960783956533635
label_smooth,371,160,480,7680,0.44267254932198924,0.44373325265319896,0.1875,0.19791666666666666,0.49697105993866764
label_smooth,372,0,0,0,0.7038815098155168,0.7001586056651311,0.7083333333333334,0.6145833333333334,
label_smooth,372,1,3,48,0.5680178381140136,0.5673832815737377,0.2708333333333333,0.19791666666666666,0.6581280219866424
label_smooth,372,2,6,96,0.5077336651777842,0.48199019845751856,0.22916666666666666,0.1875,0.5627303789012257
label_smooth,372,3,9,144,0.4961156964006068,0.44131155854449416,0.22916666666666666,0.15625,0.5340512043987835
label_smooth,372,4,12,192,0.49326840360942215,0.4220065115335092,0.1875,0.13541666666666666,0.5456298780175022
label_smooth,372,5,15,240,0.4886703723781756,0.4177367312950048,0.1875,0.125,0.5443251245371789
label_smooth,372,6,18,288,0.4855438188019798,0.4262506297176583,0.1875,0.125,0.5455508716874314
label_smooth,372,7,21,336,0.48728619821210595,0.4316226863173888,0.1875,0.125,0.5304074890366318
label_smooth,372,8,24,384,0.49060939589634517,0.43884824469577893,0.20833333333333334,0.125,0.5292597084304141
label_smooth,372,9,27,432,0.4933081277756868,0.44499272669556844,0.20833333333333334,0.14583333333333334,0.5332092316657209
label_smooth,372,10,30,480,0.4932659898950977,0.4454391446805863,0.20833333333333334,0.14583333333333334,0.5321039425626335
label_smooth,372,11,33,528,0.49093037229929354,0.4419267916065976,0.20833333333333334,0.14583333333333334,0.5327474598426657
label_smooth,372,12,36,576,0.4887197220784767,0.43744420343745033,0.20833333333333334,0.13541666666666666,0.5305363629473295
label_smooth,372,13,39,624,0.48872504740334116,0.4372105515848634,0.20833333333333334,0.13541666666666666,0.530728859043954
label_smooth,372,14,42,672,0.4883250956827409,0.43417397014535486,0.1875,0.125,0.5324907909835034
label_smooth,372,15,45,720,0.48700637069836955,0.42943252102580826,0.1875,0.125,0.5313949762357423
label_smooth,372,16,48,768,0.48737745047781417,0.4306904735102874,0.1875,0.125,0.5296654666584023
label_smooth,372,17,51,816,0.4870460299205896,0.43119704953470767,0.1875,0.13541666666666666,0.5297278114216808
label_smooth,372,18,54,864,0.48880059577061874,0.43567287203341376,0.1875,0.13541666666666666,0.5314521479366127
label_smooth,372,19,57,912,0.48982882335431815,0.4382831278019297,0.1875,0.13541666666666666,0.5302747028468188
label_smooth,372,20,60,960,0.48980192383712523,0.4395244268957339,0.16666666666666666,0.13541666666666666,0.5303362603336755
label_smooth,372,21,63,1008,0.490276769350166,0.44034904489865173,0.1875,0.13541666666666666,0.5315864741253025
label_smooth,372,22,66,1056,0.48839711040906825,0.4370387600057352,0.16666666666666666,0.14583333333333334,0.5304554177573664
label_smooth,372,23,69,1104,0.48705087399812613,0.43252374056832893,0.1875,0.13541666666666666,0.5310577007281237
label_smooth,372,24,72,1152,0.48746357014872843,0.43436520348094065,0.1875,0.13541666666666666,0.5305006957701816
label_smooth,372,25,75,1200,0.4871428987999466,0.4339292145853541,0.16666666666666666,0.13541666666666666,0.5293069088409411
label_smooth,372,26,78,1248,0.4863681270541435,0.43113236758245965,0.1875,0.13541666666666666,0.5308255104122394
label_smooth,372,27,81,1296,0.4871504018183848,0.4328563977502096,0.1875,0.13541666666666666,0.5308757062097099
label_smooth,372,28,84,1344,0.487844405844091,0.43453105314006635,0.1875,0.13541666666666666,0.5293571234096399
label_smooth,372,29,87,1392,0.4883217143667327,0.4360109317114868,0.1875,0.13541666666666666,0.5293352249640196
label_smooth,372,30,90,1440,0.49048818666667043,0.43966841075709623,0.1875,0.13541666666666666,0.5335219429608369
label_smooth,372,31,93,1488,0.48801544328291896,0.4350545509456931,0.1875,0.13541666666666666,0.5296295546385813
label_smooth,372,32,96,1536,0.48803080087868583,0.43589753976303286,0.1875,0.13541666666666666,0.5303036930464541
label_smooth,372,33,99,1584,0.48680121735220605,0.4323084975940616,0.1875,0.13541666666666666,0.5300891587061588
label_smooth,372,34,102,1632,0.486025147587009,0.4302180730386795,0.1875,0.13541666666666666,0.5289665909932322
label_smooth,372,35,105,1680,0.4861670096711945,0.4318373215070294,0.1875,0.13541666666666666,0.530285209108954
label_smooth,372,36,108,1728,0.4863774158550906,0.4320912723834039,0.1875,0.13541666666666666,0.529401138771282
label_smooth,372,37,111,1776,0.48555203518876616,0.42913151796650645,0.1875,0.13541666666666666,0.5323478217332949
label_smooth,372,38,114,1824,0.4868801392307189,0.43370830283845013,0.1875,0.13541666666666666,0.5315256321752813
label_smooth,372,39,117,1872,0.48930846466903505,0.4388303371806852,0.1875,0.13541666666666666,0.5297457280567005
label_smooth,372,40,120,1920,0.4902251045400155,0.43916815052667335,0.1875,0.13541666666666666,0.5295582459392743
label_smooth,372,41,123,1968,0.48899076996167573,0.43622055440904,0.1875,0.125,0.5306429465504342
label_smooth,372,42,126,2016,0.4887406494785358,0.4357338298997284,0.1875,0.125,0.5290329087303345
label_smooth,372,43,129,2064,0.48803288107610504,0.43382482539157513,0.1875,0.125,0.5298932694886518
label_smooth,372,44,132,2112,0.48775398268235093,0.4333979326525203,0.1875,0.125,0.5299122523497929
label_smooth,372,45,135,2160,0.486593757169657,0.4318303896548052,0.1875,0.13541666666666666,0.5295036596621786
label_smooth,372,46,138,2208,0.4868436329087349,0.4334140117176711,0.1875,0.13541666666666666,0.5282081257844004
label_smooth,372,47,141,2256,0.48803053055805506,0.43674770674178304,0.16666666666666666,0.13541666666666666,0.5292728464885802
label_smooth,372,48,144,2304,0.4885246627875204,0.43865080188129507,0.1875,0.15625,0.5295521380933701
label_smooth,372,49,147,2352,0.48791125183222395,0.43753081920755355,0.1875,0.16666666666666666,0.5309177264631778
label_smooth,372,50,150,2400,0.4887527949183315,0.43860092267023365,0.1875,0.14583333333333334,0.5304354414035849
label_smooth,372,51,153,2448,0.4871372267099992,0.4335516274298284,0.1875,0.13541666666666666,0.529719047513745
label_smooth,372,52,156,2496,0.48761187108587695,0.43416041177223735,0.1875,0.13541666666666666,0.5286492799552042
label_smooth,372,53,159,2544,0.4871191268666877,0.4320565695817489,0.1875,0.125,0.5293197044922764
label_smooth,372,54,162,2592,0.4882198229868535,0.4340721128743891,0.1875,0.125,0.5300167965325724
label_smooth,372,55,165,2640,0.4870692874015427,0.4324490834131656,0.1875,0.13541666666666666,0.5288218115496165
label_smooth,372,56,168,2688,0.48608319240716763,0.4302946822624126,0.1875,0.13541666666666666,0.5301403267515402
label_smooth,372,57,171,2736,0.4875606050359726,0.4345793393861266,0.1875,0.13541666666666666,0.5307747168274276
label_smooth,372,58,174,2784,0.4879777498107603,0.4355024944936579,0.1875,0.13541666666666666,0.5291654328620451
label_smooth,372,59,177,2832,0.48596977442991834,0.43098642120730135,0.1875,0.13541666666666666,0.5312895984166551
label_smooth,372,60,180,2880,0.48614270465344367,0.4316838315267919,0.1875,0.13541666666666666,0.5286211081893354
label_smooth,372,61,183,2928,0.4865245506045621,0.43200477393558173,0.1875,0.13541666666666666,0.5295977062023819
label_smooth,372,62,186,2976,0.488280613633229,0.4362620410931586,0.1875,0.13541666666666666,0.5299883649736193
label_smooth,372,63,189,3024,0.48875326378913275,0.43679166057953056,0.1875,0.13541666666666666,0.5291814455215849
label_smooth,372,64,192,3072,0.48798082116893804,0.43577206486827486,0.1875,0.13541666666666666,0.5284165504982957
label_smooth,372,65,195,3120,0.4871493279378516,0.43495055396527366,0.1875,0.13541666666666666,0.5288835562351691
label_smooth,372,66,198,3168,0.4877807959542862,0.43608820418139826,0.1875,0.13541666666666666,0.5293460692846169
label_smooth,372,67,201,3216,0.4874494333015978,0.4360405296376561,0.1875,0.13541666666666666,0.5285633976788867
label_smooth,372,68,204,3264,0.4858193954710019,0.43192230740780246,0.16666666666666666,0.14583333333333334,0.5313731927927203
label_smooth,372,69,207,3312,0.4863427711587171,0.4330090668570099,0.1875,0.13541666666666666,0.5288015321860068
label_smooth,372,70,210,3360,0.4858389264256806,0.4297980094646845,0.1875,0.125,0.532828339453762
label_smooth,372,71,213,3408,0.4862906751037441,0.4306645436236007,0.1875,0.125,0.5290342579314866
label_smooth,372,72,216,3456,0.48807894193235163,0.43545004387814745,0.1875,0.13541666666666666,0.5295875229540828
label_smooth,372,73,219,3504,0.48883326129737026,0.438902863366021,0.20833333333333334,0.13541666666666666,0.5311001373368843
label_smooth,372,74,222,3552,0.4883895821937583,0.4377924281579733,0.1875,0.13541666666666666,0.5284729279280406
label_smooth,372,75,225,3600,0.4882403811962231,0.4376885186901828,0.20833333333333334,0.13541666666666666,0.5286746083633374
label_smooth,372,76,228,3648,0.48694220918761727,0.433818593505086,0.1875,0.13541666666666666,0.5297626437961306
label_smooth,372,77,231,3696,0.48671006259857946,0.43330680468299015,0.1875,0.13541666666666666,0.5289221895625223
label_smooth,372,78,234,3744,0.4871603919816279,0.4331787164696976,0.1875,0.125,0.5291896441313462
label_smooth,372,79,237,3792,0.48680788591317076,0.4336298047246781,0.1875,0.13541666666666666,0.5296039435674474
label_smooth,372,80,240,3840,0.48762867826994283,0.4355587548328606,0.1875,0.13541666666666666,0.5295021321598656
label_smooth,372,81,243,3888,0.4865856730247031,0.43362475970452746,0.1875,0.13541666666666666,0.5297375877487767
label_smooth,372,82,246,3936,0.48614634937916135,0.433015619813909,0.1875,0.13541666666666666,0.5284521219943549
label_smooth,372,83,249,3984,0.48522490768121074,0.4300278250244202,0.1875,0.13541666666666666,0.5295600506424032
label_smooth,372,84,252,4032,0.48556030791246424,0.4296026848958186,0.1875,0.125,0.5300019930806958
label_smooth,372,85,255,4080,0.4875050579437914,0.4329810112998724,0.1875,0.125,0.5304806680493821
label_smooth,372,86,258,4128,0.4885224500961378,0.4342943371584353,0.1875,0.125,0.5306578335985255
label_smooth,372,87,261,4176,0.488006260635625,0.43583293139961254,0.1875,0.13541666666666666,0.5294993760667818
label_smooth,372,88,264,4224,0.4885705250813574,0.4391906434910089,0.1875,0.13541666666666666,0.5306821488683996
label_smooth,372,89,267,4272,0.4880211000396679,0.439061636614728,0.1875,0.16666666666666666,0.5298845366855868
label_smooth,372,90,270,4320,0.4877515635598742,0.43866976950302977,0.1875,0.16666666666666666,0.529103077402779
label_smooth,372,91,273,4368,0.48648524471138394,0.43494216132882463,0.1875,0.14583333333333334,0.5281280130011715
label_smooth,372,92,276,4416,0.4853483993799616,0.43189223377716307,0.16666666666666666,0.13541666666666666,0.5285970002220416
label_smooth,372,93,279,4464,0.4860640880500346,0.43274890201829813,0.1875,0.13541666666666666,0.5283438290979777
label_smooth,372,94,282,4512,0.4852747391143624,0.43058078252286663,0.1875,0.13541666666666666,0.5292536756046055
label_smooth,372,95,285,4560,0.48566496989056634,0.43062753626094324,0.1875,0.125,0.5281585088490551
label_smooth,372,96,288,4608,0.4885132870577244,0.435389009062041,0.1875,0.125,0.5314912962749053
label_smooth,372,97,291,4656,0.4882798496889295,0.436379888687169,0.1875,0.125,0.5299763533370008
label_smooth,372,98,294,4704,0.48724817699098555,0.43341120468823685,0.1875,0.125,0.5288629368584171
label_smooth,372,99,297,4752,0.486185132263296,0.4326682309196543,0.1875,0.13541666666666666,0.5291940905191987
label_smooth,372,100,300,4800,0.48538627483040075,0.431440405454347,0.1875,0.13541666666666666,0.5280837481943843
label_smooth,372,101,303,4848,0.4865529092166075,0.4344439401702802,0.1875,0.13541666666666666,0.5283579005871712
label_smooth,372,102,306,4896,0.48728971724244946,0.43559579594519265,0.1875,0.13541666666666666,0.5289867358320967
label_smooth,372,103,309,4944,0.4860146823211406,0.433720952085827,0.1875,0.13541666666666666,0.5279717848067267
label_smooth,372,104,312,4992,0.48743560917214684,0.4375375754603708,0.1875,0.13541666666666666,0.5300877143758285
label_smooth,372,105,315,5040,0.48591546013476766,0.4349368101912963,0.1875,0.14583333333333334,0.5295913792315812
label_smooth,372,106,318,5088,0.48585403641269725,0.4342280606395012,0.1875,0.13541666666666666,0.527639434154305
label_smooth,372,107,321,5136,0.4858790329201376,0.4336131103004495,0.1875,0.13541666666666666,0.5280311773457014
label_smooth,372,108,324,5184,0.4855314965663948,0.43044534064369344,0.1875,0.125,0.5316063824015953
label_smooth,372,109,327,5232,0.4855759654500376,0.43046993467203915,0.1875,0.125,0.5302423987451084
label_smooth,372,110,330,5280,0.4862409569328068,0.4339352779264938,0.1875,0.125,0.5277455977329913
label_smooth,372,111,333,5328,0.48612190633837643,0.435165147903623,0.1875,0.13541666666666666,0.5268608970133913
label_smooth,372,112,336,5376,0.48715108385387795,0.43901971500451675,0.1875,0.13541666666666666,0.5294431681171345
label_smooth,372,113,339,5424,0.4863159055191549,0.4380565261952291,0.1875,0.14583333333333334,0.5284071042679842
label_smooth,372,114,342,5472,0.48603995452763876,0.43723182259135934,0.1875,0.13541666666666666,0.5274127374699944
label_smooth,372,115,345,5520,0.48571431288650696,0.4365846760310271,0.20833333333333334,0.13541666666666666,0.5277120161961294
label_smooth,372,116,348,5568,0.4868723413688767,0.43961519293380896,0.20833333333333334,0.13541666666666666,0.5304908714061741
label_smooth,372,117,351,5616,0.48642224349990615,0.4367734999829665,0.1875,0.13541666666666666,0.527912808151119
label_smooth,372,118,354,5664,0.4852310203570976,0.43450785755547744,0.1875,0.13541666666666666,0.5278658150878027
label_smooth,372,119,357,5712,0.4844177579658227,0.4328443374383501,0.1875,0.13541666666666666,0.5274055580449355
label_smooth,372,120,360,5760,0.48585082308034694,0.4331501503960115,0.1875,0.125,0.5308207572264968
label_smooth,372,121,363,5808,0.4857432565254647,0.4333626228601437,0.1875,0.125,0.5275596488986632
label_smooth,372,122,366,5856,0.48531268827706886,0.4342483247540429,0.1875,0.125,0.5265710428599814
label_smooth,372,123,369,5904,0.4845220852537979,0.4345500885035218,0.1875,0.13541666666666666,0.5263596218954273
label_smooth,372,124,372,5952,0.4840269273532794,0.4351739132311394,0.1875,0.13541666666666666,0.5258347812670802
label_smooth,372,125,375,6000,0.4854791867956228,0.4408159034992883,0.1875,0.15625,0.5307976388353092
label_smooth,372,126,378,6048,0.48489531075914355,0.43946678002811873,0.1875,0.14583333333333334,0.5263143985640687
label_smooth,372,127,381,6096,0.4851020932107852,0.4384495542149467,0.1875,0.13541666666666666,0.528694897625876
label_smooth,372,128,384,6144,0.484542439934803,0.4373966768271607,0.1875,0.13541666666666666,0.5261419601734569
label_smooth,372,129,387,6192,0.48338161350867886,0.4348718813847053,0.1875,0.125,0.5262361220564529
label_smooth,372,130,390,6240,0.4837433926240839,0.43732684246145165,0.1875,0.13541666666666666,0.5264953764183863
label_smooth,372,131,393,6288,0.4830636411707793,0.43682117521043845,0.1875,0.13541666666666666,0.5248760595167542
label_smooth,372,132,396,6336,0.4821905557056301,0.43601436956761214,0.1875,0.13541666666666666,0.5253151430966401
label_smooth,372,133,399,6384,0.48141791929455396,0.4347860370603494,0.16666666666666666,0.13541666666666666,0.5258958315624913
label_smooth,372,134,402,6432,0.4827408394539729,0.4381652249569881,0.1875,0.13541666666666666,0.5262070687792256
label_smooth,372,135,405,6480,0.4818358529401678,0.4360409137094652,0.1875,0.13541666666666666,0.5255886773121838
label_smooth,372,136,408,6528,0.48200498749214354,0.43605089233408484,0.1875,0.13541666666666666,0.5251409402310324
label_smooth,372,137,411,6576,0.48217374064967117,0.4373163174510437,0.1875,0.13541666666666666,0.5240366951494793
label_smooth,372,138,414,6624,0.4835875853813099,0.4430552541302108,0.16666666666666666,0.14583333333333334,0.5262215703768355
label_smooth,372,139,417,6672,0.4830585741944564,0.44337097156780564,0.1875,0.15625,0.5254850590888231
label_smooth,372,140,420,6720,0.48332273505738793,0.44485730637067866,0.1875,0.15625,0.5259569753333028
label_smooth,372,141,423,6768,0.48334666196798737,0.44471381749441563,0.16666666666666666,0.14583333333333334,0.5245316313593523
label_smooth,372,142,426,6816,0.4836878057772263,0.44364897817028587,0.1875,0.13541666666666666,0.5246924905099556
label_smooth,372,143,429,6864,0.4831895895743612,0.43927507303786967,0.1875,0.125,0.5252548492554283
label_smooth,372,144,432,6912,0.4811520506022009,0.4363692658863356,0.1875,0.125,0.5242762164409714
label_smooth,372,145,435,6960,0.4799433430184414,0.4373815609343876,0.1875,0.125,0.5252660734713426
label_smooth,372,146,438,7008,0.479100664206058,0.4349364599994307,0.1875,0.125,0.523964914700872
label_smooth,372,147,441,7056,0.47814714303775313,0.43482849943441737,0.1875,0.125,0.5235659832180974
label_smooth,372,148,444,7104,0.4788508351572278,0.4375542506161951,0.1875,0.125,0.5237787320914867
label_smooth,372,149,447,7152,0.4790793617354696,0.4406830941266994,0.16666666666666666,0.13541666666666666,0.5220047576845422
label_smooth,372,150,450,7200,0.47858376729337787,0.4405741947330594,0.16666666666666666,0.14583333333333334,0.5229050469022304
label_smooth,372,151,453,7248,0.4802410776566261,0.4452371759905727,0.16666666666666666,0.14583333333333334,0.5229199777251217
label_smooth,372,152,456,7296,0.48139097770479106,0.4457200931355169,0.1875,0.125,0.525717651724587
label_smooth,372,153,459,7344,0.4810740115840173,0.4464967667946862,0.1875,0.13541666666666666,0.5223603424388082
label_smooth,372,154,462,7392,0.4797548584575502,0.44373565901280987,0.1875,0.13541666666666666,0.5210443043181143
label_smooth,372,155,465,7440,0.47758714865414365,0.4383580363320622,0.1875,0.125,0.5226238864785946
label_smooth,372,156,468,7488,0.4774825563465693,0.4392229290446305,0.1875,0.125,0.5214669177879545
label_smooth,372,157,471,7536,0.4785491789530954,0.44311490869507625,0.16666666666666666,0.14583333333333334,0.5231119959655547
label_smooth,372,158,474,7584,0.47708048095798833,0.44065954402794355,0.16666666666666666,0.14583333333333334,0.5219286455380217
label_smooth,372,159,477,7632,0.47768563648098866,0.43993787283024094,0.1875,0.125,0.5242721616125513
label_smooth,372,160,480,7680,0.47596561308046975,0.4380775426086097,0.1875,0.125,0.5215364877912534
