activation,alpha,seed,layer,derivative_second,small_derivative_fraction,inactive_fraction,mean_unit_data_variance,variance_unit_data_means,z_mean,z_variance,z_second,z_q01,z_q50,z_q99,z_zero_fraction,h_mean,h_variance,h_second,h_q01,h_q50,h_q99,h_zero_fraction,task_grad_mean,task_grad_variance,task_grad_second,task_grad_q01,task_grad_q50,task_grad_q99,task_grad_zero_fraction,probe_grad_mean,probe_grad_variance,probe_grad_second,probe_grad_q01,probe_grad_q50,probe_grad_q99,probe_grad_zero_fraction
linear,0.5,35,1,1.0,0.0,0.0,0.2515015642531404,3.5490347437006217e-34,3.469446951953614e-18,0.2515015642531404,0.2515015642531404,-1.206547499451082,0.0036461511435022693,1.1675437926735794,0.0,3.469446951953614e-18,0.2515015642531404,0.2515015642531404,-1.206547499451082,0.0036461511435022693,1.1675437926735794,0.0,-2.839132843066638e-10,3.586652324132048e-14,3.586660384807349e-14,-6.000861457601337e-07,9.912434695062254e-11,5.407235147322474e-07,0.0,2.6664367402863866e-10,2.382734322958012e-11,2.382734330067897e-11,-1.2376030932920648e-05,2.6134062415348728e-08,1.199969491672233e-05,0.0
linear,0.5,35,2,1.0,0.0,0.0,0.060673740568859665,9.706613327616237e-35,4.336808689942018e-19,0.060673740568859665,0.060673740568859665,-0.5814718632888677,-0.002169221853701419,0.5716839982014315,0.0,4.336808689942018e-19,0.060673740568859665,0.060673740568859665,-0.5814718632888677,-0.002169221853701419,0.5716839982014315,0.0,-6.032540403680127e-10,1.1858506304678143e-13,1.1858542696221866e-13,-1.0676498218012575e-06,6.468464346765373e-10,9.955077383305124e-07,0.0,1.2349402910098608e-07,9.761918860078256e-11,9.763443937600615e-11,-2.3974090002792187e-05,8.70469399691277e-09,2.4627061881501134e-05,0.0
linear,0.5,35,3,1.0,0.0,0.0,0.014014555544637193,2.035790512641315e-35,1.7618285302889447e-19,0.014014555544637193,0.014014555544637193,-0.28280286510058184,-8.75185896685207e-05,0.2812565849678475,0.0,1.7618285302889447e-19,0.014014555544637193,0.014014555544637193,-0.28280286510058184,-8.75185896685207e-05,0.2812565849678475,0.0,1.3465116364518552e-10,7.299565277497607e-13,7.299565458806966e-13,-2.523647250773755e-06,8.052889204565329e-10,2.699201532698779e-06,0.0,-3.0887325917720856e-08,4.203666036195226e-10,4.203675576464249e-10,-5.09529077442001e-05,-5.7271696046631805e-08,5.08611519435883e-05,0.0
linear,0.5,35,4,1.0,0.0,0.0,0.0034919551796503178,6.883674435215273e-36,2.168404344971009e-19,0.0034919551796503178,0.0034919551796503178,-0.14840059147386564,0.0009621891998431008,0.1460480285558175,0.0,2.168404344971009e-19,0.0034919551796503178,0.0034919551796503178,-0.14840059147386564,0.0009621891998431008,0.1460480285558175,0.0,-3.7997377078310165e-09,2.7643301694355692e-12,2.7643446074422176e-12,-5.296816425119604e-06,9.57936239833704e-10,4.950462041041133e-06,0.0,8.110440557362373e-08,1.7568092701579006e-09,1.756815848082504e-09,-0.00010253096908211639,-2.4987578119203206e-07,0.00010437887492652569,0.0
linear,0.5,35,5,1.0,0.0,0.0,0.0007915009581134556,2.604035120703951e-36,1.0842021724855044e-19,0.0007915009581134556,0.0007915009581134556,-0.06934739851755592,-0.0002179964979679481,0.06920203626123707,0.0,1.0842021724855044e-19,0.0007915009581134556,0.0007915009581134556,-0.06934739851755592,-0.0002179964979679481,0.06920203626123707,0.0,-7.48654936994674e-09,1.2735760441715178e-11,1.2735816490136646e-11,-1.0319223110197522e-05,3.2119101002960156e-09,1.0247032036816702e-05,0.0,3.754824229424776e-07,7.0560182496257385e-09,7.056159236675677e-09,-0.00020662418007597584,1.35457982722002e-06,0.00021049350306424458,0.0
linear,0.5,35,6,1.0,0.0,0.0,0.00020250719174683644,7.4166670046814345e-37,8.809142651444724e-20,0.00020250719174683644,0.00020250719174683644,-0.03426557876072987,-6.334370079366097e-05,0.03425121207605713,0.0,8.809142651444724e-20,0.00020250719174683644,0.00020250719174683644,-0.03426557876072987,-6.334370079366097e-05,0.03425121207605713,0.0,-4.356858817547563e-09,4.981776841485975e-11,4.981778739707851e-11,-2.1465113367895053e-05,6.676575638847802e-09,2.152560718890352e-05,0.0,1.326608293701878e-06,2.819541410045338e-08,2.81971739900183e-08,-0.0004077451812320464,9.304585642057655e-08,0.00041306942079415664,0.0
linear,0.5,35,7,1.0,0.0,0.0,5.0299293389515604e-05,1.3361325897699763e-37,-3.8963515573697816e-20,5.0299293389515604e-05,5.0299293389515604e-05,-0.01787887661385716,3.0243841167113147e-06,0.01797958347570939,0.0,-3.8963515573697816e-20,5.0299293389515604e-05,5.0299293389515604e-05,-0.01787887661385716,3.0243841167113147e-06,0.01797958347570939,0.0,-6.459611593922001e-09,2.0006816846107046e-10,2.0006821018765244e-10,-4.265455354829871e-05,9.630149318217763e-09,4.335270516060236e-05,0.0,-2.7574014014269143e-06,1.0822824165267593e-07,1.0823584491516453e-07,-0.0007839447865411192,-4.942137392124212e-06,0.0007902433989082157,0.0
linear,0.5,35,8,1.0,0.0,0.0,1.4053584579988634e-05,3.9811138627432395e-38,1.4399560103323106e-20,1.4053584579988634e-05,1.4053584579988634e-05,-0.00963200054993989,-7.3064956034374735e-06,0.009326226891579595,0.0,1.4399560103323106e-20,1.4053584579988634e-05,1.4053584579988634e-05,-0.00963200054993989,-7.3064956034374735e-06,0.009326226891579595,0.0,4.1917210983373566e-08,8.518827780417239e-10,8.518845350943007e-10,-8.446088378210907e-05,-2.6724236667407253e-08,8.416196156821319e-05,0.0,-1.1821888647208873e-05,4.5619727935578205e-07,4.563370364069691e-07,-0.0016539917123001883,-8.554365168073141e-06,0.0016226155977793928,0.0
linear,0.5,35,9,1.0,0.0,0.0,3.918648661277119e-06,1.1475687142321457e-38,-3.3881317890172014e-21,3.918648661277119e-06,3.918648661277119e-06,-0.005291622635299624,3.2890604164035334e-05,0.004960164318535827,0.0,-3.3881317890172014e-21,3.918648661277119e-06,3.918648661277119e-06,-0.005291622635299624,3.2890604164035334e-05,0.004960164318535827,0.0,1.1101766354530294e-07,4.484926311916321e-09,4.48493863683794e-09,-0.0001997595990168861,-1.8762389912727513e-08,0.00020833865055330038,0.0,-7.895949584906954e-06,2.0031405029391555e-06,2.003202848959003e-06,-0.0034057362417162216,-3.858453739914731e-05,0.0034084548582593672,0.0
linear,0.5,35,10,1.0,0.0,0.0,9.286439913099244e-07,2.2744532368918426e-39,-1.5246593050577406e-20,9.286439913099243e-07,9.286439913099243e-07,-0.0024803874317999306,2.3090762661898825e-06,0.002502926219806705,0.0,-1.5246593050577406e-20,9.286439913099243e-07,9.286439913099243e-07,-0.0024803874317999306,2.3090762661898825e-06,0.002502926219806705,0.0,2.570427019328276e-07,2.2504120243171416e-08,2.2504186314122033e-08,-0.0004404708857632011,-9.432065436214539e-08,0.0004533284677000643,0.0,5.876259395116141e-07,7.914349882292763e-06,7.914350227597007e-06,-0.00648750513452023,-3.486962896911562e-05,0.006553378650878874,0.0
linear,0.5,35,11,1.0,0.0,0.0,1.989759740972119e-07,9.584839723449005e-40,-2.541098841762901e-21,1.989759740972119e-07,1.989759740972119e-07,-0.0011246743138136866,-7.465050253559273e-06,0.0011676609420575674,0.0,-2.541098841762901e-21,1.989759740972119e-07,1.989759740972119e-07,-0.0011246743138136866,-7.465050253559273e-06,0.0011676609420575674,0.0,4.458698769638383e-07,1.4214916316085274e-07,1.4214936196079992e-07,-0.001115146167248758,-4.07979215420929e-08,0.0010378317743744445,0.0,-1.9178190512946366e-05,3.108678851122621e-05,3.108715631421756e-05,-0.012809847721650355,-4.5988258199012105e-06,0.012969214329386834,0.0
linear,0.5,35,12,1.0,0.0,0.0,4.9268298080676405e-08,2.1880118392638356e-40,-1.1117307432712692e-21,4.9268298080676405e-08,4.9268298080676405e-08,-0.0005949981088473763,-1.0782630817005483e-06,0.0005965533992728416,0.0,-1.1117307432712692e-21,4.9268298080676405e-08,4.9268298080676405e-08,-0.0005949981088473763,-1.0782630817005483e-06,0.0005965533992728416,0.0,8.64239176726718e-07,5.936875974039127e-07,5.936883443132673e-07,-0.0022751235423709147,-1.8478160045673812e-06,0.0023301109668769394,0.0,0.00019999676966802048,0.00012210920304392357,0.00012214920175180122,-0.025237637853666256,0.00015691902415171965,0.025849814258737013,0.0
linear,0.5,36,1,1.0,0.0,0.0,0.24722783768575235,3.4412420296634967e-34,-2.168404344971009e-19,0.24722783768575235,0.24722783768575235,-1.2093596786439595,-0.006254015372399254,1.193513163402001,0.0,-2.168404344971009e-19,0.24722783768575235,0.24722783768575235,-1.2093596786439595,-0.006254015372399254,1.193513163402001,0.0,-2.259204054205903e-09,2.0407606583437007e-13,2.040811698373286e-13,-1.4414344342032069e-06,5.082456417986081e-10,1.3103941789192425e-06,0.0,-7.064902029611406e-08,3.02840382560397e-11,3.02890295401085e-11,-1.4063256466225092e-05,-8.209605711530547e-08,1.3837239973194614e-05,0.0
linear,0.5,36,2,1.0,0.0,0.0,0.05678727106109657,8.590884315218903e-35,1.1926223897340549e-18,0.05678727106109657,0.05678727106109657,-0.5746258228083745,0.0002792843380149554,0.5516794470229266,0.0,1.1926223897340549e-18,0.05678727106109657,0.05678727106109657,-0.5746258228083745,0.0002792843380149554,0.5516794470229266,0.0,2.178423656397723e-09,6.219153778646332e-13,6.2192012339426e-13,-2.357231132922667e-06,-7.978744861148956e-10,2.3484622552474455e-06,0.0,1.8291269545872826e-08,1.072097814801158e-10,1.0721011605065739e-10,-2.5542295243147608e-05,-8.972672473054188e-08,2.585749940149581e-05,0.0
linear,0.5,36,3,1.0,0.0,0.0,0.014820813156602818,2.391027801999788e-35,4.336808689942018e-19,0.014820813156602816,0.014820813156602816,-0.29342230430481847,0.0008407647683981634,0.29747966006290993,0.0,4.336808689942018e-19,0.014820813156602816,0.014820813156602816,-0.29342230430481847,0.0008407647683981634,0.29747966006290993,0.0,-8.517284930911266e-10,2.9088304616718756e-12,2.9088311871133013e-12,-4.961732642632504e-06,-8.432090735497222e-11,4.817871405552125e-06,0.0,-3.3610244521869975e-07,4.4417634825239844e-10,4.442893131060804e-10,-5.201853991984271e-05,-4.674679204152138e-07,5.181829209880193e-05,0.0
linear,0.5,36,4,1.0,0.0,0.0,0.0036759179268031966,6.734658148072592e-36,-4.336808689942018e-19,0.0036759179268031966,0.0036759179268031966,-0.14879180819199542,0.00022970156683394503,0.15392715366571752,0.0,-4.336808689942018e-19,0.0036759179268031966,0.0036759179268031966,-0.14879180819199542,0.00022970156683394503,0.15392715366571752,0.0,-3.0100510622058555e-09,1.4204586709278244e-11,1.420459576968564e-11,-1.2071047610383372e-05,-5.933369349807925e-10,1.160998711597123e-05,0.0,-9.255646667074285e-07,1.803335627921511e-09,1.8041922978737683e-09,-0.00011044563934088818,-2.6596650480720473e-07,0.00010517040339292426,0.0
linear,0.5,36,5,1.0,0.0,0.0,0.0010149846132788908,2.9501684994963715e-36,-5.421010862427522e-20,0.0010149846132788908,0.0010149846132788908,-0.07669538497557976,0.00018735289097659362,0.07757144600395484,0.0,-5.421010862427522e-20,0.0010149846132788908,0.0010149846132788908,-0.07669538497557976,0.00018735289097659362,0.07757144600395484,0.0,-5.873325320732786e-09,5.193692816161199e-11,5.193696265756231e-11,-2.1830140217682272e-05,-8.028859842572765e-09,2.0174807163839656e-05,0.0,-9.101043514075367e-07,7.047399775429752e-09,7.048228065360203e-09,-0.00021154521030502724,-1.8749330373567723e-06,0.0002046866395583582,0.0
linear,0.5,36,6,1.0,0.0,0.0,0.0002348600521127927,6.784943888499279e-37,1.5585406229479126e-19,0.00023486005211279272,0.00023486005211279272,-0.03860562500934023,-5.9967282140161715e-05,0.03872234263756461,0.0,1.5585406229479126e-19,0.00023486005211279272,0.00023486005211279272,-0.03860562500934023,-5.9967282140161715e-05,0.03872234263756461,0.0,-1.6695813382798736e-08,1.825689489305489e-10,1.8256922768073342e-10,-4.243244517424282e-05,-1.1478176443158286e-08,4.014876620262885e-05,0.0,-2.1655616327072037e-06,2.8505437353575034e-08,2.851012701076009e-08,-0.00041231075435377523,-1.377027519268981e-06,0.0004045698550475229,0.0
linear,0.5,36,7,1.0,0.0,0.0,5.592149770208669e-05,1.37589946712096e-37,-8.809142651444724e-20,5.59214977020867e-05,5.59214977020867e-05,-0.018108038000081546,4.869952295298731e-05,0.01822648902614463,0.0,-8.809142651444724e-20,5.59214977020867e-05,5.59214977020867e-05,-0.018108038000081546,4.869952295298731e-05,0.01822648902614463,0.0,-1.0960178281768517e-07,8.424387495601412e-10,8.424507621109379e-10,-8.989738178808885e-05,2.3766450991839043e-08,8.581893393339684e-05,0.0,1.1248556261997784e-06,1.1218413822635046e-07,1.1218540352653027e-07,-0.0008069402981147692,-1.5061389926845482e-06,0.0008143221752230361,0.0
linear,0.5,36,8,1.0,0.0,0.0,1.575606012319138e-05,3.877487013664514e-38,2.541098841762901e-20,1.575606012319138e-05,1.575606012319138e-05,-0.009615142196969566,-1.4420120335598458e-05,0.009817425105870737,0.0,2.541098841762901e-20,1.575606012319138e-05,1.575606012319138e-05,-0.009615142196969566,-1.4420120335598458e-05,0.009817425105870737,0.0,-2.4940781273212857e-08,3.725673155981557e-09,3.725673778024128e-09,-0.00018471167914553015,7.054115289819342e-08,0.00017478007503756674,0.0,-4.9284420794171146e-06,4.6506185504062377e-07,4.650861445819539e-07,-0.001608862084646531,-1.5519183057205087e-05,0.0016050270743950895,0.0
linear,0.5,36,9,1.0,0.0,0.0,3.4664935279429074e-06,1.3513762956892437e-38,-2.541098841762901e-21,3.4664935279429074e-06,3.4664935279429074e-06,-0.0046238827116275175,-9.634632546189028e-06,0.004750607864751552,0.0,-2.541098841762901e-21,3.4664935279429074e-06,3.4664935279429074e-06,-0.0046238827116275175,-9.634632546189028e-06,0.004750607864751552,0.0,-2.5964172920917954e-07,1.4769596918873462e-08,1.476966433270101e-08,-0.0003909677973410673,5.767547585578564e-08,0.0003686423849983331,0.0,2.1737042630792e-05,1.9206338169901063e-06,1.921106316012439e-06,-0.003184737130680618,2.4128197745828227e-05,0.003328452664795222,0.0
linear,0.5,36,10,1.0,0.0,0.0,9.159317317323878e-07,5.335587358110115e-39,-3.3881317890172014e-21,9.159317317323879e-07,9.159317317323879e-07,-0.0024438901413599426,4.096012271635271e-06,0.002390309242132754,0.0,-3.3881317890172014e-21,9.159317317323879e-07,9.159317317323879e-07,-0.0024438901413599426,4.096012271635271e-06,0.002390309242132754,0.0,3.3685562139113277e-07,5.7653295811800974e-08,5.7653409283510644e-08,-0.000734285968724268,-3.522117271322949e-08,0.0007140107016080132,0.0,1.2713249731748903e-05,7.629045937886641e-06,7.629207564605383e-06,-0.006508989838254096,-2.3207775611393636e-05,0.006474067545927413,0.0
linear,0.5,36,11,1.0,0.0,0.0,2.2462425373239853e-07,1.1332803495924988e-39,-2.541098841762901e-21,2.246242537323985e-07,2.246242537323985e-07,-0.0011950141638261487,2.3657129100380827e-06,0.0012021308703218392,0.0,-2.541098841762901e-21,2.246242537323985e-07,2.246242537323985e-07,-0.0011950141638261487,2.3657129100380827e-06,0.0012021308703218392,0.0,-5.276185549830178e-07,1.916759163768565e-07,1.9167619475819602e-07,-0.0012458146993402587,5.798030747858344e-07,0.001185367061475068,0.0,3.022111615717575e-05,3.031152873562274e-05,3.0312442051484526e-05,-0.012544334080371797,2.0331879826853394e-05,0.012892234102737215,0.0
linear,0.5,36,12,1.0,0.0,0.0,5.755051155142609e-08,3.758773567755218e-40,2.117582368135751e-21,5.755051155142608e-08,5.755051155142608e-08,-0.0006219073076447766,-3.845714262594917e-07,0.0006267415760490883,0.0,2.117582368135751e-21,5.755051155142608e-08,5.755051155142608e-08,-0.0006219073076447766,-3.845714262594917e-07,0.0006267415760490883,0.0,1.9742044226113518e-06,8.172965530477457e-07,8.173004505308481e-07,-0.002549779930761133,-1.2212752237578448e-07,0.0026167351431655396,0.0,-8.517237967262565e-05,0.00012316568956353616,0.00012317294389779524,-0.02561227751212585,-0.00016176707963488896,0.025908231426999558,0.0
linear,0.5,37,1,1.0,0.0,0.0,0.24226143699078875,3.376182559247432e-34,-1.0842021724855044e-18,0.24226143699078873,0.24226143699078873,-1.208822606559242,-0.001080629404618696,1.201025369093162,0.0,-1.0842021724855044e-18,0.24226143699078873,0.24226143699078873,-1.208822606559242,-0.001080629404618696,1.201025369093162,0.0,-6.464026904383647e-10,1.7570274562822997e-13,1.757031634646682e-13,-1.2227104443395454e-06,6.090666796105075e-10,1.2342908123741723e-06,0.0,1.293324602023057e-07,3.526933026500136e-11,3.5286057150263336e-11,-1.4383715211203083e-05,5.7316410898798234e-08,1.4908304376125587e-05,0.0
linear,0.5,37,2,1.0,0.0,0.0,0.05921400258004651,1.1613075943794649e-34,-4.336808689942018e-19,0.059214002580046506,0.059214002580046506,-0.5710157700897232,-0.002110429126631984,0.6010070625443363,0.0,-4.336808689942018e-19,0.059214002580046506,0.059214002580046506,-0.5710157700897232,-0.002110429126631984,0.6010070625443363,0.0,1.59158799733431e-09,7.291703675791232e-13,7.291729007314765e-13,-2.565724605489e-06,-6.779963404781228e-10,2.4147592293836987e-06,0.0,-4.477568828032067e-07,1.345543525380937e-10,1.3475483876419137e-10,-2.9702393200576826e-05,-3.460192971386928e-07,2.8592545217058065e-05,0.0
linear,0.5,37,3,1.0,0.0,0.0,0.014296277320970939,3.832598183731615e-35,-1.0842021724855044e-18,0.014296277320970939,0.014296277320970939,-0.2844909578369648,0.00021690084244205287,0.2891743529646492,0.0,-1.0842021724855044e-18,0.014296277320970939,0.014296277320970939,-0.2844909578369648,0.00021690084244205287,0.2891743529646492,0.0,2.2978846519106794e-10,2.839646485355191e-12,2.8396465381579292e-12,-5.226976200497842e-06,-9.138047640364138e-12,5.309014032122921e-06,0.0,2.3364937321862892e-07,5.805530495091917e-10,5.806076415387972e-10,-6.110731498316443e-05,-4.101881866580288e-08,6.069006310646862e-05,0.0
linear,0.5,37,4,1.0,0.0,0.0,0.003770929481296042,1.1626142610565462e-35,1.111307226797642e-18,0.0037709294812960418,0.0037709294812960418,-0.15083412588343864,0.00041271799648639877,0.14817334145362449,0.0,1.111307226797642e-18,0.0037709294812960418,0.0037709294812960418,-0.15083412588343864,0.00041271799648639877,0.14817334145362449,0.0,1.5778725000563385e-09,1.022669140454128e-11,1.0226693894222905e-11,-9.65212047138257e-06,-1.8358653702109915e-11,9.948342905995194e-06,0.0,-3.3874690730608355e-07,2.2524614116020393e-09,2.2525761610692483e-09,-0.00011890652182279934,-2.223294004659679e-07,0.00011950329226320989,0.0
linear,0.5,37,5,1.0,0.0,0.0,0.0009478247137314008,3.3553894111295666e-36,2.846030702774449e-19,0.0009478247137314007,0.0009478247137314007,-0.07755124853000699,-3.708623020417502e-05,0.07780787671030273,0.0,2.846030702774449e-19,0.0009478247137314007,0.0009478247137314007,-0.07755124853000699,-3.708623020417502e-05,0.07780787671030273,0.0,-1.1282136806953368e-08,3.262792340894618e-11,3.2628050695557113e-11,-1.669328624702845e-05,8.103748218139565e-09,1.677467997922347e-05,0.0,9.149621479970536e-07,9.120045650345732e-09,9.120882806078001e-09,-0.00024288544142214138,6.477584715233882e-07,0.00025042912606538826,0.0
linear,0.5,37,6,1.0,0.0,0.0,0.00023806447378033188,1.2401683779527814e-36,-8.809142651444724e-20,0.00023806447378033188,0.00023806447378033188,-0.03833349865563721,7.935691550902188e-05,0.03840463384985098,0.0,-8.809142651444724e-20,0.00023806447378033188,0.00023806447378033188,-0.03833349865563721,7.935691550902188e-05,0.03840463384985098,0.0,1.3635130929062243e-08,1.188489397381888e-10,1.1884912565498424e-10,-3.3091537564031245e-05,-1.2338195769664482e-08,3.3365958740215e-05,0.0,-1.712676392473874e-07,3.5437747220073663e-08,3.543777655267792e-08,-0.00046702339648345924,2.6268448757515404e-06,0.0004643723013982117,0.0
linear,0.5,37,7,1.0,0.0,0.0,6.657472565853653e-05,2.7883057652417405e-37,-1.6263032587282567e-19,6.657472565853653e-05,6.657472565853653e-05,-0.020355917513409226,9.732509174916078e-05,0.02014234708078846,0.0,-1.6263032587282567e-19,6.657472565853653e-05,6.657472565853653e-05,-0.020355917513409226,9.732509174916078e-05,0.02014234708078846,0.0,-1.756635787006767e-08,5.939048499052341e-10,5.939051584821631e-10,-7.720727024669043e-05,1.976044527759116e-08,7.433059363780736e-05,0.0,-1.5936412505619672e-06,1.3044334278712183e-07,1.3044588247955728e-07,-0.0008834982079711813,-3.1761813568955873e-06,0.0008779620402307614,0.0
linear,0.5,37,8,1.0,0.0,0.0,1.7070846922018462e-05,9.520647750434595e-38,-2.286988957586611e-20,1.7070846922018462e-05,1.7070846922018462e-05,-0.010205028956419704,-5.260179577579894e-05,0.010158163842649066,0.0,-2.286988957586611e-20,1.7070846922018462e-05,1.7070846922018462e-05,-0.010205028956419704,-5.260179577579894e-05,0.010158163842649066,0.0,3.568875396010619e-08,1.920510976026605e-09,1.920512249713764e-09,-0.00012862647442292468,-2.1849135184277165e-08,0.00013137481728842535,0.0,-2.0403898433326536e-06,5.042358491777798e-07,5.042400123684926e-07,-0.0016983651172644602,4.364435952660537e-06,0.00172917921244476,0.0
linear,0.5,37,9,1.0,0.0,0.0,4.907568539885032e-06,2.785748206369055e-38,-2.0328790734103208e-20,4.907568539885032e-06,4.907568539885032e-06,-0.0055838969834935345,8.660350707728798e-06,0.005607895157301476,0.0,-2.0328790734103208e-20,4.907568539885032e-06,4.907568539885032e-06,-0.0055838969834935345,8.660350707728798e-06,0.005607895157301476,0.0,-7.131010425523332e-08,6.152184743926565e-09,6.1521898290575335e-09,-0.00023414276299699356,1.0450704221270563e-07,0.00023447339609380493,0.0,3.6779960337397097e-06,1.894018538388758e-06,1.894032066043582e-06,-0.003219328872292356,-7.750168741418703e-06,0.0033014509225335747,0.0
linear,0.5,37,10,1.0,0.0,0.0,1.2657666666721014e-06,7.715253255858225e-39,-2.202285662861181e-20,1.2657666666721014e-06,1.2657666666721014e-06,-0.0028675915861158586,-6.417487670559571e-06,0.002855857352485737,0.0,-2.202285662861181e-20,1.2657666666721014e-06,1.2657666666721014e-06,-0.0028675915861158586,-6.417487670559571e-06,0.002855857352485737,0.0,-1.2789207930879244e-07,2.1614722930257702e-08,2.1614739286641652e-08,-0.00043913508275715947,6.114837524276231e-08,0.00044109014769008764,0.0,-1.6335529194217434e-05,7.419853254807214e-06,7.420120104321268e-06,-0.0063573900205533915,-4.247512529042119e-05,0.006401478659781767,0.0
linear,0.5,37,11,1.0,0.0,0.0,3.148328062222058e-07,2.6533905011695073e-39,3.917527381051139e-21,3.1483280622220573e-07,3.1483280622220573e-07,-0.001402306255644135,-3.856357180009096e-06,0.001469786471058642,0.0,3.917527381051139e-21,3.1483280622220573e-07,3.1483280622220573e-07,-0.001402306255644135,-3.856357180009096e-06,0.001469786471058642,0.0,-9.84429086194007e-09,9.330425516151354e-08,9.330425525842361e-08,-0.0008544854131562196,3.93704322596356e-07,0.0008697305943284462,0.0,4.072924440581736e-05,2.900841913263904e-05,2.901007800398891e-05,-0.01230986713552018,3.4120646598017105e-05,0.012598993292900233,0.0
linear,0.5,37,12,1.0,0.0,0.0,8.121327039349311e-08,6.9557764547329845e-40,-1.0587911840678754e-21,8.121327039349311e-08,8.121327039349311e-08,-0.0007043044307952398,-3.7729529624359985e-07,0.0007148162247635336,0.0,-1.0587911840678754e-21,8.121327039349311e-08,8.121327039349311e-08,-0.0007043044307952398,-3.7729529624359985e-07,0.0007148162247635336,0.0,4.665085980784978e-07,4.679047289101763e-07,4.679049465404484e-07,-0.002036440320575983,1.7172069318283842e-07,0.0020719752542593547,0.0,4.259389990272397e-05,0.00012030753344197124,0.00012030934768228016,-0.025460423939220527,-4.128767166907963e-05,0.02497776308506451,0.0
linear,1.0,35,1,1.0,0.0,0.0,1.0060062570125616,1.4196138974802487e-33,6.938893903907228e-18,1.0060062570125616,1.0060062570125616,-2.413094998902164,0.007292302287004539,2.335087585347159,0.0,6.938893903907228e-18,1.0060062570125616,1.0060062570125616,-2.413094998902164,0.007292302287004539,2.335087585347159,0.0,-5.814544062600555e-07,1.5100022933829217e-07,1.5100056742751874e-07,-0.001205760890108912,8.239528313541572e-07,0.0010608794273126762,0.0,5.46086244410652e-07,9.993912101720081e-05,9.993912131541101e-05,-0.025346111350621488,5.3522559826634194e-05,0.024575375189447333,0.0
linear,1.0,35,2,1.0,0.0,0.0,0.9707798491017546,1.553058132418598e-33,1.734723475976807e-18,0.9707798491017546,0.9707798491017546,-2.3258874531554707,-0.008676887414805675,2.286735992805726,0.0,1.734723475976807e-18,0.9707798491017546,0.9707798491017546,-2.3258874531554707,-0.008676887414805675,2.286735992805726,0.0,-6.177321373368515e-07,1.24812570002446e-07,1.248129515954395e-07,-0.001049781101405753,1.653396508078501e-06,0.0009747911036613553,0.0,0.00012645788579940975,0.00010236113830625418,0.00010237712990313503,-0.0245494681628592,8.913606652838676e-06,0.02521811136665716,0.0
linear,1.0,35,3,1.0,0.0,0.0,0.8969315548567803,1.3029059280904416e-33,1.4094628242311558e-18,0.8969315548567803,0.8969315548567803,-2.2624229208046547,-0.0007001487173481656,2.25005267974278,0.0,1.4094628242311558e-18,0.8969315548567803,0.8969315548567803,-2.2624229208046547,-0.0007001487173481656,2.25005267974278,0.0,6.89413957863362e-08,1.9207256554867887e-07,1.9207257030159493e-07,-0.0012571311387674555,1.667267795810833e-06,0.0013457023896375096,0.0,-1.5814310869873078e-05,0.00011019658293923613,0.00011019683303166441,-0.026087888765030452,-2.9323108375875484e-05,0.02604090979511721,0.0
linear,1.0,35,4,1.0,0.0,0.0,0.8939405259904813,1.76222065541511e-33,3.469446951953614e-18,0.8939405259904813,0.8939405259904813,-2.3744094635818502,0.015395027197489614,2.33676845689308,0.0,3.469446951953614e-18,0.8939405259904813,0.8939405259904813,-2.3744094635818502,0.015395027197489614,2.33676845689308,0.0,-9.727328532047443e-07,1.8184370500567797e-07,1.8184465121488165e-07,-0.0013227145139648171,6.152122630891182e-07,0.0012083253393384962,0.0,2.0762727826847675e-05,0.00011513425232906818,0.00011513468341993498,-0.026247928085021795,-6.396819998516021e-05,0.026720991981190576,0.0
linear,1.0,35,5,1.0,0.0,0.0,0.8104969811081786,2.666531963600846e-33,3.469446951953614e-18,0.8104969811081786,0.8104969811081786,-2.2191167525617894,-0.006975887934974339,2.214465160359586,0.0,3.469446951953614e-18,0.8104969811081786,0.8104969811081786,-2.2191167525617894,-0.006975887934974339,2.214465160359586,0.0,-9.582783193531876e-07,2.094465671347088e-07,2.0944748543204614e-07,-0.001330394443771949,1.4546899086858596e-06,0.0012820123529212438,0.0,4.806175013663713e-05,0.0001156058030018681,0.00011560811293369429,-0.026447895049724907,0.00017338621788416257,0.026943168392223306,0.0
linear,1.0,35,6,1.0,0.0,0.0,0.8294694573950421,3.0378668051175156e-33,5.637851296924623e-18,0.8294694573950421,0.8294694573950421,-2.192997040686712,-0.004053996850794302,2.1920775728676563,0.0,5.637851296924623e-18,0.8294694573950421,0.8294694573950421,-2.192997040686712,-0.004053996850794302,2.1920775728676563,0.0,-2.7883896432303695e-07,2.0482012965734854e-07,2.048202074085166e-07,-0.0013147495997491497,1.1504842754242535e-06,0.0013719022754873932,0.0,8.490293079692019e-05,0.00011548841615545705,0.00011549562466311495,-0.02609569159885097,5.954934810916899e-06,0.026436442930826025,0.0
linear,1.0,35,7,1.0,0.0,0.0,0.8241036228938237,2.1891196350791292e-33,-4.9873299934333204e-18,0.8241036228938237,0.8241036228938237,-2.2884962065737167,0.0003871211669390483,2.301386684890802,0.0,-4.9873299934333204e-18,0.8241036228938237,0.8241036228938237,-2.2884962065737167,0.0003871211669390483,2.301386684890802,0.0,-2.0670757100550773e-07,2.0563942084282083e-07,2.0563946357084072e-07,-0.0013264751464732983,9.710928167536265e-07,0.0013091880519713244,0.0,-8.823684484566126e-05,0.00011082571945234015,0.00011083350519312847,-0.025086233169315814,-0.00015814839654797479,0.025287788765062904,0.0
linear,1.0,35,8,1.0,0.0,0.0,0.9210157190341351,2.6090627810874094e-33,3.686287386450715e-18,0.9210157190341351,0.9210157190341351,-2.465792140784612,-0.0018704628744799932,2.3875140842443763,0.0,3.686287386450715e-18,0.9210157190341351,0.9210157190341351,-2.465792140784612,-0.0018704628744799932,2.3875140842443763,0.0,6.70675375733979e-07,2.1890124209348982e-07,2.1890169189894948e-07,-0.0013082605424782421,-1.5990990148990449e-06,0.0013029144272766915,0.0,-0.00018915021835534196,0.0001167865035150802,0.0001168222813201841,-0.026463867396803013,-0.00013686984268917025,0.025961849564470285,0.0
linear,1.0,35,9,1.0,0.0,0.0,1.027250234661829,3.008282530236716e-33,-1.734723475976807e-18,1.027250234661829,1.027250234661829,-2.7093107892734074,0.01683998933198609,2.539604131090343,0.0,-1.734723475976807e-18,1.027250234661829,1.027250234661829,-2.7093107892734074,0.01683998933198609,2.539604131090343,0.0,8.881413083624293e-07,2.8811356685478634e-07,2.8811435564976996e-07,-0.001535730417490547,-4.692080782964707e-07,0.001598179720305725,0.0,-6.316759667925563e-05,0.00012820099218810595,0.0001282049823333762,-0.027245889933729773,-0.0003086762991931785,0.027267638866074938,0.0
linear,1.0,35,10,1.0,0.0,0.0,0.9737538018317953,2.3849370773271008e-33,-1.5612511283791264e-17,0.9737538018317952,0.9737538018317952,-2.539916730163129,0.0023644940965784397,2.562996449082066,0.0,-1.5612511283791264e-17,0.9737538018317952,0.9737538018317952,-2.539916730163129,0.0023644940965784397,2.562996449082066,0.0,1.0281708077313166e-06,3.6141855550228674e-07,3.614196126374966e-07,-0.0016945005185332446,-9.83637254234942e-07,0.0017689028430656784,0.0,2.3505037580464564e-06,0.0001266295981166842,0.00012662960364155212,-0.02595002053808092,-0.0001394785158764625,0.026213514603515495,0.0
linear,1.0,35,11,1.0,0.0,0.0,0.8345657240598323,4.020173159142106e-33,-5.204170427930421e-18,0.8345657240598323,0.8345657240598323,-2.30333299469043,-0.01528842291928939,2.391369609333898,0.0,-5.204170427930421e-18,0.8345657240598323,0.8345657240598323,-2.30333299469043,-0.01528842291928939,2.391369609333898,0.0,8.917397539276827e-07,5.707326521177437e-07,5.707334473175323e-07,-0.002187284311363357,-4.999499301660527e-07,0.0020645170871726967,0.0,-3.835638102589273e-05,0.00012434715404490484,0.00012434862525687024,-0.02561969544330071,-9.197651639802421e-06,0.025938428658773667,0.0
linear,1.0,35,12,1.0,0.0,0.0,0.8265848788518935,3.670874723788665e-33,-4.553649124439119e-18,0.8265848788518935,0.8265848788518935,-2.4371122538388534,-0.004416565582645446,2.443482723421559,0.0,-4.553649124439119e-18,0.8265848788518935,0.8265848788518935,-2.4371122538388534,-0.004416565582645446,2.443482723421559,0.0,8.642391767267248e-07,5.959178536180073e-07,5.959186005273619e-07,-0.0021329221604275187,-4.906254342204478e-06,0.0022405603629366234,0.0,0.00019999676966802048,0.00012210920304392357,0.00012214920175180122,-0.025237637853666256,0.00015691902415171965,0.025849814258737013,0.0
linear,1.0,36,1,1.0,0.0,0.0,0.9889113507430094,1.3764968118653987e-33,-4.336808689942018e-19,0.9889113507430094,0.9889113507430094,-2.418719357287919,-0.012508030744798507,2.387026326804002,0.0,-4.336808689942018e-19,0.9889113507430094,0.9889113507430094,-2.418719357287919,-0.012508030744798507,2.387026326804002,0.0,-4.626849903013689e-06,4.463254440112765e-06,4.46327584785279e-06,-0.006051045059862024,-7.366735998702979e-06,0.006406245757399528,0.0,-0.00014468919356644159,0.00012702046279346033,0.00012704139775619524,-0.02880154924282899,-0.0001681327249721456,0.02833866746510257,0.0
linear,1.0,36,2,1.0,0.0,0.0,0.9085963369775452,1.3745414904350245e-33,4.7704895589362195e-18,0.9085963369775452,0.9085963369775452,-2.298503291233498,0.0011171373520598217,2.2067177880917064,0.0,4.7704895589362195e-18,0.9085963369775452,0.9085963369775452,-2.298503291233498,0.0011171373520598217,2.2067177880917064,0.0,2.230705824151256e-06,3.4003590411852017e-06,3.400364017233676e-06,-0.005505629627118634,6.457323354723041e-06,0.005335413066659536,0.0,1.8730260014973774e-05,0.0001124176038252939,0.00011241795464793413,-0.02615531032898315,-9.188016612407489e-05,0.02647807938713171,0.0
linear,1.0,36,3,1.0,0.0,0.0,0.9485320420225803,1.5302577932798643e-33,3.469446951953614e-18,0.9485320420225802,0.9485320420225802,-2.3473784344385478,0.006726118147185307,2.3798372805032795,0.0,3.469446951953614e-18,0.9485320420225802,0.9485320420225802,-2.3473784344385478,0.006726118147185307,2.3798372805032795,0.0,-4.3608498846267577e-07,3.976026846422826e-06,3.976027036592943e-06,-0.005611555312135523,8.722804471255214e-07,0.0056419299321265725,0.0,-0.00017208445195197427,0.00011643816463627674,0.00011646777769488034,-0.026633492438959468,-0.00023934357525258948,0.02653096555458659,0.0
linear,1.0,36,4,1.0,0.0,0.0,0.9410349892616183,1.7240724859065836e-33,-6.938893903907228e-18,0.9410349892616183,0.9410349892616183,-2.3806689310719267,0.0036752250693431205,2.4628344586514803,0.0,-6.938893903907228e-18,0.9410349892616183,0.9410349892616183,-2.3806689310719267,0.0036752250693431205,2.4628344586514803,0.0,-7.705730719246958e-07,4.853998589321334e-06,4.853999183104193e-06,-0.006421489721144821,1.1216409183446289e-06,0.006902293595500902,0.0,-0.0002369445546771017,0.00011818340371146415,0.00011823954643345528,-0.028274083671267373,-6.808742523064441e-05,0.02692362326858861,0.0
linear,1.0,36,5,1.0,0.0,0.0,1.0393442439975842,3.0209725434842844e-33,-1.734723475976807e-18,1.0393442439975842,1.0393442439975842,-2.4542523192185524,0.005995292511250996,2.482286272126555,0.0,-1.734723475976807e-18,1.0393442439975842,1.0393442439975842,-2.4542523192185524,0.005995292511250996,2.482286272126555,0.0,-7.517856410538019e-07,4.436978466117803e-06,4.436979031299454e-06,-0.005793758639677984,7.023019927129786e-06,0.005947720369228429,0.0,-0.00011649335698016469,0.00011546459792064106,0.00011547816862286157,-0.027077786919043487,-0.00023999142878166686,0.026199889863469848,0.0
linear,1.0,36,6,1.0,0.0,0.0,0.9619867734539989,2.7791130167293048e-33,9.974659986866641e-18,0.961986773453999,0.961986773453999,-2.4707600005977746,-0.0038379060569703497,2.478229928804135,0.0,9.974659986866641e-18,0.961986773453999,0.961986773453999,-2.4707600005977746,-0.0038379060569703497,2.478229928804135,0.0,-1.068532056499105e-06,3.899224927353633e-06,3.899226069114388e-06,-0.005874797831686302,6.147905344497847e-06,0.005926649816813634,0.0,-0.00013859594449326104,0.00011675827140024334,0.00011677748023607333,-0.026387888278641615,-8.812976123321478e-05,0.025892470723041464,0.0
linear,1.0,36,7,1.0,0.0,0.0,0.9162178183509884,2.254273686930981e-33,-1.1275702593849246e-17,0.9162178183509885,0.9162178183509885,-2.317828864010438,0.006233538937982376,2.3329905953465127,0.0,-1.1275702593849246e-17,0.9162178183509885,0.9162178183509885,-2.317828864010438,0.006233538937982376,2.3329905953465127,0.0,-3.5072570501659347e-06,4.498152608013003e-06,4.4981649088650194e-06,-0.006070087042083294,-5.3274215469388395e-06,0.006426621761057099,0.0,3.599538003839291e-05,0.00011487655754378287,0.00011487785321116699,-0.025822089539672615,-4.819644776590554e-05,0.026058309607137155,0.0
linear,1.0,36,8,1.0,0.0,0.0,1.0325891562334704,2.5411498892751757e-33,6.5052130349130266e-18,1.0325891562334704,1.0325891562334704,-2.461476402424209,-0.003691550805913205,2.5132608271029087,0.0,6.5052130349130266e-18,1.0325891562334704,1.0325891562334704,-2.461476402424209,-0.003691550805913205,2.5132608271029087,0.0,-3.990525003714199e-07,4.973197030404795e-06,4.973197189647693e-06,-0.006364958667909866,-6.410356740258829e-06,0.006334303093946041,0.0,-7.885507327067383e-05,0.00011905583489039968,0.0001190620530129802,-0.025741793354344497,-0.0002483069289152814,0.02568043319032143,0.0
linear,1.0,36,9,1.0,0.0,0.0,0.9087204793890655,3.542551876571611e-33,-1.3010426069826053e-18,0.9087204793890655,0.9087204793890655,-2.367427948353289,-0.0049329318636487825,2.4323112267527947,0.0,-1.3010426069826053e-18,0.9087204793890655,0.9087204793890655,-2.367427948353289,-0.0049329318636487825,2.4323112267527947,0.0,-2.0771338336734312e-06,4.928799005916264e-06,4.928803320401228e-06,-0.006615426950118025,-4.055382501769207e-06,0.0067449740396883845,0.0,0.000173896341046336,0.0001229205642873668,0.00012295080422479609,-0.025477897045444942,0.0001930255819666258,0.026627621318361775,0.0
linear,1.0,36,10,1.0,0.0,0.0,0.9604240315330203,5.594768849617672e-33,-3.469446951953614e-18,0.9604240315330204,0.9604240315330204,-2.5025435047525812,0.004194316566154517,2.4476766639439402,0.0,-3.469446951953614e-18,0.9604240315330204,0.9604240315330204,-2.5025435047525812,0.004194316566154517,2.4476766639439402,0.0,1.3474224855645408e-06,4.8098961738041035e-06,4.809897989351459e-06,-0.006661402325765874,1.1277379880089823e-06,0.0064486003158228875,0.0,5.085299892699561e-05,0.00012206473500618626,0.00012206732103368613,-0.026035959353016384,-9.283110244557454e-05,0.02589627018370965,0.0
linear,1.0,36,11,1.0,0.0,0.0,0.9421424059268141,4.753322303417216e-33,-5.204170427930421e-18,0.942142405926814,0.942142405926814,-2.4473890075159526,0.004844980039757993,2.4619640224191266,0.0,-5.204170427930421e-18,0.942142405926814,0.942142405926814,-2.4473890075159526,0.004844980039757993,2.4619640224191266,0.0,-1.0552371099660194e-06,3.997780436739654e-06,3.997781550265012e-06,-0.005542629511048367,-8.129476457283091e-06,0.005530556212390914,0.0,6.04422323143515e-05,0.00012124611494249096,0.0001212497682059381,-0.025088668160743594,4.066375965370679e-05,0.02578446820547443,0.0
linear,1.0,36,12,1.0,0.0,0.0,0.9655373632087706,6.306175604131993e-33,8.673617379884035e-18,0.9655373632087705,0.9655373632087705,-2.547332332113005,-0.001575204561958878,2.5671334954970657,0.0,8.673617379884035e-18,0.9655373632087705,0.9655373632087705,-2.547332332113005,-0.001575204561958878,2.5671334954970657,0.0,1.9742044226113475e-06,4.2615955492783925e-06,4.261599446761494e-06,-0.005733314363555784,9.101176130148418e-07,0.0057897736616822045,0.0,-8.517237967262565e-05,0.00012316568956353616,0.00012317294389779524,-0.02561227751212585,-0.00016176707963488896,0.025908231426999558,0.0
linear,1.0,37,1,1.0,0.0,0.0,0.969045747963155,1.3504730236989728e-33,-2.168404344971009e-18,0.9690457479631549,0.9690457479631549,-2.417645213118484,-0.002161258809237392,2.402050738186324,0.0,-2.168404344971009e-18,0.9690457479631549,0.9690457479631549,-2.417645213118484,-0.002161258809237392,2.402050738186324,0.0,-1.3238327100178082e-06,2.72225929916652e-06,2.7222610516995633e-06,-0.0048088527410314426,-3.990126559753168e-06,0.004825013963310763,0.0,0.0002648728784943221,0.00014793029300781625,0.0001480004506495781,-0.029457848752543914,0.00011738400952073878,0.030532207362305202,0.0
linear,1.0,37,2,1.0,0.0,0.0,0.9474240412807442,1.8580921510071438e-33,-1.734723475976807e-18,0.9474240412807441,0.9474240412807441,-2.2840630803588926,-0.008441716506527936,2.4040282501773453,0.0,-1.734723475976807e-18,0.9474240412807441,0.9474240412807441,-2.2840630803588926,-0.008441716506527936,2.4040282501773453,0.0,1.6297861092703479e-06,2.8243616700765007e-06,2.8243643262792625e-06,-0.004998143025208334,2.9063240132563844e-06,0.00489312661846889,0.0,-0.0004585030479904837,0.00014109046476698414,0.00014130068981200073,-0.03041525063739067,-0.00035432376027002145,0.02927876630226746,0.0
linear,1.0,37,3,1.0,0.0,0.0,0.9149617485421401,2.4528628375882336e-33,-8.673617379884035e-18,0.9149617485421401,0.9149617485421401,-2.2759276626957186,0.001735206739536423,2.3133948237171937,0.0,-8.673617379884035e-18,0.9149617485421401,0.9149617485421401,-2.2759276626957186,0.001735206739536423,2.3133948237171937,0.0,1.1765169417782605e-07,2.7497580934499594e-06,2.7497581072918804e-06,-0.0051354387035217825,1.5959139878282784e-08,0.005072097687360811,0.0,0.00011962847908793801,0.00015218849861053756,0.00015220280958354646,-0.031286945271380186,-2.1001635156891076e-05,0.031073312310511934,0.0
linear,1.0,37,4,1.0,0.0,0.0,0.9653579472117868,2.976292508304758e-33,1.7780915628762273e-17,0.9653579472117867,0.9653579472117867,-2.4133460141350183,0.00660348794378238,2.3707734632579918,0.0,1.7780915628762273e-17,0.9653579472117867,0.9653579472117867,-2.4133460141350183,0.00660348794378238,2.3707734632579918,0.0,4.039353600144341e-07,2.475742334058588e-06,2.4757424972223633e-06,-0.004791555819552067,-2.6239289119096015e-07,0.004740748822406472,0.0,-8.671920827035739e-05,0.00014761731107075125,0.00014762483129183426,-0.030440069586636632,-5.6916326519287786e-05,0.03059284281938173,0.0
linear,1.0,37,5,1.0,0.0,0.0,0.9705725068609544,3.435918756996676e-33,9.107298248878237e-18,0.9705725068609543,0.9705725068609543,-2.4816399529602235,-0.0011867593665336007,2.4898520547296874,0.0,9.107298248878237e-18,0.9705725068609543,0.9705725068609543,-2.4816399529602235,-0.0011867593665336007,2.4898520547296874,0.0,-1.4441135112900409e-06,1.9746989406944974e-06,1.974701026158331e-06,-0.00411519530703454,-3.5329304768077303e-06,0.004155137111251427,0.0,0.00011711515494362287,0.00014942282793526448,0.00014943654389478197,-0.031089336502034097,8.291308435499369e-05,0.0320549281363697,0.0
linear,1.0,37,6,1.0,0.0,0.0,0.9751120846042394,5.0797296760945924e-33,-5.637851296924623e-18,0.9751120846042394,0.9751120846042394,-2.4533439139607816,0.0050788425925774,2.457896566390463,0.0,-5.637851296924623e-18,0.9751120846042394,0.9751120846042394,-2.4533439139607816,0.0050788425925774,2.457896566390463,0.0,8.726483794599823e-07,1.7982333145774608e-06,1.798234076092655e-06,-0.004117869420028568,2.951890827680002e-06,0.004088090748315352,0.0,-1.0961128911832793e-05,0.00014515301261342172,0.00014515313275976875,-0.02988949737494139,0.00016811807204809859,0.029719827289485547,0.0
linear,1.0,37,7,1.0,0.0,0.0,1.0907603051894625,4.568360165772068e-33,-2.0816681711721685e-17,1.0907603051894625,1.0907603051894625,-2.605557441716381,0.01245761174389258,2.578220426340923,0.0,-2.0816681711721685e-17,1.0907603051894625,1.0907603051894625,-2.605557441716381,0.01245761174389258,2.578220426340923,0.0,-5.621234518421648e-07,2.2465044186211464e-06,2.246504734603922e-06,-0.004669407822611508,-2.266991493803265e-06,0.004527992408335717,0.0,-5.099652001798295e-05,0.00013357398301401275,0.00013357658365906666,-0.028271942655077802,-0.0001016378034206588,0.028094785287384363,0.0
linear,1.0,37,8,1.0,0.0,0.0,1.118755023881402,6.239451709724816e-33,-5.854691731421724e-18,1.118755023881402,1.118755023881402,-2.612487412843444,-0.013466059718604529,2.600489943718161,0.0,-5.854691731421724e-18,1.118755023881402,1.118755023881402,-2.612487412843444,-0.013466059718604529,2.600489943718161,0.0,5.71020063361712e-07,1.816131340847841e-06,1.8161316669117538e-06,-0.003930598722609572,1.3417418152818747e-06,0.004018631083590406,0.0,-3.264623749332246e-05,0.00012908437738951164,0.00012908544316633412,-0.027173841876231362,6.983097524256859e-05,0.02766686739911616,0.0
linear,1.0,37,9,1.0,0.0,0.0,1.286489647319622,7.302671778104096e-33,-1.0408340855860843e-17,1.286489647319622,1.286489647319622,-2.8589552555486897,0.004434099562357145,2.871242320538356,0.0,-1.0408340855860843e-17,1.286489647319622,1.286489647319622,-2.8589552555486897,0.004434099562357145,2.871242320538356,0.0,-5.704808340418655e-07,1.4544536582568852e-06,1.4544539837052672e-06,-0.0035948354921041996,-2.0838081869726095e-06,0.0035640152048490056,0.0,2.9423968269917678e-05,0.00012121718645688051,0.00012121805222678925,-0.025754630978338848,-6.200134993134962e-05,0.026411607380268598,0.0
linear,1.0,37,10,1.0,0.0,0.0,1.3272525482723654,8.090029398014794e-33,-2.2551405187698492e-17,1.3272525482723654,1.3272525482723654,-2.936413784182639,-0.006571507374653,2.9243979289453947,0.0,-2.2551405187698492e-17,1.3272525482723654,1.3272525482723654,-2.936413784182639,-0.006571507374653,2.9243979289453947,0.0,-5.115683172351792e-07,1.2774978542419925e-06,1.2774981159441356e-06,-0.003334923927197902,-8.431605958877578e-07,0.0033767363969403517,0.0,-6.534211677686973e-05,0.00011871765207691542,0.00011872192166914029,-0.025429560082213566,-0.00016990050116168475,0.025605914639127068,0.0
linear,1.0,37,11,1.0,0.0,0.0,1.3205044984690226,1.1129126392617269e-32,8.023096076392733e-18,1.3205044984690224,1.3205044984690224,-2.8719232115591886,-0.007897819504658628,3.010122692728099,0.0,8.023096076392733e-18,1.3205044984690224,1.3205044984690224,-2.8719232115591886,-0.007897819504658628,3.010122692728099,0.0,-1.9688581723887857e-08,1.3786427017229566e-06,1.378642702110597e-06,-0.0032724296502360567,-3.863916182621412e-06,0.0033413251225597744,0.0,8.145848881163472e-05,0.00011603367653055616,0.00011604031201595564,-0.02461973427104036,6.824129319603421e-05,0.025197986585800466,0.0
linear,1.0,37,12,1.0,0.0,0.0,1.362532579458039,1.166985640287695e-32,-4.336808689942018e-18,1.362532579458039,1.362532579458039,-2.884830948537302,-0.001545401533413785,2.9278872566314336,0.0,-4.336808689942018e-18,1.362532579458039,1.362532579458039,-2.884830948537302,-0.001545401533413785,2.9278872566314336,0.0,4.665085980785036e-07,1.7284143601475195e-06,1.7284145777777917e-06,-0.003914161465374446,-8.332179501513019e-07,0.003981791578585339,0.0,4.259389990272397e-05,0.00012030753344197124,0.00012030934768228016,-0.025460423939220527,-4.128767166907963e-05,0.02497776308506451,0.0
linear,1.4142135623730951,35,1,1.0,0.0,0.0,2.0120125140251233,2.699286848403894e-33,9.974659986866641e-18,2.0120125140251233,2.0120125140251233,-3.4126316747421295,0.010312872795206155,3.302312532526995,0.0,9.974659986866641e-18,2.0120125140251233,2.0120125140251233,-3.4126316747421295,0.010312872795206155,3.302312532526995,0.0,-2.6313622631515604e-05,0.582326004115835,0.5823260048082418,-2.240461213866312,0.0002564730635503939,2.317899536507682,0.0,2.4713042338266565e-05,0.20467531984322757,0.20467532045396203,-1.1470340616149632,0.0024221545599923044,1.1121545245863576,0.0
linear,1.4142135623730951,35,2,1.0,0.0,0.0,3.88311939640702,5.019771667177918e-33,1.734723475976807e-18,3.8831193964070203,3.8831193964070203,-4.651774906310942,-0.017353774829611097,4.573471985611452,0.0,1.734723475976807e-18,3.8831193964070203,3.8831193964070203,-4.651774906310942,-0.017353774829611097,4.573471985611452,0.0,-1.9767428394787054e-05,0.24066739804728607,0.2406673984380373,-1.4599157510301697,0.0003192453471646651,1.4961628206768318,0.0,0.004046652345581115,0.1048178056256044,0.10483418102081041,-0.7855829812114944,0.00028523541289084695,0.8069795637330291,0.0
linear,1.4142135623730951,35,3,1.0,0.0,0.0,7.175452438854245,1.5662480479576713e-32,1.431146867680866e-17,7.175452438854246,7.175452438854246,-6.399098356851393,-0.0019803196235039775,6.364110031492332,0.0,1.431146867680866e-17,7.175452438854246,7.175452438854246,-6.399098356851393,-0.0019803196235039775,6.364110031492332,0.0,1.5599657108757175e-06,0.18517952349615546,0.18517952349858896,-1.3374363265909526,0.00023107531709026254,1.3054743541658227,0.0,-0.0003578370065881356,0.05642065046488897,0.05642077851221225,-0.5903015376829885,-0.0006635062008975261,0.5892385249406268,0.0
linear,1.4142135623730951,35,4,1.0,0.0,0.0,14.303048415847709,4.107333414258965e-32,-2.0816681711721685e-17,14.303048415847709,14.303048415847709,-9.497637854327403,0.061580108789960605,9.34707382757232,0.0,-2.0816681711721685e-17,14.303048415847709,14.303048415847709,-9.497637854327403,0.061580108789960605,9.34707382757232,0.0,-1.5563725651281373e-05,0.08765933031669323,0.08765933055892279,-0.9112785904296923,5.6343149650169493e-05,0.9279425580001323,0.0,0.00033220364522956063,0.029474368596241484,0.029474478955503387,-0.41996684936034867,-0.0010234911997625223,0.42753587169904933,0.0
linear,1.4142135623730951,35,5,1.0,0.0,0.0,25.935903395461736,9.136986814047168e-32,-3.0357660829594124e-17,25.935903395461736,25.935903395461736,-12.553220031848895,-0.03946158130894252,12.526906652732945,0.0,-3.0357660829594124e-17,25.935903395461736,25.935903395461736,-12.553220031848895,-0.03946158130894252,12.526906652732945,0.0,-1.0841681566061117e-05,0.0504827230133332,0.050482723130875255,-0.6344050144365733,0.00012742026796039958,0.6433693898107016,0.0,0.0005437566309969579,0.014797542784239129,0.014797838455512882,-0.29922377500432956,0.0019616411268829617,0.3048271532286744,0.0
linear,1.4142135623730951,35,6,1.0,0.0,0.0,53.086045273282735,2.4859419274066584e-31,1.1796119636642288e-16,53.08604527328274,53.08604527328274,-17.54397632549371,-0.032431974806353785,17.536620582941268,0.0,1.1796119636642288e-16,53.08604527328274,53.08604527328274,-17.54397632549371,-0.032431974806353785,17.536620582941268,0.0,-2.2307117145847386e-06,0.024683709615322263,0.024683709620298335,-0.49559212447037104,5.999822324337097e-05,0.4780405614450869,0.0,0.0006792234463753617,0.007391258633949257,0.007391719978439362,-0.20876553279080776,4.7639478487349354e-05,0.21149154344660812,0.0
linear,1.4142135623730951,35,7,1.0,0.0,0.0,105.48526373040951,5.84696850211227e-31,-1.734723475976807e-17,105.48526373040953,105.48526373040953,-25.891378982207456,0.004379776036531778,26.037218096299444,0.0,-1.734723475976807e-17,105.48526373040953,105.48526373040953,-25.891378982207456,0.004379776036531778,26.037218096299444,0.0,-1.169314601444954e-06,0.012391220741643942,0.01239122074301124,-0.33993392283423896,3.940821793327799e-05,0.3378524425939261,0.0,-0.0004991429707269788,0.0035464230224748873,0.003546672166180114,-0.14190916470760087,-0.0008946224290627613,0.14304933533591171,0.0
linear,1.4142135623730951,35,8,1.0,0.0,0.0,235.78002407273885,1.8519405970172332e-30,-2.740863092043355e-16,235.78002407273883,235.78002407273883,-39.4526742525538,-0.029927405991688447,38.20022534791006,0.0,-2.740863092043355e-16,235.78002407273883,235.78002407273883,-39.4526742525538,-0.029927405991688447,38.20022534791006,0.0,2.6827015029357634e-06,0.00659518152614752,0.006595181533344407,-0.23585610958420736,-4.54003971700841e-05,0.2368304005069514,0.0,-0.0007566008734213676,0.0018685840562412846,0.0018691565011229464,-0.10585546958721212,-0.0005474793707567161,0.10384739825788122,0.0
linear,1.4142135623730951,35,9,1.0,0.0,0.0,525.952120146857,4.281902345166283e-30,3.608224830031759e-16,525.952120146857,525.952120146857,-61.30470500598736,0.38104546085620217,57.46468168394729,0.0,3.608224830031759e-16,525.952120146857,525.952120146857,-61.30470500598736,0.38104546085620217,57.46468168394729,0.0,2.512042967180763e-06,0.004340227932060145,0.004340227938370505,-0.20377735366754707,-1.047598481510661e-05,0.20079040682737062,0.0,-0.00017866494385263454,0.0010256079375048478,0.00102563985866701,-0.07706301412641049,-0.0008730684174042477,0.07712452939658983,0.0
linear,1.4142135623730951,35,10,1.0,0.0,0.0,997.1238930757596,8.184472057575281e-30,-6.106226635438361e-16,997.1238930757595,997.1238930757595,-81.27733536522022,0.0756638110905073,82.01588637062613,0.0,-6.106226635438361e-16,997.1238930757595,997.1238930757595,-81.27733536522022,0.0756638110905073,82.01588637062613,0.0,2.056341615462679e-06,0.0027222584835629206,0.0027222584877914617,-0.15696391258550332,-1.7544788724620222e-05,0.1513795833965055,0.0,4.70100751609313e-06,0.0005065183924667369,0.0005065184145662087,-0.051900041076161856,-0.0002789570317529302,0.052427029207030997,0.0
linear,1.4142135623730951,35,11,1.0,0.0,0.0,1709.1906028745393,1.6249395162708217e-29,-5.551115123125783e-16,1709.190602874539,1709.190602874539,-104.2369523120846,-0.6918750412721186,108.2210346933392,0.0,-5.551115123125783e-16,1709.190602874539,1709.190602874539,-104.2369523120846,-0.6918750412721186,108.2210346933392,0.0,1.2611104541120028e-06,0.002149418453994323,0.0021494184555847225,-0.13157006864593937,-3.5554932919218315e-06,0.13331455352465935,0.0,-5.4244114250367526e-05,0.0002486943080898097,0.0002486972505137405,-0.03623172075978405,-1.3007443690991946e-05,0.03668247759588471,0.0
linear,1.4142135623730951,35,12,1.0,0.0,0.0,3385.691663777361,4.0210150119845675e-29,-1.7486012637846216e-15,3385.691663777361,3385.691663777361,-155.97518424568665,-0.28266019728928315,156.38289429897975,0.0,-1.7486012637846216e-15,3385.691663777361,3385.691663777361,-155.97518424568665,-0.28266019728928315,156.38289429897975,0.0,8.64239176726822e-07,0.0011221336713025435,0.001122133672049453,-0.10079101503959247,-3.3087268996708524e-05,0.10041717182872714,0.0,0.00019999676966802048,0.00012210920304392357,0.00012214920175180122,-0.025237637853666256,0.00015691902415171965,0.025849814258737013,0.0
linear,1.4142135623730951,36,1,1.0,0.0,0.0,1.9778227014860192,2.633489177566568e-33,8.673617379884035e-19,1.977822701486019,1.977822701486019,-3.4205857186509103,-0.017689026717873608,3.3757650051078514,0.0,8.673617379884035e-19,1.977822701486019,1.977822701486019,-3.4205857186509103,-0.017689026717873608,3.3757650051078514,0.0,-0.00020938732428486817,26.554077477922867,26.55407752176592,-15.35228563335287,-0.01534923276187226,15.34217832463056,0.0,-0.006547885435855617,0.2601379078010071,0.2601807826046882,-1.3034093298100908,-0.007608818557899189,1.2824616917993354,0.0
linear,1.4142135623730951,36,2,1.0,0.0,0.0,3.6343853479101815,4.770999967615898e-33,3.469446951953614e-18,3.6343853479101815,3.6343853479101815,-4.597006582466996,0.002234274704119475,4.413435576183414,0.0,3.469446951953614e-18,3.6343853479101815,3.6343853479101815,-4.597006582466996,0.002234274704119475,4.413435576183414,0.0,7.13825863727334e-05,10.115163475029238,10.115163480124712,-9.790881700893665,0.008847700157348863,9.537150431105514,0.0,0.0005993683204791628,0.1151156263171011,0.1151159855594847,-0.8369699305274615,-0.0029401653159705846,0.8472985403882156,0.0
linear,1.4142135623730951,36,3,1.0,0.0,0.0,7.588256336180645,1.3155804275963425e-32,1.3877787807814457e-17,7.588256336180645,7.588256336180645,-6.639388836010238,0.019024335011746694,6.731196316657687,0.0,1.3877787807814457e-17,7.588256336180645,7.588256336180645,-6.639388836010238,0.019024335011746694,6.731196316657687,0.0,-9.867476880502744e-06,5.9138026505453745,5.913802650642741,-6.939131531668459,-0.00041127735246362517,6.930412625014075,0.0,-0.003893826653184373,0.05961634029377375,0.0596315021797788,-0.6026471395286043,-0.00541572688302525,0.6003272209623968,0.0
linear,1.4142135623730951,36,4,1.0,0.0,0.0,15.056559828185904,3.012096349409252e-32,-3.469446951953614e-18,15.056559828185904,15.056559828185904,-9.522675724287714,0.014700900277371351,9.85133783460592,0.0,-3.469446951953614e-18,15.056559828185904,15.056559828185904,-9.522675724287714,0.014700900277371351,9.85133783460592,0.0,-1.232916915075953e-05,3.609833757399235,3.609833757551243,-5.830838743114134,0.0007872285898571692,5.889879550355014,0.0,-0.003791112874833631,0.030254951350134854,0.030269323886964582,-0.4523853387402784,-0.001089398803690382,0.430777972297418,0.0
linear,1.4142135623730951,36,5,1.0,0.0,0.0,33.25901580792272,7.165409922648176e-32,-3.469446951953614e-17,33.259015807922715,33.259015807922715,-13.883347661298,0.03391449591922198,14.041931646935701,0.0,-3.469446951953614e-17,33.259015807922715,33.259015807922715,-13.883347661298,0.03391449591922198,14.041931646935701,0.0,-8.505483596591389e-06,1.6498516052269456,1.6498516052992889,-3.720353192709194,0.0035335479455156048,3.707579124764343,0.0,-0.0013179718829417562,0.014779468533842068,0.014781205583726293,-0.3063501879996808,-0.002715193067490788,0.2964179166208037,0.0
linear,1.4142135623730951,36,6,1.0,0.0,0.0,61.567153501055984,1.9406607562787436e-31,5.898059818321144e-17,61.567153501055984,61.567153501055984,-19.766080004782197,-0.03070324845576599,19.825839430433085,0.0,5.898059818321144e-17,61.567153501055984,61.567153501055984,-19.766080004782197,-0.03070324845576599,19.825839430433085,0.0,-8.548256451976124e-06,0.7249464493210255,0.7249464493940982,-2.5692949603385635,0.001359016220946821,2.5388167029520843,0.0,-0.0011087675559460879,0.00747252936961558,0.007473758735108698,-0.2111031062291329,-0.0007050380898656488,0.2071397657843319,0.0
linear,1.4142135623730951,36,7,1.0,0.0,0.0,117.27588074892664,4.89609108873699e-31,-2.7755575615628914e-17,117.27588074892665,117.27588074892665,-26.223240117947103,0.07052444246139872,26.394775526623352,0.0,-2.7755575615628914e-17,117.27588074892665,117.27588074892665,-26.223240117947103,0.07052444246139872,26.394775526623352,0.0,-1.9840041948272248e-05,0.41815075845830324,0.41815075885193054,-1.9317867809978897,-0.0014169038596598747,1.9454459962608925,0.0,0.00020362061853227667,0.003676049841401054,0.003676091302757346,-0.14607179694326983,-0.000272640280354997,0.14740805943572197,0.0
linear,1.4142135623730951,36,8,1.0,0.0,0.0,264.34282399576864,9.826360237986963e-31,-3.469446951953614e-17,264.34282399576864,264.34282399576864,-39.38362243878735,-0.059064812894617305,40.21217323364654,0.0,-3.469446951953614e-17,264.34282399576864,264.34282399576864,-39.38362243878735,-0.059064812894617305,40.21217323364654,0.0,-1.5962100014821085e-06,0.2311549510612831,0.23115495106383094,-1.4021054037390697,-0.0011658801498928974,1.4045249310435242,0.0,-0.00031542029308269555,0.0019048933582463956,0.001904992848207684,-0.10296717341737793,-0.0009932277156611284,0.10272173276128577,0.0
linear,1.4142135623730951,36,9,1.0,0.0,0.0,465.2648854472021,2.029614726291311e-30,-9.71445146547012e-17,465.2648854472021,465.2648854472021,-53.56877940003738,-0.11161950630136132,55.03692039657834,0.0,-9.71445146547012e-17,465.2648854472021,465.2648854472021,-53.56877940003738,-0.11161950630136132,55.03692039657834,0.0,-5.875021676883616e-06,0.11454575864786844,0.11454575868238431,-1.0440238233794272,-0.0003524151509318562,1.0478786814499799,0.0,0.0004918531279095711,0.0009833645142989346,0.0009836064337983693,-0.07206237508482723,0.0005459587918043188,0.0753142864043244,0.0
linear,1.4142135623730951,36,10,1.0,0.0,0.0,983.4742082898142,6.42016156983999e-30,-1.1102230246251565e-16,983.4742082898141,983.4742082898141,-80.08139215208259,0.13421813011692685,78.32565324620609,0.0,-1.1102230246251565e-16,983.4742082898141,983.4742082898141,-80.08139215208259,0.13421813011692685,78.32565324620609,0.0,2.694844971127923e-06,0.05589119492991858,0.055891194937180776,-0.7363123058531026,8.379388467828449e-05,0.7086550928854143,0.0,0.00010170599785399122,0.0004882589400247452,0.00048826928413474465,-0.052071918706032755,-0.00018566220489115874,0.05179254036741929,0.0
linear,1.4142135623730951,36,11,1.0,0.0,0.0,1929.5076473381177,1.1041685243588739e-29,3.608224830031759e-16,1929.5076473381177,1929.5076473381177,-110.75618325862057,0.2192587674128465,111.41577313855205,0.0,3.608224830031759e-16,1929.5076473381177,1929.5076473381177,-110.75618325862057,0.2192587674128465,111.41577313855205,0.0,-1.492330632431771e-06,0.023227185734019103,0.02322718573624616,-0.4299070557985639,-0.00045440262453658224,0.42823282793865847,0.0,8.54782246790611e-05,0.00024249222988498195,0.0002424995364118762,-0.03548073477480166,5.7507240399350956e-05,0.03646474463475981,0.0
linear,1.4142135623730951,36,12,1.0,0.0,0.0,3954.8410397031303,3.058401021300308e-29,1.1102230246251565e-16,3954.84103970313,3954.84103970313,-163.0292692552323,-0.1008130919653773,164.29654371181223,0.0,1.1102230246251565e-16,3954.84103970313,3954.84103970313,-163.0292692552323,-0.1008130919653773,164.29654371181223,0.0,1.974204422609447e-06,0.012379986325877262,0.012379986329774745,-0.3171706152303431,3.568837371588231e-05,0.31666834919094744,0.0,-8.517237967262565e-05,0.00012316568956353616,0.00012317294389779524,-0.02561227751212585,-0.00016176707963488896,0.025908231426999558,0.0
linear,1.4142135623730951,37,1,1.0,0.0,0.0,1.9380914959263105,2.548720955196826e-33,-8.673617379884035e-18,1.9380914959263102,1.9380914959263102,-3.419066649398551,-0.003056481519821675,3.3970127314514036,0.0,-8.673617379884035e-18,1.9380914959263102,1.9380914959263102,-3.419066649398551,-0.003056481519821675,3.3970127314514036,0.0,-5.990982953026948e-05,15.666663285054568,15.666663288643756,-11.160785832679366,-0.00791143199821863,11.030291848151492,0.0,0.011986778146287087,0.3029612400800082,0.3031049229303365,-1.3331100551738566,0.005312193864638819,1.3817299757107098,0.0
linear,1.4142135623730951,37,2,1.0,0.0,0.0,3.7896961651229777,7.05788447474709e-33,-1.3877787807814457e-17,3.7896961651229777,3.7896961651229777,-4.568126160717786,-0.01688343301305622,4.808056500354692,0.0,-1.3877787807814457e-17,3.7896961651229777,3.7896961651229777,-4.568126160717786,-0.01688343301305622,4.808056500354692,0.0,5.2153155496682466e-05,8.12713476943006,8.127134772150011,-8.410913566869375,0.004369755229590166,8.458218773257027,0.0,-0.01467209753569548,0.14447663592139198,0.14469190636748894,-0.9732880203965016,-0.01133836032864044,0.9369205216725593,0.0
linear,1.4142135623730951,37,3,1.0,0.0,0.0,7.319693988337123,2.3857575216950856e-32,-2.5153490401663703e-17,7.319693988337123,7.319693988337123,-6.437295535128765,0.0049079058091465524,6.543268669649138,0.0,-2.5153490401663703e-17,7.319693988337123,7.319693988337123,-6.437295535128765,0.0049079058091465524,6.543268669649138,0.0,2.662153944658354e-06,3.956227339511361,3.9562273395184477,-5.888163237231903,9.012612345408254e-05,6.020224475672052,0.0,0.0027068834811556485,0.07792051128859534,0.0779278385067759,-0.7079427572481701,-0.00047521275633404816,0.7031087951580937,0.0
linear,1.4142135623730951,37,4,1.0,0.0,0.0,15.445727155388596,4.7476863358169816e-32,5.984795992119984e-17,15.445727155388596,15.445727155388596,-9.653384056540075,0.026413951775129153,9.48309385303197,0.0,5.984795992119984e-17,15.445727155388596,15.445727155388596,-9.653384056540075,0.026413951775129153,9.48309385303197,0.0,6.462965760227913e-06,1.7809930493368666,1.7809930493786366,-3.943738822188685,2.638830360198759e-05,3.9006147936391056,0.0,-0.001387507332325719,0.03779003163411236,0.03779195681070962,-0.48704111338618644,-0.0009106612243086452,0.48948548511010814,0.0
linear,1.4142135623730951,37,5,1.0,0.0,0.0,31.058320219550556,1.126238011972682e-31,5.204170427930421e-17,31.058320219550556,31.058320219550556,-14.03827551361313,-0.006713324765696126,14.084730176404978,0.0,5.204170427930421e-17,31.058320219550556,31.058320219550556,-14.03827551361313,-0.006713324765696126,14.084730176404978,0.0,-1.6338279306193047e-05,0.7102775843636582,0.7102775846305975,-2.5762073616426764,-0.00286388669675492,2.5761441538406387,0.0,0.001325006723845583,0.019126121975713874,0.01912787761853211,-0.3517356906108608,0.0009380544671440596,0.3626601128907919,0.0
linear,1.4142135623730951,37,6,1.0,0.0,0.0,62.40717341467136,2.454446337999795e-31,5.204170427930421e-18,62.40717341467137,62.40717341467137,-19.62675131168627,0.04063074074061308,19.66317253112371,0.0,5.204170427930421e-18,62.40717341467137,62.40717341467137,-19.62675131168627,0.04063074074061308,19.66317253112371,0.0,6.981187035681518e-06,0.3234022110323838,0.3234022110811208,-1.7362371505852423,0.0016620500049053123,1.736809878727349,0.0,-8.768903129466191e-05,0.009289792807258997,0.009289800496625207,-0.2391159789995313,0.0013449445763847629,0.2377586183158846,0.0
linear,1.4142135623730951,37,7,1.0,0.0,0.0,139.61731906425138,4.789605121450279e-31,-1.3183898417423734e-16,139.61731906425135,139.61731906425135,-29.478517372939624,0.1409417878639268,29.169234349749416,0.0,-1.3183898417423734e-16,139.61731906425135,139.61731906425135,-29.478517372939624,0.1409417878639268,29.169234349749416,0.0,-3.1798504372890224e-06,0.2020105747071035,0.20201057471721495,-1.3246673162394151,-0.0006621817440378983,1.3128164638225022,0.0,-0.0002884798809730498,0.00427436745644841,0.0042744506770901365,-0.15993025894978175,-0.0005749502401892464,0.1589281055415162,0.0
linear,1.4142135623730951,37,8,1.0,0.0,0.0,286.40128611363923,9.227634563133741e-31,2.1510571102112408e-16,286.40128611363923,286.40128611363923,-41.79979860549513,-0.21545695549766336,41.607839099490604,0.0,2.1510571102112408e-16,286.40128611363923,286.40128611363923,-41.79979860549513,-0.21545695549766336,41.607839099490604,0.0,2.2840802534463247e-06,0.08165524784353963,0.08165524784875665,-0.826666636741496,0.00016919027428149552,0.8216129387560399,0.0,-0.00013058494997329048,0.002065350038232187,0.0020653670906613467,-0.10869536750492545,0.00027932390097027326,0.11066746959646469,0.0
linear,1.4142135623730951,37,9,1.0,0.0,0.0,658.6826994276471,3.268481764317841e-30,-1.1102230246251565e-16,658.6826994276473,658.6826994276473,-64.69077274583681,0.10033221980797664,64.9687972890391,0.0,-1.1102230246251565e-16,658.6826994276473,658.6826994276473,-64.69077274583681,0.10033221980797664,64.9687972890391,0.0,-1.6135634651525473e-06,0.03269691363197261,0.0326969136345762,-0.5348282763110739,-0.0004410557893255293,0.5310474720349758,0.0,8.322354997230668e-05,0.0009697374916550445,0.0009697444178143144,-0.07284509684696208,-0.0001753662999167108,0.07470330672249842,0.0
linear,1.4142135623730951,37,10,1.0,0.0,0.0,1359.106609430904,9.831510125023006e-30,2.0816681711721685e-17,1359.106609430904,1359.106609430904,-93.96524109384447,-0.21028823598887172,93.58073372625276,0.0,2.0816681711721685e-17,1359.106609430904,1359.106609430904,-93.96524109384447,-0.21028823598887172,93.58073372625276,0.0,-1.023136634469696e-06,0.01435942492175075,0.014359424922797558,-0.34519139165689794,-0.00010940903515879318,0.33976533860164626,0.0,-0.0001306842335537393,0.0004748706083076618,0.0004748876866765613,-0.05085912016442713,-0.0003398010023233692,0.05121182927825411,0.0
linear,1.4142135623730951,37,11,1.0,0.0,0.0,2704.393212864562,1.764122647411449e-29,-4.3021142204224816e-16,2704.3932128645624,2704.3932128645624,-129.96840818819527,-0.3574145106132196,136.22260276681925,0.0,-4.3021142204224816e-16,2704.3932128645624,2704.3932128645624,-129.96840818819527,-0.3574145106132196,136.22260276681925,0.0,-2.784385929794123e-08,0.007748158736691078,0.007748158736691852,-0.24746574106571054,-0.00023073124224900641,0.24644524564130366,0.0,0.00011519969964783083,0.00023206735306111233,0.0002320806240319113,-0.03481756210812697,9.650776235171172e-05,0.035635334374134346,0.0
linear,1.4142135623730951,37,12,1.0,0.0,0.0,5580.933445460137,3.7356971185502244e-29,4.996003610813204e-16,5580.933445460137,5580.933445460137,-184.62918070638725,-0.09890569813852476,187.384784424412,0.0,4.996003610813204e-16,5580.933445460137,5580.933445460137,-184.62918070638725,-0.09890569813852476,187.384784424412,0.0,4.6650859807837147e-07,0.00485696202878828,0.004856962029005912,-0.20140718138187147,-4.478430289872245e-05,0.1981403210186597,0.0,4.259389990272397e-05,0.00012030753344197124,0.00012030934768228016,-0.025460423939220527,-4.128767166907963e-05,0.02497776308506451,0.0
linear,2.0,35,1,1.0,0.0,0.0,4.0240250280502465,5.678455589920995e-33,1.3877787807814457e-17,4.0240250280502465,4.0240250280502465,-4.826189997804328,0.014584604574009077,4.670175170694318,0.0,1.3877787807814457e-17,4.0240250280502465,4.0240250280502465,-4.826189997804328,0.014584604574009077,4.670175170694318,0.0,-0.0011908186240274787,4958004.108433975,4958004.108435392,-6506.018133801263,-0.05022386997060414,6725.033541588777,0.0,0.0011183846285530152,419.17505503892943,419.17505628971367,-51.90883604607281,0.10961420252494683,50.33036838798814,0.0
linear,2.0,35,2,1.0,0.0,0.0,15.532477585628074,2.4848930118697566e-32,6.938893903907228e-18,15.532477585628074,15.532477585628074,-9.303549812621883,-0.0347075496592227,9.146943971222903,0.0,6.938893903907228e-18,15.532477585628074,15.532477585628074,-9.303549812621883,-0.0347075496592227,9.146943971222903,0.0,-0.0006325577086601086,1024537.7506494045,1024537.7506498046,-3018.684678467314,-0.17892524078206684,3089.9723442591767,0.0,0.12949287505859558,107.33343296061878,107.35020136530972,-25.13865539876782,0.009127533212506804,25.823346039456933,0.0
linear,2.0,35,3,1.0,0.0,0.0,57.40361951083394,8.338597939778826e-32,1.1275702593849246e-17,57.40361951083394,57.40361951083394,-18.099383366437237,-0.005601189738785325,18.00042143794224,0.0,1.1275702593849246e-17,57.40361951083394,57.40361951083394,-18.099383366437237,-0.005601189738785325,18.00042143794224,0.0,3.5297994640665076e-05,394161.01578979124,394161.01578979247,-1953.4575146471263,0.07336671674295181,1904.1746768938724,0.0,-0.008096927165375016,28.887373038023117,28.887438598252636,-13.356999047695592,-0.015013431488448248,13.332945815100011,0.0
linear,2.0,35,4,1.0,0.0,0.0,228.84877465356323,4.511284877862681e-31,5.551115123125783e-17,228.84877465356323,228.84877465356323,-37.990551417309604,0.24632043515983382,37.38829531028928,0.0,5.551115123125783e-17,228.84877465356323,228.84877465356323,-37.990551417309604,0.24632043515983382,37.38829531028928,0.0,-0.00024901961042411713,93292.95735227044,93292.95735233245,-935.8115220335629,-0.01696444941354589,954.8318225707459,0.0,0.005315258323673005,7.545438360637812,7.545466612608859,-6.71946958976558,-0.016375859196201013,6.8405739471847875,0.0
linear,2.0,35,5,1.0,0.0,0.0,829.9489086547749,2.7305287307272663e-30,1.1102230246251565e-16,829.9489086547749,829.9489086547749,-71.01173608197726,-0.22322841391917886,70.86288513150676,0.0,1.1102230246251565e-16,829.9489086547749,829.9489086547749,-71.01173608197726,-0.22322841391917886,70.86288513150676,0.0,-0.0001226596248788958,26863.555231635975,26863.555231651022,-462.934469049136,-0.006215197404041339,469.44921591581505,0.0,0.006151904017489553,1.894085476382607,1.8941233223056473,-3.385330566364788,0.02219343588917281,3.448725554204583,0.0
linear,2.0,35,6,1.0,0.0,0.0,3397.5068974900923,1.2443102433761344e-29,3.608224830031759e-16,3397.5068974900923,3397.5068974900923,-140.35181060394956,-0.25945579845083533,140.29296466353,0.0,3.608224830031759e-16,3397.5068974900923,3397.5068974900923,-140.35181060394956,-0.25945579845083533,140.29296466353,0.0,-1.7845693715476396e-05,6567.516128120082,6567.5161281204,-255.9607261074614,-0.013122366648006104,241.73764179863034,0.0,0.005433787571002892,0.47304055257275207,0.47307007862011885,-1.670124262326462,0.00038111582789868153,1.6919323475728656,0.0
linear,2.0,35,7,1.0,0.0,0.0,13502.113757492407,3.586653610113645e-29,-6.38378239159465e-16,13502.113757492407,13502.113757492407,-292.92751444143573,0.04955150936819818,294.5774956660226,0.0,-6.38378239159465e-16,13502.113757492407,13502.113757492407,-292.92751444143573,0.04955150936819818,294.5774956660226,0.0,-6.614642273188032e-06,1648.446350420173,1648.4463504202167,-122.90830402593087,0.0013866812731379206,122.05476448895489,0.0,-0.0028235790350611602,0.11348553671919631,0.11349350931776356,-0.8027594614181061,-0.005060748689535193,0.8092092404820129,0.0
linear,2.0,35,8,1.0,0.0,0.0,60359.68616262108,1.7098753842134446e-28,9.43689570931383e-16,60359.68616262108,60359.68616262108,-631.2427880408607,-0.47883849586687827,611.2036055665603,0.0,9.43689570931383e-16,60359.68616262108,60359.68616262108,-631.2427880408607,-0.47883849586687827,611.2036055665603,0.0,1.0730806011542693e-05,438.6897447182248,438.68974471833997,-61.0299004232209,-0.0008497163406550076,61.19456254840173,0.0,-0.0030264034936854714,0.029897344899860533,0.029906504017967128,-0.4234218783488482,-0.002189917483026724,0.41538959303152456,0.0
linear,2.0,35,9,1.0,0.0,0.0,269287.4855151905,7.886032156063737e-28,-8.881784197001252e-16,269287.4855151905,269287.4855151905,-1387.1671241079846,8.622074537976879,1300.2773151182557,0.0,-8.881784197001252e-16,269287.4855151905,269287.4855151905,-1387.1671241079846,8.622074537976879,1300.2773151182557,0.0,7.105130466963927e-06,144.34883078472103,144.34883078477154,-37.03240257193257,-0.00025442061938532644,36.531603685116934,0.0,-0.0005053407734340451,0.008204863500038781,0.008205118869336076,-0.21796711946983818,-0.002469410393545428,0.2181411109285995,0.0
linear,2.0,35,10,1.0,0.0,0.0,1021054.8665095766,2.500787780795342e-27,-1.5987211554602254e-14,1021054.8665095764,1021054.8665095764,-2600.874731687044,2.421241954896322,2624.5083638600354,0.0,-1.5987211554602254e-14,1021054.8665095764,1021054.8665095764,-2600.874731687044,2.421241954896322,2624.5083638600354,0.0,4.112683231017461e-06,45.26891621664482,45.26891621666174,-20.27934590602466,-0.0006958581658910675,19.461509462628026,0.0,9.402015032185826e-06,0.0020260735698669472,0.002026073658264834,-0.10380008215232368,-0.00055791406350585,0.10485405841406198,0.0
linear,2.0,35,11,1.0,0.0,0.0,3500422.354687051,1.686182836208237e-26,-1.0658141036401503e-14,3500422.354687051,3500422.354687051,-4717.225973126001,-31.310690138704672,4897.524959915823,0.0,-1.0658141036401503e-14,3500422.354687051,3500422.354687051,-4717.225973126001,-31.310690138704672,4897.524959915823,0.0,1.7834795078899845e-06,17.87152917637404,17.871529176377223,-12.025438757009487,-1.2376172593613285e-05,12.21213473917179,0.0,-7.671276205178546e-05,0.0004973886161796193,0.000497394501027481,-0.05123939088660142,-1.8395303279604842e-05,0.051876857317547334,0.0
linear,2.0,35,12,1.0,0.0,0.0,13867793.054832049,6.158705814994277e-26,-1.865174681370263e-14,13867793.054832049,13867793.054832049,-9982.411791723944,-18.090252626515746,10008.505235134706,0.0,-1.865174681370263e-14,13867793.054832049,13867793.054832049,-9982.411791723944,-18.090252626515746,10008.505235134706,0.0,8.64239176747144e-07,4.665039654730329,4.665039654731076,-6.509947170662173,-2.336026491477376e-05,6.432327700515927,0.0,0.00019999676966802048,0.00012210920304392357,0.00012214920175180122,-0.025237637853666256,0.00015691902415171965,0.025849814258737013,0.0
linear,2.0,36,1,1.0,0.0,0.0,3.9556454029720376,5.505987247461595e-33,-8.673617379884035e-19,3.9556454029720376,3.9556454029720376,-4.837438714575838,-0.025016061489597015,4.774052653608004,0.0,-8.673617379884035e-19,3.9556454029720376,3.9556454029720376,-4.837438714575838,-0.025016061489597015,4.774052653608004,0.0,-0.009475788601577051,222250927.12626866,222250927.12635845,-44333.32950715085,-9.78014293627901,44450.86917361466,0.0,-0.29632346842407237,532.7624351764618,532.8502427744007,-58.98557284931377,-0.3443358207429542,58.03759096853006,0.0
linear,2.0,36,2,1.0,0.0,0.0,14.537541391640723,2.1992663846960393e-32,1.9081958235744878e-17,14.537541391640723,14.537541391640723,-9.194013164933992,0.004468549408239287,8.826871152366826,0.0,1.9081958235744878e-17,14.537541391640723,14.537541391640723,-9.194013164933992,0.004468549408239287,8.826871152366826,0.0,0.0022842427638778418,42330682.729411155,42330682.72941637,-20056.243620012996,1.9511591084116777,19653.878673406296,0.0,0.019179786255333144,117.87840134871138,117.87876921291218,-26.783037776878746,-0.09408529011105268,27.11355329242287,0.0
linear,2.0,36,3,1.0,0.0,0.0,60.70605068944514,9.793649876991131e-32,2.7755575615628914e-17,60.706050689445135,60.706050689445135,-18.779027475508382,0.053808945177482456,19.038698244026236,0.0,2.7755575615628914e-17,60.706050689445135,60.706050689445135,-18.779027475508382,0.053808945177482456,19.038698244026236,0.0,-0.00022327551400636025,12374258.914382469,12374258.91438252,-10052.315178469446,0.0980672267133586,10050.283685416227,0.0,-0.08810723939941083,30.52356623041213,30.531329116046713,-13.636348128747247,-0.12254391052932581,13.583854363948333,0.0
linear,2.0,36,4,1.0,0.0,0.0,240.9049572509743,4.413625563920854e-31,-1.1102230246251565e-16,240.9049572509743,240.9049572509743,-38.09070289715083,0.05880360110948993,39.405351338423685,0.0,-1.1102230246251565e-16,240.9049572509743,240.9049572509743,-38.09070289715083,0.05880360110948993,39.405351338423685,0.0,-0.00019726670644004685,3776674.68739104,3776674.6873910786,-5941.556796678839,0.1402783053332291,6046.34122603239,0.0,-0.060657805997338034,7.745267545634515,7.748946915062925,-7.238165419844448,-0.01743038085904497,6.892447556758684,0.0
linear,2.0,36,5,1.0,0.0,0.0,1064.2885058535262,3.0934758845279073e-30,-5.551115123125783e-17,1064.2885058535262,1064.2885058535262,-78.53607421499368,0.19184936036003186,79.43316070804975,0.0,-5.551115123125783e-17,1064.2885058535262,1064.2885058535262,-78.53607421499368,0.19184936036003186,79.43316070804975,0.0,-9.622856205204755e-05,863052.5966259603,863052.5966259695,-2696.3111982708383,0.35397799251055884,2675.6531483333824,0.0,-0.01491114969346108,1.8917719723317832,1.891994314716964,-3.4659567256375663,-0.030718902884053358,3.3535859025241406,0.0
linear,2.0,36,6,1.0,0.0,0.0,3940.2978240675793,1.1383246916523233e-29,6.38378239159465e-16,3940.2978240675798,3940.2978240675798,-158.12864003825757,-0.24562598764610238,158.60671544346465,0.0,6.38378239159465e-16,3940.2978240675798,3940.2978240675798,-158.12864003825757,-0.24562598764610238,158.60671544346465,0.0,-6.838605161285649e-05,189613.08809674432,189613.08809674904,-1315.532258969452,0.1314773856585097,1297.6862928360067,0.0,-0.008870140447568706,0.4782418796553967,0.47832055904695636,-1.6888248498330634,-0.005640304718925746,1.6571181262746537,0.0
linear,2.0,36,7,1.0,0.0,0.0,15011.312735862593,3.6934020086677193e-29,-1.4432899320127035e-15,15011.312735862595,15011.312735862595,-296.68209459333605,0.7978929840617441,298.6227962043536,0.0,-1.4432899320127035e-15,15011.312735862595,15011.312735862595,-296.68209459333605,0.7978929840617441,298.6227962043536,0.0,-0.00011223222560508006,54684.62997657435,54684.62997658695,-696.7068318470966,-0.10464398733880055,706.9278496859397,0.0,0.0011518521612285731,0.11763359492483366,0.117634921688235,-0.8263068652695237,-0.0015422863285089773,0.833865907428389,0.0
linear,2.0,36,8,1.0,0.0,0.0,67671.76294291671,1.6653679914353792e-28,1.6653345369377348e-15,67671.76294291671,67671.76294291671,-630.1379590205975,-0.9450370063137805,643.3947717383446,0.0,1.6653345369377348e-15,67671.76294291671,67671.76294291671,-630.1379590205975,-0.9450370063137805,643.3947717383446,0.0,-6.384840006812276e-06,15114.910948490877,15114.91094849092,-360.7489263767919,-0.04908554064169819,359.84896235526634,0.0,-0.0012616811723307813,0.03047829373194232,0.03047988557132293,-0.41186869366951195,-0.003972910862644502,0.4108869310451429,0.0
linear,2.0,36,9,1.0,0.0,0.0,238215.6213489672,9.286587191319884e-28,-6.661338147750939e-16,238215.6213489672,238215.6213489672,-1212.123109556884,-2.5256611141881766,1245.3433480974309,0.0,-6.661338147750939e-16,238215.6213489672,238215.6213489672,-1212.123109556884,-2.5256611141881766,1245.3433480974309,0.0,-1.6617070669910916e-05,3744.996449445179,3744.9964494454557,-189.69663481472983,-0.01092881819269852,189.1986906506278,0.0,0.001391170728370688,0.007866916114391475,0.00786885147038695,-0.20382317636355954,0.0015442046557330065,0.2130209705468942,0.0
linear,2.0,36,10,1.0,0.0,0.0,1007077.5892887682,5.8665403412567e-27,-3.552713678800501e-15,1007077.5892887684,1007077.5892887684,-2562.604548866643,4.294980163742226,2506.420903878595,0.0,-3.552713678800501e-15,1007077.5892887684,1007077.5892887684,-2562.604548866643,4.294980163742226,2506.420903878595,0.0,5.389689942320031e-06,913.6624917531266,913.6624917531556,-93.69783598673808,0.005329062938844693,90.80058387354724,0.0,0.00020341199570798245,0.0019530357600989802,0.0019530771365389782,-0.10414383741206554,-0.0003713244097822982,0.1035850807348386,0.0
linear,2.0,36,11,1.0,0.0,0.0,3951631.66174846,1.9936878750512042e-26,-1.0658141036401503e-14,3951631.6617484596,3951631.6617484596,-5012.252687392671,9.92251912142437,5042.102317914371,0.0,-1.0658141036401503e-14,3951631.6617484596,3951631.6617484596,-5012.252687392671,9.92251912142437,5042.102317914371,0.0,-2.110474219982339e-06,189.84929933993982,189.84929933994425,-38.95051534012018,-0.0037640203181554593,38.456821292796995,0.0,0.000120884464628703,0.00048498445976996384,0.0004849990728237524,-0.05017733632148719,8.132751930741357e-05,0.05156893641094886,0.0
linear,2.0,36,12,1.0,0.0,0.0,16199028.898623997,1.0580007024445294e-25,3.552713678800501e-14,16199028.898623995,16199028.898623995,-10433.873232334869,-6.4520378857835645,10514.978797555981,0.0,3.552713678800501e-14,16199028.898623995,16199028.898623995,-10433.873232334869,-6.4520378857835645,10514.978797555981,0.0,1.9742044226264688e-06,50.594414606112544,50.594414606116445,-20.23492769191109,0.0012880667462667884,20.1634103094827,0.0,-8.517237967262565e-05,0.00012316568956353616,0.00012317294389779524,-0.02561227751212585,-0.00016176707963488896,0.025908231426999558,0.0
linear,2.0,37,1,1.0,0.0,0.0,3.87618299185262,5.401892094795891e-33,-4.336808689942018e-18,3.8761829918526196,3.8761829918526196,-4.835290426236968,-0.004322517618474784,4.804101476372648,0.0,-4.336808689942018e-18,3.8761829918526196,3.8761829918526196,-4.835290426236968,-0.004322517618474784,4.804101476372648,0.0,-0.0027112093901493495,131279200.7859907,131279200.78599802,-32476.125442340526,-17.89265552724455,31905.220006537613,0.0,0.5424596551563716,620.4646196838557,620.7588821613281,-60.32967424520994,0.24040245149847303,62.52996067800105,0.0
linear,2.0,37,2,1.0,0.0,0.0,15.158784660491907,2.97294744161143e-32,-6.938893903907228e-18,15.158784660491905,15.158784660491905,-9.13625232143557,-0.033766866026111744,9.616113000709381,0.0,-6.938893903907228e-18,15.158784660491905,15.158784660491905,-9.13625232143557,-0.033766866026111744,9.616113000709381,0.0,0.0016689009759076612,34050765.56222531,34050765.5622281,-17294.54165167006,6.313938787331814,17327.916370701016,0.0,-0.4695071211422553,147.94407518350516,148.16451212030847,-31.145216652688045,-0.36282753051650196,29.981456693521878,0.0
linear,2.0,37,3,1.0,0.0,0.0,58.557551906696965,1.5698322160564695e-31,-6.938893903907228e-17,58.557551906696965,58.557551906696965,-18.20742130156575,0.013881653916291384,18.50715858973755,0.0,-6.938893903907228e-17,58.557551906696965,58.557551906696965,-18.20742130156575,0.013881653916291384,18.50715858973755,0.0,6.023766744822634e-05,8287826.732642097,8287826.7326421,-8535.750665986832,0.1145295327018459,8716.965254621025,0.0,0.06124978129302426,39.89530177976076,39.8990533154692,-16.018915978946655,-0.010752837200328231,15.90953590298211,0.0
linear,2.0,37,4,1.0,0.0,0.0,247.13163448621742,7.619308821260181e-31,2.8449465006019636e-16,247.1316344862174,247.1316344862174,-38.61353622616029,0.10565580710051808,37.93237541212787,0.0,2.8449465006019636e-16,247.1316344862174,247.1316344862174,-38.61353622616029,0.10565580710051808,37.93237541212787,0.0,0.00010340745216286251,1865484.5309125497,1865484.5309125602,-4052.387725282425,0.030882737969673654,3994.276851926718,0.0,-0.02220011731721149,9.674248098332754,9.67474094354165,-7.792657814178978,-0.014570579588937673,7.831767761761723,0.0
linear,2.0,37,5,1.0,0.0,0.0,993.8662470256173,3.5183808071645964e-30,2.914335439641036e-16,993.8662470256172,993.8662470256172,-79.41247849472715,-0.03797629972907522,79.67526575135,0.0,2.914335439641036e-16,993.8662470256172,993.8662470256172,-79.41247849472715,-0.03797629972907522,79.67526575135,0.0,-0.00018484652945072177,371986.81017999287,371986.81018002704,-1866.116281632907,-1.4092259431259002,1862.0329544729727,0.0,0.014990739832783727,2.448143612891373,2.4483683351721077,-3.9794350722603644,0.010612874797439192,4.103030801455321,0.0
linear,2.0,37,6,1.0,0.0,0.0,3994.0590985389645,2.080657275328345e-29,-3.608224830031759e-16,3994.0590985389645,3994.0590985389645,-157.01401049349002,0.3250459259249536,157.30538024898962,0.0,-3.608224830031759e-16,3994.0590985389645,3994.0590985389645,-157.01401049349002,0.3250459259249536,157.30538024898962,0.0,5.584949628734126e-05,84686.15616512526,84686.15616512837,-889.9237705482606,0.6303692870131258,886.8815421767486,0.0,-0.0007015122503572988,0.5945467396645754,0.5945472317840128,-1.912927831996249,0.01075955661107831,1.902068946527075,0.0
linear,2.0,37,7,1.0,0.0,0.0,17871.016840224154,7.484801295600956e-29,-2.6645352591003757e-15,17871.016840224154,17871.016840224154,-333.51135253969676,1.5945743032182502,330.01221457163814,0.0,-2.6645352591003757e-15,17871.016840224154,17871.016840224154,-333.51135253969676,1.5945743032182502,330.01221457163814,0.0,-1.798795045998558e-05,26449.261154275206,26449.26115427553,-477.9645136784716,-0.1504985489332457,474.48391645965415,0.0,-0.0016318886405754544,0.13677975860634906,0.13678242166688426,-0.9047021649624897,-0.0032524097094610814,0.8990331291962996,0.0
linear,2.0,37,8,1.0,0.0,0.0,73318.72924509156,4.089087072485255e-28,-1.4988010832439613e-15,73318.72924509156,73318.72924509156,-668.7967776879217,-3.4473112879627594,665.7254255918492,0.0,-1.4988010832439613e-15,73318.72924509156,73318.72924509156,-668.7967776879217,-3.4473112879627594,665.7254255918492,0.0,9.136321012667703e-06,5345.564156708422,5345.564156708506,-210.23551340936012,0.0344535508572099,209.49310214711613,0.0,-0.0005223397998931593,0.03304560061171498,0.033045873450581534,-0.4347814700197018,0.0011172956038810974,0.4426698783858586,0.0
linear,2.0,37,9,1.0,0.0,0.0,337245.54210695496,1.91435159059932e-27,-5.329070518200751e-15,337245.54210695496,337245.54210695496,-1463.7850908409291,2.270258975926858,1470.0760681156382,0.0,-5.329070518200751e-15,337245.54210695496,337245.54210695496,-1463.7850908409291,2.270258975926858,1470.0760681156382,0.0,-4.5638466723146864e-06,1070.252397517168,1070.252397517189,-96.83381586900367,-0.0531497938496749,95.65241132691035,0.0,0.00023539174615934142,0.007757899933240353,0.007757955342514512,-0.20603704782671078,-0.000496010799450797,0.21129285904214878,0.0
linear,2.0,37,10,1.0,0.0,0.0,1391725.1680572438,8.48301066605276e-27,-2.3092638912203256e-14,1391725.1680572438,1391725.1680572438,-3006.8877150030225,-6.729223551644672,2994.583479240084,0.0,-2.3092638912203256e-14,1391725.1680572438,1391725.1680572438,-3006.8877150030225,-6.729223551644672,2994.583479240084,0.0,-2.0462732690171292e-06,235.0100856972075,235.01008569721168,-43.852819387915105,-0.00922017693688764,43.577223893164195,0.0,-0.00026136846710747894,0.0018994824332306467,0.0018995507467062446,-0.10171824032885426,-0.000679602004646739,0.10242365855650827,0.0
linear,2.0,37,11,1.0,0.0,0.0,5538597.2999466155,4.667893934506018e-26,1.6431300764452317e-14,5538597.299946615,5538597.299946615,-5881.698737273218,-16.17473434554087,6164.731274707146,0.0,1.6431300764452317e-14,5538597.299946615,5538597.299946615,-5881.698737273218,-16.17473434554087,6164.731274707146,0.0,-3.937716340474649e-08,63.404191271428644,63.40419127142866,-22.395874603205915,-0.014150242133944307,22.213389764493346,0.0,0.00016291697762326943,0.00046413470612222466,0.00046416124806382257,-0.04923946854208072,0.00013648258639206842,0.05039597317160093,0.0
linear,2.0,37,12,1.0,0.0,0.0,22859503.392604683,1.9578770156004962e-25,-1.7763568394002505e-14,22859503.392604683,22859503.392604683,-11816.26756520879,-6.329964680862863,11992.626203162352,0.0,-1.7763568394002505e-14,22859503.392604683,22859503.392604683,-11816.26756520879,-6.329964680862863,11992.626203162352,0.0,4.665085980804992e-07,19.872576179088227,19.872576179088444,-12.855016990071562,-0.0021421554708224537,12.616557428419632,0.0,4.259389990272397e-05,0.00012030753344197124,0.00012030934768228016,-0.025460423939220527,-4.128767166907963e-05,0.02497776308506451,0.0
tanh,0.5,35,1,0.7228672729054971,0.0,0.0,0.17073157707679737,2.1377443298850294e-05,3.469446951953614e-18,0.2515015642531404,0.2515015642531404,-1.206547499451082,0.0036461511435022693,1.1675437926735794,0.0,9.161067793933954e-05,0.1707529545200962,0.1707529629126125,-0.8356408276002637,0.0036461349857503096,0.8234830199303346,0.0,2.069887573674556e-10,2.3199921721752426e-14,2.31999645660981e-14,-4.833363989958192e-07,2.973392613806867e-11,4.668006485999252e-07,0.0,-2.587083616945513e-08,1.5558939493820167e-11,1.5559608793984274e-11,-1.0171394357699631e-05,2.3549602151167305e-08,1.0184803915735652e-05,0.0
tanh,0.5,35,2,0.9275797230447571,0.0,0.0,0.03821862560884061,5.45075613843544e-06,-8.87695154447555e-05,0.04132672282112948,0.04132673070115635,-0.4754448694732693,-0.0015902052327285807,0.46613745229739706,0.0,-2.1258766544276478e-05,0.03822407636497905,0.038224076816914206,-0.44258807452900106,-0.001590203891973971,0.43507285601942647,0.0,-7.367699175507999e-10,1.0668547407415183e-13,1.0668601690406323e-13,-1.025333987553054e-06,6.185689669534071e-10,9.516744758549942e-07,0.0,1.1184153796713897e-07,8.820920336567384e-11,8.822171189528869e-11,-2.2526498916264338e-05,2.5387032902566622e-08,2.352917665433256e-05,0.0
tanh,0.5,35,3,0.9827285196971416,0.0,0.0,0.008750353209338597,1.4777883842079176e-06,-7.138906165318491e-05,0.008912136945150395,0.008912142041548518,-0.22137644005754756,-0.0007784857485244429,0.223711019871799,0.0,-6.592703774158643e-05,0.008751830997722806,0.008751835344097111,-0.21782958058757726,-0.0007784855912392491,0.22005225238209636,0.0,7.410447581011325e-11,7.115538824977346e-13,7.115538879892079e-13,-2.503345587837854e-06,7.671178774381898e-10,2.6448684548664914e-06,0.0,-2.604851188828435e-08,4.108664612600986e-10,4.108671397850702e-10,-5.023615197583677e-05,-6.14997333605113e-08,5.033713704690962e-05,0.0
tanh,0.5,35,4,0.9956431168128478,0.0,0.0,0.0021859055675936107,3.231209928986067e-07,-0.00010936830412162742,0.0021967271180540187,0.002196739079479965,-0.11422986697907707,0.0005959858240179063,0.11229030110605386,0.0,-0.00010766029518104661,0.0021862286885865096,0.002186240279325668,-0.11373560471796056,0.0005959857534527132,0.11182070910176148,0.0,-3.838230443207187e-09,2.7484388837838742e-12,2.7484536157968096e-12,-5.286696941554441e-06,9.550773961857992e-10,4.942127776503645e-06,0.0,8.108737977552043e-08,1.7466567851386734e-09,1.746663360301832e-09,-0.00010202701008617664,-2.3649772499934465e-07,0.00010415643579745135,0.0
tanh,0.5,35,5,0.9989975288773587,0.0,0.0,0.0005015939079821387,8.64682235881361e-08,-4.672587281415129e-05,0.0005022779783824928,0.0005022801616896831,-0.05509784877989267,-0.0002952458179357252,0.054320726235514934,0.0,-4.6827769393212326e-05,0.0005016803762057268,0.0005016825690457132,-0.05504216142536733,-0.00029524580934993264,0.054267360395258195,0.0,-7.480530660774972e-09,1.2719540172719007e-11,1.2719596131057975e-11,-1.0320744801413802e-05,3.2074688341187674e-09,1.023912896342723e-05,0.0,3.741113115902495e-07,7.046167449801727e-09,7.046307409075187e-09,-0.00020636891712772916,1.3838547600862752e-06,0.00021026101730336637,0.0
tanh,0.5,35,6,0.9997459034012636,0.0,0.0,0.00012705529467892,1.8840260894461494e-08,2.0227980434073725e-05,0.000127109147708821,0.0001271095568800135,-0.027271351331929,1.1954156202883427e-05,0.027017310754357305,0.0,2.022789783543574e-05,0.0001270741349398145,0.0001270745441076653,-0.027264592517383078,1.195415620231089e-05,0.027010739044625826,0.0,-4.353714222276374e-09,4.980194331361905e-11,4.9801962268446585e-11,-2.1463392187088714e-05,6.650292979428016e-09,2.1517708745160346e-05,0.0,1.3259260509723357e-06,2.8185777199384237e-08,2.818753527927689e-08,-0.0004077238637990891,9.497183410933294e-08,0.0004130101052919036,0.0
tanh,0.5,35,7,0.9999370013728716,0.0,0.0,3.14953635169408e-05,5.776790333015337e-09,3.1769723691701997e-07,3.1503576496055605e-05,3.150357659698714e-05,-0.014030195496598716,4.114376874618435e-05,0.013924071111915426,0.0,3.188870567054447e-07,3.1501140307273824e-05,3.150114040896278e-05,-0.014029274970934608,4.1143768722711235e-05,0.013923171314986538,0.0,-6.463455717942139e-09,2.0005688097930757e-10,2.000569227555674e-10,-4.2656581040398425e-05,9.622274288608689e-09,4.3352794189246025e-05,0.0,-2.7572586208972697e-06,1.0821865710230153e-07,1.0822625957740404e-07,-0.000783907662239309,-4.941135585430289e-06,0.0007901724565654934,0.0
tanh,0.5,35,8,0.9999824217617234,0.0,0.0,8.78746952554466e-06,1.7811651273562108e-09,-4.326717082035979e-06,8.789451059275452e-06,8.78946977975616e-06,-0.007486165885935187,-2.8072304369677077e-05,0.007292423957516091,0.0,-4.326434741658711e-06,8.789250690672016e-06,8.78926940870959e-06,-0.007486026040804427,-2.8072304362302666e-05,0.0072922946902030834,0.0,4.192235278964705e-08,8.518909501226725e-10,8.518927076063359e-10,-8.446115632135552e-05,-2.674410057144443e-08,8.416101444350002e-05,0.0,-1.1821872268266765e-05,4.56186539993582e-07,4.563262966575092e-07,-0.001653971075534881,-8.552840101507229e-06,0.001622604214159328,0.0
tanh,0.5,35,9,0.9999951116349417,0.0,0.0,2.443750619430495e-06,4.326035347995096e-10,-4.030110987751885e-06,2.444205799436801e-06,2.4442220412313747e-06,-0.004176329970067495,2.1087496977788502e-05,0.003815126139240843,0.0,-4.029843199229186e-06,2.444183222965295e-06,2.4441994626015054e-06,-0.0041763056893522575,2.1087496974659647e-05,0.003815107628815173,0.0,1.1103420126097149e-07,4.4850399621632596e-09,4.485052290757109e-09,-0.00019976869146179227,-1.8723571744376596e-08,0.00020834063079757338,0.0,-7.89592389747337e-06,2.003127683021287e-06,2.0031900286354818e-06,-0.0034057345299343227,-3.858558927376405e-05,0.003408436715703691,0.0
tanh,0.5,35,10,0.9999988498606066,0.0,0.0,5.749749412252397e-07,9.55497388674283e-11,1.1575800823830165e-07,5.750715678599632e-07,5.750715812598796e-07,-0.0019011115191981162,2.221921343480061e-06,0.0019941941230104342,0.0,1.157403116796294e-07,5.75070490964107e-07,5.750705043599269e-07,-0.0019011092288500123,2.2219213434763746e-06,0.0019941914795039354,0.0,2.5707633958829014e-07,2.2504811587723175e-08,2.2504877675967552e-08,-0.00044047209744126244,-9.42794103832002e-08,0.0004533630830944908,0.0,5.876461008458048e-07,7.914338546564828e-06,7.914338891892768e-06,-0.0064875044671534035,-3.48697433500268e-05,0.006553376886469426,0.0
tanh,0.5,35,11,0.9999997546251872,0.0,0.0,1.2266020407806228e-07,2.7228521865110212e-11,-7.40760278407555e-08,1.2268747485711803e-07,1.2268748034437592e-07,-0.0008867566085028393,-6.050211604457716e-06,0.0009249933767255906,0.0,-7.407571886590533e-08,1.226874325999274e-07,1.226874380871395e-07,-0.0008867563760729798,-6.0502116043838595e-06,0.0009249931129136242,0.0,4.459269998594617e-07,1.4215364638010027e-07,1.4215384523098947e-07,-0.0011151916484895643,-4.079690718638457e-08,0.0010378415299415458,0.0,-1.9178184951255193e-05,3.108677908905416e-05,3.108714689183219e-05,-0.012809843884284307,-4.59889198257539e-06,0.012969213018501867,0.0
tanh,0.5,35,12,0.9999999398650031,0.0,0.0,3.0060348105631935e-08,7.150946010458273e-12,-3.836374449711335e-08,3.006750183630103e-08,3.0067503308077925e-08,-0.00044975825984227695,-5.875664234262229e-07,0.00044586486918628114,0.0,-3.836383782163001e-08,3.006749905164239e-08,3.0067500523426446e-08,-0.00044975822951620533,-5.875664234261553e-07,0.0004458648396407496,0.0,8.643484062736551e-07,5.937064536564183e-07,5.937072007545856e-07,-0.002275087868068623,-1.8355454024523285e-06,0.002330101010828994,0.0,0.00019999677464777965,0.00012210919628333384,0.00012214919499320339,-0.025237636144487843,0.00015691902225467216,0.02584981357008687,0.0
tanh,0.5,36,1,0.7268853022020462,0.0,0.0,0.1680676578408064,2.2040248773318656e-05,-2.168404344971009e-19,0.24722783768575235,0.24722783768575235,-1.2093596786439595,-0.006254015372399254,1.193513163402001,0.0,-0.000635543516478719,0.16808969808957974,0.16809010200514107,-0.8364869482747145,-0.0062539337399657585,0.8316645409608664,0.0,-2.2028235120630023e-09,1.3049125803417996e-13,1.3049611046560528e-13,-1.1922236290158423e-06,4.379573095649061e-10,1.0693437932178882e-06,0.0,-5.453919569473541e-08,1.9761600963673412e-11,1.9764575487540443e-11,-1.1721988646962453e-05,-7.266704863495211e-08,1.1493017363780357e-05,0.0
tanh,0.5,36,2,0.9313390605344707,0.0,0.0,0.0361017927181632,5.255171943434273e-06,-9.299787546753277e-05,0.038803596058064466,0.03880360470666931,-0.4616857744418259,0.0005711352488850942,0.44792510810853264,0.0,1.5360788943482337e-05,0.03610704789010664,0.03610704812606048,-0.43145712276036735,0.0005711351867785017,0.4201919495663558,0.0,2.064292313192814e-09,5.578762458850333e-13,5.578805071877876e-13,-2.257184525503523e-06,-6.661399102257646e-10,2.200611606291004e-06,0.0,1.2682632344809362e-08,9.683144127032609e-11,9.683160211948929e-11,-2.4504021739261932e-05,-6.008125612513138e-08,2.503562275373349e-05,0.0
tanh,0.5,36,3,0.9819377280996175,0.0,0.0,0.009171337587699734,9.465535355656836e-07,-5.405963122779916e-05,0.00936988235864911,0.009369885281092838,-0.23297514755899862,0.0007609262600089021,0.22686162093089504,0.0,-4.880847768089301e-05,0.0091722841412353,0.009172286523502795,-0.228849597291035,0.0007609261131232977,0.22304820045729773,0.0,-6.771319839092536e-10,2.8290618090775813e-12,2.8290622675853046e-12,-4.839562763286439e-06,-3.9796646163669985e-11,4.752822597603946e-06,0.0,-3.2984075153836685e-07,4.327959802268287e-10,4.329047751482041e-10,-5.104604739492374e-05,-4.744021519962605e-07,5.1070573759936234e-05,0.0
tanh,0.5,36,4,0.995545913756661,0.0,0.0,0.0022353310154758317,2.3028380062365272e-07,-1.0026689342607087e-05,0.00224703934811784,0.0022470394486523394,-0.11530579853191658,9.802441193726579e-05,0.11655412991327278,0.0,-9.694651425821955e-06,0.0022355612992764552,0.0022355613932627215,-0.1147974883556982,9.802441161838371e-05,0.11602919129742516,0.0,-3.1430989784164124e-09,1.4120392028586972e-11,1.412040190765816e-11,-1.2038408123062596e-05,-5.467834549181398e-10,1.1528263036754066e-05,0.0,-9.21681248945755e-07,1.7922461026131904e-09,1.7930955989378486e-09,-0.00010992413048249877,-2.834102013223195e-07,0.00010499426152620692,0.0
tanh,0.5,36,5,0.9987700579413694,0.0,0.0,0.0006155349354220617,5.482570268953059e-08,-4.646228384931581e-05,0.0006164199080746756,0.000616422066818496,-0.059795708951795125,6.290698511897704e-05,0.05831176449439407,0.0,-4.649347001310785e-05,0.0006155897611247513,0.0006155919227675052,-0.059724543631392256,6.290698503599667e-05,0.05824576250593128,0.0,-5.770401653838136e-09,5.1850937228624784e-11,5.185097052616002e-11,-2.1786719265303433e-05,-8.059192588526487e-09,2.016811568532653e-05,0.0,-9.099729681423104e-07,7.035277178695972e-09,7.036105229498722e-09,-0.00021075719480756141,-1.8810461037528005e-06,0.00020444826442272957,0.0
tanh,0.5,36,6,0.9997151680235539,0.0,0.0,0.00014243781661699219,1.3581047302671723e-08,-1.8715895569746976e-05,0.0001424991102942411,0.0001424994605789881,-0.02924689758271233,-1.3115602765870409e-05,0.029443271925428848,0.0,-1.870736375481683e-05,0.00014245139766429484,0.0001424517476297535,-0.02923856134895391,-1.3115602765040638e-05,0.02943476668864967,0.0,-1.6723097981071102e-08,1.8248860706961463e-10,1.824888867316207e-10,-4.241509417357044e-05,-1.1403352074883909e-08,4.014343730390488e-05,0.0,-2.16495771651961e-06,2.8494077486634025e-08,2.8498764528548344e-08,-0.0004120945926040517,-1.3742478630969361e-06,0.00040451459667505563,0.0
tanh,0.5,36,7,0.9999316690984827,0.0,0.0,3.416440867486289e-05,2.935661243520509e-09,7.257116338423326e-07,3.4169870175565967e-05,3.4169870702223345e-05,-0.013811203688785098,1.3657505344949004e-05,0.013837127681484545,0.0,7.24639463436479e-07,3.416734433610641e-05,3.416734486120876e-05,-0.013810325596222755,1.3657505344059325e-05,0.013836244622775632,0.0,-1.0960712311804111e-07,8.423330391365277e-10,8.423450528579658e-10,-8.989126609581698e-05,2.3922383859720707e-08,8.580837426924612e-05,0.0,1.1253398622220785e-06,1.1217336945098379e-07,1.1217463584078929e-07,-0.0008069265191627783,-1.5062110824010939e-06,0.0008143002442622779,0.0
tanh,0.5,36,8,0.9999807185239667,0.0,0.0,9.640161722801018e-06,7.331384938190762e-10,4.10707242507785e-06,9.641126486700326e-06,9.641143354744231e-06,-0.007340194045828787,-3.960023421136344e-05,0.007553718632142493,0.0,4.106768649070062e-06,9.640894861294837e-06,9.640911726843574e-06,-0.007340062222402965,-3.960023419066247e-05,0.0075535749666227016,0.0,-2.494741707646328e-08,3.725497922410373e-09,3.725498544783992e-09,-0.0001847118577657939,7.102598571592714e-08,0.00017475533489771182,0.0,-4.928500561142054e-06,4.650495790660879e-07,4.65073869183869e-07,-0.001608846534559807,-1.5520664109090627e-05,0.0016050185205562482,0.0
tanh,0.5,36,9,0.999995742194785,0.0,0.0,2.1287703780432048e-06,1.3100474299130183e-10,-3.144454779245437e-06,2.1289129338026114e-06,2.12892282139847e-06,-0.003575083843455188,-1.58839788295304e-05,0.0036199806363211838,0.0,-3.1444774938197624e-06,2.128901382786196e-06,2.128911270524905e-06,-0.0035750686121464002,-1.5883978828194554e-05,0.0036199648240105406,0.0,-2.5961190059510205e-07,1.4769171024730301e-08,1.4769238423069231e-08,-0.00039095274645313804,5.817891068542066e-08,0.00036865519389310314,0.0,2.173705182727857e-05,1.9206228122052548e-06,1.9210953116273966e-06,-0.0031847305739148325,2.412777889664138e-05,0.003328443139939344,0.0
tanh,0.5,36,10,0.9999988771176711,0.0,0.0,5.6140520359185e-07,3.6122966778376103e-11,-6.557544981483295e-07,5.614421160160506e-07,5.614425460300124e-07,-0.0019132550709918838,1.2726856168264628e-06,0.0018380162847345316,0.0,-6.557478592136704e-07,5.614413265586284e-07,5.614417565638833e-07,-0.001913252736475367,1.272685616825699e-06,0.0018380142149382846,0.0,3.3681942378481334e-07,5.7651902606018716e-08,5.7652016053342956e-08,-0.000734217454198435,-3.5196344118395536e-08,0.0007139864285033438,0.0,1.271327762925398e-05,7.629034788472649e-06,7.629196415900728e-06,-0.006508988919367582,-2.3207597773058524e-05,0.006474060608717153,0.0
tanh,0.5,36,11,0.9999997251964636,0.0,0.0,1.373914532914827e-07,1.0088823162083228e-11,5.117493148934648e-07,1.374015899158745e-07,1.3740185180323583e-07,-0.0009375985325445221,3.42753232962941e-06,0.0009174508450214766,0.0,5.117496059728838e-07,1.3740154211464473e-07,1.3740180400230396e-07,-0.0009375982577989189,3.4275323296159874e-06,0.0009174505876105021,0.0,-5.275584071782479e-07,1.916715382203364e-07,1.9167181653820936e-07,-0.0012458058764657116,5.841250056902264e-07,0.0011852364557102223,0.0,3.022111644555728e-05,3.031151778830871e-05,3.0312431104187925e-05,-0.012544331477266754,2.0331963002088966e-05,0.012892228482208343,0.0
tanh,0.5,36,12,0.9999999295116853,0.0,0.0,3.52418066769571e-08,2.096856529379907e-12,5.064173399361447e-07,3.524390704346448e-08,3.524416350198666e-08,-0.0004854571029897167,-1.113127097029437e-06,0.00048412823395563515,0.0,5.064172515308937e-07,3.524390353348648e-08,3.5244159991919126e-08,-0.0004854570648540469,-1.1131270970289773e-06,0.0004841281961322837,0.0,1.973967832985813e-06,8.172781345054199e-07,8.172820310544256e-07,-0.0025496620084678057,-1.2202424504171338e-07,0.0026167669309008564,0.0,-8.517237964514212e-05,0.00012316568050045113,0.00012317293483470556,-0.025612275746077346,-0.00016176706682471655,0.025908231407338334,0.0
tanh,0.5,37,1,0.7321847809821445,0.0,0.0,0.16497427264593784,1.5199729851321753e-05,-1.0842021724855044e-18,0.24226143699078873,0.24226143699078873,-1.208822606559242,-0.001080629404618696,1.201025369093162,0.0,6.914967621549561e-05,0.16498947237578915,0.16498947715746687,-0.8363259328543035,-0.0010806289766671705,0.8339669797263053,0.0,1.9465828865713665e-11,1.1527178406971542e-13,1.152717844486339e-13,-1.0163209109134445e-06,2.0656806579082184e-10,1.0294372339238022e-06,0.0,1.1304340269163238e-07,2.352648225420894e-11,2.3539261065101037e-11,-1.2309774429561544e-05,4.79419442366103e-08,1.263648025735072e-05,0.0
tanh,0.5,37,2,0.9290723601532882,0.0,0.0,0.03742175326162181,2.8453136578126824e-06,-0.00014363837938830286,0.040448521317151376,0.040448541949135414,-0.4618835440621053,-0.0013986171732686195,0.47706795050928213,0.0,-0.00020479713908388964,0.037424598575279626,0.037424640517147806,-0.4316181059083663,-0.0013986162606323548,0.44389227598426395,0.0,1.5877919458614265e-09,6.5904094551032e-13,6.590434665935834e-13,-2.4079143249968012e-06,-8.737721081814795e-11,2.314582654949419e-06,0.0,-4.176802552132933e-07,1.220883199489632e-10,1.2226277674455822e-10,-2.9074587277392332e-05,-3.425788023601924e-07,2.726668296436811e-05,0.0
tanh,0.5,37,3,0.9823250192759537,0.0,0.0,0.008958141263337199,9.011278636835464e-07,2.4868875817887174e-05,0.009127107380552724,0.00912710799901371,-0.22275657379328628,-0.00019513787618310034,0.225714785086824,0.0,2.8344019474601942e-05,0.008959042391200881,0.00895904319458432,-0.2191438329669269,-0.00019513787304879684,0.22195814480784506,0.0,2.6248614777765407e-10,2.7786401966780856e-12,2.778640265577063e-12,-5.18661626045224e-06,2.233654977326912e-11,5.275714926657753e-06,0.0,2.2865233493992226e-07,5.667262428906831e-10,5.667785247809565e-10,-6.049373867259842e-05,-2.431446677305051e-09,6.039702463137537e-05,0.0
tanh,0.5,37,4,0.9953789823886389,0.0,0.0,0.002318855287912369,2.5383813371653265e-07,-0.00010688449261259513,0.0023307033495447646,0.0023307147738395257,-0.11725103288356345,5.890865914924987e-05,0.11648486962508198,0.0,-0.00010638516197413464,0.0023191091260460856,0.0023191204438487737,-0.11671665306269047,5.8908659071329954e-05,0.11596086291614859,0.0,1.522795645033158e-09,1.0162882698912746e-11,1.0162885017819324e-11,-9.63040323783963e-06,-1.2400398196909428e-11,9.902016597096948e-06,0.0,-3.3980629436201137e-07,2.2381158178465438e-09,2.238231286164232e-09,-0.00011872384752681686,-2.129000854578689e-07,0.00011905393160927533,0.0
tanh,0.5,37,5,0.9988414538946837,0.0,0.0,0.0005798200616670872,4.464112347257356e-08,2.3203433453250792e-05,0.0005806565321001833,0.0005806570704995073,-0.0586539765895503,-9.329056303413481e-05,0.059230515065099104,0.0,2.30444076428701e-05,0.0005798647027905598,0.0005798652338352835,-0.05858680668016751,-9.329056276339038e-05,0.05916134689633736,0.0,-1.1224822188457898e-08,3.2578211976416804e-11,3.257833797304997e-11,-1.6690970503516057e-05,8.121778686958502e-09,1.676841410106898e-05,0.0,9.152650724669001e-07,9.105005403973305e-09,9.105843114126184e-09,-0.00024283075374735067,6.672146999287335e-07,0.00025027814387963313,0.0
tanh,0.5,37,6,0.999705893867022,0.0,0.0,0.00014708108410572642,1.053238380338426e-08,2.6464542247044747e-06,0.0001471430662764923,0.00014714307328021227,-0.02992918116200325,0.00011423129808457944,0.029429532333670173,0.0,2.65941229816897e-06,0.0001470916164895298,0.0001470916235620036,-0.029920247852791692,0.00011423129758771596,0.02942103897238102,0.0,1.3622331027502095e-08,1.1880105480283392e-10,1.1880124037073655e-10,-3.3084303984826017e-05,-1.2286821890646864e-08,3.336561497708184e-05,0.0,-1.720176617806855e-07,3.542332920718688e-08,3.542335879726284e-08,-0.0004669919183343114,2.6204444882733663e-06,0.0004643393234628522,0.0
tanh,0.5,37,7,0.9999175059273202,0.0,0.0,4.1246746131174414e-05,3.2152788511930506e-09,2.5575562572992177e-06,4.125387099330857e-05,4.125387753440258e-05,-0.01609092839725044,6.557885742312415e-05,0.015583770750189855,0.0,2.5590252120775975e-06,4.124996141002561e-05,4.1249967958635646e-05,-0.01608953979740854,6.557885732911203e-05,0.015582509318204037,0.0,-1.7546605903878352e-08,5.938417969754749e-10,5.938421048588536e-10,-7.720601145129676e-05,1.9822870137372336e-08,7.432741821235062e-05,0.0,-1.5932223543812976e-06,1.304284898188244e-07,1.3043102817629493e-07,-0.0008834882964439305,-3.175933485307183e-06,0.0008779551791137315,0.0
tanh,0.5,37,8,0.9999788671317225,0.0,0.0,1.0565881234765808e-05,7.348846187725406e-10,3.825520675866172e-06,1.0566878286069683e-05,1.0566892920678122e-05,-0.007843406602776814,-2.7791735600234326e-05,0.00789137045621012,0.0,3.825447825293653e-06,1.0566616119384581e-05,1.0566630753435644e-05,-0.007843245766224945,-2.779173559307905e-05,0.007891206651195819,0.0,3.567816805827676e-08,1.9204405723748e-09,1.9204418453064757e-09,-0.00012862549273883356,-2.193973424662655e-08,0.00013137014945305557,0.0,-2.0402770592110773e-06,5.042204056994992e-07,5.042245684299775e-07,-0.0016983046509054852,4.364677724836523e-06,0.0017291719188679215,0.0
tanh,0.5,37,9,0.9999939213227114,0.0,0.0,3.0391081276834914e-06,2.449628227438731e-10,-1.6947750841435535e-06,3.0393761823117156e-06,3.039379054574301e-06,-0.004331488330306504,5.917028347885753e-06,0.004242230882754803,0.0,-1.6947890816359345e-06,3.039353090506235e-06,3.0393559628162664e-06,-0.004331461241619248,5.917028347816695e-06,0.004242205434453268,0.0,-7.12952032067512e-08,6.152084733840831e-09,6.15208981684683e-09,-0.00023413544611530012,1.0468155173930822e-07,0.00023447664104255046,0.0,3.6778931002153513e-06,1.8940029954153845e-06,1.894016522313041e-06,-0.0032193239981277507,-7.7502984621141e-06,0.0033014404223363648,0.0
tanh,0.5,37,10,0.9999984402204389,0.0,0.0,7.798105662089699e-07,8.012373331630382e-11,5.525292965146403e-07,7.798923095281775e-07,7.798926148168011e-07,-0.002238838473437017,-2.6823973558925438e-06,0.0021757966112296656,0.0,5.525237570552235e-07,7.798906899422863e-07,7.798909952247883e-07,-0.0022388347327942904,-2.6823973558860996e-06,0.002175793177762571,0.0,-1.2786850641530756e-07,2.1614500831539707e-08,2.1614517181894638e-08,-0.0004391155843591836,6.128512936699971e-08,0.0004411205428060463,0.0,-1.6335569775254456e-05,7.41983848567766e-06,7.420105336517542e-06,-0.006357358882708021,-4.247436795674087e-05,0.006401474742651241,0.0
tanh,0.5,37,11,0.999999612031287,0.0,0.0,1.939648897077989e-07,1.9138406615646993e-11,6.352914830008323e-07,1.939841283786396e-07,1.9398453197390797e-07,-0.0010871116258810386,-2.3040139844738135e-06,0.0011397364461050027,0.0,6.352903301414201e-07,1.9398402811441456e-07,1.9398443170821812e-07,-0.0010871111976273966,-2.304013984469734e-06,0.0011397359525992185,0.0,-9.841801222954278e-09,9.330343965654506e-08,9.330343975340611e-08,-0.0008545075536965637,3.928746295815982e-07,0.0008697102691912185,0.0,4.0729287036216175e-05,2.900840503978348e-05,2.9010063914605957e-05,-0.012309851354683182,3.411992353317526e-05,0.012598991788806834,0.0
tanh,0.5,37,12,0.9999998996884255,0.0,0.0,5.015095571068314e-08,4.550962396091137e-12,5.341125175738585e-07,5.015551293006787e-08,5.0155798206249304e-08,-0.000558662209568866,-1.4830979726939416e-06,0.0005426145832854956,0.0,5.341126504212335e-07,5.015550667307923e-08,5.0155791949402575e-08,-0.0005586621514485444,-1.4830979726928538e-06,0.0005426145300292129,0.0,4.664236182545691e-07,4.679007855730111e-07,4.679010031240028e-07,-0.0020363128146218988,1.7194711679490704e-07,0.0020721130524504728,0.0,4.259391334314751e-05,0.00012030752101207487,0.00012030933525352874,-0.025460423886070338,-4.1287668613379675e-05,0.0249777630431279,0.0
tanh,1.0,35,1,0.473208231661724,0.0057373046875,0.0,0.3866478912547827,0.0001905770390634139,6.938893903907228e-18,1.0060062570125616,1.0060062570125616,-2.413094998902164,0.007292302287004539,2.335087585347159,0.0,-0.00024865003868877115,0.38683846829384616,0.3868385301206879,-0.984093492935275,0.0072921730270509785,0.9814326468278797,0.0,1.1902800481353714e-06,1.1887091773963748e-08,1.1888508540556737e-08,-0.0003361671612642404,2.4128452300794622e-08,0.00036931416806361064,0.0,-2.8047100108863667e-05,6.610206810656037e-06,6.610993450480554e-06,-0.007316330744043744,3.833418615093582e-06,0.006928793506807061,0.0
tanh,1.0,35,2,0.6440659636429612,0.0,0.0,0.23015041848311135,0.0001480620843654337,7.108820888114087e-05,0.3769353473410266,0.3769353523945601,-1.405270599073413,-0.006203340946139576,1.4060560900967163,0.0,2.058100803607808e-05,0.2302984805674768,0.23029848099105465,-0.886485480001974,-0.006203259051577812,0.886653413535141,0.0,-4.789968702463916e-07,2.0512739620455253e-08,2.051296905845696e-08,-0.0004563068327710398,2.588932488728657e-07,0.0004367785330985245,0.0,9.862464747455324e-06,1.4322326641575758e-05,1.4322423909786652e-05,-0.010036261102288328,-2.5428840892145142e-05,0.010074722758920424,0.0
tanh,1.0,35,3,0.7410496236319419,0.0,0.0,0.15646049175301432,9.610060142819794e-05,-0.0002593127148838902,0.2178175217637777,0.2178175890068618,-1.095764700642107,-0.0048663841867794076,1.0634075110329777,0.0,-0.00012172112120558808,0.15655659235444253,0.15655660717047387,-0.7989725181141687,-0.004866345765647238,0.7869641721557391,0.0,4.195867035518106e-07,4.655562979355973e-08,4.655580584656153e-08,-0.0006724971260948291,5.262465385698549e-07,0.0006669235924020191,0.0,-1.4780356416798084e-06,2.5055012425849252e-05,2.5055014610438608e-05,-0.01297891281659808,2.6725093113242505e-05,0.01294359554886873,0.0
tanh,1.0,35,4,0.7901097601333142,0.0,0.0,0.12244318499293641,7.826886001132348e-05,-0.0009488585810202353,0.15850799127597942,0.15850889160858622,-0.9293372991585559,0.004065102394208044,0.9234008634416768,0.0,-0.0006419972483407303,0.12252145385294773,0.12252186601341461,-0.7302847695128336,0.004065079922852556,0.7275013701044941,0.0,-1.6378725837466602e-06,6.061548694631039e-08,6.061816957291098e-08,-0.0007837628680289033,8.544575466236219e-08,0.0007232188979000811,0.0,1.4427152451360776e-05,3.502354281101648e-05,3.502375095374434e-05,-0.015373162319779103,-5.536248881035979e-05,0.015351660075288518,0.0
tanh,1.0,35,5,0.8359889356430814,0.0,0.0,0.09300213815943674,7.470433080900943e-05,-0.002205538105810118,0.11417705267369946,0.11418191707203562,-0.7994582765502769,-0.002283568838595488,0.8005615588362784,0.0,-0.002149460405839461,0.09307684249024575,0.09308146267028203,-0.6637337981702872,-0.0022835648423494333,0.6643505644184629,0.0,-1.0890665882624203e-06,8.46288093922599e-08,8.462999545829357e-08,-0.0008589534300075309,9.175720704477147e-09,0.0008315397963758247,0.0,3.505085740920572e-05,4.39095804767852e-05,4.3910809039390316e-05,-0.017018614523390214,8.148578567323552e-05,0.017233623396738562,0.0
tanh,1.0,35,6,0.8575658584641005,0.0,0.0,0.07898462076616611,4.9160503905263555e-05,0.0010011711012844486,0.09271001144247776,0.0927110137860518,-0.7055632032227436,7.734805299334188e-05,0.7115539945782905,0.0,0.0009043005681977968,0.07903378127007138,0.07903459902958902,-0.6078869511270113,7.734805280518502e-05,0.6116503461205284,0.0,-4.392170161284318e-07,1.0090894943933388e-07,1.0090914235092112e-07,-0.0009789700846567434,1.2020362389015269e-07,0.0009344286428017294,0.0,5.5910023892338464e-05,5.2835752258500905e-05,5.283887818927255e-05,-0.017714755074420864,2.2648121114267508e-05,0.018657310964185513,0.0
tanh,1.0,35,7,0.876708666976812,0.0,0.0,0.06783561047089742,4.401336632483524e-05,0.0011490951035402464,0.07861756554232185,0.07861888596187885,-0.6722081873588501,0.0026432927664404313,0.6674730708440894,0.0,0.0012414273019959639,0.06787962383722226,0.0678811649789684,-0.586430163654149,0.0026432866084038402,0.5833151860332323,0.0,-9.581198428303834e-07,1.16139999714855e-07,1.1614091770848823e-07,-0.0010239624701793128,6.454509087903277e-07,0.0010537196282951891,0.0,-6.723746869347958e-05,5.9164672678507404e-05,5.9169193555703714e-05,-0.019028384696720357,-6.842012962131508e-05,0.0188170589207716,0.0
tanh,1.0,35,8,0.881671498744017,0.0,0.0,0.0648184341080783,3.908580359350129e-05,-0.0008216568796116388,0.07476238399863433,0.07476305911866213,-0.6511913763721251,-0.001598423527726951,0.6413566022272457,0.0,-0.000640096370911008,0.0648575199116718,0.06485792963503587,-0.5724713567129576,-0.0015984221653562126,0.5658225380103221,0.0,1.113672084990738e-06,1.375201613564929e-07,1.3752140162200576e-07,-0.0010720865843427795,-3.854389859959274e-07,0.0010495126153042106,0.0,-0.00017574230038340982,7.205537581572301e-05,7.208626117186707e-05,-0.020914278427373572,-0.00022207929145445977,0.020319791552006857,0.0
tanh,1.0,35,9,0.8899777655497223,0.0,0.0,0.06058487957943841,3.288447251122676e-05,-0.00010063916490887282,0.07112837919407705,0.07112838932231855,-0.6716301460552593,0.0022332456642796647,0.6510397947085201,0.0,0.00021632870882913233,0.060617764051949644,0.0606178108500599,-0.5860511496478721,0.002233241951592359,0.5723694833874817,0.0,1.4177007546726348e-06,1.9723156497309856e-07,1.9723357484852835e-07,-0.0013363061092160167,-2.540712036209759e-07,0.0013937964157507685,0.0,-5.7832924045137754e-05,8.91689652640327e-05,8.91723099111363e-05,-0.023028826648932823,-0.00015782809275372576,0.022456003773383127,0.0
tanh,1.0,35,10,0.9085958636694819,0.0,0.0,0.04923989332840181,2.8039596329097332e-05,-0.0011425132717312804,0.05521762565428882,0.0552189309908649,-0.5660122963478889,-0.0012251896503528456,0.5721906938702178,0.0,-0.0010945400152894296,0.04926793292473092,0.049269130942575984,-0.5124245817208795,-0.0012251890255805381,0.5169663127531657,0.0,2.2509184190160186e-06,2.818000195578169e-07,2.8180508619154594e-07,-0.0015675856681252453,-4.794660259581392e-07,0.0016272645283276306,0.0,1.4745244289154804e-05,9.953057527052737e-05,9.953079269275653e-05,-0.023359365344725526,-0.0001614181338309382,0.023597056178245295,0.0
tanh,1.0,35,11,0.9238149127018148,0.0,0.0,0.04047932664689747,3.4487287108249397e-05,-0.0005125412265818818,0.04434426963243995,0.0443445323309489,-0.5132183889750686,-0.003361015323186562,0.5086128160741402,0.0,-0.0005427323771921679,0.04051381393400572,0.04051410849243897,-0.47244900997405104,-0.003361002598087408,0.46886329126314996,0.0,1.9383663671255612e-06,4.7344571864956376e-07,4.73449475913737e-07,-0.002049467373469847,-7.92463076604414e-07,0.0019365321012124578,0.0,-3.625350927322936e-05,0.00010737132518655635,0.00010737263950349096,-0.023860771523465857,-1.5706114465165806e-05,0.024470648903461675,0.0
tanh,1.0,35,12,0.9310005911347393,0.0,0.0,0.03640697895424973,3.502446108544197e-05,-0.001104367910320516,0.03944720257111346,0.03944842219959481,-0.47712757076233525,-0.0034879002194658825,0.46773542269647633,0.0,-0.0011170293166445015,0.036442003415335156,0.0364432511698294,-0.4439402312796477,-0.003487886074692817,0.43636702976714514,0.0,1.4656274710198687e-06,5.316624016773748e-07,5.316645497412586e-07,-0.002168236286068248,-1.9819961653499968e-06,0.0022030138670239186,0.0,0.0002018121847406909,0.0001141445629384345,0.00011418529109634431,-0.024680705603478695,0.0001546578670684419,0.025122085857365504,0.0
tanh,1.0,36,1,0.47900610937358484,0.0050048828125,0.0,0.3817068483912003,0.00019559111202409319,-4.336808689942018e-19,0.9889113507430094,0.9889113507430094,-2.418719357287919,-0.012508030744798507,2.387026326804002,0.0,-0.002478907024686728,0.38190243950322444,0.3819085844832614,-0.9842698554830986,-0.012507377716064711,0.983248948402082,0.0,-3.019612793335834e-06,6.785508593342133e-08,6.7864203994843e-08,-0.000862905182811571,-1.5513709932349243e-07,0.0007895307985230018,0.0,-3.018362332365992e-06,7.871136996666222e-06,7.871146107177392e-06,-0.007631462147788891,-1.23365116539222e-06,0.008307391321574896,0.0
tanh,1.0,36,2,0.6538341713614029,0.0,0.0,0.22190316623549994,0.00014639930576385664,0.0004690554657253367,0.35507484058445066,0.3550750605974806,-1.3832975073077203,0.009696591070905283,1.3599419856000774,0.0,0.0019734005067420044,0.22204956554126376,0.2220534598508238,-0.8816874047617186,0.009696287163730274,0.876379559013773,0.0,1.5798218130224419e-06,1.1916262714749762e-07,1.1916512298445853e-07,-0.001059865348834737,4.903898038677768e-07,0.0010814803757881006,0.0,-4.4283446999771645e-05,1.5023040614578119e-05,1.5025001638256299e-05,-0.01071514356939249,-2.565802946167195e-05,0.00990449073650365,0.0
tanh,1.0,36,3,0.7388369165900541,0.0,0.0,0.15878329665915775,0.0001032887777999077,-0.000776892137363306,0.226543031198676,0.2265436347600691,-1.1239180615104738,0.0015533523099966818,1.1226753730561265,0.0,-0.00020527473417800927,0.15888658543695763,0.15888662757467414,-0.8089273934937357,0.0015533510582833446,0.8084974819460601,0.0,1.378057774997359e-06,2.1379549516237766e-07,2.137973942056089e-07,-0.0013289782383757768,-7.24798380662232e-07,0.001347534543279882,0.0,-9.436492754608599e-05,2.4100453148202145e-05,2.410935788775293e-05,-0.012408567566149685,-0.00013726898108380845,0.012696348601810523,0.0
tanh,1.0,36,4,0.7972068912547496,0.0,0.0,0.11812972740578452,8.09327212372943e-05,-0.001977398723253334,0.15273954337838763,0.15274345348409835,-0.931484901619115,-0.0007870408389313314,0.9358833679930466,0.0,-0.0016385627149710356,0.1182106601270218,0.11821334501479272,-0.7312853191346258,-0.0007870406704354902,0.7333247559227207,0.0,-2.093482215892656e-06,3.7073473338777656e-07,3.7073911605556475e-07,-0.0019037875315145133,-3.104429785269648e-07,0.0018700475067345078,0.0,-8.34714297897901e-05,3.299460204436113e-05,3.300156952395228e-05,-0.015188968750636586,5.5949402376935254e-05,0.014405687172117588,0.0
tanh,1.0,36,5,0.8163340139881983,0.0,0.0,0.10481934075142091,7.235998426711963e-05,-0.0026222096510740036,0.12979547329377267,0.1298023492772269,-0.8345267667762467,-0.0013973596534402127,0.8203131963117075,0.0,-0.0023760316647890344,0.10489170073568804,0.10489734626216013,-0.6828991464861911,-0.0013973587404091602,0.6752402541032961,0.0,-2.1027922287447908e-07,4.1231934646779627e-07,4.123193906851479e-07,-0.0018482349344044378,4.719009705193573e-07,0.0018942892554191192,0.0,-7.52001097538739e-05,4.003126383637869e-05,4.0036918892885685e-05,-0.01585187827192421,-6.269447028849689e-05,0.015679917518614556,0.0
tanh,1.0,36,6,0.8513385578753724,0.0,0.0,0.08310880420065664,6.660928482842007e-05,-3.115769205890625e-05,0.0992099174122567,0.09920991838305847,-0.7511407576708754,-0.00017808601979439447,0.7512378608274102,0.0,-0.00013866737657049948,0.08317541348548507,0.08317543271412639,-0.6358290189941087,-0.00017808601699473628,0.6358867153199678,0.0,-2.557353985646076e-06,4.4291478544073314e-07,4.42921325500141e-07,-0.0020238827078463777,9.917154630725361e-08,0.0019872123748503694,0.0,-0.00010928317470748777,5.0551169970735875e-05,5.056311278301001e-05,-0.01780036001714346,-1.6692146400612176e-05,0.017330789163375552,0.0
tanh,1.0,36,7,0.872167060348574,0.0,0.0,0.07008259610292057,4.5623958412766054e-05,-0.0012552318118282946,0.08062640605406571,0.08062798166096713,-0.6486062450224477,0.0028171854533249868,0.6495993705920765,0.0,-0.0010568323250901548,0.07012822006133335,0.0701293369558967,-0.5707309511278594,0.00281717795406848,0.5714001588858438,0.0,-3.5702204697578655e-06,5.935171482249477e-07,5.935298946991502e-07,-0.0023852676509569268,-1.6949304477216954e-06,0.002303635363475717,0.0,7.964356764027504e-05,5.941886875841539e-05,5.942521185628187e-05,-0.018150157831562604,-5.9500444872946806e-05,0.018876203680149202,0.0
tanh,1.0,36,8,0.8765759570490192,0.0,0.0,0.067676666832931,4.3147255640270846e-05,0.0006967821963347674,0.07808174256196616,0.07808222806739529,-0.6480253192184059,-0.003370955165652916,0.6468416911144577,0.0,0.00035035667732466675,0.06771981408857125,0.0677199368383726,-0.5703391156153471,-0.0033709423860493397,0.5695399668733533,0.0,-1.2951453714812477e-08,7.447125971088082e-07,7.447125972765483e-07,-0.0024844727200785104,-4.6154851854212075e-07,0.0024447456691816666,0.0,-6.151906237553363e-05,7.090888403332672e-05,7.091266862836229e-05,-0.020288919949256117,-0.0001288231372696605,0.020184119181071776,0.0
tanh,1.0,36,9,0.9002815096975465,0.0,0.0,0.05380200232776028,3.1186097320724934e-05,-0.002432820596702578,0.060353316811782784,0.060359235427838526,-0.5931113761404225,-0.004244197924294629,0.5778075140320471,0.0,-0.0023006920109555655,0.053833188425081,0.053838481608810274,-0.532129651596326,-0.004244172437797403,0.5210699781092218,0.0,-1.242780660027044e-06,8.22974426054057e-07,8.229759705578259e-07,-0.002799565712119134,-1.1831226663197206e-06,0.0026890128163550475,0.0,0.0001704493202693141,8.387242057377542e-05,8.39014735445557e-05,-0.021479192612415994,0.00016291376580400448,0.022283411520832803,0.0
tanh,1.0,36,10,0.9063827707140373,0.0,0.0,0.05007112580891147,3.283761502562204e-05,0.0005593817754096153,0.05531379761431475,0.05531411052228541,-0.5563998073474312,-0.0006884280835955927,0.5472997725161832,0.0,0.0005690050895564135,0.050103963423937095,0.05010428719072903,-0.5053013340999225,-0.0006884279748276053,0.4984936966453346,0.0,2.192339133170183e-06,9.080599282896226e-07,9.080647346404975e-07,-0.002885411809424489,5.28746808232154e-07,0.0029319937247801273,0.0,4.409327404808745e-05,9.27877314916423e-05,9.27896757084586e-05,-0.022561069881484663,-0.00014522656210457375,0.022870601512387765,0.0
tanh,1.0,36,11,0.9161721791344369,0.0,0.0,0.04465180021584969,2.8839249351056384e-05,0.00044078028491955913,0.049024349661766796,0.049024543949026375,-0.5271253658875382,0.001371686802097674,0.5232930923888274,0.0,0.00047005651589970664,0.04468063946520075,0.04468086041832889,-0.4831806395966647,0.0013716859411201767,0.48023758706662006,0.0,-3.4123647584732636e-06,8.478052237219144e-07,8.478168679551594e-07,-0.0025632321550778784,-1.7753866815479645e-06,0.0025114045028604786,0.0,5.899901527202967e-05,0.00010174767495015471,0.00010175115583395778,-0.02276087878570051,1.666536025089303e-05,0.023971167279302836,0.0
tanh,1.0,36,12,0.9217649118840692,0.0,0.0,0.041686506865305784,2.6973927057749707e-05,0.0011205499288313937,0.04582458615739897,0.045825841789541966,-0.5158458861929196,-0.0012767118757879743,0.5329954555752757,0.0,0.0009523541809010193,0.041713480792363526,0.04171438777084941,-0.474487236686823,-0.0012767111803905012,0.4876674972605484,0.0,2.379357045994838e-06,1.0002524000778403e-06,1.0002580614177929e-06,-0.002787500013993891,3.687816757809719e-07,0.002890090442785569,0.0,-8.378314952462572e-05,0.00011338798001312126,0.00011339499962926553,-0.02456316554928096,-0.00015650752512774116,0.025031337130592503,0.0
tanh,1.0,37,1,0.4890610484360874,0.0050048828125,0.0,0.37414350974085286,0.00016306490648091625,-2.168404344971009e-18,0.9690457479631549,0.9690457479631549,-2.417645213118484,-0.002161258809237392,2.402050738186324,0.0,0.00046243209605193293,0.37430657464733375,0.37430678849077725,-0.9842364560972924,-0.002161255385630178,0.9837410756025395,0.0,-1.9257059464051916e-06,4.6656186888206243e-08,4.665989523159826e-08,-0.0006916627101361147,-1.5524535954224478e-07,0.0006876394596142531,0.0,4.265911973604321e-05,9.326381619438114e-06,9.328201419934769e-06,-0.008903819855782482,1.4789636691340289e-05,0.009020665274718275,0.0
tanh,1.0,37,2,0.6481138666983517,0.0,0.0,0.22664000905416604,9.969192950701368e-05,-0.0008501928904911715,0.3682607746793589,0.36826149750730997,-1.3942591319820143,-0.0013080872211922198,1.412767045929233,0.0,-0.000894877881005827,0.22673970098367302,0.22674050179009492,-0.8841044092950432,-0.0013080864695933893,0.8880800426028804,0.0,1.5036503279743335e-06,9.471482782045538e-08,9.471708878476418e-08,-0.0009140266354140096,-1.0767262545152092e-07,0.0009901280246914705,0.0,-0.0001075987823757347,1.7624895637205577e-05,1.763647313517432e-05,-0.011571258692614635,-7.898007700559438e-05,0.011492940167245825,0.0
tanh,1.0,37,3,0.7345712239281326,0.0,0.0,0.16046828234796606,0.00011562551895781301,0.00027965349847111154,0.22360399260350228,0.22360407080958147,-1.0778647536371158,0.0019031616366342603,1.1161615386553,0.0,0.00020811541112590723,0.16058390786692386,0.16058395117894822,-0.7924058545530415,0.0019031593129178966,0.8062295589267894,0.0,-1.051149806759317e-06,1.4774231274507627e-07,1.4774341766099252e-07,-0.001226549450008032,-2.1286463541431115e-07,0.0011985107909638648,0.0,2.9988319635036668e-05,2.845843426586729e-05,2.845933356518182e-05,-0.014393762571664567,9.504754938080199e-06,0.014270714206594344,0.0
tanh,1.0,37,4,0.7835130907310309,0.0,0.0,0.12687827556033487,0.00011282118006822385,-0.0033019248516749896,0.16585634988075923,0.16586725258848534,-0.9685646364793731,-0.0014209443233364485,0.9469416912922796,0.0,-0.002655128717435728,0.1269910967404031,0.12699814644890928,-0.748072725755641,-0.001420943348093224,0.7383948161961702,0.0,9.163894825138047e-07,1.797297529772115e-07,1.7973059274689514e-07,-0.0013341488361448032,-4.756370140413612e-07,0.001265686266633393,0.0,-3.525890313286526e-05,3.6626278104039687e-05,3.662752129428982e-05,-0.01614501902676936,3.352842271754567e-06,0.015816995985010688,0.0
tanh,1.0,37,5,0.8216392282027293,0.0,0.0,0.10196069120381906,6.359855171115541e-05,0.0009736622613401536,0.1269954664318423,0.12699641445004148,-0.8191107776635318,0.0037448334208568055,0.850329212227946,0.0,0.0007124145799272003,0.1020242897555302,0.1020247972900639,-0.6745845773870649,0.003744815914403927,0.6912414165601576,0.0,-6.87130297507863e-08,1.9132195855504047e-07,1.9132196327652092e-07,-0.0012963505634902904,-7.633002628588356e-08,0.0012550017811388957,0.0,9.039392849820978e-05,4.652879552144419e-05,4.653696658375353e-05,-0.017644252205454455,4.188399141979266e-05,0.018871571942409997,0.0
tanh,1.0,37,6,0.8455985258073788,0.0,0.0,0.0867537031567278,5.4586052349047306e-05,0.0005037408276273356,0.10454322019668828,0.1045434739515097,-0.7647600633130763,0.0010024575845155757,0.7712756086136501,0.0,0.00044390081058177087,0.08680828920907685,0.08680848625700649,-0.6438721813728567,0.0010024572486993038,0.647670576452449,0.0,-5.982446112020599e-07,2.090501987023079e-07,2.0905055659892274e-07,-0.0013953697010400154,-5.740666207832797e-07,0.0013323412815130081,0.0,-2.0749122963267936e-05,5.5500506966018096e-05,5.5500937492121836e-05,-0.019113653389359653,2.2526156747542627e-05,0.018875117079522698,0.0
tanh,1.0,37,7,0.8523029954236097,0.0,0.0,0.08245083647227738,6.445772100315019e-05,0.0003981947852946632,0.09800828177406476,0.0980084403331518,-0.7359679022436146,4.18324076426952e-05,0.7329567787335847,0.0,0.0004813142255164786,0.08251529419328053,0.0825155258566642,-0.6267028792856748,4.183240761677873e-05,0.6248709367007317,0.0,5.958476101977555e-07,3.1215622763909915e-07,3.121565826734737e-07,-0.0017822131662267075,8.610434618281188e-07,0.0016865984177613135,0.0,-3.895077206963592e-05,6.0359072091179396e-05,6.036058925382422e-05,-0.01996267081789789,-6.879470519388013e-05,0.018987170781508734,0.0
tanh,1.0,37,8,0.8680503932775487,0.0,0.0,0.072665656435392,5.123569742681707e-05,0.0016092211478836843,0.08441364696529899,0.08441623655800178,-0.6830274980361947,-0.0019006326460163903,0.6769971795282428,0.0,0.0016052360667230025,0.07271689213281882,0.07271946891564872,-0.5934840591840121,-0.0019006303406623932,0.5895634726786967,0.0,-1.206309495945156e-06,2.9545610209830333e-07,2.954575572809033e-07,-0.0016219571440000903,-6.257501648888327e-07,0.0016477219714957326,0.0,-2.9839121517837422e-05,6.812999517117622e-05,6.813088554434918e-05,-0.019884944877949676,4.704254058454168e-05,0.020537305051827263,0.0
tanh,1.0,37,9,0.868837994639795,0.0,0.0,0.07222276095451116,5.473331333153958e-05,-0.0007340340348467976,0.08408681504273499,0.08408735384869931,-0.6786514379648574,0.0017193609182088168,0.6624224853257854,0.0,-0.0007115668516616796,0.07227749426784272,0.0722780005952271,-0.5906419135612816,0.0017193592232763756,0.5799727451815154,0.0,3.1996501905583753e-07,2.712400305392362e-07,2.712401329168496e-07,-0.001589166218762793,-5.225402962301558e-08,0.0015754029332968435,0.0,1.8791218716363258e-05,7.469621536573836e-05,7.469656847563919e-05,-0.020889705359480138,-7.650806180382308e-05,0.021074634794886162,0.0
tanh,1.0,37,10,0.882633277532492,0.0,0.0,0.06413780877308892,5.2889449310501986e-05,0.0009522736700063868,0.07372087120623425,0.07372177803137683,-0.6408452549515203,0.0012331462151256832,0.6346779946321142,0.0,0.0008209285330356218,0.06419069822239942,0.06419137214605578,-0.5654747601562136,0.001233145589947226,0.5612647804599956,0.0,-3.8125569561762536e-07,2.8071000561090493e-07,2.8071015096681033e-07,-0.0015827419926288289,1.3853948934488095e-07,0.0015730874490045039,0.0,-6.851836027730351e-05,8.454277280693172e-05,8.45474675726268e-05,-0.021895907626732682,-9.695130401533874e-05,0.022006782697934473,0.0
tanh,1.0,37,11,0.8940923457384269,0.0,0.0,0.05764608958145826,5.276990318529753e-05,0.0010817321454037897,0.06580550219322222,0.06580667233765661,-0.6392188073065564,0.0012149999860774164,0.6155336180873884,0.0,0.0010638824434092697,0.057698859484643567,0.057699991330496955,-0.5643672285531263,0.0012149993877958744,0.5480099335373766,0.0,2.680482317049389e-08,3.4549444150336656e-07,3.454944422218651e-07,-0.0016423575944669807,1.0477724575025255e-06,0.001672926656477255,0.0,9.617488684389924e-05,9.366196800305134e-05,9.367121761191078e-05,-0.02235142985599844,-6.490460099862898e-06,0.022848935633856995,0.0
tanh,1.0,37,12,0.9016509751886186,0.0,0.0,0.05291004834151009,4.416653916939927e-05,0.0018156296223685933,0.059074082690297305,0.05907737920122293,-0.5732078916822936,0.0008129600560146111,0.5633706563692188,0.0,0.0017534850329075555,0.052954214880679494,0.052957289590440125,-0.517711030630927,0.0008129598767893707,0.5104740346370518,0.0,-3.9436456642799006e-07,4.77570251136854e-07,4.775704066602653e-07,-0.0021110088102145323,2.2291565824837326e-07,0.0020653140180224515,0.0,5.227210232971208e-05,0.00010808020277885207,0.00010808293515153404,-0.024381521601086243,-3.8167189789595446e-05,0.024099299627104595,0.0
tanh,1.4142135623730951,35,1,0.3576291457509292,0.0377197265625,0.0,0.5110587259514116,0.0004091444197222812,9.974659986866641e-18,2.0120125140251233,2.0120125140251233,-3.4126316747421295,0.010312872795206155,3.302312532526995,0.0,-0.0006789006457019844,0.5114678703711338,0.5114683312772206,-0.9978303725830171,0.010312507200623797,0.9972954554954795,0.0,5.044758512036661e-06,3.3437743703253186e-07,3.344028866209766e-07,-0.0018200120813863002,-4.8218318046153506e-08,0.001981982120623103,0.0,5.514224284696583e-05,0.00010427440291079156,0.00010427744357773775,-0.030181578871802017,3.936235981009971e-08,0.031174692750784425,0.0
tanh,1.4142135623730951,35,2,0.4634061223248255,0.0023193359375,0.0,0.39500577853859464,0.0004898126904487453,0.0006980930009909212,1.0007576352365706,1.0007581225704085,-2.291508138580977,-0.0046308829074859365,2.3101440211548057,0.0,-0.0010693446328506914,0.3954955912290433,0.39549673472698715,-0.9797588870198735,-0.004630849404910362,0.9804922182292491,0.0,-1.0109411755987482e-05,4.275952714825375e-07,4.276974716885896e-07,-0.002101435024236092,-3.4751457367906344e-07,0.0020208831334668207,0.0,2.4697958174982104e-05,0.00014237619316044282,0.00014237680314958082,-0.03394876632080064,4.204876925553446e-06,0.03525288015264228,0.0
tanh,1.4142135623730951,35,3,0.5184996086654984,0.000732421875,0.0,0.34182351498572394,0.000405205495116062,0.00012082622442470482,0.755418033943791,0.7554180485427675,-2.022943505205035,-0.007277460986299662,2.0051134740405208,0.0,-0.0006963903022087113,0.34222872048084,0.342229205440293,-0.9656131750837867,-0.007277332343986535,0.9643870757663283,0.0,1.7610491833329695e-06,5.172810260281743e-07,5.172841273224005e-07,-0.0023283777719854525,1.6928410644465075e-06,0.0021852026314441763,0.0,-1.2143270173116566e-05,0.00016342439860230406,0.00016342454606131453,-0.03734742578447511,1.0404411870650972e-05,0.03641379310190166,0.0
tanh,1.4142135623730951,35,4,0.5306668997814253,0.0006103515625,0.0,0.3288916389582128,0.0004430527755425195,7.298324807538444e-05,0.6940337392770926,0.6940337446036471,-1.924768534446553,-0.0015551371488706006,1.9478766508320204,0.0,6.27881646682127e-05,0.3293346917337553,0.32933469567610896,-0.9583073569149555,-0.001555135875625477,0.9601538003905098,0.0,-1.034512408701524e-05,4.948194332257171e-07,4.94926454818093e-07,-0.0022711059829144376,-1.6221379950764197e-06,0.002105818702798151,0.0,0.00013541441444963088,0.00016107680961338337,0.0001610951466770241,-0.03493275121425591,2.4957473636424733e-05,0.03753461499368405,0.0
tanh,1.4142135623730951,35,5,0.5583475461219176,0.0003662109375,0.0,0.30524866866813793,0.000617254641830343,-0.005463238170161266,0.6233292056625197,0.6233590526338235,-1.8712768776203577,-0.008640190395381157,1.8808644710685576,0.0,-0.005027673117822216,0.3058659233099682,0.30589120080694787,-0.9537096233226267,-0.008639975319387311,0.9545689003447103,0.0,-5.782988597036185e-06,4.5492548005782474e-07,4.549589230149382e-07,-0.0020507300565831784,6.698257326433954e-07,0.002029134080608672,0.0,3.6441626323964615e-05,0.00014739894054080076,0.0001474002685329299,-0.03381222445518593,-1.9802740790471423e-05,0.03468500556281097,0.0
tanh,1.4142135623730951,35,6,0.5566339476731808,0.0,0.0,0.3051256351784156,0.0004908366464933123,0.002781209768510119,0.6024283140543634,0.6024360491821398,-1.7751798809016992,-0.00043939733056847934,1.7911422631388294,0.0,0.0010140683807414274,0.3056164718249089,0.30561750015958977,-0.9441742716189776,-0.0004393973017235264,0.945880981128603,0.0,-8.087674914642244e-07,4.259628465942717e-07,4.2596350069912694e-07,-0.001998372202012245,-1.2586380780106194e-06,0.001991215308946425,0.0,2.9412326527660984e-05,0.0001306816198615389,0.00013068248494649067,-0.030950706021946058,5.454392119967539e-05,0.03098331008374757,0.0
tanh,1.4142135623730951,35,7,0.5617552975659479,0.0,0.0,0.3027657211019405,0.0005032724831197978,0.0073995461352904714,0.6104481389657608,0.6105028922487691,-1.8603878553227604,0.008295120680318235,1.8303844164620138,0.0,0.006619688837531705,0.3032689935850603,0.303312813865366,-0.9527146684744807,0.008294930408107219,0.949863627488164,0.0,-1.7968607743771259e-06,3.616039004936128e-07,3.616071292022553e-07,-0.0018959929007525173,4.571515300926837e-07,0.0019033544497085552,0.0,-4.408831181342512e-05,0.00011451573321050073,0.0001145176769897393,-0.030017619564057088,-7.603244874755967e-05,0.029463866674596193,0.0
tanh,1.4142135623730951,35,8,0.5405790348912791,0.001220703125,0.0,0.31913056883451285,0.0005867779257875557,-0.0047769533813772445,0.6603188785721714,0.6603416978557792,-1.8941846527646329,-0.004033848394073664,1.8874574713223418,0.0,-0.0027479393378108865,0.31971734676030045,0.31972489793090475,-0.9557368089721783,-0.004033826497065955,0.955150693244913,0.0,7.964677596164186e-06,3.1505292912511454e-07,3.1511636521432536e-07,-0.0017517248927962222,1.345617444557646e-07,0.0017421916235124655,0.0,-0.00039400594925611166,0.00011253371341494125,0.00011268895410299046,-0.028614051638996156,-0.0003884937393317595,0.029107099214506636,0.0
tanh,1.4142135623730951,35,9,0.5451391082087665,0.0013427734375,0.0,0.3172762273844069,0.0006527491522674713,0.0010155485714256301,0.6854782566075426,0.6854792879464435,-1.9930170102368785,-0.004937445066975592,1.991288217236549,0.0,0.0005165876973183485,0.3179289765366744,0.31792924339952344,-0.963530555435417,-0.004937404942627835,0.9634068882866003,0.0,3.144213924589378e-06,3.260830611558893e-07,3.2609294723709286e-07,-0.0017462263932746297,-5.27310337224561e-07,0.0017424633788030107,0.0,5.9766610242488455e-06,0.00010668049840346917,0.00010668053412394618,-0.028323835752159354,-3.865507517982363e-05,0.02844827801340854,0.0
tanh,1.4142135623730951,35,10,0.5739103711024602,0.0,0.0,0.2900129786150534,0.0006177602635645024,-0.004716474224796608,0.5641652272045191,0.5641874723336324,-1.792909702993759,-0.0062757216019297644,1.7687814403254543,0.0,-0.002925444297179336,0.2906307388786179,0.2906392971029538,-0.9460667765576816,-0.006275638967097586,0.9434756359771826,0.0,8.025487922982523e-06,3.8156055125542085e-07,3.816249597118227e-07,-0.0018442405986884157,1.7674977436900102e-06,0.0019069477703611852,0.0,-2.242165843013849e-05,9.840404709234715e-05,9.84045498231139e-05,-0.026193710331867157,-7.151784251260173e-05,0.025743914305673365,0.0
tanh,1.4142135623730951,35,11,0.5760568337012257,0.0001220703125,0.0,0.2882848090628119,0.0007895180751188558,-0.00632024248843396,0.5566036129838376,0.5566435584489503,-1.7772737870112838,-0.005687952691871704,1.7264871333321985,0.0,-0.004270195336499708,0.28907432713793074,0.2890925617061426,-0.9444009047812802,-0.005687891300431406,0.9386394145984938,0.0,1.909861089581705e-06,4.367440323883727e-07,4.3674767995775417e-07,-0.001971333420164796,-7.078058923240742e-07,0.0020160171792224704,0.0,6.106929909448593e-06,8.284332153951883e-05,8.284335883411175e-05,-0.02301186442132641,-3.2103450530916516e-05,0.023959826685772307,0.0
tanh,1.4142135623730951,35,12,0.5672071822486539,0.0,0.0,0.2947491409947704,0.0008092588238389109,-0.006567287402089139,0.5654992660488452,0.5655423953126668,-1.7548363624505325,-0.005878004678090523,1.7070744283746537,0.0,-0.003895333369819778,0.2955583998186093,0.2955735734406713,-0.9419230778371295,-0.0058779368702596806,0.936287603476041,0.0,-1.43768501532255e-06,3.8596215141742564e-07,3.859642183556289e-07,-0.0019917445669276838,-9.772891795375544e-07,0.001858524603346223,0.0,0.00015108210550088708,7.035134346105315e-05,7.037416926365575e-05,-0.021775575677899738,6.789583840739978e-05,0.021856909831443113,0.0
tanh,1.4142135623730951,36,1,0.3635174461574189,0.0362548828125,0.0,0.505387876234805,0.00041574034363964295,8.673617379884035e-19,1.977822701486019,1.977822701486019,-3.4205857186509103,-0.017689026717873608,3.3757650051078514,0.0,-0.0038077019904634935,0.5058036165784446,0.5058181151728929,-0.9978645324118838,-0.017687179789582595,0.9976644472888182,0.0,-5.9108247255945485e-06,1.7893155611404819e-06,1.7893504989894187e-06,-0.004248707772207611,1.5323664130746802e-08,0.004390023839313093,0.0,9.499410680170434e-05,9.89461941261262e-05,9.895521800645325e-05,-0.029783655838162233,-1.6295162971529163e-07,0.030078482643399844,0.0
tanh,1.4142135623730951,36,2,0.47247357946035584,0.001953125,0.0,0.38541790679708815,0.00046663660307800603,0.0017719432762306232,0.9450609918888652,0.9450641316718393,-2.252034682736273,0.017306550686966855,2.2012364279126735,0.0,0.004583919301169976,0.38588454340016615,0.3859055557163258,-0.9781133156349876,0.017304822908006424,0.9758022175580079,0.0,3.5158575243351944e-06,2.326637272960584e-06,2.326649634214716e-06,-0.004667880413976351,1.7598033600141213e-06,0.0047364657997514764,0.0,-0.00027615947507865003,0.00013054691451075528,0.00013062317856643102,-0.03472310677588512,-1.1347565607296464e-05,0.032525774218352906,0.0
tanh,1.4142135623730951,36,3,0.5184559985586111,0.00146484375,0.0,0.34217690224178493,0.0004980967946992725,-0.0022937703766718488,0.7765159262885222,0.776521187671063,-2.105468530513376,-0.0009846012547895982,2.104708498156401,0.0,-0.0002855254798301444,0.34267499903648413,0.3426750805612838,-0.9707685656854691,-0.0009846009166570777,0.9707243362246053,0.0,8.568401974599999e-06,2.6541183085741508e-06,2.6541917260865488e-06,-0.005225662231877526,4.561947764960389e-06,0.005039122688858098,0.0,-0.0002646742846449744,0.00013975438736195422,0.00013982443983890657,-0.032832182500161344,-0.00017695337870133552,0.03346748748137197,0.0
tanh,1.4142135623730951,36,4,0.5448161540152492,0.0,0.0,0.31569596256726395,0.0005377468797738425,-0.006585238197361653,0.6518484737672554,0.6518918391293713,-1.9140190103439814,0.0007387274983967896,1.8885297284062053,0.0,-0.004013693771342296,0.31623370944703777,0.3162498191847279,-0.9574216712064053,0.0007387273630498739,0.955244595961527,0.0,1.1419437359594206e-05,2.866129839772517e-06,2.8662602433221265e-06,-0.0049664151354625865,3.688736332645882e-06,0.005219131638207922,0.0,8.524249685977978e-05,0.00013633266431716648,0.0001363399306004374,-0.03213844763668478,0.00010664527521884554,0.0312664288680513,0.0
tanh,1.4142135623730951,36,5,0.5269110639122229,0.000244140625,0.0,0.330863575413598,0.0005346659839282389,-0.009114271548074052,0.6871247597930488,0.6872078297389008,-1.8827641358340752,-0.005569457692301341,1.8815178398235348,0.0,-0.006073070842018762,0.33139824139752627,0.33143512358697846,-0.9547372769180406,-0.005569400088953701,0.9546268634292207,0.0,1.1969045059268403e-05,2.3960798306935875e-06,2.396223088733218e-06,-0.004675583724785122,9.561021896990297e-07,0.004879164915777036,0.0,4.7349996495091735e-05,0.00012131016000535149,0.00012131240202751956,-0.02974009845304422,-4.060241423475316e-05,0.030306524312973235,0.0
tanh,1.4142135623730951,36,6,0.5475487325183794,0.0,0.0,0.31327683547002133,0.0005835709993883849,-0.0005711014870683319,0.6373181570324953,0.6373184831894038,-1.850379613004473,-0.004175110256338831,1.887236508798761,0.0,-0.0009815750631607533,0.3138604064694097,0.31386136995901437,-0.9517816886935052,-0.004175085955296077,0.9551313256954053,0.0,4.6115673389795054e-06,2.1945966580913767e-06,2.1946179246446987e-06,-0.004593145361596231,9.106391211173064e-07,0.004567277743307642,0.0,-0.00018064975194253538,0.00012117085624672202,0.00012120349057959893,-0.030816668408797977,2.9412467813407816e-05,0.02866291453373863,0.0
tanh,1.4142135623730951,36,7,0.5530663885366992,0.0,0.0,0.3085916384442058,0.0005205752764806667,-0.0007770564876802572,0.6141895998021418,0.614190203618927,-1.8438115218271975,0.0014423031419756199,1.7870521396589787,0.0,0.0007000109264376441,0.3091122137206864,0.30911270373598354,-0.9511589709644312,0.0014423021190047142,0.9454485809860449,0.0,-2.7958369070125748e-06,2.0645041256806443e-06,2.064511942384655e-06,-0.004540023216281891,2.10613644799933e-06,0.004457390061593592,0.0,0.00028138980067343613,0.0001077029623184267,0.00010778214253834974,-0.02672788451379301,7.682711745235883e-05,0.02903307989736409,0.0
tanh,1.4142135623730951,36,8,0.5327797029232662,0.0003662109375,0.0,0.3261541012686644,0.0006112156056178618,0.0033304096555922987,0.6799157504718736,0.6799268421003477,-1.8642763635197628,-0.0012205082694877042,1.935571077388828,0.0,-2.637464791886094e-05,0.3267653168742823,0.32676531756990435,-0.9530723814260988,-0.0012205076597991858,0.9591813064170939,0.0,9.404534987978622e-06,1.8539348434862617e-06,1.854023288764602e-06,-0.004098466815050251,2.5949890683825238e-06,0.0041987676790481996,0.0,-0.00017603566097796995,9.747833200870071e-05,9.750932056263666e-05,-0.02693032644182004,-5.765317050044578e-05,0.026813478734119295,0.0
tanh,1.4142135623730951,36,9,0.5624314601021294,0.0,0.0,0.3008102841435216,0.000499943821575626,-0.010835447830525511,0.5956436886649237,0.5957610955946115,-1.8324335074799059,-0.009752348002083617,1.8211251334976701,0.0,-0.009064256418099634,0.3013102279650972,0.3013923887095103,-0.9500633455723533,-0.00975203862528404,0.9489497857558509,0.0,1.7324336944567847e-06,1.6049661982051415e-06,1.604969199531647e-06,-0.0038545769880734596,1.1940103878458516e-06,0.004000968083244124,0.0,0.0002234210764381433,9.510711193363246e-05,9.515702891102923e-05,-0.025833432928395336,5.592272001929432e-05,0.02680596850475704,0.0
tanh,1.4142135623730951,36,10,0.5520542048539143,0.0,0.0,0.3075156060198333,0.0005406074094613904,0.0024699561936962064,0.5961976935010544,0.5962037941846532,-1.7335097165015745,-0.003196734740548465,1.7599303029768294,0.0,0.0007291504107169644,0.3080562134292947,0.3080567450896161,-0.9394693243594117,-0.0031967237966198272,0.9424949406128901,0.0,-4.264118825755978e-06,1.5061699379183758e-06,1.5061881206277359e-06,-0.0036975230183956143,-7.560882949283169e-07,0.003823661786667165,0.0,4.020656556593901e-05,8.486726107295819e-05,8.486887764087279e-05,-0.023993210705961228,-5.187801528948153e-06,0.024215205332338837,0.0
tanh,1.4142135623730951,36,11,0.5591433295919612,0.0,0.0,0.3036968597620354,0.0007228986167975849,-0.003050913163366935,0.6098884259517514,0.6098977340228818,-1.8276807219010467,0.0032406950032378033,1.8395139738771495,0.0,-0.002255666870926196,0.30441975837883306,0.3044248464118656,-0.9495984759878003,0.00324068356154571,0.9507484067629952,0.0,-1.0697582301456151e-05,1.2363942025313864e-06,1.2365086407984829e-06,-0.0034266648018953885,-1.954373309409464e-07,0.00326550061411652,0.0,4.2979981964093964e-05,7.54290831285566e-05,7.543093040740623e-05,-0.021770990107305925,6.69926097698301e-05,0.022304011634690153,0.0
tanh,1.4142135623730951,36,12,0.5578485491764673,0.0001220703125,0.0,0.30592081028976775,0.0007077058343112055,0.007505340159884274,0.633465643432556,0.6335219735634716,-1.9084273199369288,0.008140478094625588,1.9395433680306136,0.0,0.00579266621778925,0.30662851612407893,0.30666207110598964,-0.9569531354386476,0.008140298283254466,0.9594974659206031,0.0,3.0081237438111614e-06,1.3048885819962526e-06,1.3048976308047106e-06,-0.003388831352658659,-1.0993142712149263e-07,0.0033261560910044594,0.0,-5.018619353032372e-05,6.831936690421894e-05,6.832188555824e-05,-0.021205965722827007,-6.557371421038146e-05,0.021163657782924977,0.0
tanh,1.4142135623730951,37,1,0.3742996162436579,0.03759765625,0.0,0.4957903248555713,0.00036923353021844137,-8.673617379884035e-18,1.9380914959263102,1.9380914959263102,-3.419066649398551,-0.003056481519821675,3.3970127314514036,0.0,0.0007010346382116679,0.49615955838578973,0.4961600498353538,-0.9978580868306314,-0.003056471836416982,0.9977615927319178,0.0,-1.9539823941425875e-06,6.404045011607708e-07,6.404083192079674e-07,-0.002451018458747143,-1.0551451358547124e-08,0.0025331651545474165,0.0,3.12761821500607e-05,9.70535760479172e-05,9.705455424748708e-05,-0.030938125511874984,2.202202551122161e-06,0.029778281776914637,0.0
tanh,1.4142135623730951,37,2,0.46591956450225397,0.002685546875,0.0,0.3918827082336325,0.0003605718354122781,-0.0019914774967363497,0.9778088138233042,0.9778127798059242,-2.27485938552241,0.00237597465735252,2.2798541928709133,0.0,-0.0013992131713349378,0.39224328006904485,0.39224523786654364,-0.9790807641039717,0.002375969819259866,0.979286475282091,0.0,8.562482464413363e-06,7.94674385797941e-07,7.947477019038944e-07,-0.002663979145142985,-2.63957213455829e-07,0.0029418312712545256,0.0,-4.983156243596284e-05,0.00012916143548256698,0.00012916391866718178,-0.033679413488101086,-6.491596230326891e-05,0.03472622786792172,0.0
tanh,1.4142135623730951,37,3,0.5068648507711973,0.00048828125,0.0,0.35086791089448155,0.0005836031611219225,0.00010287909876670852,0.7762986861312798,0.7762986967153888,-2.003307684070853,0.010355477915342467,2.064300720831541,0.0,0.00026650639016460853,0.35145151405560343,0.3514515850812595,-0.96426052702488,0.010355107770978571,0.9682997546160443,0.0,-4.393297395079278e-06,9.194154861790919e-07,9.194347872410936e-07,-0.0029778574730952626,2.0662146832451667e-06,0.0028559132966131007,0.0,-0.00010252466515012917,0.00014473601060952413,0.00014474652191648826,-0.03554786057422156,-1.867235930493581e-06,0.03514926937945118,0.0
tanh,1.4142135623730951,37,4,0.5232357974352437,0.0006103515625,0.0,0.33536096911074487,0.0007447276722425843,-0.01080178059564839,0.7232661867398482,0.7233828652038847,-2.019852722268851,-0.0024259147935210413,1.9260661879266525,0.0,-0.006101275057635171,0.3361056967829874,0.3361429223403163,-0.9654036702526471,-0.002425910033094089,0.9584141795868844,0.0,9.851998403496172e-06,8.377216199601815e-07,8.37818681832724e-07,-0.002812589260793537,6.898510843700454e-07,0.0028370576589569784,0.0,4.132693227170733e-05,0.0001360755032082899,0.0001360772111236209,-0.03368936764894407,6.12543496931257e-05,0.03354720000252856,0.0
tanh,1.4142135623730951,37,5,0.5393353381232835,0.00048828125,0.0,0.32105287622820944,0.000617439636599764,0.0042683859014136325,0.6682954951057499,0.6683137142239534,-1.901946642515319,0.010528221406012606,1.918635800578309,0.0,0.0035746399369640486,0.3216703158648092,0.32168309391548816,-0.9564029961240693,0.010527832282715066,0.9578045117170979,0.0,-1.8909831028577018e-06,7.651400113060413e-07,7.651435871231366e-07,-0.002696137410352952,9.457668181786701e-07,0.00283929891499823,0.0,0.00020491854365359616,0.0001286701259842191,0.00012871211759375218,-0.031596635112298536,5.091381980456884e-05,0.03228510552092388,0.0
tanh,1.4142135623730951,37,6,0.5449408597882279,0.000244140625,0.0,0.31639953017040023,0.0007133776433441864,0.002853905757639617,0.656920629643506,0.6569287744215795,-1.8754903703002372,0.010010626820076973,1.9021915122002968,0.0,0.0023082955974185995,0.31711290781374435,0.31711823604230943,-0.9540892091744713,0.01001029238267077,0.9564241396187567,0.0,-1.5172683797091845e-06,6.427657406696388e-07,6.427680427729749e-07,-0.002512545754468298,7.501315047773563e-08,0.002369089123036807,0.0,-9.00085658915847e-05,0.0001184688356903965,0.00011847693723233035,-0.03218601080969968,-1.4496798388984009e-05,0.029978886085202768,0.0
tanh,1.4142135623730951,37,7,0.5263055522281253,0.0003662109375,0.0,0.3332657097272145,0.0008905322328795426,0.0012732147864595962,0.7189721428357396,0.7189737639116321,-1.9536228290824211,-0.013390735355884016,2.001739852634256,0.0,-0.0007133971883612417,0.3341562419600941,0.33415675089564245,-0.9606002127768039,-0.013389933248120132,0.9641502079081621,0.0,-2.4260236087899766e-06,6.379649881148832e-07,6.379708737054336e-07,-0.0024736701428975695,-2.1643428822896934e-07,0.0024683447268360388,0.0,1.698279631537295e-05,9.471960402969308e-05,9.471989244506377e-05,-0.02697445374870059,5.13481156797031e-05,0.028103574397055107,0.0
tanh,1.4142135623730951,37,8,0.5286263730345024,0.0001220703125,0.0,0.32891198904976227,0.0008021309484560835,0.006646510487833457,0.6816835956327854,0.6817277717344503,-1.8976127771971636,0.015365935584991303,1.9024081359780245,0.0,0.0072760151585853595,0.3297141199982183,0.3297670603948063,-0.9560326209236669,0.015364726285682317,0.9564431423446356,0.0,-9.134128937172213e-06,5.160599136609326e-07,5.161433459723734e-07,-0.0021589235491136405,-3.8484431762250493e-07,0.0021129100914082746,0.0,3.71886032915968e-05,8.48076396904793e-05,8.480902268269408e-05,-0.025374173409034043,-6.668280178918023e-06,0.02596096703422324,0.0
tanh,1.4142135623730951,37,9,0.513365606047387,0.0010986328125,0.0,0.3442454053534577,0.0009145374556351253,-0.0030164766224245144,0.7522424696111167,0.7522515687423303,-1.967219145309575,0.0009247304378201048,1.994016899524125,0.0,-0.0010602315059654072,0.34515994280909285,0.3451610668999391,-0.961636879234659,0.0009247299867348917,0.9636020712031731,0.0,-2.1866773588577547e-06,4.0426410647376497e-07,4.0426888803163673e-07,-0.0018422447037068045,-4.2414448536802046e-07,0.0019524574674229976,0.0,1.8357273990392116e-05,7.528463110610059e-05,7.528496809560895e-05,-0.023554000801601405,2.5975022029772888e-05,0.02332806237598436,0.0
tanh,1.4142135623730951,37,10,0.5270941442718612,0.000244140625,0.0,0.3303080536404469,0.000963009007844753,0.001641825482211224,0.6958955779404201,0.695898273531334,-1.970558701867431,0.01106513240919648,1.9074789209258787,0.0,0.0027751109791145845,0.33127106264829165,0.33127876388923805,-0.961887393257746,0.0110646805950012,0.9568731670299239,0.0,-4.902758004172088e-06,3.795750667806177e-07,3.795991038166652e-07,-0.001820881264173957,1.7099396509523626e-07,0.0018502943779633361,0.0,-0.00011734565600566304,7.252559134439103e-05,7.253936134737444e-05,-0.02272237516029963,-3.991877014760479e-05,0.022459068228415657,0.0
tanh,1.4142135623730951,37,11,0.5344220846359474,0.0001220703125,0.0,0.3262195291335176,0.0007638179862947596,0.005558966094452976,0.6972256584870994,0.6972565605911387,-2.0074052853770015,0.006269168711026509,1.9824552768292618,0.0,0.005389743747129189,0.32698334711981236,0.3270123964574721,-0.9645466775097015,0.006269086480655898,0.962766828838522,0.0,2.125185070184245e-06,3.8520922405821444e-07,3.85213740469797e-07,-0.0018408746827355967,6.700171919396386e-07,0.0018859488020639746,0.0,6.861065323343238e-05,6.792872876462206e-05,6.793343618635916e-05,-0.021806820490444714,-1.2865054403008814e-05,0.022606800809105952,0.0
tanh,1.4142135623730951,37,12,0.5355525803348435,0.0,0.0,0.32390417817262157,0.0007573381729233499,0.0038454123642941676,0.6640319176926051,0.6640467048888564,-1.868857375662457,0.011877714313599847,1.889225455279189,0.0,0.0033473517031903095,0.32466151634554496,0.3246727211089698,-0.9534903950652519,0.011877155773356001,0.9553054723982998,0.0,-2.671649845752052e-06,4.3569339060121575e-07,4.3570052831411404e-07,-0.0020376092075193703,-6.077354438079242e-08,0.0019391947734189196,0.0,3.7501899468107505e-05,6.331878201753621e-05,6.332018840999993e-05,-0.021181999643093655,-1.7117784743302206e-05,0.020069797624467787,0.0
tanh,2.0,35,1,0.2625885769546884,0.1312255859375,0.0,0.6264388887124013,0.0007274867234369226,1.3877787807814457e-17,4.0240250280502465,4.0240250280502465,-4.826189997804328,0.014584604574009077,4.670175170694318,0.0,-0.00102152810644957,0.6271663754358382,0.6271674189555104,-0.9998714629778469,0.014583570560363012,0.9998243948151462,0.0,-7.96702090151867e-06,5.021595157852419e-06,5.021658631274464e-06,-0.007700218063846819,-3.4081986692925324e-08,0.007320690118533472,0.0,-0.00010101867842264102,0.001092990974314808,0.0010930011790881984,-0.09998089925927128,-8.105960483071427e-09,0.10340626797356343,0.0
tanh,2.0,35,2,0.31771939978116276,0.056640625,0.0,0.5563610080662449,0.0011669208842748219,0.0021795656249392987,2.4639694124520144,2.463974162958328,-3.577072243971427,-0.013330757735058714,3.6287693848981344,0.0,-0.0029976530842006715,0.5575279289505196,0.5575369148745328,-0.9984379792137178,-0.013329968037753737,0.9985913099491839,0.0,-4.586832421180484e-05,4.9370711874770205e-06,4.93917509064302e-06,-0.007679128095585837,-6.94023021978304e-07,0.006948756234927138,0.0,0.00010824398594582912,0.0009205490632872989,0.0009205607800477926,-0.09232821569466021,-4.0146103992220656e-06,0.09523270586058459,0.0
tanh,2.0,35,3,0.34196752586454304,0.0418701171875,0.0,0.5287459928274653,0.0010516402613067774,0.0016716005013716702,2.1519504791294977,2.151953273377734,-3.4021834048952964,-0.013087306866453246,3.446942270208833,0.0,-0.001940521211516852,0.5297976330887721,0.5298013987113444,-0.9977846092714727,-0.013086558836468348,0.9979740805742059,0.0,-1.2659385770924611e-05,4.139347686234025e-06,4.139507946282123e-06,-0.006379262428829061,-4.741931113816592e-07,0.006589789712546416,0.0,0.00037162249545641055,0.0007257487729996194,0.0007258868762787487,-0.08346390598769426,7.638690543202811e-06,0.08540191568679592,0.0
tanh,2.0,35,4,0.3377415464805462,0.040283203125,0.0,0.5324236645857184,0.0011809404584218293,0.0053066604565938785,2.145811443203077,2.1458396038482785,-3.388356580118314,-0.012602871120290415,3.412527409056531,0.0,0.00026569717771509835,0.5336046050441403,0.5336046756391306,-0.9977225621531574,-0.012602203769974743,0.997829889327674,0.0,-1.3575113263616054e-05,2.7757622967177463e-06,2.7759465804178663e-06,-0.005730991995300067,-8.252437092832948e-07,0.0055032713476190175,0.0,-0.00039585730453138405,0.0005366741152171165,0.0005368308182226672,-0.07329787264319076,-5.911234911053927e-06,0.07121045870434502,0.0
tanh,2.0,35,5,0.35606855708895635,0.0390625,0.0,0.5144174509762656,0.00164348784411493,-0.005880048899130099,2.0565374812002046,2.056572056175261,-3.3416556988051918,-0.022732160536485756,3.423885770310255,0.0,-0.006326184621796472,0.5160609388203805,0.5161009594322497,-0.9974998610044573,-0.02272824540828517,0.9978786130789336,0.0,-2.039620110044192e-05,2.1035111175748858e-06,2.1039271225942154e-06,-0.004770686249789299,-1.7698836090405145e-07,0.004569946386129069,0.0,-3.8787245728075684e-05,0.0003994497505493981,0.0003994512549998293,-0.05979797659764231,2.5329200329395033e-06,0.06132528574791171,0.0
tanh,2.0,35,6,0.3474996626217925,0.034912109375,0.0,0.5211825210202288,0.0018393293367691896,0.006778935537551512,2.0287308363553955,2.028776790322418,-3.227433389265958,-0.009783802487902764,3.3090046282100074,0.0,0.0008370337771224344,0.5230218503569979,0.5230225509825419,-0.996859239614652,-0.00978349031293715,0.9973313886270648,0.0,-7.968199889925924e-07,1.6071003288686481e-06,1.607100963790743e-06,-0.004542462366150516,-4.026777660415962e-07,0.004377309273242017,0.0,-2.6593320100999602e-05,0.00028246333986050546,0.00028246404706517946,-0.051599038337469295,5.101519602424026e-06,0.04979522999968788,0.0
tanh,2.0,35,7,0.35069554845725837,0.0401611328125,0.0,0.5195345012614497,0.0017959154348652815,0.018075367675005605,2.0751793966404506,2.0755061155570367,-3.3644653296190983,0.02716896825198485,3.3814640811196157,0.0,0.011450115801027963,0.521330416696315,0.521461521848172,-0.9976111197785549,0.027162283246475412,0.9976909484186617,0.0,5.662009174553831e-07,1.1099343098053094e-06,1.1099346303887883e-06,-0.003640757348117329,1.1852216802818936e-08,0.0033639029841921984,0.0,0.00013886880514007578,0.00020482028923377312,0.00020483957377881416,-0.04305280115768515,-2.719091444105924e-06,0.044520140770837824,0.0
tanh,2.0,35,8,0.33341176920629323,0.0445556640625,0.0,0.5366926897218101,0.00209143756355657,-0.01616160553640409,2.253418453970809,2.2536796514643234,-3.4552608225121904,-0.014446800770797227,3.5043451792413216,0.0,-0.00855131335324932,0.5387841272853666,0.5388572522454321,-0.9980075105489787,-0.014445795631508234,0.9981936478374187,0.0,5.4978968177440635e-06,8.313900497655052e-07,8.314202766349238e-07,-0.0029148496104680166,-4.437970962950523e-09,0.003012954811395631,0.0,-0.00015749079556672804,0.0001564236834793874,0.00015644848683007566,-0.037619586806043374,-1.8649931615290002e-05,0.038932862509441085,0.0
tanh,2.0,35,9,0.34034987180089477,0.0513916015625,0.0,0.5305472432823718,0.002458879638028765,-0.012048564472594222,2.2959994968263415,2.296144664732192,-3.6177367565327776,-0.0014670119355010198,3.5826417529816803,0.0,-0.003881821616937276,0.5330061229204006,0.5330211914594662,-0.998559901884495,-0.0014670108048201167,0.9984552402011316,0.0,-1.49885988311626e-07,6.605692811337435e-07,6.605693035995528e-07,-0.002681590665922628,-5.346773075492891e-10,0.002450071114606936,0.0,-9.637712769884511e-05,0.00011936736893409575,0.00011937665748483924,-0.03331667388755393,-7.722164734642392e-06,0.03355369080628415,0.0
tanh,2.0,35,10,0.35697136109150807,0.0313720703125,0.0,0.5076580768069319,0.0030848023571601033,-0.0034596833931239395,1.9372346110044918,1.9372465804136727,-3.351995164882224,0.0013168532484577151,3.279718522824038,0.0,-0.000459445459749241,0.510742879164092,0.5107430902542225,-0.9975509634355186,0.0013168524830281217,0.9971706418128331,0.0,-3.094629424484618e-06,5.684680537092226e-07,5.684776304404975e-07,-0.0023731776489032443,-2.3188696251011457e-08,0.0024447768211994843,0.0,6.055216476759352e-05,8.817859819113926e-05,8.818226475579731e-05,-0.027698715977271814,8.124798869581207e-08,0.02769627204626505,0.0
tanh,2.0,35,11,0.3508783549657114,0.0343017578125,0.0,0.5170610388130458,0.0021373260575850775,-0.013639380176001822,2.002221005184803,2.0024070378763885,-3.3599662471142655,-0.01743069918700657,3.2583415986233497,0.0,-0.006932839822056591,0.5191983648706309,0.5192464291386291,-0.9975896678376782,-0.017428933967731555,0.9970471971878964,0.0,4.045394821268705e-06,4.419016644894552e-07,4.4191802970871514e-07,-0.002187922772529598,-2.0067899343621264e-08,0.0021995622084335447,0.0,2.014245938024206e-06,6.0219081043233336e-05,6.021908510042004e-05,-0.02149617396626521,2.435971103214488e-06,0.022787830454952456,0.0
tanh,2.0,35,12,0.34462094650475467,0.035400390625,0.0,0.5227561585681785,0.0022200309353729974,-0.008017596951414033,2.026322891055597,2.026387172916472,-3.321608543097102,-0.012316866477646203,3.315333162763602,0.0,-0.0051580646257227015,0.5249761895035515,0.5250027951342346,-0.9973977221422754,-0.012316243465402409,0.997364902862711,0.0,-2.7929304997293807e-06,3.1749354067184366e-07,3.1750134113261997e-07,-0.0018550246826536281,-2.94436215158174e-08,0.0018387375453016274,0.0,0.00014630701236647897,4.262160158759742e-05,4.264300732946503e-05,-0.01884264850518717,9.093683342856973e-06,0.01871184687141413,0.0
tanh,2.0,36,1,0.26770803420161315,0.1246337890625,0.0,0.6206306800287688,0.00073719678114548,-8.673617379884035e-19,3.9556454029720376,3.9556454029720376,-4.837438714575838,-0.025016061489597015,4.774052653608004,0.0,-0.005081657900371898,0.6213678768099142,0.6213937000569306,-0.9998743169495984,-0.02501083824298541,0.9998573248869836,0.0,-3.054095195960012e-05,1.6093848158913325e-05,1.609478090865992e-05,-0.014004822968894838,1.3778385105589465e-07,0.01274779500406006,0.0,0.0007782971416347754,0.0008226920115041827,0.0008232977579448594,-0.08718006516376184,3.2845983666369832e-06,0.09589913205534532,0.0
tanh,2.0,36,2,0.3250433686692563,0.0491943359375,0.0,0.5475466088535599,0.0010660375123297755,0.003623771562776223,2.3326413872422167,2.3326545189625554,-3.527044369228105,0.02022751900107047,3.4568391127606213,0.0,0.006868579719065638,0.5486126463658896,0.5486598237532467,-0.9982737328767413,0.020224752113140412,0.9980137853506653,0.0,-6.398571518975376e-05,1.5295399904054487e-05,1.529949407580283e-05,-0.012863073281332828,-5.348829681789521e-07,0.012518560225653385,0.0,-0.0006025757098203548,0.0007756394155142921,0.0007760025130003575,-0.08755719533775137,-2.180106066671982e-05,0.08309623493173691,0.0
tanh,2.0,36,3,0.34524029605231377,0.042724609375,0.0,0.5260055258599957,0.0012304830238616892,-0.00517316277913436,2.178111896505346,2.1781386581184856,-3.5706322806130313,0.0013765680651495402,3.497058588997763,0.0,-0.0007972855579314615,0.5272360088838574,0.5272366445481182,-0.9984177476362651,0.0013765670826205907,0.9981671439725679,0.0,-2.106004230152813e-05,1.1531946986691221e-05,1.1532390512072963e-05,-0.011041292074942298,1.1698036869118484e-06,0.011181928554105682,0.0,-0.0001926651188685558,0.0005861443529624995,0.0005861814728105282,-0.07462864364686903,-2.891253268220754e-05,0.07619416866069839,0.0
tanh,2.0,36,4,0.3488760427955456,0.0335693359375,0.0,0.5186227439944695,0.0015303777863800313,-0.013704625422713921,1.9967031700857538,1.9968909868437308,-3.358896163639527,-0.0025235927692660184,3.3383783024509466,0.0,-0.0065506672269473685,0.5201531217808495,0.5201960330219677,-0.9975845075691628,-0.0025235864358482685,0.9974832070845249,0.0,5.817771033231821e-06,8.849768800188719e-06,8.849802646648513e-06,-0.009737549131525797,1.1221857108091028e-07,0.009580719802263635,0.0,-0.0001371109727970444,0.00046002925969293223,0.0004600480591117936,-0.06727461113190485,-1.242943084939893e-05,0.06376513973351734,0.0
tanh,2.0,36,5,0.32444372902582963,0.0438232421875,0.0,0.545599894849434,0.0016148169115847441,-0.02157245246043743,2.2274946485892335,2.2279600192943914,-3.386540382779675,-0.01815069873368407,3.4312554926296186,0.0,-0.009425421322901216,0.5472147117610189,0.547303550328133,-0.9977142147902338,-0.01814869872301758,0.9979095853450738,0.0,1.1538388703843147e-05,6.560012627054757e-06,6.5601457614686375e-06,-0.007997666391347387,3.4061654019940414e-07,0.008338447043099885,0.0,0.00011800533425864926,0.0003451018310573413,0.0003451157563162548,-0.056409208387467796,-5.858532213157351e-06,0.06077284601700191,0.0
tanh,2.0,36,6,0.3425354363386977,0.0401611328125,0.0,0.5272667560253989,0.0016659586040077452,-0.0009369306069864141,2.119434622620768,2.11943550045973,-3.328994866685093,0.012811188534484538,3.4223656947000847,0.0,-0.0007718993699950879,0.5289327146294065,0.5289333104580438,-0.9974358397712813,0.012810487162496144,0.9978721386377652,0.0,-1.0808898321765862e-05,5.03102205692011e-06,5.0311388892030405e-06,-0.007621019298940664,-9.071482658694925e-07,0.007005196177082753,0.0,-0.00018337457324157504,0.0002796890571163843,0.0002797226833504958,-0.05382390651800419,7.880780895904903e-06,0.049966203019832595,0.0
tanh,2.0,36,7,0.3464566150324095,0.0406494140625,0.0,0.5219640314332188,0.0019656224825379434,-0.0008789614863622744,2.068436093132472,2.068436865705767,-3.4272400996103296,-0.00134497837427331,3.3826318951508347,0.0,0.0007049856462137791,0.5239296539157567,0.5239301509205181,-0.9978926641749221,-0.0013449774500291626,0.997696367633627,0.0,1.10257041315974e-05,3.7943249608935572e-06,3.794446527045154e-06,-0.006189440921522509,-1.0194001283635746e-07,0.006546144137699225,0.0,0.00034594103351154114,0.00018954727083265912,0.00018966694603132615,-0.04283672130068726,2.0342913076256997e-05,0.04320045946052039,0.0
tanh,2.0,36,8,0.32807507430058347,0.0443115234375,0.0,0.5418905799502778,0.0021650942796501704,0.004717513332440879,2.2455133205119813,2.2455355754440234,-3.395018271172321,-0.013316883115979299,3.5160191954298865,0.0,-0.0011664529010203693,0.544055674229928,0.5440570348422982,-0.9977526402942032,-0.013316091988207025,0.9982352549202566,0.0,-4.4316026701863835e-07,2.80042078747687e-06,2.8004209838678914e-06,-0.005600936534322804,1.5524584549837423e-07,0.005426886690576208,0.0,-0.00015656795472831673,0.00013666921154523073,0.00013669372506967857,-0.037060194846224394,4.13674806450982e-08,0.03434494007433415,0.0
tanh,2.0,36,9,0.35261699307824734,0.0361328125,0.0,0.5176303845347179,0.0017992253596569795,-0.016112979053853765,2.0401130224530806,2.040372650547071,-3.2979736798526464,0.006594048504066753,3.3354520052726198,0.0,-0.005744679797443006,0.5194296098943749,0.5194626112403501,-0.9972719268251357,0.006593952216115572,0.9974687000017848,0.0,1.873278572805903e-05,2.107961518948357e-06,2.1083124362094903e-06,-0.0046864968650761766,-6.538484929205191e-07,0.0049062236961615385,0.0,8.430038115938486e-05,0.00010848917600877553,0.00010849628256303916,-0.031118154971077328,1.2284265990005097e-05,0.031248698846099626,0.0
tanh,2.0,36,10,0.34312104772202534,0.0323486328125,0.0,0.5242596053266191,0.0016879108415763463,0.007861364115547973,2.001851590090099,2.001913391135856,-3.2440263857375498,0.002048180824627745,3.324547932131868,0.0,0.0016344813533359713,0.5259475161681955,0.5259501876974899,-0.9969616046796569,0.002048177364409618,0.9974129650887749,0.0,-1.1878915926667787e-05,1.605408352601556e-06,1.605549461245149e-06,-0.0038820811696103213,-4.424433198169921e-07,0.003976168392342918,0.0,-4.245111647867345e-05,7.802530405197282e-05,7.802710614926312e-05,-0.026739015904814544,-6.074480467270754e-06,0.02599514586554234,0.0
tanh,2.0,36,11,0.34639779439356366,0.040283203125,0.0,0.5228922591942817,0.0016718437287749268,0.00318032033879391,2.1114591553405306,2.111469269777988,-3.376511174503428,-0.007364405311067144,3.421448909672908,0.0,-0.0026504180076950754,0.5245641029230567,0.5245711276386722,-0.9976680178034943,-0.0073642716716884995,0.9978682351285723,0.0,-2.185509769292967e-05,1.1216321043560024e-06,1.12210974965117e-06,-0.0035177982504244936,-4.076903640785042e-07,0.0033836260720373308,0.0,6.657418610898165e-05,5.5889901216131676e-05,5.589433333838775e-05,-0.021038566753691486,-2.2425749341491433e-06,0.021836348142333668,0.0
tanh,2.0,36,12,0.3418077936630436,0.043701171875,0.0,0.5289571631776481,0.0019974527044606975,0.01002445326670691,2.1848649099503907,2.184965399613687,-3.4896389877277154,0.0024462234464039763,3.5114420490520457,0.0,0.0052479451073610675,0.5309546158821088,0.5309821568099586,-0.9981397745260678,0.0024462185604121793,0.9982190136775277,0.0,-4.18571581774681e-06,9.146881258438e-07,9.147056460607068e-07,-0.0030076523401187773,2.786118857883644e-07,0.003036067399497236,0.0,-2.346419275494285e-05,4.191982809127868e-05,4.192037865962032e-05,-0.018568771676025688,-6.791465577586262e-06,0.018889423020536793,0.0
tanh,2.0,37,1,0.2780218896704092,0.1270751953125,0.0,0.6101568224876557,0.0006837457096379903,-4.336808689942018e-18,3.8761829918526196,3.8761829918526196,-4.835290426236968,-0.004322517618474784,4.804101476372648,0.0,0.0007380712264861561,0.6108405681972937,0.6108411129464291,-0.9998737811396963,-0.004322490229776735,0.9998656561670194,0.0,3.959571730639071e-05,6.876947522543013e-06,6.87851534337202e-06,-0.0075873848350248435,-7.479782757464019e-08,0.009244799844328749,0.0,-0.0001735103689370382,0.0008229689904431917,0.0008229990962913204,-0.09473432174030541,-1.4155987375065164e-06,0.09223809076657964,0.0
tanh,2.0,37,2,0.3186575574129973,0.052001953125,0.0,0.555305596529089,0.0009111443062835147,-0.004336083804967149,2.411017036401753,2.4110358380245165,-3.56587125534352,-0.005331938097088481,3.5388369047319292,0.0,-0.0023031130324039167,0.5562167408353724,0.5562220451650125,-0.9984026261178217,-0.005331887569376546,0.9983139531075201,0.0,2.595758262879397e-05,6.459368930241102e-06,6.460042726337033e-06,-0.00781197992849985,-3.0722273173148404e-08,0.00797831388114389,0.0,0.0004917041880567498,0.0007427205964640393,0.0007429623694725917,-0.07966118251071251,1.2428411117718121e-05,0.08774765091531629,0.0
tanh,2.0,37,3,0.33433131270815847,0.042724609375,0.0,0.5376600289554798,0.001546777575298443,-0.002359971727118486,2.201308119247419,2.2013136887139724,-3.417289626863768,0.01019719075264428,3.468010046631413,0.0,0.00029975235542056855,0.5392068065307781,0.5392068963822527,-0.9978504578391998,0.010196836193039065,0.9980576206288072,0.0,-2.315766811575644e-05,5.111297998447891e-06,5.11183427604045e-06,-0.007930430736794185,5.0803325298882546e-08,0.006631507751292581,0.0,-0.00021224947385073317,0.0006350919101089669,0.0006351369599481168,-0.07638085933222102,-8.297908997347847e-06,0.0779931301706821,0.0
tanh,2.0,37,4,0.33546459905141407,0.043212890625,0.0,0.5352959213495172,0.002297573751214566,-0.023401329880491786,2.208547836216007,2.209095458456183,-3.4337579814810355,-0.01366090624664108,3.3617265808949695,0.0,-0.007920090802948847,0.5375934951007318,0.5376562229390588,-0.9979200435199628,-0.013660034846432167,0.9975981295626951,0.0,1.2188348194072614e-05,3.4741474828189623e-06,3.4742960386506616e-06,-0.006132484996503534,1.6916411060150032e-08,0.00580521920940404,0.0,1.2812807309256689e-05,0.0004575593128627549,0.0004575594770307861,-0.06368822289179953,4.912563412507408e-06,0.06445973848914927,0.0
tanh,2.0,37,5,0.34214899968366397,0.0390625,0.0,0.5274367783518197,0.0021630492027652306,0.01390458111920263,2.130062954742066,2.1302562921181663,-3.341249877200392,0.024490951917893918,3.4652660069573944,0.0,0.009897504847159844,0.5295998275545849,0.5296977881567845,-0.9974976648185953,0.024486054949423075,0.9980469473222686,0.0,-7.510858069913459e-06,2.5393722638737633e-06,2.53942867686271e-06,-0.004953449211170605,-2.355033924815847e-07,0.005060525746250494,0.0,-8.83042334634626e-05,0.0003457356764215816,0.0003457434740592292,-0.0594188591448144,1.1746012139743741e-05,0.0564647439741921,0.0
tanh,2.0,37,6,0.3422919066640757,0.042724609375,0.0,0.5261976659610985,0.002677247706670129,0.009378662707066165,2.159899187792643,2.159987147106816,-3.460475942482938,0.007511998149084549,3.4695537598036164,0.0,0.005453324050548539,0.5288749136677686,0.528904652410969,-0.9980281656067045,0.007511856686011146,0.9980635409570131,0.0,-5.220256484380891e-06,1.7397773815628261e-06,1.739804632640589e-06,-0.00430084068276859,-4.241128732377332e-08,0.00414980226274722,0.0,0.0001524133719970954,0.00024645139519122205,0.0002464746250271856,-0.047885460187463876,4.017120751520632e-06,0.04803077768544159,0.0
tanh,2.0,37,7,0.3249181055624045,0.0523681640625,0.0,0.5466129439379499,0.003481916807053052,0.005294035900359369,2.3898791096206375,2.3899071364367517,-3.4932688747686282,-0.01096213752445208,3.6031840781167825,0.0,-0.0018729865165072537,0.5500948607450029,0.5500983688234939,-0.9981532209586261,-0.010961698283156626,0.9985174059990681,0.0,-1.3271378877490486e-05,1.1728044260312906e-06,1.1729805555286006e-06,-0.003520909852612042,-2.689593338137877e-07,0.003555989434107031,0.0,-9.93552733686348e-05,0.00016426624874572095,0.00016427612021606712,-0.04108703783910779,-1.7859642764753158e-07,0.037978645977886895,0.0
tanh,2.0,37,8,0.3279952922335743,0.04443359375,0.0,0.5402726650159985,0.003004372367622739,0.021170684725000114,2.206858868028748,2.2073070659204737,-3.4456382712248814,0.04788866817489553,3.4004521302144637,0.0,0.014727393316163646,0.5432770373836213,0.5434939334975102,-0.9979687464103192,0.04785209286893104,0.9977768737622186,0.0,1.0345876257051885e-05,8.727187584618885e-07,8.728257956174147e-07,-0.003110398892372079,-5.685834718363835e-08,0.003097192445259001,0.0,0.00022085212679870856,0.00012547350027981445,0.000125522275941726,-0.03308709844255943,2.566621537349285e-06,0.03400257941930429,0.0
tanh,2.0,37,9,0.32040459970325985,0.054931640625,0.0,0.5497615175746469,0.004497595194047669,-0.002539089446127822,2.4379286121072052,2.4379350590824207,-3.6334050882050932,0.018295487063738625,3.484085622391555,0.0,0.004837608903044236,0.5542591127686946,0.5542825152285933,-0.9986042259833474,0.01829344600266973,0.9981190235671084,0.0,-2.3261476982137704e-06,5.946412177877937e-07,5.946466287509076e-07,-0.0025319637478236194,-1.6548538111608958e-07,0.002529478390522816,0.0,3.993357414912152e-05,9.119650389133683e-05,9.119809858168117e-05,-0.02832508401244275,-2.242514024619115e-06,0.028532277098404425,0.0
tanh,2.0,37,10,0.33347347368469904,0.0450439453125,0.0,0.5345196950803904,0.00456194159370117,0.006535837543178278,2.2079344833320107,2.2079772005044016,-3.500334848482278,0.038170432185186315,3.331183364727912,0.0,0.013369846964835484,0.5390816366740916,0.5392603894819548,-0.9981791112679183,0.03815189589941626,0.9974470024860091,0.0,-1.274263485834894e-05,4.808162651788461e-07,4.809786399219793e-07,-0.0022129005084945354,1.629332991952163e-08,0.002151886818380351,0.0,4.227054476165791e-05,7.295794519796127e-05,7.295973199691572e-05,-0.02506084809967708,4.5482408520505486e-08,0.025978677244448373,0.0
tanh,2.0,37,11,0.33469139018372657,0.0455322265625,0.0,0.534992060528795,0.0033248599865969867,0.009546386414293059,2.2135005679206703,2.2135917014142414,-3.4636765432974013,0.0054550178519840835,3.4179014513894073,0.0,0.004274798345533411,0.538316920515392,0.5383351944162871,-0.998040734077595,0.005454963743872216,0.9978530847281054,0.0,-4.662935624064504e-06,3.777059993047827e-07,3.777277422734169e-07,-0.0020171600596486797,1.3361987427985084e-07,0.0019242962688842792,0.0,1.9845787108543447e-05,5.3670689574207095e-05,5.3671083429473055e-05,-0.02108340572871819,-5.385399267871975e-07,0.022099630901317245,0.0
tanh,2.0,37,12,0.3310053884047009,0.041259765625,0.0,0.5389872067984778,0.003372618561712255,0.012811636079270963,2.210537469556342,2.21070160757537,-3.4019848889905124,0.010662828994064944,3.415648160269369,0.0,0.010820957826619721,0.54235982536019,0.5424769184884755,-0.9977837171572944,0.010662424572988466,0.9978434120446105,0.0,-1.9295597182968545e-06,3.284948038913412e-07,3.2849852709204767e-07,-0.0018184280735144302,-1.4472703632007408e-08,0.001902823559015427,0.0,1.0628459673244171e-05,3.969949634428129e-05,3.969960930843632e-05,-0.018781095856691365,-1.5871913878261062e-06,0.01850406548859202,0.0
relu,0.5,35,1,0.5028076171875,0.4971923828125,0.4971923828125,0.08540688645392672,0.001222540405735664,3.469446951953614e-18,0.2515015642531404,0.2515015642531404,-1.206547499451082,0.0036461511435022693,1.1675437926735794,0.0,0.19751669490323479,0.08662942685966239,0.1256422716251599,0.0,0.0036461511435022693,1.1675437926735794,0.4971923828125,4.670211078310501e-11,8.861729945521916e-18,8.863911032673513e-18,-9.832857481531299e-09,0.0,1.0193275901508347e-08,0.4971923828125,-1.0617287444243999e-10,3.697954994685094e-15,3.6979662673643616e-15,-1.858954358549624e-07,0.0,1.8148963102732502e-07,0.4971923828125
relu,0.5,35,2,0.5595703125,0.4404296875,0.4404296875,0.00995345195984024,0.005366810905211152,0.03144144041516986,0.032985541140446106,0.033974105315826786,-0.37944026919015633,0.022435259913692725,0.5268823159829478,0.0,0.08585302460806257,0.015320262865051395,0.02269100469940399,0.0,0.022435259913692725,0.5268823159829478,0.4404296875,-6.666992227710288e-11,6.907153270110458e-17,6.907597757964102e-17,-2.662377265634826e-08,0.0,2.7653596989059806e-08,0.4404296875,1.0834029413192895e-09,2.7950776133215224e-14,2.7951949895148486e-14,-4.958010664303981e-07,0.0,4.984453760941796e-07,0.4404296875
relu,0.5,35,3,0.4549560546875,0.5450439453125,0.5450439453125,0.0008651951257927503,0.0009252298273532754,-0.009646784815665754,0.006211730753190675,0.006304791210470434,-0.20450627384461104,-0.008832664658728402,0.16911212323093558,0.0,0.026544721448215822,0.0017904249531460257,0.0024950471899093944,0.0,0.0,0.16911212323093558,0.5450439453125,4.4037691625451335e-11,5.217765256110116e-16,5.217784649292953e-16,-7.679452849438737e-08,0.0,7.467901710671874e-08,0.5450439453125,4.357977577121012e-09,1.9719872757633336e-13,1.9721771954489602e-13,-1.381497995160321e-06,0.0,1.378842686676055e-06,0.5450439453125
relu,0.5,35,4,0.4327392578125,0.5672607421875,0.5672607421875,7.301173104273909e-05,0.00010348062780693264,-0.00360194827125317,0.0005876388175976705,0.0006006128489464543,-0.059848263852151244,-0.0038197426686647513,0.05502130865212477,0.0,0.007815790522298848,0.0001764923588496717,0.00023757894033812823,0.0,0.0,0.05502130865212477,0.5672607421875,6.744277467831247e-10,4.7861873211282094e-15,4.78664217391384e-15,-2.2099929621550484e-07,0.0,2.3630344380854042e-07,0.5672607421875,9.469501149937649e-09,1.7605404296961307e-12,1.7606301011481592e-12,-4.236741186787383e-06,0.0,4.282357178669175e-06,0.5672607421875
relu,0.5,35,5,0.504150390625,0.495849609375,0.495849609375,7.671055771689054e-06,1.1195242279362327e-05,-9.221498885140963e-05,5.70669378024351e-05,5.707544140660396e-05,-0.019365795063160548,7.194734678511512e-05,0.018128474435397363,0.0,0.0028344033498555704,1.886629805105138e-05,2.690014040072386e-05,0.0,7.194734678511512e-05,0.018128474435397363,0.495849609375,3.786868274785999e-09,4.126217436996354e-14,4.127651474129412e-14,-6.794516820586293e-07,0.0,7.035132868627027e-07,0.495849609375,5.6081758054694394e-08,1.765378591325332e-11,1.7656931076839824e-11,-1.2355364983959908e-05,0.0,1.24359866879623e-05,0.495849609375
relu,0.5,35,6,0.5743408203125,0.4256591796875,0.4256591796875,1.0285718498110426e-06,1.9408620055161087e-06,0.0004510070150164073,7.389589200347161e-06,7.592996527941171e-06,-0.006155622049530179,0.0004648556041610354,0.006711870143102345,0.0,0.00130959239410246,2.9694338553271512e-06,4.6844660940181644e-06,0.0,0.0004648556041610354,0.006711870143102345,0.4256591796875,7.720444541179604e-10,3.58581763270311e-13,3.585823593229501e-13,-1.9941426965262713e-06,0.0,1.948018165614434e-06,0.4256591796875,1.6657474055566026e-07,1.6007122097831626e-10,1.6009896812250743e-10,-3.710355748221859e-05,0.0,3.694277689848413e-05,0.4256591796875
relu,0.5,35,7,0.432861328125,0.567138671875,0.567138671875,9.806547142701412e-08,2.5597018683524947e-07,-0.00018956336015587787,1.238384182378959e-06,1.2743184498925463e-06,-0.0029634145198247992,-0.00016611945849933052,0.0025980211140259595,0.0,0.00033789638482364557,3.5403565826226367e-07,4.6820962513915285e-07,0.0,0.0,0.0025980211140259595,0.567138671875,9.614237701812358e-09,2.3856527874466865e-12,2.385745221013273e-12,-5.337532231336982e-06,0.0,5.1670201490140505e-06,0.567138671875,-4.5245195714419906e-08,1.099526782450882e-09,1.099528829578617e-09,-0.00010340758066764206,0.0,0.00010374839525718139,0.567138671875
relu,0.5,35,8,0.4747314453125,0.5252685546875,0.5252685546875,1.0617185518430457e-08,2.408139431068902e-08,-3.064746473445725e-05,1.2050227025093375e-07,1.2144153734558356e-07,-0.0009606720785917842,-2.0894923131272748e-05,0.0007814760477534318,0.0,0.00012020424259145035,3.469857982911948e-08,4.914763976610372e-08,0.0,0.0,0.0007814760477534318,0.5252685546875,-1.9780899538210956e-09,2.046847517164337e-11,2.0468479084483235e-11,-1.5922681367008335e-05,0.0,1.4784167909315188e-05,0.5252685546875,-3.338814621561684e-07,1.0459966012638312e-08,1.0460077489469083e-08,-0.0003202381953969331,0.0,0.0003207684472022767,0.5252685546875
relu,0.5,35,9,0.5079345703125,0.4920654296875,0.4920654296875,1.402717971342293e-09,3.913857126182058e-09,1.0150676496284795e-05,1.2548818812458075e-08,1.2651855045790306e-08,-0.0002480321476125397,2.0348266279111657e-06,0.00029883705662831877,0.0,4.8680415884904404e-05,5.316575097524353e-09,7.686357988251605e-09,0.0,2.0348266279111657e-06,0.00029883705662831877,0.4920654296875,-5.88483514827258e-08,2.2972440968010941e-10,2.2972787280858162e-10,-5.322762159279206e-05,0.0,4.742023135892702e-05,0.4920654296875,1.4701166343661015e-06,1.0992554599723365e-07,1.099277072401523e-07,-0.0009801606502634068,0.0,0.0010184151043622592,0.4920654296875
relu,0.5,35,10,0.4349365234375,0.5650634765625,0.5650634765625,1.169507019776003e-10,4.211548453561925e-10,-6.829784315643456e-06,1.7536482139118365e-09,1.8002941677100462e-09,-0.00011512094917971437,-6.099255016317198e-06,0.00011107859847353879,0.0,1.253097130347946e-05,5.381055473337929e-10,6.951307891424187e-10,0.0,0.0,0.00011107859847353879,0.5650634765625,4.23767613476042e-07,1.8252039817590527e-09,1.825383560749284e-09,-0.00014746138565975916,0.0,0.00014580396025216897,0.5650634765625,-6.472804106859351e-06,8.717546735659805e-07,8.717965707589863e-07,-0.0028963586137666104,0.0,0.0028577803846374598,0.5650634765625
relu,0.5,35,11,0.448486328125,0.551513671875,0.551513671875,1.1769719354229384e-11,4.42930341040945e-11,-1.131073185928377e-06,1.7002797839484033e-10,1.7130730494676647e-10,-3.331391441845473e-05,-1.771603905782277e-06,3.173716449626677e-05,0.0,4.546259357778301e-06,5.60627534583239e-11,7.673122760651066e-11,0.0,0.0,3.173716449626677e-05,0.551513671875,7.76298322127153e-07,2.1372417836190136e-08,2.1373020475275076e-08,-0.0004775996389547855,0.0,0.0005091344133609996,0.551513671875,2.1447183240835313e-05,7.767514303790987e-06,7.767974285459956e-06,-0.00845210256762544,0.0,0.008648907791387297,0.551513671875
relu,0.5,35,12,0.53759765625,0.46240234375,0.46240234375,1.6101413822065213e-12,6.122883015611928e-12,5.185554188087573e-07,1.8424351773335184e-11,1.869325149571111e-11,-1.0276871528613874e-05,3.2270233255405377e-07,1.1740488068094484e-05,0.0,1.8949569615798837e-06,7.73302439781845e-12,1.1323886284058514e-11,0.0,3.2270233255405377e-07,1.1740488068094484e-05,0.46240234375,1.3037884007547682e-06,3.278795324017951e-07,3.2788123226598906e-07,-0.0019812459859590396,0.0,0.002000354954788269,0.46240234375,0.00010466648663629348,6.74010762345815e-05,6.741203130800627e-05,-0.02252986210734747,0.0,0.02349740207030747,0.46240234375
relu,0.5,36,1,0.495361328125,0.504638671875,0.504638671875,0.08523630141389693,0.0012748332174489215,-2.168404344971009e-19,0.24722783768575235,0.24722783768575235,-1.2093596786439595,-0.006254015372399254,1.193513163402001,0.0,0.19526780756909026,0.08651113463134585,0.12464065130418513,0.0,0.0,1.193513163402001,0.504638671875,-4.9493113446878053e-11,2.525255544657402e-17,2.5255005014852688e-17,-1.75037128843729e-08,0.0,1.601132819255793e-08,0.504638671875,-1.0144040303765116e-09,7.646668725117788e-15,7.647697740654633e-15,-2.7401659117842133e-07,0.0,2.887489979903574e-07,0.504638671875
relu,0.5,36,2,0.4530029296875,0.5469970703125,0.5469970703125,0.006853861790279902,0.0019457708771732272,-0.02092972151008006,0.03022776217418098,0.030665815416670485,-0.46070350217955786,-0.017766653562560665,0.3889888489838651,0.0,0.057906934648583014,0.00879963266745313,0.012152845747848393,0.0,0.0,0.3889888489838651,0.5469970703125,-7.370730284657387e-11,2.1128077322411117e-16,2.1128620599060407e-16,-5.221305570056927e-08,0.0,4.911798235164275e-08,0.5469970703125,-1.5062360439873194e-09,6.013211790964047e-14,6.013438665666068e-14,-7.844263230302536e-07,0.0,8.004887191495041e-07,0.5469970703125
relu,0.5,36,3,0.5067138671875,0.4932861328125,0.4932861328125,0.0006668744895802165,0.0005399869440813102,0.0007593686701220588,0.0034551521958482694,0.003455728836625432,-0.14891337262766646,0.0007875553066714184,0.13893370448853884,0.0,0.023003559860979662,0.0012068614336615269,0.0017360251999392012,0.0,0.0007875553066714184,0.13893370448853884,0.4932861328125,3.332837056561246e-11,1.7697649671193236e-15,1.769766077899608e-15,-1.415336301278445e-07,0.0,1.5172153655937444e-07,0.4932861328125,-2.1976319733047184e-08,4.777521594014098e-13,4.782351180304189e-13,-2.2724027921690784e-06,0.0,2.1389550769345783e-06,0.4932861328125
relu,0.5,36,4,0.4298095703125,0.5701904296875,0.5701904296875,5.1931942053910725e-05,6.967971445168909e-05,-0.002566532923468384,0.0003804209398107538,0.000387008031058001,-0.048655418317123035,-0.003306452627470732,0.04659159012281657,0.0,0.006413193381404331,0.00012161165650559981,0.0001627407058528881,0.0,0.0,0.04659159012281657,0.5701904296875,-4.956344112271398e-10,1.429993251788654e-14,1.430017817135613e-14,-4.3471787193107103e-07,0.0,4.034136520709024e-07,0.5701904296875,-4.421834656978235e-08,3.822771449936448e-12,3.824726712109814e-12,-6.3603393810841395e-06,0.0,6.3768153336242795e-06,0.5701904296875
relu,0.5,36,5,0.4814453125,0.5185546875,0.5185546875,4.883960556887713e-06,6.796869346480575e-06,-0.0005581525659654913,3.865105659718319e-05,3.896259088407706e-05,-0.01611393250984909,-0.0003297220890991189,0.014562560553133446,0.0,0.0021418453783219066,1.1680829903368293e-05,1.6268331528007203e-05,0.0,0.0,0.014562560553133446,0.5185546875,-2.3410801386604585e-09,1.386664669668192e-13,1.3867194762303478e-13,-1.2950646816848636e-06,0.0,1.2266926048254314e-06,0.5185546875,-1.268513013444804e-07,3.603900695843375e-11,3.6055098211086544e-11,-1.888262839432264e-05,0.0,1.8406948488454966e-05,0.5185546875
relu,0.5,36,6,0.4744873046875,0.5255126953125,0.5255126953125,5.185383715452419e-07,8.407717375387976e-07,-0.000144957393522119,4.309926557300915e-06,4.330939203237641e-06,-0.0053520708502962835,-0.00012287257525349726,0.004768531824844637,0.0,0.0007351074380165497,1.3593101090840398e-06,1.8996930545112951e-06,0.0,0.0,0.004768531824844637,0.5255126953125,-1.0243123046998974e-08,1.1668122313695048e-12,1.166917152939261e-12,-3.8156175743019104e-06,0.0,3.573969666916771e-06,0.5255126953125,-2.656065413578708e-07,2.8073784976336394e-10,2.808083965981761e-10,-5.123381990795959e-05,0.0,5.354895438948305e-05,0.5255126953125
relu,0.5,36,7,0.46826171875,0.53173828125,0.53173828125,6.257647936618042e-08,1.4479975232510538e-07,-3.833945615141813e-05,6.057728439842924e-07,6.072427578822789e-07,-0.0019803421784536294,-5.326709996046974e-05,0.0019333325311502773,0.0,0.00027563590149978854,2.073762316912858e-07,2.8335138188688695e-07,0.0,0.0,0.0019333325311502773,0.53173828125,-1.2788945291711455e-08,9.619536988444079e-12,9.619700545565753e-12,-1.06460138371575e-05,0.0,1.0806841331381153e-05,0.53173828125,-1.728949358459217e-06,2.1881702896943234e-09,2.1911595555784403e-09,-0.00014712120961258332,0.0,0.00013850427706862375,0.53173828125
relu,0.5,36,8,0.51904296875,0.48095703125,0.48095703125,7.686473236017347e-09,2.066218897936019e-08,-7.878779237007248e-06,8.985073160966154e-08,8.991280677192703e-08,-0.0007904446746312073,1.147645276680286e-05,0.000731571468723509,0.0,0.00010888620309384765,2.834866221537754e-08,4.020486743957217e-08,0.0,1.147645276680286e-05,0.000731571468723509,0.48095703125,4.994079785472502e-09,7.86114533122597e-11,7.861147825309261e-11,-2.9981855662468085e-05,0.0,3.080762966518181e-05,0.48095703125,-3.7000737359096372e-06,1.710308621305665e-08,1.7116776758707817e-08,-0.0004074513665847929,0.0,0.00038035037851509216,0.48095703125
relu,0.5,36,9,0.6192626953125,0.3807373046875,0.3807373046875,1.248508515144021e-09,3.825650378188488e-09,2.4532800055145426e-05,1.1950824360244385e-08,1.2552682638790127e-08,-0.00028405558665100123,2.276601121910604e-05,0.0002926671493618921,0.0,5.376133200378403e-05,5.074158893332508e-09,7.964439712153603e-09,0.0,2.276601121910604e-05,0.0002926671493618921,0.3807373046875,-3.434198519111024e-07,7.99449659092882e-10,7.995675962875686e-10,-9.304928129389303e-05,0.0,8.899853015742273e-05,0.3807373046875,-9.985181774977757e-06,1.455162332129661e-07,1.4561593706804542e-07,-0.0011004461782505644,0.0,0.0010591217656590504,0.3807373046875
relu,0.5,36,10,0.46728515625,0.53271484375,0.53271484375,1.5750410670477763e-10,6.160093850774354e-10,-1.481509321117882e-06,2.2764836743807125e-09,2.278678544249272e-09,-0.00012167151324227578,-3.467432806789148e-06,0.00011832916963937632,0.0,1.7570175391649815e-05,7.735134917822127e-10,1.0822245550755494e-09,0.0,0.0,0.00011832916963937632,0.53271484375,-6.737385187226261e-07,4.670137389268111e-09,4.670591312859722e-09,-0.00023318709452681307,0.0,0.00023277530366424512,0.53271484375,-1.3002658046027086e-05,9.352818801829632e-07,9.354509492992252e-07,-0.002964242801434416,0.0,0.0028860976229430524,0.53271484375
relu,0.5,36,11,0.5435791015625,0.4564208984375,0.4564208984375,2.3053510803814503e-11,9.884109518645885e-11,8.237639904501773e-07,3.331062865497992e-10,3.3378487366176163e-10,-4.3072864982156034e-05,1.5641237359647252e-06,4.865315783681584e-05,0.0,7.399925604540832e-06,1.2189460599027335e-10,1.7665350494301238e-10,0.0,1.5641237359647252e-06,4.865315783681584e-05,0.4564208984375,-1.200301066938413e-06,6.858883468088047e-08,6.859027540353176e-08,-0.0009032150586391133,0.0,0.0008731409035666585,0.4564208984375,-2.0047567987309905e-05,8.047237608640384e-06,8.04763951362259e-06,-0.008044409225753266,0.0,0.00810395959364306,0.4564208984375
relu,0.5,36,12,0.48291015625,0.51708984375,0.51708984375,3.4417447974481205e-12,1.6895079246076866e-11,2.696531350108286e-07,5.4232752202393423e-11,5.430546501561459e-11,-1.9813423221910827e-05,-2.6268437362445964e-07,1.8601572745476284e-05,0.0,2.924696916278682e-06,2.0336824043524996e-11,2.8890676095615024e-11,0.0,0.0,1.8601572745476284e-05,0.51708984375,-3.188314624666189e-06,4.3526673099087365e-07,4.352768963410195e-07,-0.002311204171846049,0.0,0.0022329447160868293,0.51708984375,-6.477121353943359e-05,6.0527747080309804e-05,6.053194239041317e-05,-0.02319235560191614,0.0,0.022002721762942153,0.51708984375
relu,0.5,37,1,0.4993896484375,0.5006103515625,0.5006103515625,0.08247660440796956,0.001673247268045618,-1.0842021724855044e-18,0.24226143699078873,0.24226143699078873,-1.208822606559242,-0.001080629404618696,1.201025369093162,0.0,0.19206804012455833,0.08414985167601517,0.12103998371330413,0.0,0.0,1.201025369093162,0.5006103515625,-7.833419531979152e-12,2.458035612453849e-17,2.4580417487000055e-17,-1.7017585780281554e-08,0.0,1.6252874647762417e-08,0.5006103515625,-4.675084925408895e-10,4.710419133284252e-15,4.710637697474851e-15,-2.235925140836209e-07,0.0,2.105079568705848e-07,0.5006103515625
relu,0.5,37,2,0.5291748046875,0.4708251953125,0.4708251953125,0.008818647716305989,0.002496671102089656,0.010328125028773645,0.029913849969736478,0.030020520136346464,-0.41888369649930646,0.011322305419010132,0.4505061969760271,0.0,0.07203164638428253,0.011315318818395646,0.01650387689922597,0.0,0.011322305419010132,0.4505061969760271,0.4708251953125,1.462995394105026e-11,1.8363854034693997e-16,1.836387543824923e-16,-4.216136079045125e-08,0.0,4.582750441653718e-08,0.4708251953125,-1.2946638763877406e-09,3.8502282308229115e-14,3.850395846278193e-14,-6.195554520305682e-07,0.0,5.757339481077743e-07,0.4708251953125
relu,0.5,37,3,0.4779052734375,0.5220947265625,0.5220947265625,0.000726083028580635,0.0002955014704577451,-0.005277667362015092,0.0035727849725070227,0.0036006387452911016,-0.1650196262625637,-0.002541300217409927,0.13533494248004913,0.0,0.020452018631964757,0.0010215844990383801,0.0014398695651606135,0.0,0.0,0.13533494248004913,0.5220947265625,-3.8213095106784116e-10,1.5406638505620687e-15,1.540809874625833e-15,-1.4178198923963246e-07,0.0,1.3004944202848867e-07,0.5220947265625,1.108083795163286e-09,3.179402773556737e-13,3.179415052053708e-13,-1.820566706632655e-06,0.0,1.8144412584967608e-06,0.5220947265625
relu,0.5,37,4,0.5203857421875,0.4796142578125,0.4796142578125,7.149417232036438e-05,4.543402991667364e-05,0.0005299423215364148,0.0003280373362707622,0.0003283181751349176,-0.045461277042407884,0.0007263158840945822,0.04587528945041722,0.0,0.007215517034044015,0.00011692820223703805,0.00016899188830561739,0.0,0.0007263158840945822,0.04587528945041722,0.4796142578125,-9.28499891752959e-10,1.2615606788356343e-14,1.261646890040533e-14,-3.8397662727558357e-07,0.0,3.8636555851101383e-07,0.4796142578125,-1.2778989549313884e-08,2.7329935634902726e-12,2.7331568660641737e-12,-5.1428809207345e-06,0.0,5.023417047200641e-06,0.4796142578125
relu,0.5,37,5,0.4915771484375,0.5084228515625,0.5084228515625,8.409880477625097e-06,7.306578159956227e-06,-9.495662226845881e-05,4.40155677173477e-05,4.402458447746034e-05,-0.017409780971805698,-0.00012376760018672746,0.017644412378478677,0.0,0.002411842733609561,1.571645863758132e-05,2.1533444009246564e-05,0.0,0.0,0.017644412378478677,0.5084228515625,-7.523208376571467e-10,1.0018793490493579e-13,1.0018850089157856e-13,-1.0185883798911297e-06,0.0,1.0728829246174648e-06,0.5084228515625,-3.186937259255189e-08,2.2076916165350903e-11,2.2077931822260346e-11,-1.4981555628366331e-05,0.0,1.3943519794127752e-05,0.5084228515625
relu,0.5,37,6,0.478759765625,0.521240234375,0.521240234375,7.054993752391408e-07,7.560923790567235e-07,-0.00014799410092258193,5.013569205815238e-06,5.03547145972312e-06,-0.006804461796255528,-9.921594399793712e-05,0.005101946806621447,0.0,0.0007480617453121959,1.4615917542958644e-06,2.021188129095393e-06,0.0,0.0,0.005101946806621447,0.521240234375,1.3642063745235483e-08,8.387540665242092e-13,8.389401724274382e-13,-3.0341410546268865e-06,0.0,3.497875316452752e-06,0.521240234375,-5.6789564485529874e-09,1.7313445507568761e-10,1.73134487326234e-10,-4.205971715470515e-05,0.0,4.0769770448799874e-05,0.521240234375
relu,0.5,37,7,0.4205322265625,0.5794677734375,0.5794677734375,6.435360904867696e-08,8.252895075422381e-08,-0.00011660346686494801,5.05706807816499e-07,5.193031763014239e-07,-0.0021570656988599774,-0.00010209670888842467,0.001744008361942699,0.0,0.00020434570171633324,1.4688255980290075e-07,1.8863972561284145e-07,0.0,0.0,0.001744008361942699,0.5794677734375,-1.5940110626175482e-09,7.822062490445017e-12,7.822065031316284e-12,-9.835591719899985e-06,0.0,9.607640200106477e-06,0.5794677734375,-2.9494454057570487e-07,1.3691209290615821e-09,1.3692079213435972e-09,-0.00012203737761828428,0.0,0.00011249478231386377,0.5794677734375
relu,0.5,37,8,0.4788818359375,0.5211181640625,0.5211181640625,6.204816637428227e-09,8.16356979393467e-09,-6.584820621357596e-06,4.071977816820974e-08,4.076313803082519e-08,-0.0005221890413987806,-9.264761451071741e-06,0.0005226185776957924,0.0,7.291214010251109e-05,1.43683864313629e-08,1.9684566605691107e-08,0.0,0.0,0.0005226185776957924,0.5211181640625,-1.874786819066298e-08,7.268129497991497e-11,7.268164646247666e-11,-2.8929228024153237e-05,0.0,2.939179572873524e-05,0.5211181640625,2.0805921787410363e-07,1.3424002578735806e-08,1.342404586737395e-08,-0.0003756258466263838,0.0,0.0003370981975307456,0.5211181640625
relu,0.5,37,9,0.483154296875,0.516845703125,0.516845703125,6.887173096128911e-10,8.89072059845949e-10,-2.2955167391450867e-06,4.587751140718501e-09,4.5930205378181964e-09,-0.00017616397586061358,-2.3521078687287508e-06,0.00017077375485876083,0.0,2.479505674044255e-05,1.5777893694588401e-09,2.1925842082206053e-09,0.0,0.0,0.00017077375485876083,0.516845703125,-2.6064726932574027e-07,4.915850150248e-10,4.916529520238069e-10,-7.691892570069628e-05,0.0,7.685104905388755e-05,0.516845703125,2.412748796800104e-06,1.0286205964693416e-07,1.0286788100369063e-07,-0.0009497055920130315,0.0,0.0009662869279302527,0.516845703125
relu,0.5,37,10,0.564697265625,0.435302734375,0.435302734375,7.908447280698841e-11,9.233520986186911e-11,1.7916057948974864e-06,4.731804427097013e-10,4.763902940340115e-10,-6.0040197076349226e-05,2.347435317649696e-06,5.804404657351485e-05,0.0,8.779786413428608e-06,1.714196826688575e-10,2.485043321342831e-10,0.0,2.347435317649696e-06,5.804404657351485e-05,0.435302734375,-3.0524437419574533e-07,3.4974981020007764e-09,3.4975912761287546e-09,-0.0002026232607822713,0.0,0.00019541370830899665,0.435302734375,1.7289747677707758e-06,8.667083554819404e-07,8.66711344835688e-07,-0.0026546740855307536,0.0,0.002709545581349177,0.435302734375
relu,0.5,37,11,0.5631103515625,0.4368896484375,0.4368896484375,1.059489322111909e-11,1.4382460748061722e-11,1.2893156544778845e-06,5.672419450974078e-11,5.838652936662252e-11,-1.7902594607684083e-05,1.0402142328615178e-06,2.1063100642056593e-05,0.0,3.5224496692470567e-06,2.497735396918081e-11,3.7385005641559504e-11,0.0,1.0402142328615178e-06,2.1063100642056593e-05,0.4368896484375,-1.6318668855905243e-06,2.2569971538556942e-08,2.2572634528089228e-08,-0.0005073814147629769,0.0,0.00047673959490158584,0.4368896484375,1.6131182473365457e-05,6.219970346841158e-06,6.220230561889147e-06,-0.007060561909715477,0.0,0.006977829957527835,0.4368896484375
relu,0.5,37,12,0.3909912109375,0.6090087890625,0.6090087890625,6.333414252872312e-13,7.320516138095997e-13,-5.696573856040394e-07,5.662464927455914e-12,5.986974464429144e-12,-7.60488040174157e-06,-4.7539483461106035e-07,5.248645192387228e-06,0.0,6.119916094857702e-07,1.3653930390968312e-12,1.7399267691778147e-12,0.0,0.0,5.248645192387228e-06,0.6090087890625,6.490373449623247e-07,1.7432307949575244e-07,1.7432350074522756e-07,-0.001584846049960533,0.0,0.001501390307823334,0.6090087890625,-1.0046358500630988e-05,4.61803836719915e-05,4.6180484601310626e-05,-0.02167171189344194,0.0,0.020681500728214723,0.6090087890625
relu,1.0,35,1,0.5028076171875,0.4971923828125,0.4971923828125,0.34162754581570687,0.004890161622942656,6.938893903907228e-18,1.0060062570125616,1.0060062570125616,-2.413094998902164,0.007292302287004539,2.335087585347159,0.0,0.39503338980646957,0.34651770743864957,0.5025690865006396,0.0,0.007292302287004539,2.335087585347159,0.4971923828125,1.0486205720414105e-07,3.7206335992995956e-11,3.721733204403704e-11,-2.0194202818333305e-05,0.0,2.0760225201987647e-05,0.4971923828125,-2.174420468581171e-07,1.5510347426027668e-08,1.551039470707141e-08,-0.000380713852630963,0.0,0.00037169076434396165,0.4971923828125
relu,1.0,35,2,0.5595703125,0.4404296875,0.4404296875,0.15925523135744385,0.08586897448337844,0.12576576166067943,0.5277686582471377,0.5435856850532286,-1.5177610767606253,0.0897410396547709,2.107529263931791,0.0,0.3434120984322503,0.2451242058408223,0.36305607519046385,0.0,0.0897410396547709,2.107529263931791,0.4404296875,-5.990742251817454e-08,7.252371818394663e-11,7.25273070832194e-11,-2.7305732441379303e-05,0.0,2.8367361950278432e-05,0.4404296875,1.1094046119109524e-06,2.9308513034662287e-08,2.930974381325522e-08,-0.0005077002920247277,0.0,0.0005104080651204399,0.4404296875
relu,1.0,35,3,0.4549560546875,0.5450439453125,0.5450439453125,0.05537248805073602,0.059214708950609624,-0.07717427852532603,0.3975507682042032,0.4035066374701078,-1.6360501907568883,-0.07066131726982722,1.3528969858474846,0.0,0.21235777158572658,0.11458719700134565,0.15968302015420124,0.0,0.0,1.3528969858474846,0.5450439453125,3.6444095513027434e-08,1.36795412596017e-10,1.3679674076811476e-10,-3.941821856331977e-05,0.0,3.805778566524449e-05,0.5450439453125,2.231284519485958e-06,5.169446324177033e-08,5.169944187237722e-08,-0.0007073269735220843,0.0,0.0007059674555781402,0.5450439453125
relu,1.0,35,4,0.4327392578125,0.5672607421875,0.5672607421875,0.018691003146941207,0.026491040718574756,-0.05763117234005072,0.15043553730500364,0.1537568893302923,-0.9575722216344199,-0.06111588269863602,0.8803409384339963,0.0,0.12505264835678156,0.045182043865515956,0.060820208726560826,0.0,0.0,0.8803409384339963,0.5672607421875,1.8880368961904544e-07,3.136976778290106e-10,3.1373332466222435e-10,-5.686226029341271e-05,0.0,6.032933582854943e-05,0.5672607421875,2.424192294384038e-06,1.1537877760056562e-07,1.1538465430884576e-07,-0.00108460574381757,0.0,0.0010962834377393088,0.5672607421875
relu,1.0,35,5,0.504150390625,0.495849609375,0.495849609375,0.00785516111020959,0.011463928094067023,-0.0029508796432451082,0.05843654430969354,0.058445252000362456,-0.6197054420211375,0.0023023150971236838,0.5801111819327156,0.0,0.09070090719537825,0.019319089204276614,0.027545743770341233,0.0,0.0023023150971236838,0.5801111819327156,0.495849609375,5.088979912869901e-07,6.754724781782689e-10,6.757314553438049e-10,-8.678603951582253e-05,0.0,9.08713669358132e-05,0.495849609375,7.1784650310008825e-06,2.892396284027424e-07,2.892911587629437e-07,-0.0015814867179468682,0.0,0.0015918062960591744,0.495849609375
relu,1.0,35,6,0.5743408203125,0.4256591796875,0.4256591796875,0.00421303029682603,0.007949770774593981,0.028864448961050067,0.03026775736462197,0.031100913778447037,-0.39395981116993145,0.029750758666306266,0.4295596891585501,0.0,0.08381391322255743,0.012162801071420011,0.0191875731210984,0.0,0.029750758666306266,0.4295596891585501,0.4256591796875,7.582228965173936e-08,1.4677720886904194e-09,1.4677778377100274e-09,-0.0001278448447956713,0.0,0.00012456974880263198,0.4256591796875,1.0660783395562257e-05,6.556517211271834e-07,6.557653734297904e-07,-0.00237462767886199,0.0,0.0023643377215029843,0.4256591796875
relu,1.0,35,7,0.432861328125,0.567138671875,0.567138671875,0.0016067046838601994,0.004193815541108727,-0.024264110099952368,0.020289686444096865,0.02087843348303948,-0.3793170585375743,-0.021263290687914306,0.3325467025953228,0.0,0.04325073725742663,0.005800520224968928,0.00767114649827988,0.0,0.0,0.3325467025953228,0.567138671875,3.6440774680118914e-07,2.4390358318536693e-09,2.439168624859598e-09,-0.00017033137425186476,0.0,0.00016518139311600858,0.567138671875,-1.447846262861437e-06,1.125915425229703e-06,1.1259175214885038e-06,-0.003309042581364546,0.0,0.0033199486482298046,0.567138671875
relu,1.0,35,8,0.4747314453125,0.5252685546875,0.5252685546875,0.0006958078701358584,0.0015781982575453156,-0.007845750972021056,0.007897236783165194,0.007958792591480164,-0.24593205211949676,-0.005349100321605823,0.20005786822487853,0.0,0.03077228610341129,0.002274006127681174,0.0032209397197113733,0.0,0.0,0.20005786822487853,0.5252685546875,8.169272996208235e-08,5.232529521472428e-09,5.2325361951745565e-09,-0.0002536310520955986,0.0,0.00023715062424246682,0.5252685546875,-5.342103394498694e-06,2.677751299235408e-06,2.6777798373040853e-06,-0.0051238111263509295,0.0,0.005132295155236427,0.5252685546875
relu,1.0,35,9,0.5079345703125,0.4920654296875,0.4920654296875,0.00036771409987955406,0.0010259941624858695,0.005197146366097815,0.0032895975587730096,0.003316607889123654,-0.12699245957762031,0.0010418312334905169,0.1530045729936992,0.0,0.024924372933071055,0.0013937082623654239,0.0020149326284722288,0.0,0.0010418312334905169,0.1530045729936992,0.4920654296875,-3.9491539998390233e-07,1.4692441499700071e-08,1.4692597457873215e-08,-0.0004250507091463855,0.0,0.0003808622424308981,0.4920654296875,1.1760933074928812e-05,7.035234943822954e-06,7.035373263369747e-06,-0.007841285202107254,0.0,0.008147320834898074,0.4920654296875
relu,1.0,35,10,0.4349365234375,0.5650634765625,0.5650634765625,0.00012263169927686422,0.0004416128631242149,-0.006993699139218899,0.0018388334295508179,0.0018877452572007294,-0.11788385196002751,-0.006245637136708811,0.11374448483690372,0.0,0.012831714614762967,0.0005642445624010793,0.0007288974623558008,0.0,0.0,0.11374448483690372,0.5650634765625,2.013493980113007e-06,2.9204235701073563e-08,2.9208289859081516e-08,-0.0005856229771553883,0.0,0.0005829643299967971,0.5650634765625,-2.5891216427437404e-05,1.3948074777055688e-05,1.3948745132143781e-05,-0.011585434455066441,0.0,0.011431121538549839,0.5650634765625
relu,1.0,35,11,0.448486328125,0.551513671875,0.551513671875,4.936578096632172e-05,0.00018577845011493997,-0.002316437884781316,0.0007131490298933924,0.0007185149143674424,-0.06822689672899529,-0.0036282447990421034,0.06499771288835435,0.0,0.00931073916472996,0.00023514423108126178,0.0003218340948748981,0.0,0.0,0.06499771288835435,0.551513671875,1.961559439773375e-06,8.5570961515079e-08,8.557480923051477e-08,-0.0009464099828198761,0.0,0.0010233261532746883,0.551513671875,4.2894366481670626e-05,3.107005721516395e-05,3.107189714183982e-05,-0.01690420513525088,0.0,0.017297815582774594,0.551513671875
relu,1.0,35,12,0.53759765625,0.46240234375,0.46240234375,2.7013689759817365e-05,0.00010272493089565269,0.00212400299544067,0.00030910932936122743,0.00031362071808586835,-0.04209406578120243,0.0013217887541414042,0.048089039126915006,0.0,0.007761743714631204,0.00012973862065547006,0.00018998328614708705,0.0,0.0013217887541414042,0.048089039126915006,0.46240234375,2.084122168343183e-06,3.2848439756154637e-07,3.28488741126759e-07,-0.0019623606255833852,0.0,0.002022004833232775,0.46240234375,0.00010466648663629348,6.74010762345815e-05,6.741203130800627e-05,-0.02252986210734747,0.0,0.02349740207030747,0.46240234375
relu,1.0,36,1,0.495361328125,0.504638671875,0.504638671875,0.3409452056555877,0.005099332869795686,-4.336808689942018e-19,0.9889113507430094,0.9889113507430094,-2.418719357287919,-0.012508030744798507,2.387026326804002,0.0,0.3905356151381805,0.3460445385253834,0.4985626052167405,0.0,0.0,2.387026326804002,0.504638671875,-8.015144437495413e-08,1.0615950163003209e-10,1.0616592588406749e-10,-3.555014771961524e-05,0.0,3.314449404109944e-05,0.504638671875,-2.077499454211096e-06,3.207245322043644e-08,3.207676922441869e-08,-0.0005611859787334069,0.0,0.0005913579478842519,0.504638671875
relu,1.0,36,2,0.4530029296875,0.5469970703125,0.5469970703125,0.10966178864447843,0.031132334034771635,-0.08371888604032024,0.4836441947868957,0.49065304666672777,-1.8428140087182314,-0.07106661425024266,1.5559553959354604,0.0,0.23162773859433206,0.14079412267925007,0.1944455319655743,0.0,0.0,1.5559553959354604,0.5469970703125,-4.518994637616456e-08,2.2164639065382674e-10,2.2164843278508023e-10,-5.338276564483282e-05,0.0,5.009731242161032e-05,0.5469970703125,-1.542385709043015e-06,6.305309566921916e-08,6.305547462289463e-08,-0.0008032525547829797,0.0,0.0008197004484090922,0.5469970703125
relu,1.0,36,3,0.5067138671875,0.4932861328125,0.4932861328125,0.04267996733313385,0.03455916442120385,0.0060749493609764706,0.22112974053428924,0.22116664554402765,-1.1913069810213317,0.006300442453371347,1.1114696359083107,0.0,0.1840284788878373,0.07723913175433772,0.11110561279610888,0.0,0.006300442453371347,1.1114696359083107,0.4932861328125,6.69476107627931e-08,4.64818503850284e-10,4.6482298583287085e-10,-7.148276425686609e-05,0.0,7.830916938324388e-05,0.4932861328125,-1.1251875703320158e-05,1.2523986207412317e-07,1.2536646678096613e-07,-0.0011634702295905681,0.0,0.001095144999390504,0.4932861328125
relu,1.0,36,4,0.4298095703125,0.5701904296875,0.5701904296875,0.013294577165801146,0.017838006899632407,-0.041064526775494145,0.09738776059155298,0.09907405595084826,-0.7784866930739686,-0.052903242039531714,0.7454654419650651,0.0,0.1026110941024693,0.031132584065433552,0.041661620698339355,0.0,0.0,0.7454654419650651,0.5701904296875,-4.7292380910172695e-08,9.398946531123822e-10,9.398968896816745e-10,-0.00011226735269914005,0.0,0.00010453429509336475,0.5701904296875,-1.1319896721864282e-05,2.505291497430351e-07,2.5065728980482875e-07,-0.0016282468815575397,0.0,0.0016324647254078156,0.5701904296875
relu,1.0,36,5,0.4814453125,0.5185546875,0.5185546875,0.005001175610253018,0.006959994210796109,-0.01786088211089572,0.03957868195551559,0.039897693065294906,-0.5156458403151709,-0.010551106851171804,0.46600193770027026,0.0,0.06853905210630101,0.011961169821049132,0.016658771484679376,0.0,0.0,0.46600193770027026,0.5185546875,-1.8649165789887001e-07,2.273495324653754e-09,2.27353010379222e-09,-0.00016574866068249934,0.0,0.0001575970322226909,0.5185546875,-1.623696657209349e-05,5.904630900069785e-07,5.907267290904419e-07,-0.002416976434473298,0.0,0.0023560894065222356,0.5185546875
relu,1.0,36,6,0.4744873046875,0.5255126953125,0.5255126953125,0.002123933169849311,0.003443801036958915,-0.009277273185415616,0.017653459178704548,0.01773952697646138,-0.34253253441896214,-0.007863844816223825,0.3051860367900568,0.0,0.04704687603305918,0.005567734206808227,0.007781142751278265,0.0,0.0,0.3051860367900568,0.5255126953125,-5.099839966154228e-07,4.784590217016572e-09,4.784850300693376e-09,-0.0002458372924754088,0.0,0.0002314753791713976,0.5255126953125,-1.699881864690373e-05,1.1499022326307387e-06,1.1501911924661293e-06,-0.0032789644741094137,0.0,0.003427133080926915,0.5255126953125
relu,1.0,36,7,0.46826171875,0.53173828125,0.53173828125,0.0010252530379355,0.0023723991420945265,-0.004907450387381521,0.009924982275838646,0.009949065345143258,-0.25348379884206457,-0.006818188794940127,0.2474665639872355,0.0,0.03528139539197293,0.0033976521800300266,0.004642429040834756,0.0,0.0,0.2474665639872355,0.53173828125,-2.693415028110392e-07,9.862510396845944e-09,9.862582941691079e-09,-0.0003406696524780494,0.0,0.0003436783588861373,0.53173828125,-5.5326379470694944e-05,2.240686376646987e-06,2.243747384912323e-06,-0.004707878707602666,0.0,0.00443213686619596,0.53173828125
relu,1.0,36,8,0.51904296875,0.48095703125,0.48095703125,0.0005037407099956328,0.0013541172169513494,-0.0020169674846738555,0.0058884575467707785,0.00589252570460501,-0.20235383670558907,0.0029379719083015322,0.1872822959932183,0.0,0.027874867992024998,0.0018578579269469824,0.0026348661925198018,0.0,0.0029379719083015322,0.1872822959932183,0.48095703125,1.0081800829124301e-07,2.012797432608175e-08,2.0127984490352543e-08,-0.0004768231164167441,0.0,0.0004951813484436287,0.48095703125,-5.9201179774554196e-05,4.378390070542503e-06,4.381894850229201e-06,-0.006519221865356686,0.0,0.0060856060562414745,0.48095703125
relu,1.0,36,9,0.6192626953125,0.3807373046875,0.3807373046875,0.00032728901619391424,0.001002871292739843,0.012560793628234458,0.003132836901091904,0.003290610437662999,-0.14543646036531263,0.011656197744182292,0.14984558047328875,0.0,0.027525801985937424,0.001330160308933757,0.002087830083902794,0.0,0.011656197744182292,0.14984558047328875,0.3807373046875,-2.7170446078616592e-06,5.116169222755461e-08,5.1169074558955715e-08,-0.0007401907840501008,0.0,0.0007119137404558862,0.3807373046875,-7.988145419982206e-05,9.31303892562983e-06,9.319419972354907e-06,-0.008803569426004515,0.0,0.008472974125272403,0.3807373046875
relu,1.0,36,10,0.46728515625,0.53271484375,0.53271484375,0.0001651550261920689,0.0006459326569669569,-0.0015170655448247111,0.00238706614534743,0.0023893676332147245,-0.1245916295600904,-0.0035506511941520874,0.12116906971072135,0.0,0.01799185960104941,0.0008110876831590255,0.0011347946950628993,0.0,0.0,0.12116906971072135,0.53271484375,-2.311128599257213e-06,7.480249379446619e-08,7.480783510986849e-08,-0.0009430488928905959,0.0,0.0009250418261660304,0.53271484375,-5.2010632184108344e-05,1.4964510082927412e-05,1.4967215188787603e-05,-0.011856971205737664,0.0,0.01154439049177221,0.53271484375
relu,1.0,36,11,0.5435791015625,0.4564208984375,0.4564208984375,9.669343257848238e-05,0.0004145696009049451,0.0016870686524419632,0.001397149030100969,0.0013999952307390214,-0.08821322748345556,0.0032033254112557572,0.09964166724979884,0.0,0.015155047638099623,0.0005112630334834275,0.0007409385023964966,0.0,0.0032033254112557572,0.09964166724979884,0.4564208984375,-7.526499592786032e-07,2.7494476560385617e-07,2.749453320858174e-07,-0.0017898070987442886,0.0,0.0017488720802424766,0.4564208984375,-4.009513597461981e-05,3.2188950434561535e-05,3.219055805449036e-05,-0.01608881845150653,0.0,0.01620791918728612,0.4564208984375
relu,1.0,36,12,0.48291015625,0.51708984375,0.51708984375,5.774289588366337e-05,0.00028345239384854873,0.001104499241004354,0.0009098745979740302,0.0009110945165474093,-0.08115578151694675,-0.0010759551943657867,0.07619204196547086,0.0,0.01197955856907748,0.00034119528973221226,0.0004847051132421699,0.0,0.0,0.07619204196547086,0.51708984375,-3.985888060401209e-06,4.362898524568897e-07,4.3630573976051983e-07,-0.002292620098805922,0.0,0.0022530141569568093,0.51708984375,-6.477121353943359e-05,6.0527747080309804e-05,6.053194239041317e-05,-0.02319235560191614,0.0,0.022002721762942153,0.51708984375
relu,1.0,37,1,0.4993896484375,0.5006103515625,0.5006103515625,0.3299064176318782,0.006692989072182472,-2.168404344971009e-18,0.9690457479631549,0.9690457479631549,-2.417645213118484,-0.002161258809237392,2.402050738186324,0.0,0.38413608024911666,0.3365994067040607,0.4841599348532165,0.0,0.0,2.402050738186324,0.5006103515625,-1.540855915365236e-08,1.0287244902006263e-10,1.0287268644375782e-10,-3.481019488491807e-05,0.0,3.321086509196207e-05,0.5006103515625,-9.574573927237418e-07,1.975692981241067e-08,1.9757846537069556e-08,-0.00045791746884325563,0.0,0.00043112029567095767,0.5006103515625
relu,1.0,37,2,0.5291748046875,0.4708251953125,0.4708251953125,0.14109836346089583,0.039946737633434495,0.04131250011509458,0.47862159951578365,0.4803283221815434,-1.6755347859972258,0.04528922167604053,1.8020247879041085,0.0,0.2881265855371301,0.18104510109433034,0.2640620303876155,0.0,0.04528922167604053,1.8020247879041085,0.4708251953125,1.5879140716880225e-08,1.9231395661917464e-10,1.9231420876628454e-10,-4.2948436282795775e-05,0.0,4.687438875338407e-05,0.4708251953125,-1.3257358094210464e-06,4.037256917363365e-08,4.0374326749070026e-08,-0.0006344247828793018,0.0,0.0005895515628623609,0.4708251953125
relu,1.0,37,3,0.4779052734375,0.5220947265625,0.5220947265625,0.04646931382916064,0.018912094109295688,-0.04222133889612074,0.22865823824044945,0.2304408796986305,-1.3201570101005096,-0.020330401739279417,1.082679539840393,0.0,0.16361614905571806,0.06538140793845633,0.09215165217027926,0.0,0.0,1.082679539840393,0.5220947265625,-1.9264291704043317e-07,4.034506907656021e-10,4.0348780205908797e-10,-7.252416925088232e-05,0.0,6.657680155661532e-05,0.5220947265625,5.673389031236025e-07,8.334613606712572e-08,8.334645794055673e-08,-0.0009321301537959193,0.0,0.0009289939243503415,0.5220947265625
relu,1.0,37,4,0.5203857421875,0.4796142578125,0.4796142578125,0.01830250811401328,0.011631111658668453,0.008479077144582637,0.08397755808531512,0.0840494528345389,-0.7273804326785261,0.011621054145513315,0.7340046312066755,0.0,0.11544827254470424,0.02993361977268174,0.04326192340623805,0.0,0.011621054145513315,0.7340046312066755,0.4796142578125,-2.3649970721384176e-07,8.262696648262831e-10,8.263255969377953e-10,-9.867672365403827e-05,0.0,9.893425724416129e-05,0.4796142578125,-3.2714213246243543e-06,1.791094661768985e-07,1.7912016837438169e-07,-0.001316577515708032,0.0,0.001285994764083364,0.4796142578125
relu,1.0,37,5,0.4915771484375,0.5084228515625,0.5084228515625,0.008611717609088099,0.0074819360357951765,-0.003038611912590682,0.045071941342564044,0.045081174504919386,-0.5571129910977823,-0.003960563205975279,0.5646211961113177,0.0,0.07717896747550596,0.01609365364488327,0.02205024666546848,0.0,0.0,0.5646211961113177,0.5084228515625,-9.125242956222731e-08,1.6404549342777613e-09,1.6404632612836625e-09,-0.00013032203984439505,0.0,0.00013720396085039132,0.5084228515625,-4.079279691846642e-06,3.617081944531092e-07,3.617248349759135e-07,-0.0019176391204308904,0.0,0.0017847705336483523,0.5084228515625
relu,1.0,37,6,0.478759765625,0.521240234375,0.521240234375,0.002889725440979521,0.0030969543846163395,-0.009471622459045244,0.020535579467019213,0.0206252910990259,-0.4354855549603538,-0.006349820415867975,0.3265245956237726,0.0,0.04787595169998054,0.005986679825595861,0.00827878657677473,0.0,0.0,0.3265245956237726,0.521240234375,8.825821725640125e-07,3.4322348392552325e-09,3.43301379054656e-09,-0.00019383972456477803,0.0,0.0002241500833172412,0.521240234375,-3.634532127073912e-07,7.091587279900165e-07,7.091588600882545e-07,-0.00269182189790113,0.0,0.002609265308723192,0.521240234375
relu,1.0,37,7,0.4205322265625,0.5794677734375,0.5794677734375,0.0010543695306535234,0.001352154329157203,-0.014925243758713345,0.00828550033926552,0.00850826324052253,-0.2761044094540771,-0.013068378737718357,0.22323307032866546,0.0,0.026156249819690655,0.002406523859810726,0.0030906732644407943,0.0,0.0,0.22323307032866546,0.5794677734375,-4.7836480049604565e-08,8.003876381943898e-09,8.003878670272723e-09,-0.00031525803322482346,0.0,0.00030682247352013244,0.5794677734375,-9.438225298422556e-06,1.40197983135906e-06,1.4020689114558436e-06,-0.003905196083785097,0.0,0.0035998330340436405,0.5794677734375
relu,1.0,37,8,0.4788818359375,0.5211181640625,0.5211181640625,0.0004066388631504963,0.0005350077100153025,-0.0016857140790675447,0.0026686113820317933,0.0026714530139881594,-0.13368039459808784,-0.0023717789314743657,0.13379035589012286,0.0,0.01866550786624284,0.000941646573165799,0.0012900477570705724,0.0,0.0,0.13379035589012286,0.5211181640625,-2.7537997173947424e-07,1.8593068983198313e-08,1.859314481732715e-08,-0.000463764690465105,0.0,0.0004702702953398664,0.5211181640625,3.328947485985658e-06,3.4365446601563664e-06,3.436555742047731e-06,-0.0060100135460221405,0.0,0.005393571160491929,0.5211181640625
relu,1.0,37,9,0.483154296875,0.516845703125,0.516845703125,0.00018054311041116174,0.00023306490605625645,-0.0011753045704422844,0.0012026514350325108,0.0012040327758658133,-0.09019595564063415,-0.0012042792287891204,0.08743616248768554,0.0,0.012695069051106586,0.0004136080164674182,0.0005747727946797824,0.0,0.0,0.08743616248768554,0.516845703125,-2.0623607990162704e-06,3.144193757060186e-08,3.144619090266718e-08,-0.0006148918997241335,0.0,0.0006089174590200373,0.516845703125,1.9301990374400833e-05,6.583171817403786e-06,6.5835443842362e-06,-0.007597644736104252,0.0,0.007730295423442022,0.516845703125
relu,1.0,37,10,0.564697265625,0.435302734375,0.435302734375,8.292608015806068e-05,9.682048501611927e-05,0.0018346043339750261,0.0004961656558947678,0.0004995314289570076,-0.06148116180618161,0.002403773765273289,0.059437103691279206,0.0,0.008990501287350895,0.00017974656517417991,0.00026057567857203806,0.0,0.002403773765273289,0.059437103691279206,0.435302734375,-1.2020918072828187e-06,5.5938414180939314e-08,5.593985920565246e-08,-0.0008099186547801497,0.0,0.00078104352882071,0.435302734375,6.915899071083103e-06,1.3867333687711046e-05,1.3867381517371007e-05,-0.010618696342123014,0.0,0.010838182325396708,0.435302734375
relu,1.0,37,11,0.5631103515625,0.4368896484375,0.4368896484375,4.4438203016912686e-05,6.032441264543827e-05,0.0026405184603707074,0.0002379185159289838,0.0002448908536685423,-0.036664513756537,0.0021303587489003885,0.0431372301149319,0.0,0.007213976922617972,0.00010476261566235095,0.0001568040787024156,0.0,0.0021303587489003885,0.0431372301149319,0.4368896484375,-3.225888290796346e-06,9.025657309902405e-08,9.026697945428876e-08,-0.0010143855522345077,0.0,0.0009562253975732069,0.4368896484375,3.226236494673091e-05,2.4879881387364633e-05,2.4880922247556588e-05,-0.014121123819430955,0.0,0.01395565991505567,0.4368896484375
relu,1.0,37,12,0.3909912109375,0.6090087890625,0.6090087890625,1.062570589379174e-05,1.2281788048032237e-05,-0.0023333166514341456,9.50003971803522e-05,0.00010044476377621206,-0.03114959012553347,-0.0019472172425669032,0.021498450708018087,0.0,0.0025067176324537147,2.2907493941823982e-05,2.919112723067834e-05,0.0,0.0,0.021498450708018087,0.6090087890625,6.960899401926521e-07,1.7423534892977405e-07,1.7423583347097888e-07,-0.0015869354149385523,0.0,0.0015007839446028264,0.6090087890625,-1.0046358500630988e-05,4.61803836719915e-05,4.6180484601310626e-05,-0.02167171189344194,0.0,0.020681500728214723,0.6090087890625
relu,1.4142135623730951,35,1,0.5028076171875,0.4971923828125,0.4971923828125,0.6832550916314137,0.00978032324588532,9.974659986866641e-18,2.0120125140251233,2.0120125140251233,-3.4126316747421295,0.010312872795206155,3.302312532526995,0.0,0.5586615774545268,0.6930354148772992,1.0051381730012794,0.0,0.010312872795206155,3.302312532526995,0.4971923828125,3.102763313533177e-05,1.2021773472964486e-07,1.211804487476256e-07,-0.000910021976173586,0.0,0.0013225979739366026,0.4971923828125,-9.84030373430126e-06,3.1765191528504704e-05,3.176528836008229e-05,-0.01722914220076865,0.0,0.016820803838209702,0.4971923828125
relu,1.4142135623730951,35,2,0.5595703125,0.4404296875,0.4404296875,0.6370209254297756,0.34347589793351385,0.2515315233213589,2.1110746329885517,2.1743427402129143,-3.0355221535212507,0.17948207930954163,4.215058527863583,0.0,0.6868241968645006,0.9804968233632895,1.4522243007618558,0.0,0.17948207930954163,4.215058527863583,0.4404296875,1.4946036474297936e-05,1.1633386198958924e-07,1.1655724599588029e-07,-0.0009886665053910385,0.0,0.0011332489339899155,0.4404296875,3.5500947581150585e-05,3.0011917347494226e-05,3.001317766477338e-05,-0.016246409344791296,0.0,0.01633305808385407,0.4404296875
relu,1.4142135623730951,35,3,0.4549560546875,0.5450439453125,0.5450439453125,0.44297990440588836,0.47371767160487704,-0.21828182271374957,3.1804061456336266,3.2280530997608636,-4.627448736982963,-0.19986038643627535,3.82657053175839,0.0,0.600638481303725,0.9166975760107654,1.2774641612336108,0.0,0.0,3.82657053175839,0.5450439453125,2.0639737090133372e-05,1.0382389528539635e-07,1.0424989403254617e-07,-0.0009294298021153175,0.0,0.001110359794149549,0.5450439453125,5.048820526352294e-05,2.6467565179786438e-05,2.647011423865717e-05,-0.016004982383795958,0.0,0.0159742200043621,0.5450439453125
relu,1.4142135623730951,35,4,0.4327392578125,0.5672607421875,0.5672607421875,0.29905605035105953,0.42385665149719626,-0.23052468936020296,2.40696859688006,2.460110229284678,-3.8302888865376814,-0.2444635307945436,3.5213637537359856,0.0,0.5002105934271264,0.7229127018482557,0.9731233396249738,0.0,0.0,3.5213637537359856,0.5672607421875,1.9304222398519692e-05,1.1985104992155549e-07,1.20223702923967e-07,-0.000959914037769827,0.0,0.0011988065934228718,0.5672607421875,3.878707671014465e-05,2.953696706574483e-05,2.953847150306455e-05,-0.017353691901081124,0.0,0.017540535003828957,0.5672607421875
relu,1.4142135623730951,35,5,0.504150390625,0.495849609375,0.495849609375,0.25136515552670713,0.3668456990101451,-0.01669269604963167,1.8699694179101947,1.8702480640116002,-3.5055833631308273,0.013023860940834665,3.2816044046941295,0.0,0.5130818123009897,0.6182108545368521,0.88146380065092,0.0,0.013023860940834665,3.2816044046941295,0.495849609375,2.299553856262147e-05,1.2680341275463175e-07,1.2733220754841675e-07,-0.0009774058788275387,0.0,0.0012838274176595974,0.495849609375,8.12150608308996e-05,3.702267243555106e-05,3.702926832165683e-05,-0.017892479721866993,0.0,0.018009232420462137,0.495849609375
relu,1.4142135623730951,35,6,0.5743408203125,0.4256591796875,0.4256591796875,0.26963393899686616,0.5087853295740152,0.23091559168840065,1.9371364713358077,1.990458481820612,-3.1516784893594525,0.23800606933045032,3.436477513268402,0.0,0.6705113057804597,0.7784192685708813,1.2280046797502986,0.0,0.23800606933045032,3.436477513268402,0.4256591796875,1.3921197028995723e-05,1.371960103174522e-07,1.3738981004417233e-07,-0.0011341449299257247,0.0,0.001238452968597215,0.4256591796875,8.528626716449811e-05,4.196171015213977e-05,4.196898389950663e-05,-0.018997021430895922,0.0,0.018914701772023878,0.4256591796875
relu,1.4142135623730951,35,7,0.432861328125,0.567138671875,0.567138671875,0.20565819953410575,0.5368083892619178,-0.2745170686581332,2.597079864844402,2.672439485829056,-4.291482628986457,-0.24056667257223957,3.762336455462066,0.0,0.4893262336967048,0.7424665887960235,0.9819067517798257,0.0,0.0,3.762336455462066,0.567138671875,2.2291771501109238e-05,1.1090220561972152e-07,1.1139912869637916e-07,-0.0010051885944799455,0.0,0.0011949572976565734,0.567138671875,-8.190255284679417e-06,3.602929360735051e-05,3.602936068763214e-05,-0.018718771588143283,0.0,0.018780465618835247,0.567138671875
relu,1.4142135623730951,35,8,0.4747314453125,0.5252685546875,0.5252685546875,0.17812681475477996,0.40401875393160114,-0.12553201555233698,2.0216926164902924,2.0374509034189243,-3.9349128339119512,-0.08558560514569305,3.2009258915980596,0.0,0.49235657765458085,0.5821455686863812,0.8245605682461126,0.0,0.0,3.2009258915980596,0.5252685546875,2.8895972466821374e-05,1.1931898428503676e-07,1.2015396150984009e-07,-0.0010310094437124076,0.0,0.001192137166506812,0.5252685546875,-2.1368413577994804e-05,4.284402078776655e-05,4.284447739686539e-05,-0.02049524450540371,0.0,0.02052918062094571,0.5252685546875
relu,1.4142135623730951,35,9,0.5079345703125,0.4920654296875,0.4920654296875,0.18826961913833193,0.5253090111927659,0.11759799802517727,1.6842739500917832,1.6981032392313127,-2.8735113384606064,0.023573949761699055,3.4620982757246996,0.0,0.5639741797695039,0.7135786303310978,1.0316455057777825,0.0,0.023573949761699055,3.4620982757246996,0.4920654296875,1.2405907898251085e-05,1.7212604494999384e-07,1.7227995150077373e-07,-0.0013014982047655347,0.0,0.0014427410294005146,0.4920654296875,3.326494212145329e-05,5.628187955058365e-05,5.6282986106958e-05,-0.022178503758511072,0.0,0.023044103243435487,0.4920654296875
relu,1.4142135623730951,35,10,0.4349365234375,0.5650634765625,0.5650634765625,0.12557486005950916,0.4522115718391968,-0.22379837245500495,1.8829654318600402,1.9330511433735493,-3.772283262720884,-0.19986038837468312,3.639823514780922,0.0,0.4106148676724152,0.5777864318987059,0.7463910014523409,0.0,0.0,3.639823514780922,0.5650634765625,4.4158149909500076e-05,1.7350469797057856e-07,1.7545464017400846e-07,-0.0011450173106015732,0.0,0.0016042837751613762,0.5650634765625,-5.178243285487483e-05,5.579229910822277e-05,5.579498052857514e-05,-0.02317086891013289,0.0,0.02286224307709968,0.5650634765625
relu,1.4142135623730951,35,11,0.448486328125,0.551513671875,0.551513671875,0.10110111941902705,0.38047426583539756,-0.1048300119376827,1.4605292132216694,1.4715185446245242,-3.087596885528758,-0.16419561607728,2.9414607068781837,0.0,0.42135595527934283,0.4815753852544247,0.6591162263037923,0.0,0.0,2.9414607068781837,0.551513671875,3.921968793207501e-05,2.681905967541861e-07,2.697287806756754e-07,-0.0013027429486815066,0.0,0.0021776631691245232,0.551513671875,6.0661794827780525e-05,6.214011443032792e-05,6.214379428367964e-05,-0.02390615616340872,0.0,0.024462805396588495,0.551513671875
relu,1.4142135623730951,35,12,0.53759765625,0.46240234375,0.46240234375,0.11064807325621209,0.420761316948594,0.13593619170820298,1.2661118130635896,1.284590461279719,-2.6940202099969555,0.08459448026505069,3.077698504122564,0.0,0.4967515977363974,0.531409390204806,0.7781715400584697,0.0,0.08459448026505069,3.077698504122564,0.46240234375,5.125715466129941e-05,5.36538368900446e-07,5.391656648044183e-07,-0.002122113989238786,0.0,0.002747845065539648,0.46240234375,0.00010466648663629348,6.74010762345815e-05,6.741203130800627e-05,-0.02252986210734747,0.0,0.02349740207030747,0.46240234375
relu,1.4142135623730951,36,1,0.495361328125,0.504638671875,0.504638671875,0.6818904113111757,0.010198665739591372,8.673617379884035e-19,1.977822701486019,1.977822701486019,-3.4205857186509103,-0.017689026717873608,3.3757650051078514,0.0,0.5523007635181344,0.692089077050767,0.9971252104334811,0.0,0.0,3.3757650051078514,0.504638671875,5.6859682410521455e-05,6.177921669291742e-07,6.210251904129995e-07,-0.0023780044877135527,0.0,0.00283713149791997,0.504638671875,-9.401689292697714e-05,6.568438419545392e-05,6.569322337160956e-05,-0.025396378308428915,0.0,0.026761805763681003,0.504638671875
relu,1.4142135623730951,36,2,0.4530029296875,0.5469970703125,0.5469970703125,0.4386471545779138,0.1245293361390866,-0.16743777208064053,1.9345767791475832,1.962612186666912,-3.6856280174364637,-0.14213322850048515,3.1119107918709212,0.0,0.46325547718866417,0.5631764907170005,0.7777821278622974,0.0,0.0,3.1119107918709212,0.5469970703125,5.962607669532336e-05,6.120165434990498e-07,6.155718125211263e-07,-0.002341068498726653,0.0,0.002933878136683036,0.5469970703125,-4.93563426893765e-05,6.45663699652805e-05,6.456880601384418e-05,-0.02570408175305537,0.0,0.026230414349090965,0.5469970703125
relu,1.4142135623730951,36,3,0.5067138671875,0.4932861328125,0.4932861328125,0.34143973866507105,0.2764733153696308,0.0171825515540454,1.7690379242743144,1.769333164352222,-3.3695249790202304,0.017820342333017915,3.143710866534839,0.0,0.5205111414121407,0.617913054034702,0.8888449023688715,0.0,0.017820342333017915,3.143710866534839,0.4932861328125,7.264248493159217e-05,6.492396383697158e-07,6.545165689867524e-07,-0.0023598473665435923,0.0,0.0029471175210924088,0.4932861328125,-0.00025460088354834696,6.412280938195114e-05,6.418763099185474e-05,-0.02632632604966912,0.0,0.02478030257445002,0.4932861328125
relu,1.4142135623730951,36,4,0.4298095703125,0.5701904296875,0.5701904296875,0.21271323465281847,0.2854081103941186,-0.16425810710197658,1.5582041694648485,1.585184895213573,-3.1139467722958756,-0.21161296815812725,2.9818617678602606,0.0,0.4104443764098773,0.4981213450469371,0.6665859311734301,0.0,0.0,2.9818617678602606,0.5701904296875,7.948966188792145e-05,6.674666003241214e-07,6.737852066711775e-07,-0.002448058894571555,0.0,0.003075734389770963,0.5701904296875,-0.00018111834754982857,6.413546233421705e-05,6.416826619003623e-05,-0.026051950104920642,0.0,0.026119435606525045,0.5701904296875
relu,1.4142135623730951,36,5,0.4814453125,0.5185546875,0.5185546875,0.16003761952809673,0.22271981474547564,-0.10103640686870291,1.2665178225764997,1.2767261780894377,-2.9169333630199445,-0.05968607362789966,2.6361050415514584,0.0,0.38771542816370863,0.38275743427357245,0.5330806875097405,0.0,0.0,2.6361050415514584,0.5185546875,7.85708223087868e-05,7.663788245710223e-07,7.725521986893013e-07,-0.002549861006618381,0.0,0.0031131682605536376,0.5185546875,-0.00018370030670442568,7.557927552089333e-05,7.561302132357662e-05,-0.027344966828546466,0.0,0.026656108742938594,0.5185546875
relu,1.4142135623730951,36,6,0.4744873046875,0.5255126953125,0.5255126953125,0.13593172287035601,0.22040326636537078,-0.07421818548332497,1.1298213874370917,1.1353297264935291,-2.740260275351698,-0.06291075852979053,2.4414882943204543,0.0,0.3763750082644737,0.3563349892357269,0.49799313608180945,0.0,0.0,2.4414882943204543,0.5255126953125,6.930828776808922e-05,8.033499584969356e-07,8.081535972502798e-07,-0.0026087101078377337,0.0,0.0032547205156162324,0.5255126953125,-0.00013599054917522987,7.359374288836733e-05,7.361223631783233e-05,-0.026231715792875327,0.0,0.027417064647415324,0.5255126953125
relu,1.4142135623730951,36,7,0.46826171875,0.53173828125,0.53173828125,0.13123238885574412,0.3036670901880998,-0.055521463156064384,1.270397731307348,1.2734803641783383,-2.86784180931441,-0.07713900051699708,2.7997645681969434,0.0,0.3991634229022061,0.43489947904384385,0.5942309172268493,0.0,0.0,2.7997645681969434,0.53173828125,4.834805795276172e-05,8.26301189668532e-07,8.286387243763355e-07,-0.002825388242590292,0.0,0.0032863785364363554,0.53173828125,-0.00031297326481782877,7.170196405270363e-05,7.179991631719437e-05,-0.026631783673196865,0.0,0.025071952265872468,0.53173828125
relu,1.4142135623730951,36,8,0.51904296875,0.48095703125,0.48095703125,0.12895762175888217,0.34665400753954567,-0.03227147975478173,1.5074451319733209,1.508486580378884,-3.2376613872894255,0.047007550532823725,2.9965167358914937,0.0,0.44599788787240013,0.47561162929842804,0.6745257452850701,0.0,0.047007550532823725,2.9965167358914937,0.48095703125,5.674567364869882e-06,8.488006053628054e-07,8.488328060775839e-07,-0.002788032739965662,0.0,0.00332647901846513,0.48095703125,-0.00023680471909821686,7.005424112868007e-05,7.011031760366726e-05,-0.026076887461426747,0.0,0.024342424224965915,0.48095703125
relu,1.4142135623730951,36,9,0.6192626953125,0.3807373046875,0.3807373046875,0.16757197629128434,0.5134701018828003,0.28421831525149976,1.6040124933590567,1.6847925440834577,-3.2908514353945972,0.26374964696840475,3.390618434671906,0.0,0.6228377997393442,0.6810420781740847,1.068969002958232,0.0,0.26374964696840475,3.390618434671906,0.3807373046875,-2.2819273948263113e-06,1.0694562078490338e-06,1.069461415041669e-06,-0.0034330998587354922,0.0,0.003156020726663454,0.3807373046875,-0.0002259388718229472,7.450431140503867e-05,7.455535977883928e-05,-0.024900254559097418,0.0,0.02396518984319309,0.3807373046875
relu,1.4142135623730951,36,10,0.46728515625,0.53271484375,0.53271484375,0.1691187468206788,0.6614350407341647,-0.04854609743439081,2.444355732835772,2.4467124564118814,-3.9869321459228964,-0.11362083821286648,3.8774102307430844,0.0,0.5757395072335816,0.8305537875548433,1.1620297677444107,0.0,0.0,3.8774102307430844,0.53271484375,4.3751562745915325e-05,8.139744853999639e-07,8.158886846426737e-07,-0.0025952173703007887,0.0,0.0033782463495893793,0.53271484375,-0.00010402126436821674,5.985804033170966e-05,5.986886075515043e-05,-0.023713942411475335,0.0,0.023088780983544423,0.53271484375
relu,1.4142135623730951,36,11,0.5435791015625,0.4564208984375,0.4564208984375,0.1980281499207322,0.849038542653329,0.07634801180601367,2.8613612136467887,2.86719023255352,-3.9920749660097945,0.14496595972135196,4.509267110468243,0.0,0.685839165062747,1.0470666925740613,1.5174420529080273,0.0,0.14496595972135196,4.509267110468243,0.4564208984375,0.00014579649480633378,1.5261166014171397e-06,1.547373219314953e-06,-0.0033564371601474807,0.0,0.004714751668406161,0.4564208984375,-5.670308508050073e-05,6.437790086912308e-05,6.438111610898073e-05,-0.02275302525667904,0.0,0.02292145913250714,0.4564208984375
relu,1.4142135623730951,36,12,0.48291015625,0.51708984375,0.51708984375,0.23651490153948557,1.1610210052036583,0.07068795142427872,3.7268463533016334,3.7318431397781953,-5.193970017084594,-0.06886113243940958,4.876290685790139,0.0,0.7666917484209593,1.3975359067431437,1.9853521438399313,0.0,0.0,4.876290685790139,0.51708984375,-5.4245284872257226e-05,1.2284459356554377e-06,1.2313884865863098e-06,-0.003465921303733694,0.0,0.003824050702509492,0.51708984375,-6.477121353943359e-05,6.0527747080309804e-05,6.053194239041317e-05,-0.02319235560191614,0.0,0.022002721762942153,0.51708984375
relu,1.4142135623730951,37,1,0.4993896484375,0.5006103515625,0.5006103515625,0.6598128352637567,0.013385978144364943,-8.673617379884035e-18,1.9380914959263102,1.9380914959263102,-3.419066649398551,-0.003056481519821675,3.3970127314514036,0.0,0.5432504544851404,0.6731988134081216,0.968319869706433,0.0,0.0,3.3970127314514036,0.5006103515625,1.1115082351880557e-06,2.0320715632399985e-07,2.0320839177455675e-07,-0.0015273323830983759,0.0,0.001448942096376076,0.5006103515625,-4.3329575365897516e-05,4.046219225581711e-05,4.0464069707918505e-05,-0.02072297903634214,0.0,0.019510277412869356,0.5006103515625
relu,1.4142135623730951,37,2,0.5291748046875,0.4708251953125,0.4708251953125,0.5643934538435835,0.15978695053373804,0.08262500023018916,1.9144863980631353,1.9213132887261741,-3.3510695719944525,0.09057844335208128,3.604049575808218,0.0,0.5762531710742603,0.7241804043773215,1.0562481215504622,0.0,0.09057844335208128,3.604049575808218,0.4708251953125,2.3190794772554892e-06,1.9942680185339556e-07,1.994321799830174e-07,-0.001392456971432599,0.0,0.0015052028394585476,0.4708251953125,-4.242354590147349e-05,4.134151083380091e-05,4.134331059104776e-05,-0.020301593052137655,0.0,0.01886565001159556,0.4708251953125
relu,1.4142135623730951,37,3,0.4779052734375,0.5220947265625,0.5220947265625,0.37175451063328535,0.15129675287436561,-0.11941998017688926,1.8292659059235963,1.843527037589045,-3.7339678962921106,-0.057503059736365214,3.062280177892292,0.0,0.46277635403570877,0.5230512635076509,0.7372132173622346,0.0,0.0,3.062280177892292,0.5220947265625,-6.979322736253502e-08,2.1137019567869646e-07,2.1137020054979104e-07,-0.0015885190410417868,0.0,0.0015100841871497131,0.5220947265625,1.2837413940148362e-05,4.267322166636842e-05,4.267338646556509e-05,-0.021091697686321745,0.0,0.021020732914855355,0.5220947265625
relu,1.4142135623730951,37,4,0.5203857421875,0.4796142578125,0.4796142578125,0.2928401298242127,0.18609778653869538,0.03391630857833054,1.3436409293650429,1.3447912453526234,-2.9095217307141046,0.04648421658205362,2.9360185248267037,0.0,0.46179309017881714,0.47893791636290806,0.6921907744998093,0.0,0.04648421658205362,2.9360185248267037,0.4796142578125,-2.577865654657276e-06,2.2076370039500955e-07,2.20770345786343e-07,-0.0015687652648485489,0.0,0.0016149001865275556,0.4796142578125,-5.234274119398967e-05,4.5852023341286065e-05,4.5854763103841766e-05,-0.021065240251328526,0.0,0.020575916225333838,0.4796142578125
relu,1.4142135623730951,37,5,0.4915771484375,0.5084228515625,0.5084228515625,0.2755749634908194,0.23942195314544568,-0.01718898471029677,1.4423021229620505,1.4425975841574212,-3.1515069911389006,-0.022404328802104616,3.1939798125757806,0.0,0.43659017013525026,0.5149969166362651,0.7056078932949919,0.0,0.0,3.1939798125757806,0.5084228515625,2.5641089433704106e-06,2.1885166784197938e-07,2.1885824249665286e-07,-0.0015206026154292766,0.0,0.001593175778686099,0.5084228515625,-4.615178131938128e-05,4.629864888999802e-05,4.630077887691697e-05,-0.021695610014804637,0.0,0.020192373555274933,0.5084228515625
relu,1.4142135623730951,37,6,0.478759765625,0.521240234375,0.521240234375,0.18494242822268947,0.19820508061544584,-0.07577297967236196,1.3142770858892305,1.3200186303376586,-3.483884439682832,-0.0507985633269437,2.61219676499018,0.0,0.3830076135998444,0.3831475088381354,0.5298423409135831,0.0,0.0,2.61219676499018,0.521240234375,1.1844832197889075e-05,2.2366157123976794e-07,2.2380187128956408e-07,-0.0014991778889121407,0.0,0.001736486653982422,0.521240234375,-2.9076257016590855e-06,4.538615859136109e-05,4.538616704564831e-05,-0.021534575183209052,0.0,0.02087412246978555,0.521240234375
relu,1.4142135623730951,37,7,0.4205322265625,0.5794677734375,0.5794677734375,0.1349592999236511,0.17307575413212214,-0.1688598571623745,1.0605440434259874,1.0890576947868849,-3.1237648038477617,-0.14785182759287602,2.525593885031888,0.0,0.2959241858866029,0.30803505405577325,0.395606177848422,0.0,0.0,2.525593885031888,0.5794677734375,8.600702534235e-07,2.622763710269771e-07,2.6227711074781796e-07,-0.0016992163981182984,0.0,0.0017632164009300014,0.5794677734375,-5.339066488704815e-05,4.486335460348995e-05,4.4866205166587035e-05,-0.02209112506166074,0.0,0.020363730796092824,0.5794677734375
relu,1.4142135623730951,37,8,0.4788818359375,0.5211181640625,0.5211181640625,0.10409954896652716,0.13696197376391758,-0.026971425265080746,0.6831645138001398,0.6838919715809696,-2.1388863135694076,-0.03794846290358972,2.140645694241968,0.0,0.29864812585988565,0.2410615227304448,0.33025222581006686,0.0,0.0,2.140645694241968,0.5211181640625,5.0956447590978825e-06,3.041439530877117e-07,3.041699186832226e-07,-0.0018202961094048726,0.0,0.0018631779768448786,0.5211181640625,1.33157899439427e-05,5.4984714562501896e-05,5.498489187276373e-05,-0.024040054184088555,0.0,0.021574284641967728,0.5211181640625
relu,1.4142135623730951,37,9,0.483154296875,0.516845703125,0.516845703125,0.09243807253051489,0.11932923190080341,-0.026594106615017037,0.6157575347366462,0.6164647812432971,-2.040901499810991,-0.0272497282918032,1.9784545093110821,0.0,0.2872566212374061,0.2117673044313183,0.29428367087604895,0.0,0.0,1.9784545093110821,0.516845703125,-1.7663990142490202e-06,2.5897053322672067e-07,2.589736533921982e-07,-0.001723375028677156,0.0,0.0017322301945642278,0.516845703125,5.4594273136545234e-05,5.2665374539230317e-05,5.2668355073889614e-05,-0.021489384455782377,0.0,0.02186457725796476,0.516845703125
relu,1.4142135623730951,37,10,0.564697265625,0.435302734375,0.435302734375,0.08491630608185424,0.09914417665650628,0.05870733868720088,0.5080736316362429,0.5115201832519765,-1.9673971777978136,0.07692076048874494,1.9019873181209368,0.0,0.28769604119522885,0.18406048273836048,0.2668294948577673,0.0,0.07692076048874494,1.9019873181209368,0.435302734375,-2.400563940660051e-08,2.3381195680159471e-07,2.3381195737786548e-07,-0.0016138613087334946,0.0,0.0016027673876311368,0.435302734375,1.3831798142166233e-05,5.5469334750844205e-05,5.546952606948405e-05,-0.021237392684246032,0.0,0.021676364650793423,0.435302734375
relu,1.4142135623730951,37,11,0.5631103515625,0.4368896484375,0.4368896484375,0.0910094397786373,0.12354439709785772,0.119496224587289,0.48725712062255955,0.5015364683131753,-1.6592464835939074,0.09640903153328359,1.9521681878958683,0.0,0.3264673280836118,0.214553836876495,0.3211347531825476,0.0,0.09640903153328359,1.9521681878958683,0.4368896484375,-1.189411289464661e-06,1.90038576274139e-07,1.900399909733545e-07,-0.0014357043693894564,0.0,0.0014104515981942691,0.4368896484375,4.562587406189723e-05,4.975976277472927e-05,4.9761844495113176e-05,-0.019970284821389017,0.0,0.019736283523738282,0.4368896484375
relu,1.4142135623730951,37,12,0.3909912109375,0.6090087890625,0.6090087890625,0.04352289134097102,0.050306203844740126,-0.14933226569178548,0.38912162685072327,0.41142175242736523,-1.9935737680341428,-0.12462190352428193,1.3759008453131567,0.0,0.16042992847703788,0.09382909518571117,0.11956685713685866,0.0,0.0,1.3759008453131567,0.6090087890625,3.661127325783791e-06,1.8069865805118215e-07,1.8071206190447774e-07,-0.0015532960435185894,0.0,0.0014821469739088374,0.6090087890625,-1.0046358500630988e-05,4.61803836719915e-05,4.6180484601310626e-05,-0.02167171189344194,0.0,0.020681500728214723,0.6090087890625
relu,2.0,35,1,0.5028076171875,0.4971923828125,0.4971923828125,1.3665101832628275,0.019560646491770625,1.3877787807814457e-17,4.0240250280502465,4.0240250280502465,-4.826189997804328,0.014584604574009077,4.670175170694318,0.0,0.7900667796129391,1.3860708297545983,2.0102763460025583,0.0,0.014584604574009077,4.670175170694318,0.4971923828125,0.0775252955818506,0.33454853710437604,0.3405587085594295,-1.629785312774617,0.0,2.0556988063941644,0.4971923828125,-0.0004453213119654238,0.06505511225037755,0.06505531056144845,-0.7797019701882122,0.0,0.7612226853764334,0.4971923828125
relu,2.0,35,2,0.5595703125,0.4404296875,0.4404296875,2.5480837017191016,1.373903591734055,0.5030630466427177,8.444298531954203,8.697370960851657,-6.071044307042501,0.3589641586190836,8.430117055727164,0.0,1.3736483937290012,3.921987293453157,5.8088972030474215,0.0,0.3589641586190836,8.430117055727164,0.4404296875,0.035013848708690745,0.15304873849071823,0.15427470809211333,-1.158623196574453,0.0,1.3002040074449506,0.4404296875,0.0011360303225968153,0.030732203363834042,0.030733493928727904,-0.5198850990333211,0.0,0.5226578586833305,0.4404296875
relu,2.0,35,3,0.4549560546875,0.5450439453125,0.5450439453125,3.543839235247105,3.789741372839016,-0.6173942282026083,25.443249165069005,25.8244247980869,-13.088401526055106,-0.5652905381586177,10.823175886779877,0.0,1.6988621726858126,7.333580608086121,10.21971328986888,0.0,0.0,10.823175886779877,0.5450439453125,0.02916235583957796,0.07099172771572487,0.07184217071383903,-0.7309708601957594,0.0,0.9527635236093772,0.5450439453125,0.0011424176739768105,0.013551393372050642,0.013552698490192455,-0.3621514104433072,0.0,0.36145533725600776,0.5450439453125
relu,2.0,35,4,0.4327392578125,0.5672607421875,0.5672607421875,4.784896805616949,6.7817064239551375,-0.9220987574408115,38.51149755008093,39.36176366855483,-15.321155546150719,-0.9778541231781763,14.08545501494394,0.0,2.000842373708505,11.566603229572085,15.569973433999571,0.0,0.0,14.08545501494394,0.5672607421875,0.016983031643742014,0.04162483815405908,0.041913261517871434,-0.6214196566699496,0.0,0.6819061070795823,0.5672607421875,0.0006205932273623138,0.007561463568830668,0.007561848704784516,-0.2776590704172979,0.0,0.28064856006126304,0.5672607421875
relu,2.0,35,5,0.504150390625,0.495849609375,0.495849609375,8.043684976854621,11.739062368324632,-0.09442814858384346,59.83902137312619,59.847938048371155,-19.8305741446764,0.07367408310795788,18.5635578218469,0.0,2.902429030252104,19.782747345179253,28.206841620829422,0.0,0.07367408310795788,18.5635578218469,0.495849609375,0.012741820960230008,0.023890102569561478,0.02405245657094404,-0.47236843383517024,0.0,0.49237237789918453,0.495849609375,0.000918843523968113,0.004738902071750531,0.004739746345172069,-0.20243029989719913,0.0,0.20375120589557433,0.495849609375
relu,2.0,35,6,0.5743408203125,0.4256591796875,0.4256591796875,17.25657209579942,32.56226109273695,1.8473247335072043,123.97673416549159,127.38934283651906,-25.213427914875613,1.904048554643601,27.491820106147205,0.0,5.364090446243676,49.81883318853637,78.59229950401905,0.0,1.904048554643601,27.491820106147205,0.4256591796875,0.006928454356664246,0.012557799360531145,0.012605802840303522,-0.3345081672880115,0.0,0.3465710948003535,0.4256591796875,0.0006822901373159844,0.002685549449736943,0.0026860149695684217,-0.15197617144716735,0.0,0.151317614176191,0.4256591796875
relu,2.0,35,7,0.432861328125,0.567138671875,0.567138671875,26.324249540365507,68.71147382552539,-3.105806092793903,332.42622270008303,342.0722541861188,-48.55258349280951,-2.721701208053031,42.56597793220132,0.0,5.536094368950609,95.03572336589092,125.68406422781756,0.0,0.0,42.56597793220132,0.567138671875,0.007450277586960746,0.005399223341503578,0.005454729977626347,-0.22589569423985903,0.0,0.24636169242730804,0.567138671875,-4.6331080411565984e-05,0.001152937395435216,0.001152939542004228,-0.10588936260366547,0.0,0.10623835674335375,0.567138671875
relu,2.0,35,8,0.4747314453125,0.5252685546875,0.5252685546875,45.60046457722362,103.4288010064898,-2.0085122488373903,517.5533098215142,521.5874312752441,-62.95860534259117,-1.3693696823310908,51.214814265568904,0.0,7.87770524247329,149.02926558371342,211.08750547100456,0.0,0.0,51.214814265568904,0.5252685546875,0.007429299485892376,0.002859641466198921,0.002914835957050002,-0.1564006735070153,0.0,0.18134906540047321,0.5252685546875,-8.547365431197911e-05,0.0006855043326042644,0.0006855116383498458,-0.08198097802161487,0.0,0.08211672248378284,0.5252685546875
relu,2.0,35,9,0.5079345703125,0.4920654296875,0.4920654296875,96.39404499882582,268.9582137306958,2.6609389394420813,862.3482624469918,869.4288584864312,-65.0201393037416,0.5334175915471446,78.338341372774,0.0,12.76127894173238,365.3522587295217,528.2024989582239,0.0,0.5334175915471446,78.338341372774,0.4920654296875,0.002482995101215318,0.001981428316227195,0.0019875935808998544,-0.13470191363628822,0.0,0.14336325113365236,0.4920654296875,9.40874645994305e-05,0.00045025503640466904,0.00045026388885566383,-0.06273028161685804,0.0,0.06517856667918459,0.4920654296875
relu,2.0,35,10,0.4349365234375,0.5650634765625,0.5650634765625,128.58865670093718,463.0646495633368,-7.161547918560153,1928.1566022246784,1979.444370814512,-120.71306440706817,-6.3955324279898225,116.47435247298941,0.0,13.139675765517278,591.6533062642741,764.3043854871962,0.0,0.0,116.47435247298941,0.5650634765625,0.005225105029326074,0.0009397419072621208,0.0009670436298296094,-0.07626743962003947,0.0,0.11862482585280515,0.5650634765625,-0.00010356486570974961,0.000223169196432891,0.0002231799221143005,-0.046341737820265766,0.0,0.045724486154199356,0.5650634765625
relu,2.0,35,11,0.448486328125,0.551513671875,0.551513671875,207.05509257016706,779.2112964308932,-4.744064788032135,2991.1638286779753,3013.669979391021,-139.72868450098235,-7.430645348438228,133.1153159953497,0.0,19.06839380936696,986.2663890010606,1349.8700314701646,0.0,0.0,133.1153159953497,0.551513671875,0.0033541463397717616,0.0007238828977095582,0.0007351331953781624,-0.059855454870978465,0.0,0.10782992234137918,0.551513671875,8.578873296334125e-05,0.0001242802288606558,0.0001242875885673593,-0.03380841027050176,0.0,0.03459563116554919,0.551513671875
relu,2.0,35,12,0.53759765625,0.46240234375,0.46240234375,453.21450805744405,1723.4383542214387,8.699916269324984,5185.993986308455,5261.68252940172,-172.41729343980515,5.414046736963192,196.97270426384387,0.0,31.79210225512941,2176.652862278883,3187.390628079487,0.0,5.414046736963192,196.97270426384387,0.46240234375,0.003198331234210495,0.000709751415069499,0.0007199807377532253,-0.07033311506593473,0.0,0.08770031454121587,0.46240234375,0.00010466648663629348,6.74010762345815e-05,6.741203130800627e-05,-0.02252986210734747,0.0,0.02349740207030747,0.46240234375
relu,2.0,36,1,0.495361328125,0.504638671875,0.504638671875,1.363780822622351,0.020397331479182743,-8.673617379884035e-19,3.9556454029720376,3.9556454029720376,-4.837438714575838,-0.025016061489597015,4.774052653608004,0.0,0.781071230276361,1.3841781541015337,1.994250420866962,0.0,0.0,4.774052653608004,0.504638671875,0.1777620168728614,3.1489637196774938,3.180563054320201,-5.050608987715454,0.0,5.941543154383818,0.504638671875,-0.004254718882224324,0.13452161883228944,0.13453972146505622,-1.1493088844460173,0.0,1.211101077266948,0.504638671875
relu,2.0,36,2,0.4530029296875,0.5469970703125,0.5469970703125,1.7545886183116548,0.49811734455634615,-0.33487554416128096,7.738307116590331,7.850448746667644,-7.371256034872926,-0.28426645700097064,6.223821583741842,0.0,0.9265109543773282,2.252705962868001,3.1111285114491887,0.0,0.0,6.223821583741842,0.5469970703125,0.12698380785198074,1.6127733656783747,1.6288982531349634,-3.6560978740144208,0.0,4.60856261416296,0.5469970703125,-0.0015794029660600474,0.06611596284444715,0.06611845735817636,-0.8225306160977712,0.0,0.8393732591709104,0.5469970703125
relu,2.0,36,3,0.5067138671875,0.4932861328125,0.4932861328125,2.7315179093205666,2.2117865229570466,0.048599594887811765,14.152303394194512,14.15466531481777,-9.530455848170654,0.05040353962697078,8.891757087266486,0.0,1.4722278311026984,4.943304432277614,7.110759218950968,0.0,0.05040353962697078,8.891757087266486,0.4932861328125,0.10464752758105514,0.8161775113965155,0.8271286164253433,-2.472174347398124,0.0,3.0484880077960095,0.4932861328125,-0.005760960360099921,0.032830878403558944,0.032864067067829586,-0.5956967575503709,0.0,0.5607142396879381,0.4932861328125
relu,2.0,36,4,0.4298095703125,0.5701904296875,0.5701904296875,3.4034117544450933,4.566529766305896,-0.6570324284079063,24.931266711437562,25.362958323417153,-12.455787089183497,-0.8464518726325074,11.927447071441042,0.0,1.6417775056395087,7.969941520750989,10.665374898774875,0.0,0.0,11.927447071441042,0.5701904296875,0.0834440867322705,0.4084045835789345,0.4153674991895172,-1.770159943008322,0.0,2.336609693236169,0.5701904296875,-0.002897893560797256,0.016418678357559547,0.016427076144649257,-0.41683120167873017,0.0,0.4179109697044008,0.5701904296875
relu,2.0,36,5,0.4814453125,0.5185546875,0.5185546875,5.121203824899091,7.127034071855215,-0.5715482275486631,40.52857032244796,40.855237698861984,-16.50066689008547,-0.33763541923749774,14.912062006408648,0.0,2.1932496674016324,12.248237896754311,17.05858200031168,0.0,0.0,14.912062006408648,0.5185546875,0.05930801936977175,0.24646731798925534,0.24998475915082058,-1.3738969189351344,0.0,1.6787158157110595,0.5185546875,-0.0020783317212279668,0.009674147266674336,0.0096784667294178,-0.30937298361258214,0.0,0.30157944403484616,0.5185546875
relu,2.0,36,6,0.4744873046875,0.5255126953125,0.5255126953125,8.699630263702778,14.105809047383715,-0.5937454838665994,72.30856879597383,72.66110249558581,-21.922082202813577,-0.5032860682383248,19.531906354563635,0.0,3.0110000661157876,22.8054393110865,31.871560709235773,0.0,0.0,19.531906354563635,0.5255126953125,0.03812920408954312,0.12674682513810423,0.12820066134260627,-0.9792253753733698,0.0,1.2232604037347243,0.5255126953125,-0.0010879243934018388,0.004709999544855506,0.0047111831243412654,-0.20985372634300248,0.0,0.21933651717932257,0.5255126953125
relu,2.0,36,7,0.46826171875,0.53173828125,0.53173828125,16.797745773535233,38.86938754407672,-0.6281536495848347,162.61090960734037,163.00548661482713,-32.445926251784265,-0.8727281657523362,31.675720190366143,0.0,4.5160186101725355,55.667133317611956,76.06155740503664,0.0,0.0,31.675720190366143,0.53173828125,0.018328976008267953,0.06479632788939692,0.06513227925090856,-0.7486969707524088,0.0,0.8560006905710759,0.53173828125,-0.0017704441430622382,0.002294462849686515,0.0022975973221502186,-0.15065211864328532,0.0,0.14182837971827073,0.53173828125
relu,2.0,36,8,0.51904296875,0.48095703125,0.48095703125,33.013151170273794,88.74342593012364,-0.516343676076507,385.90595378516974,386.1725645769939,-51.8025821966308,0.7521208085251923,47.944267774263885,0.0,7.1359662059583995,121.75657710039744,172.67859079297773,0.0,0.7521208085251923,47.944267774263885,0.48095703125,0.0013721498743759371,0.03483856641970009,0.03484044921497784,-0.5215347479352999,0.0,0.6170930584923234,0.48095703125,-0.0009472188763928671,0.0011208678580588807,0.0011217650816586755,-0.10430754984570698,0.0,0.09736969689986359,0.48095703125
relu,2.0,36,9,0.6192626953125,0.3807373046875,0.3807373046875,85.79685186113745,262.8966921639934,6.431126337656043,821.2543965998361,862.6137825707292,-74.46346770704007,5.967973245021334,76.72093720232384,0.0,14.093210616799961,348.6935440251308,547.3121295146141,0.0,5.967973245021334,76.72093720232384,0.3807373046875,0.0009715995921103378,0.02202453546070902,0.02202547946647641,-0.45263557807197,0.0,0.4357070681577115,0.3807373046875,-0.0006390516335985765,0.0005960344912403091,0.000596442878230714,-0.07042855540803612,0.0,0.06778379300217922,0.3807373046875
relu,2.0,36,10,0.46728515625,0.53271484375,0.53271484375,173.17759674437485,677.3094817117837,-1.5534751179005042,2503.020270423827,2505.433555365763,-127.58182866953257,-3.6358668228117375,124.07712738377866,0.0,18.423664231474596,850.4870784561583,1189.9184821702747,0.0,0.0,124.07712738377866,0.53271484375,0.006279352078378834,0.008235387426215358,0.0082748176887396,-0.23942825568011653,0.0,0.31215593603404024,0.53271484375,-0.00020804252873643338,0.0002394321613268386,0.00023947544302060166,-0.047427884822950656,0.0,0.04617756196708884,0.53271484375
relu,2.0,36,11,0.5435791015625,0.4564208984375,0.4564208984375,405.561651037659,1738.8309353540149,3.4551166002011406,5860.067765548614,5872.005596269601,-180.66068988611698,6.560410442251791,204.06613452758802,0.0,31.037537562828028,2144.392586391674,3107.7213243556353,0.0,6.560410442251791,204.06613452758802,0.4564208984375,0.013498518914390075,0.007514935471625858,0.007697145484508004,-0.21992811930199424,0.0,0.3145995627995133,0.4564208984375,-8.019027194923962e-05,0.00012875580173824614,0.00012876223221796145,-0.03217763690301306,0.0,0.03241583837457224,0.4564208984375
relu,2.0,36,12,0.48291015625,0.51708984375,0.51708984375,968.7650367057312,4755.542037314173,4.524028891153834,15265.162663123467,15285.62950053146,-332.41408109341387,-4.407112476122262,312.08260389056863,0.0,49.06827189894136,5724.307074019907,8132.002381168345,0.0,0.0,312.08260389056863,0.51708984375,-0.00327084668083104,0.0030318025152210205,0.0030425009532305237,-0.16103889315571163,0.0,0.1772453300644036,0.51708984375,-6.477121353943359e-05,6.0527747080309804e-05,6.053194239041317e-05,-0.02319235560191614,0.0,0.022002721762942153,0.51708984375
relu,2.0,37,1,0.4993896484375,0.5006103515625,0.5006103515625,1.319625670527513,0.026771956288729887,-4.336808689942018e-18,3.8761829918526196,3.8761829918526196,-4.835290426236968,-0.004322517618474784,4.804101476372648,0.0,0.7682721604982333,1.3463976268162428,1.936639739412866,0.0,0.0,4.804101476372648,0.5006103515625,0.00528920350884359,0.18030697033693954,0.1803349460106975,-1.1556218943020344,0.0,1.1693861077087189,0.5006103515625,-0.001960872740298223,0.08286656973991333,0.08287041476181699,-0.9378149761909875,0.0,0.8829343655341213,0.5006103515625
relu,2.0,37,2,0.5291748046875,0.4708251953125,0.4708251953125,2.257573815374333,0.6391478021349519,0.16525000046037833,7.657945592252538,7.685253154904695,-6.702139143988903,0.1811568867041621,7.208099151616434,0.0,1.1525063421485204,2.8967216175092854,4.224992486201848,0.0,0.1811568867041621,7.208099151616434,0.4708251953125,0.003783029946669958,0.07713547176615529,0.0771497830817327,-0.8013854792102085,0.0,0.8994897450130237,0.4708251953125,-0.0013575534688471515,0.04233370709381208,0.04233555004523285,-0.6496509776684051,0.0,0.6037008003710576,0.4708251953125
relu,2.0,37,3,0.4779052734375,0.5220947265625,0.5220947265625,2.974036085066281,1.210374022994924,-0.3377707111689659,14.634127247388765,14.748216300712352,-10.561256080804077,-0.16264321391423534,8.661436318723144,0.0,1.3089291924457445,4.184410108061205,5.897705738897873,0.0,0.0,8.661436318723144,0.5220947265625,0.006209872475735105,0.039092631619094084,0.039131194135258986,-0.5119612717697671,0.0,0.6294379632147432,0.5220947265625,0.00029047751839928447,0.021848689493180605,0.021848773870369303,-0.4772506387435107,0.0,0.47564488926737486,0.5220947265625
relu,2.0,37,4,0.5203857421875,0.4796142578125,0.4796142578125,4.6854420771874,2.977564584619124,0.1356652343133222,21.49825486984067,21.51665992564196,-11.638086922856418,0.18593686632821305,11.744074099306808,0.0,1.847172360715268,7.663006661806525,11.075052391996941,0.0,0.18593686632821305,11.744074099306808,0.4796142578125,0.001193830922148015,0.018462757924540076,0.018464183156810754,-0.403737708314909,0.0,0.4173560758378267,0.4796142578125,-0.0008374838591038347,0.01173811797536922,0.011738819354583478,-0.3370438440212562,0.0,0.3292146596053412,0.4796142578125
relu,2.0,37,5,0.4915771484375,0.5084228515625,0.5084228515625,8.818398831706213,7.661502500654261,-0.09723558120290182,46.15366793478558,46.16312269303745,-17.827615715129035,-0.12673802259120892,18.067878275562165,0.0,2.4697269592161906,16.47990133236047,22.579452585439725,0.0,0.0,18.067878275562165,0.5084228515625,0.002633162677394386,0.009081974232023705,0.00908890777770933,-0.2797909481887621,0.0,0.3004219250019809,0.5084228515625,-0.0005221478005563702,0.005926227057919741,0.005926499696245367,-0.24545780741515397,0.0,0.2284506283069891,0.5084228515625
relu,2.0,37,6,0.478759765625,0.521240234375,0.521240234375,11.836315406252117,12.685125159388527,-0.6061838373788956,84.1137334969107,84.48119234161008,-27.871075517462643,-0.4063885066155504,20.897574119921448,0.0,3.0640609087987545,24.521440565640646,33.909909818469295,0.0,0.0,20.897574119921448,0.521240234375,0.002544256164080115,0.004568551392728789,0.004575024632157249,-0.20261419030722697,0.0,0.22480132153573076,0.521240234375,-2.3261005613273036e-05,0.0029047141498471075,0.0029047146909214902,-0.1722766014656723,0.0,0.16699297975828428,0.521240234375
relu,2.0,37,7,0.4205322265625,0.5794677734375,0.5794677734375,17.274790390227327,22.153696528911613,-1.9104312011153082,135.74963755852627,139.39938493272112,-35.34136441012187,-1.6727524784279497,28.57383300206918,0.0,3.347999976920404,39.42848691913893,50.637590764597974,0.0,0.0,28.57383300206918,0.5794677734375,0.0004142130955577368,0.002390349896566755,0.0023905214690552864,-0.16939668263382093,0.0,0.1651441887457639,0.5794677734375,-0.0003020232095495218,0.0014356273473116775,0.0014357185653307838,-0.1249662746811231,0.0,0.1151946570893965,0.5794677734375
relu,2.0,37,8,0.4788818359375,0.5211181640625,0.5211181640625,26.649484535430926,35.062265283562866,-0.43154280424129143,174.8901155328356,175.07634472472802,-34.222181017110486,-0.6071754064574376,34.25033110787145,0.0,4.778370013758167,61.7117498189938,84.54456980737703,0.0,0.0,34.25033110787145,0.5211181640625,0.0016068567284266682,0.0013291231085776824,0.0013317050971233724,-0.11437965625767066,0.0,0.13644095413670032,0.5211181640625,5.326315977577053e-05,0.0008797554330000298,0.0008797582699642192,-0.09616021673635425,0.0,0.08629713856787087,0.5211181640625
relu,2.0,37,9,0.483154296875,0.516845703125,0.516845703125,47.32829313562358,61.09656673321129,-0.6017559400664496,315.2678577851625,315.62996799656776,-46.180329288004685,-0.6165909651400296,44.767315193695,0.0,6.499875354166572,108.42485986883487,150.67323948853686,0.0,0.0,44.767315193695,0.516845703125,0.000731180221569585,0.0005715522352338368,0.0005720868597502513,-0.07702937273592682,0.0,0.08601159701563169,0.516845703125,0.00015441592299520666,0.0004213229963138423,0.0004213468405911168,-0.060781157888834016,0.0,0.061842363387536174,0.516845703125
relu,2.0,37,10,0.564697265625,0.435302734375,0.435302734375,86.95429742781863,101.52363689626227,1.8786348379904267,520.267398795512,523.7966676500232,-62.956709689529966,2.461464335639848,60.86359417986991,0.0,9.206273318247316,188.47793432408088,273.2334027343534,0.0,2.461464335639848,60.86359417986991,0.435302734375,0.00030461476954154283,0.0002572635525306206,0.0002573563426884434,-0.05086118750640249,0.0,0.05408052256974558,0.435302734375,2.7663596284332412e-05,0.00022187733900337674,0.00022187810427793612,-0.04247478536849206,0.0,0.04335272930158683,0.435302734375
relu,2.0,37,11,0.5631103515625,0.4368896484375,0.4368896484375,186.38733266664894,253.01892525641233,5.407781806839209,997.9025830350005,1027.1466871053817,-75.08892417338778,4.362974717747996,88.34504727538054,0.0,14.774224737521607,439.4062579230612,657.6839745178565,0.0,4.362974717747996,88.34504727538054,0.4368896484375,0.0003035783987298931,0.00010367654299594328,0.00010376870284011869,-0.032709145058758306,0.0,0.03514396711611725,0.4368896484375,6.452472989346183e-05,9.951952554945853e-05,9.952368899022635e-05,-0.02824224763886191,0.0,0.02791131983011134,0.4368896484375
relu,2.0,37,12,0.3909912109375,0.6090087890625,0.6090087890625,178.26976293261708,206.0542109480552,-9.55726500427426,1593.8421835805598,1685.1834979424855,-127.5887211541851,-7.9758018255540355,88.05765410004209,0.0,10.267515422530415,384.3239738806724,489.74584683257234,0.0,0.0,88.05765410004209,0.6090087890625,0.00019342352000361652,4.9700485708618834e-05,4.9737898366709435e-05,-0.025610593145772607,0.0,0.025419073902731563,0.6090087890625,-1.0046358500630988e-05,4.61803836719915e-05,4.6180484601310626e-05,-0.02167171189344194,0.0,0.020681500728214723,0.6090087890625
sigmoid,0.5,35,1,0.05610178632506965,0.0,0.0,0.013880888249841135,2.487418420268445e-07,3.469446951953614e-18,0.2515015642531404,0.2515015642531404,-1.206547499451082,0.0036461511435022693,1.1675437926735794,0.0,0.5000167044853157,0.013881136991683161,0.2638978417560387,0.2303125063927006,0.500911536776012,0.7627007299581099,0.0,-4.845146116800367e-16,1.2032559305606414e-28,1.2056034746499561e-28,-3.493186180691463e-14,-6.257995532759518e-17,3.387873181931467e-14,0.0,-6.511592759068452e-16,5.271576544349139e-26,5.271618945189399e-26,-5.786344457572992e-13,7.775254432361913e-16,5.719617352043848e-13,0.0
sigmoid,0.5,35,2,0.06015800680789919,0.0,0.0,0.0002011127417996898,0.004368983698852434,0.07917318968070931,0.07910117838476241,0.08536957234897999,-0.5908952926294302,0.06477460222738018,1.1538586431842617,0.0,0.5190924158630291,0.004570096440652121,0.2740270326471681,0.3564294590591924,0.5161879908498208,0.7602150062915369,0.0,-5.171871377051753e-15,7.096594762742868e-27,7.123343016283636e-27,-2.6416652004561176e-13,-1.218444941955815e-15,2.377394308825315e-13,0.0,2.168539745399762e-14,3.902893817243614e-24,3.903364073706352e-24,-4.878549302665859e-12,-3.235505114165504e-15,4.9414355312231175e-12,0.0
sigmoid,0.5,35,3,0.05979941107362303,0.0,0.0,2.7841635661282096e-06,0.005455868833831773,-0.040707608736297196,0.0907111379784497,0.09236824738747715,-0.7271160751346003,-0.042181665389694825,0.4698519223650787,0.0,0.49019561918114063,0.0054586529973979035,0.24575039806177978,0.32582790385080135,0.4894561482413078,0.615348707787748,0.0,5.470465287774099e-15,7.186305785431177e-25,7.186605045335824e-25,-2.3882632693427337e-12,-1.1673365031280101e-14,2.8939638318369484e-12,0.0,-1.784138182589535e-14,2.7813269634003024e-22,2.781330146549357e-22,-4.146195456646473e-11,8.377543071204167e-14,4.1459184571700645e-11,0.0
sigmoid,0.5,35,4,0.06061520643215021,0.0,0.0,4.2173926008721356e-08,0.0036791396005708015,-0.05430471090161848,0.06067102756255332,0.06362002918866169,-0.6315579069337391,-0.05978265763570929,0.41936545933141345,0.0,0.4867203594203196,0.0036791817744968106,0.2405758900487419,0.34715737111132783,0.48505897316560864,0.6033313998896401,0.0,-5.765688036189988e-13,4.454079195596658e-23,4.487322354127322e-23,-2.249348822507151e-11,-4.429303255324797e-14,1.6168001574560235e-11,0.0,3.1715790279677655e-13,1.9704129266388853e-20,1.970422985552416e-20,-3.463758809999398e-10,-1.2180960081167069e-12,3.54505543021723e-10,0.0
sigmoid,0.5,35,5,0.061042398038577445,0.0,0.0,5.852934218898225e-10,0.002964180060620215,-0.002958377399930141,0.048518244707393056,0.048526996704233466,-0.5643842595582315,0.0434402760472357,0.45363280694308916,0.0,0.4993932023167563,0.0029641806459136354,0.2523577511660984,0.36253363479221185,0.5108582332899705,0.6115026183790746,0.0,-4.603660872762707e-12,3.217468878708662e-21,3.2386625721400687e-21,-1.8949429815979607e-10,-8.191485321636509e-13,1.487616469518388e-10,0.0,5.677572484833112e-12,1.3138893982869382e-18,1.3139216331162586e-18,-2.8203365335754347e-09,1.6712854513049863e-11,2.869860300146752e-09,0.0
sigmoid,0.5,35,6,0.06077301700434966,0.0,0.0,9.036995659427196e-12,0.0034446969355386293,0.03496732822337185,0.05646161100864988,0.0576843250517309,-0.4624005207498416,-0.00032561052702724964,0.5388118458471649,0.0,0.5085281465442122,0.0034446969445756257,0.26204557277226737,0.3864165083385823,0.4999185973788194,0.6315359795368,0.0,-7.827119706582448e-12,2.0296913252343632e-19,2.030303963263375e-19,-1.3067888675096687e-09,-1.9344967184156597e-12,1.4043515166235672e-09,0.0,6.801755498570757e-11,8.546706078824207e-17,8.547168717602831e-17,-2.2185497222524114e-08,4.834196514975913e-11,2.2722853423499328e-08,0.0
sigmoid,0.5,35,7,0.06058322425321411,0.0,0.0,1.3591326989115815e-13,0.0038910283262246484,-0.022058613503959133,0.06425989093120792,0.06474647336092496,-0.503680101426283,-0.04133322181735191,0.6326882552449952,0.0,0.494409056267664,0.0038910283263605587,0.24833134324584272,0.37667622185134775,0.48966841565854435,0.6530987657686727,0.0,-4.3902410769743446e-11,1.3304997762927064e-17,1.330692518459846e-17,-9.645442179080945e-09,-5.6764849824095094e-11,1.1421012556266796e-08,0.0,-5.875943189487609e-10,5.39256148769201e-15,5.392906754775671e-15,-1.7690282806993466e-07,-8.716148614210543e-10,1.7729803336947023e-07,0.0
sigmoid,0.5,35,8,0.060476731534425364,0.0,0.0,2.27968155805959e-15,0.004105160793850034,-0.027330260540708168,0.06797821132477005,0.06872515446599305,-0.6659261280173615,-0.032735025021325456,0.5924116756074317,0.0,0.4933308815264253,0.0041051607938523155,0.2474805194614922,0.3394096482010515,0.49181712049272447,0.6439183045420016,0.0,1.5425539150115123e-09,9.315563796606312e-16,9.339358522413488e-16,-8.966520784165116e-08,2.362724626286898e-10,8.873779432094157e-08,0.0,-1.0784248070605805e-08,3.7544831471847307e-13,3.755646147249215e-13,-1.503233405497156e-06,-4.582606685599506e-09,1.4868509303641015e-06,0.0
sigmoid,0.5,35,9,0.06087155203286358,0.0,0.0,3.887525165824945e-17,0.003318768206197366,0.0018154459207132792,0.0544858884091588,0.05448918425304984,-0.5394451774525947,0.031749375908370674,0.6404081933725149,0.0,0.5004399662521737,0.003318768206197406,0.25375892802867417,0.3683166575652152,0.5079366682179466,0.6548457274462278,0.0,1.6837600086490627e-08,8.096278342761194e-14,8.124628820428451e-14,-7.674592425144218e-07,5.702547642837209e-10,9.281653008131672e-07,0.0,-2.9470145329777496e-08,2.7193493721783894e-11,2.7194362211249653e-11,-1.2573554817642539e-05,-1.0218174278364992e-07,1.2573447565057828e-05,0.0
sigmoid,0.5,35,10,0.06061278926375116,0.0,0.0,5.526182893417905e-19,0.0037019003055115563,-0.050911034500585595,0.061284540531578016,0.06387647396549784,-0.49064499578403015,-0.06636140451161554,0.7663163013390949,0.0,0.48725157566013005,0.0037019003055115607,0.241115998288791,0.37974163490833285,0.4834157434762384,0.6827234975749872,0.0,1.565709749873921e-07,6.5319769276933845e-12,6.556491397901887e-12,-6.601382458836229e-06,8.212799517072216e-09,8.687005349876497e-06,0.0,-9.265409572707032e-09,1.7656455088073595e-09,1.765645594655174e-09,-9.745983690695962e-05,-7.351044046958105e-07,9.800362210137998e-05,0.0
sigmoid,0.5,35,11,0.06067209413988928,0.0,0.0,7.159785100739482e-21,0.0036851044566540278,-0.029527383918862157,0.06080417361399766,0.061676040015089535,-0.6131255076960678,-0.048175815828380625,0.6285226773295701,0.0,0.4926898281059338,0.003685104456654026,0.24642837117570865,0.3513465574579308,0.4879583759870734,0.6521544083437939,0.0,1.05032141277043e-06,6.775983975145213e-10,6.787015725846453e-10,-7.29956591955421e-05,2.7736385003238803e-07,7.981692247485777e-05,0.0,-1.109394539406728e-06,1.141742748446558e-07,1.1417550560089987e-07,-0.0007807651433641399,-1.229065093740453e-06,0.0007821240863958078,0.0
sigmoid,0.5,35,12,0.060518427551798246,0.0,0.0,1.0718626312440312e-22,0.00397742698332809,0.03252587969051465,0.06535255232704189,0.06641048517668371,-0.5698100861414475,0.0574471172957603,0.5430209555841596,0.0,0.5080102713639637,0.003977426983328091,0.2620518627946162,0.3612806476376333,0.514357346535719,0.6325148887408405,0.0,8.668928787463676e-06,4.665065393977731e-08,4.6725804266099425e-08,-0.0006312725747655957,5.066878912391151e-06,0.0006630929736167812,0.0,4.979161698678392e-05,7.389656955396043e-06,7.392136160518202e-06,-0.006227692374214399,3.83116601206631e-05,0.006360858375725865,0.0
sigmoid,0.5,36,1,0.056205920320161834,0.0,0.0,0.013652500698365853,2.4731939767943615e-07,-2.168404344971009e-19,0.24722783768575235,0.24722783768575235,-1.2093596786439595,-0.006254015372399254,1.193513163402001,0.0,0.49995100881151316,0.013652748017763531,0.26360375922941326,0.2298144371419031,0.4984365012589874,0.7673686672753921,0.0,-7.915570041817348e-15,8.338849838603992e-28,8.965412329473154e-28,-1.043705160342819e-13,-2.5259535184767046e-15,5.827627457298833e-14,0.0,-3.90264961611794e-15,6.682521538769528e-26,6.684044606172147e-26,-6.663575441032131e-13,-3.5155622438819465e-15,6.522497785363807e-13,0.0
sigmoid,0.5,36,2,0.060380982715610015,0.0,0.0,0.00019043246082091277,0.003998112138454721,-0.05690431266988536,0.07013851066471075,0.07337661146514282,-0.8683680794105427,-0.025257392917933386,0.5422508811116651,0.0,0.4861842879464942,0.004188544599275632,0.24056370644531525,0.2955939842325573,0.493685987430022,0.6323358583772902,0.0,3.179489683002455e-14,4.7459769728222676e-26,4.847068519265459e-26,-5.106494204033829e-13,6.333717912943356e-15,7.604773628268387e-13,0.0,1.8278143553259755e-15,4.213766823114841e-24,4.2137701640201596e-24,-5.0379067205441336e-12,-1.9833932787353674e-14,5.141874326925734e-12,0.0
sigmoid,0.5,36,3,0.060216632561831844,0.0,0.0,2.9751148779220197e-06,0.004730507651915272,-0.006263625217354062,0.07974004028316445,0.07977927328402791,-0.9225754333562083,0.008066485363134654,0.7926668187550894,0.0,0.49851322211379046,0.00473348276679319,0.2532489153890666,0.284433422758046,0.5020166104060027,0.6884036612371753,0.0,-4.944830414774535e-14,3.80071858090761e-24,3.803163715690698e-24,-5.8861444972647964e-12,2.064464070542203e-18,5.078028233910297e-12,0.0,-2.6638591890507365e-13,2.8867450203608015e-22,2.88745463493871e-22,-4.213367218728741e-11,-4.1812802722239765e-13,4.1637297341560596e-11,0.0
sigmoid,0.5,36,4,0.060706947759214674,0.0,0.0,4.473657180697798e-08,0.003609455503082017,-0.024724566502112126,0.059139393963595355,0.059750698152312716,-0.5193840733501269,-0.10104538596168161,0.5289997119202647,0.0,0.49376881444765425,0.0036095002396538266,0.24741714236069579,0.37299626921356444,0.47476012514053545,0.6292497804514191,0.0,-7.247380020741529e-13,3.0096367878620634e-22,3.014889239578568e-22,-5.975143738059381e-11,7.86454358357902e-14,4.257105487461285e-11,0.0,-3.028642971157604e-12,1.9451128977348344e-20,1.946030165559509e-20,-3.6271304029344716e-10,-5.225440423130902e-13,3.4460057623546327e-10,0.0
sigmoid,0.5,36,5,0.06061132204016375,0.0,0.0,7.529370692263318e-10,0.0038659070587159176,0.009860255745963668,0.06402078920408837,0.06411801384746417,-0.731054399802351,0.030532555027799568,0.5927904352372475,0.0,0.5025468330570988,0.0038659078116529827,0.25641922722737254,0.3249633892992704,0.5076325453640593,0.6440051446640206,0.0,-5.6994790544432186e-12,1.8119029745609195e-20,1.8151513807101233e-20,-4.100583077103578e-10,2.49886755279758e-12,3.4865844803324635e-10,0.0,-1.2827529633282046e-11,1.2426772327740071e-18,1.2428417782904998e-18,-2.8193096328504918e-09,-1.8355544515916918e-11,2.7381915599418024e-09,0.0
sigmoid,0.5,36,6,0.06074591954477551,0.0,0.0,1.0599673837914812e-11,0.003486135537261347,-0.037839829542686984,0.057200258420874533,0.058632111120694136,-0.5922928646084883,-0.048486736307102735,0.5221083872527802,0.0,0.4906531592796219,0.0034861355478610257,0.24422665825893505,0.356108937803274,0.48788069038903337,0.627640645456995,0.0,-5.651157234834365e-11,1.0473983040410388e-18,1.0505918618503207e-18,-3.222169913185616e-09,1.0185391442439898e-11,2.7533913359849504e-09,0.0,-1.298713326368107e-10,8.30450913717172e-17,8.306195793475809e-17,-2.2291468763204232e-08,-6.674563687184613e-11,2.1649635227164887e-08,0.0
sigmoid,0.5,36,7,0.05993351718989014,0.0,0.0,1.5162074271858594e-13,0.005263004706629526,-0.02829465013170766,0.0881908890134579,0.08899147623953364,-0.8244514276243814,-0.00462751234895879,0.6330054455814668,0.0,0.49326059221568896,0.005263004706781148,0.24856901653975336,0.30481956321266346,0.4988431341061895,0.6531706251646816,0.0,-1.883414786186538e-09,7.704642931848655e-17,8.059368057531264e-17,-3.161923807899281e-08,-4.927937854957836e-10,1.838042127886971e-08,0.0,3.3291765459433555e-10,5.341104008788973e-15,5.3412148429537135e-15,-1.74754829718501e-07,2.885858588481301e-10,1.770206537112311e-07,0.0
sigmoid,0.5,36,8,0.0603442135747954,0.0,0.0,2.5865458011014184e-15,0.004414238787906222,0.0005522571564905657,0.07293324232109952,0.0729335473090664,-0.6097468068766166,-0.007694257298342478,0.6206877001769535,0.0,0.5000733006472236,0.004414238787908814,0.25448754480811725,0.3521169568569338,0.4980764453734753,0.650374939080334,0.0,-1.4307120391563427e-09,6.021024804738166e-15,6.023071741677153e-15,-2.1317717881954568e-07,-1.5371525789853802e-09,2.4036451227496915e-07,0.0,-3.989479011895146e-09,3.719843046620728e-13,3.720002206048592e-13,-1.451614509180512e-06,-1.571769964133442e-08,1.4654285965198565e-06,0.0
sigmoid,0.5,36,9,0.06058619588264193,0.0,0.0,3.4199214939460657e-17,0.0038204486980916805,0.04241766748580823,0.06348303167850769,0.06528229019344428,-0.8140166317210098,0.02903687393813574,0.5392353068753248,0.0,0.5105275553193571,0.0038204486980917126,0.26445883343845095,0.30703523692170565,0.5072586874025082,0.6316345127024722,0.0,-7.383332108908489e-08,3.9006217591324365e-13,3.955135352162876e-13,-1.9592216644619155e-06,-1.6378455426168294e-08,1.75287493030162e-06,0.0,7.24511509027644e-08,2.536419965246449e-11,2.5369448821731628e-11,-1.1701835073576502e-05,4.9727585305438304e-08,1.2219249743516262e-05,0.0
sigmoid,0.5,36,10,0.06035829427714291,0.0,0.0,5.473667184771619e-19,0.004360370884877817,0.02973797430277748,0.07271440101589868,0.07359874813153135,-0.659207265866411,0.030244479744732843,0.6628200360690156,0.0,0.5073387220562354,0.004360370884877815,0.26175294978253183,0.3409177107513504,0.5075604894369177,0.6598935856354647,0.0,4.01125179119113e-07,2.5443320792799544e-11,2.5604222202122883e-11,-1.3527736424044237e-05,1.9169089782293646e-07,1.6873833877698418e-05,0.0,2.0268433389932395e-07,1.6587206942537563e-09,1.6587617751929646e-09,-9.459554770027805e-05,-3.3086108325220305e-07,9.621151542983239e-05,0.0
sigmoid,0.5,36,11,0.0601599225232144,0.0,0.0,8.086166935401546e-21,0.004834653639464029,-0.000312611808483368,0.08094813965298994,0.08094823737913273,-0.6229115463849209,-0.026584027515591566,0.8704096038338404,0.0,0.49965206565972087,0.004834653639464033,0.25448684035749003,0.34911955561676833,0.4933545044327482,0.7048309208874288,0.0,-2.038847476910144e-06,1.3938972879583181e-09,1.3980541869924211e-09,-0.00010401831286019602,-1.354200449376329e-06,0.00010575914468827436,0.0,1.6251581888628022e-06,1.0949900199246965e-07,1.0950164313160848e-07,-0.0007631887107236076,-1.753190261429724e-07,0.0007768183972036933,0.0
sigmoid,0.5,36,12,0.059868504832273364,0.0,0.0,1.262066376800621e-22,0.0053109094825547955,0.050030372497702924,0.08943835182119321,0.09194138999345211,-0.7702470680568492,0.055019340165471525,0.8850067867333177,0.0,0.512172368856613,0.005310909482554801,0.26763144490274926,0.31642566290498403,0.5137512909865749,0.7078586748874253,0.0,4.093435186352074e-05,9.791287500975542e-08,9.958849617224196e-08,-0.0008564046822953843,2.3034709712088645e-05,0.0009119007726365492,0.0,-2.0538816664213975e-05,7.379369386600813e-06,7.379791229590779e-06,-0.006317825434782357,-3.884143156655806e-05,0.006344219986796774,0.0
sigmoid,0.5,37,1,0.05631849184564132,0.0,0.0,0.013403756719347855,1.3893997375928796e-07,-1.0842021724855044e-18,0.24226143699078873,0.24226143699078873,-1.208822606559242,-0.001080629404618696,1.201025369093162,0.0,0.500000783096799,0.013403895659321614,0.2634046787567338,0.22990944886594855,0.4997298426755924,0.7687071184887347,0.0,-5.945799243228505e-16,4.342591218059656e-28,4.346126470923733e-28,-6.09704622103872e-14,-3.828244896027034e-17,6.277081634931767e-14,0.0,6.2829655366090045e-15,8.267114767273739e-26,8.27106233286716e-26,-7.08018073849621e-13,3.419369967818024e-15,7.20510809437885e-13,0.0
sigmoid,0.5,37,2,0.060691919031480523,0.0,0.0,0.00019879472427285178,0.0035062196509883414,0.008665816678268545,0.06142523925591651,0.06150033563461786,-0.6563951331651523,0.02661524172428227,0.6710811925175113,0.0,0.5022289657796398,0.0037050143752611914,0.25593894844334786,0.3415498591833318,0.5066534176730734,0.6617452102396418,0.0,6.469698089040723e-15,3.136745674146856e-26,3.140931373483189e-26,-5.20693662417441e-13,4.988055720865881e-16,5.356255993235345e-13,0.0,-9.157188070579892e-14,5.573814150660054e-24,5.582199559996051e-24,-6.08712839536351e-12,-7.167682265948242e-14,5.873978422561932e-12,0.0
sigmoid,0.5,37,3,0.06104936342820677,0.0,0.0,2.93859341512302e-06,0.002895136821397011,-0.032693159012963234,0.04767891577984347,0.04874775842609037,-0.6320064271559129,-0.010473060691799499,0.43451430709147726,0.0,0.49201451992441414,0.002898075414812135,0.24497636323126387,0.3470557258517812,0.49738175875999646,0.6069511264705716,0.0,4.959199420089049e-15,2.0634276992379428e-24,2.063452292896831e-24,-4.478825604568612e-12,7.154982087309567e-16,4.593154660087781e-12,0.0,2.0779571778934522e-13,4.0095213403297344e-22,4.00995313093305e-22,-5.1005305677981726e-11,1.225520096810853e-15,5.002617146202029e-11,0.0
sigmoid,0.5,37,4,0.06042276842524873,0.0,0.0,4.6295766738208726e-08,0.004171931847554176,-0.03477852032430782,0.06878537886278917,0.06999492433873747,-0.6088411689692627,-0.08116396243681581,0.66686699010687,0.0,0.49139624211405697,0.004171978143320914,0.2456422449071378,0.3523235882538472,0.4797201628656369,0.6608012712972383,0.0,1.0483592569641312e-13,1.2261883104696674e-22,1.2262982161828338e-22,-3.187354486508227e-11,6.277246314779999e-16,3.5765588154017736e-11,0.0,-1.101687636109811e-12,2.5603574399780703e-20,2.5604788115428264e-20,-4.0307499181277705e-10,4.2814461754897956e-13,3.992494603254467e-10,0.0
sigmoid,0.5,37,5,0.06087261500721376,0.0,0.0,7.032833434183798e-10,0.003309593707373668,-0.009040485490478823,0.054287100015220024,0.054368830393123575,-0.621204679033621,0.000677824877587668,0.5759221069130801,0.0,0.49777175886373654,0.0033095944106570118,0.25108631833295486,0.34950751559379695,0.5001694547896609,0.640128544402453,0.0,-2.9933638450803097e-12,6.383072942909282e-21,6.392033170018316e-21,-2.54403751779777e-10,-6.000491466985256e-13,2.141763404711854e-10,0.0,1.100010257383496e-11,1.709565967403099e-18,1.709686969659734e-18,-3.360706295411749e-09,1.1023095689944458e-11,3.4542736293922565e-09,0.0
sigmoid,0.5,37,6,0.060697476720280474,0.0,0.0,1.0687975670513453e-11,0.003661552613727415,0.013878936026026259,0.06008429094287714,0.06027691580809168,-0.40151582384577,0.03588908415462724,0.6732014448711647,0.0,0.5033500001935491,0.0036615526244153877,0.2570227753192613,0.40094820146227356,0.5089713074910431,0.66221964520204,0.0,1.5544011838977114e-11,3.823865090696831e-19,3.826281253737334e-19,-1.7958197500082177e-09,2.9666580050418103e-12,1.982209164275815e-09,0.0,-2.11232228541524e-11,1.0809025357534866e-16,1.0809069976589239e-16,-2.5688023534679892e-08,1.0179444720423853e-10,2.5872046443915604e-08,0.0
sigmoid,0.5,37,7,0.06085036927285243,0.0,0.0,1.8323187026617908e-13,0.0032337590930279336,-0.04836840503911811,0.05333662401010811,0.0556761266161363,-0.7053848463703821,-0.024790923416302815,0.46435830914482046,0.0,0.48815234472084235,0.0032337590932111663,0.24152647074966732,0.33061942123664834,0.4938026002271655,0.6140475775736176,0.0,-7.1200565547316e-11,3.0624211441867426e-17,3.062928096240168e-17,-1.736266445345138e-08,-4.3034214706419076e-12,1.67312135621936e-08,0.0,-3.1560013528726836e-10,6.504400771694667e-15,6.50450037514006e-15,-1.9711336624721266e-07,-5.306139821990971e-10,1.94505934556676e-07,0.0
sigmoid,0.5,37,8,0.06066886014720292,0.0,0.0,2.8497568894704114e-15,0.003740167844890483,-0.018128183799904298,0.062041805578869194,0.062370436626752304,-0.6947937976620199,0.006548242654750381,0.6503881712381361,0.0,0.49556921594961034,0.003740167844893332,0.24932901564180487,0.33296751889713316,0.5016370530794427,0.6570979308428745,0.0,5.640512415089506e-10,1.6453725521661045e-15,1.6456907059691523e-15,-1.1648752353471916e-07,-1.7317925484718175e-13,1.2532864103568324e-07,0.0,-1.7327257183055309e-09,4.141503810120517e-13,4.141533833504666e-13,-1.5474090839861941e-06,3.598753098546282e-09,1.558945322131754e-06,0.0
sigmoid,0.5,37,9,0.060466187976296985,0.0,0.0,4.965441712188485e-17,0.004146460450966104,-0.017121731174326478,0.06848498468531794,0.06877813836372385,-0.7258145839459087,-0.02762137813231671,0.5338222453984542,0.0,0.49588278375984696,0.004146460450966151,0.25004619568038133,0.3261138592864488,0.49309534192689125,0.630374147950556,0.0,-5.429310959456614e-09,8.797006084239191e-14,8.799953825988637e-14,-8.764173877808111e-07,-1.6168243610287287e-09,8.85353914935009e-07,0.0,1.4592784079583094e-08,2.5638544306251894e-11,2.5638757255599085e-11,-1.181128396283217e-05,-2.5293981132368332e-08,1.2174499673527402e-05,0.0
sigmoid,0.5,37,10,0.060793016829196245,0.0,0.0,7.759589097225669e-19,0.003480641967512266,0.01459292328201332,0.05750254163886025,0.057715495048774976,-0.6121024666381456,0.013968806217199412,0.6973374694123373,0.0,0.5036422062415407,0.0034806419675122643,0.25713611387535884,0.3515797461613501,0.5034921199684772,0.6675971907448678,0.0,-3.6429505072773736e-08,5.158491142185091e-12,5.159818251024939e-12,-7.03232963778808e-06,-1.998406658470613e-09,6.518952564358118e-06,0.0,-2.4878452986632195e-07,1.664470318987621e-09,1.6645322127299218e-09,-9.605918054978851e-05,-4.978338726725141e-07,9.682569809914739e-05,0.0
sigmoid,0.5,37,11,0.0605528183593312,0.0,0.0,1.1754142858637249e-20,0.003736137252557081,0.0635066251632084,0.06159820699836449,0.06563129843798475,-0.570473944527561,0.0536743158857597,0.5696333542378489,0.0,0.5156478914473999,0.0037361372525570834,0.2696288852067065,0.3611274718185981,0.5134150981827362,0.6386785692491276,0.0,-1.6030435478165694e-08,3.666222871080863e-10,3.666225440829479e-10,-5.289650718078551e-05,-8.167680493098453e-08,5.5565383649483175e-05,0.0,2.2507223028335026e-06,1.0700253663784271e-07,1.0700760238872718e-07,-0.0007508703061953222,3.2143105033784352e-06,0.000758957204148413,0.0
sigmoid,0.5,37,12,0.060869702024516206,0.0,0.0,1.8544878063324103e-22,0.0031334255703173407,-0.05452029656768309,0.05131545434603188,0.05428791708385999,-0.5408582627520282,-0.07643651603605633,0.4867310552173795,0.0,0.4864829033983741,0.003133425570317341,0.2397990408692291,0.3679879510701058,0.4809001946650904,0.6193360507082728,0.0,2.303143031385871e-06,3.052965785554329e-08,3.053496232336631e-08,-0.0005097052891360228,-1.3013292197068903e-07,0.0005426660809298673,0.0,1.075569903106513e-05,7.320275926609577e-06,7.320391611671223e-06,-0.006310996032534374,-1.0153824579383438e-05,0.00621108795604235,0.0
sigmoid,1.0,35,1,0.04517920455659357,0.000244140625,0.0,0.04268289426919933,5.344360824712587e-06,6.938893903907228e-18,1.0060062570125616,1.0060062570125616,-2.413094998902164,0.007292302287004539,2.335087585347159,0.0,0.5000458053389696,0.04268823863002405,0.2927340460671228,0.08217958619986813,0.5018230674928752,0.9117415099651672,0.0,-5.305622722994289e-13,2.445562493315595e-22,2.44837745656347e-22,-4.995153947368629e-11,-1.6403231443595875e-13,5.016616283978583e-11,0.0,-1.9604810561789692e-12,6.812594671028538e-20,6.812979019625703e-20,-6.83422004900079e-10,-3.705637774522582e-14,6.846115759736318e-10,0.0
sigmoid,1.0,35,2,0.054639101528159637,0.0,0.0,0.0022352685955630137,0.014525936418742225,0.15829321451937695,0.3444001017392996,0.3694568435021771,-1.2196759601048128,0.12329361544993034,2.278001297755619,0.0,0.5348745855614154,0.01676120501430523,0.302852027293801,0.22799348074843107,0.5307844164940463,0.907038653428297,0.0,-4.026605273197624e-12,4.369618861684937e-21,4.38583241171108e-21,-2.0852792437852027e-10,-1.6483918781759372e-12,1.8503889641599207e-10,0.0,8.25899183791239e-12,1.5958891687559776e-18,1.5959573797021564e-18,-3.099437878389913e-09,-2.005607059348106e-12,3.1754861722249863e-09,0.0
sigmoid,1.0,35,3,0.05246548018454001,0.0,0.0,0.00010938356213802854,0.021734473955302633,-0.08921193790241969,0.4059339689706616,0.4138927388349668,-1.5284426790392074,-0.08596325271144603,1.015234765500326,0.0,0.48056861359797504,0.021843857517440668,0.25279004989292053,0.17822165677841967,0.47852241133131546,0.7340433508279761,0.0,1.494591210788798e-12,1.1372101511675603e-19,1.1372324891964342e-19,-9.77937459451082e-10,-5.206081772571781e-12,1.1381618014691924e-09,0.0,9.20018758877924e-13,3.0911373971555165e-17,3.091137481798968e-17,-1.3925996757140815e-08,2.6719497374702794e-11,1.4186801290165267e-08,0.0
sigmoid,1.0,35,4,0.05595881645266648,0.0,0.0,6.157461108210493e-06,0.01351897794245882,-0.1049906519767436,0.24122690768287597,0.25224994468537765,-1.1887012623427309,-0.12533313085413594,0.8482622761506564,0.0,0.4756131664308778,0.013525135403567031,0.23973301948597292,0.23349129468420485,0.4687076692538088,0.7002024881368799,0.0,-1.3720119906204832e-10,1.9337204331978865e-18,1.9525446022219505e-18,-4.790320572791322e-09,-3.3397292580042125e-11,3.234705405525493e-09,0.0,7.063156170774638e-11,6.404907704795952e-16,6.404957592971045e-16,-6.339751674260157e-08,-4.3098809189360166e-11,6.412861813873e-08,0.0
sigmoid,1.0,35,5,0.05733090070277333,0.0,0.0,3.2175925221248926e-07,0.010966931335692487,-0.0012605942619742516,0.1908889596820979,0.19089054877999123,-1.0256297441414224,0.07600578775443538,0.9011895250072196,0.0,0.500505898763288,0.010967253094944698,0.2614734077917913,0.2639322463039254,0.5189895667542193,0.7111938890266823,0.0,-5.465745963973153e-10,3.4402133888201084e-17,3.4700877677627974e-17,-1.9321314847377814e-08,-1.8962003106378156e-10,1.539048746031326e-08,0.0,6.490803157425144e-10,1.1724649680325134e-14,1.1725070985581418e-14,-2.6652477795032935e-07,4.66370577218141e-10,2.75844824403358e-07,0.0
sigmoid,1.0,35,6,0.055925140723616394,0.0,0.0,1.8019568231181463e-08,0.01379444581308092,0.07894680763587815,0.24343048257266253,0.24966308100855888,-0.8927717575503382,0.06171308910680226,1.0966003065226273,0.0,0.5178683599053344,0.01379446383264915,0.2819821020236901,0.2905381653301218,0.5154233775859043,0.7496225636254922,0.0,-1.0828672949053483e-10,5.493421694504166e-16,5.493538954662003e-16,-6.768616804467188e-08,-1.9878954586849392e-10,7.166085812900964e-08,0.0,2.7033738352623426e-09,1.9997993195846016e-13,1.9998724018855334e-13,-1.0874545210231145e-06,1.1572644843773208e-09,1.1153543246789654e-06,0.0
sigmoid,1.0,35,7,0.05531838460546362,0.0,0.0,9.910781920487746e-10,0.015358062608373553,-0.05571163443724201,0.2761720695259634,0.2792758557376323,-1.0581257527011734,-0.10676551463245348,1.192821981696379,0.0,0.4858582888728464,0.015358063599451747,0.251416340465902,0.25766778867890794,0.4733347722766664,0.7672453934477556,0.0,1.9033877737870758e-10,9.739789846444888e-15,9.739826075295061e-15,-2.6109370821733655e-07,-2.1210335256776888e-09,3.215481000636616e-07,0.0,-1.3986562288044953e-08,3.4271334568848344e-12,3.427329080809472e-12,-4.570609585056916e-06,-6.40050842646185e-09,4.549209084231492e-06,0.0
sigmoid,1.0,35,8,0.05585140556100669,0.0,0.0,6.028214792800554e-11,0.014411891834180405,-0.053009553659939784,0.26361149002916506,0.2664215028083911,-1.3866638326090839,-0.026958279117512068,1.233303882108436,0.0,0.4879932175703127,0.014411891894462542,0.25254927228908913,0.19994089111411825,0.4932608944463372,0.7743963077305357,0.0,2.0632869963607105e-08,1.8551567281348015e-13,1.859413881364153e-13,-1.328159849765684e-06,1.993503013267403e-09,1.2365622731860533e-06,0.0,-1.3606866100827973e-07,6.544806085138248e-11,6.546657553189107e-11,-2.0341230310462156e-05,2.023067564435502e-09,1.941449673765525e-05,0.0
sigmoid,1.0,35,9,0.056811564799426714,0.0,0.0,3.835101548807797e-12,0.012214607833615911,0.004822172531636744,0.21675110887685511,0.21677436222478,-1.1187560149485676,0.0419741347391855,1.284078219854576,0.0,0.5010398388642598,0.012214607837451019,0.26325552796657453,0.24624210290424398,0.5104919438654321,0.7831431799808165,0.0,1.209022174405283e-07,4.326346106891433e-12,4.3409634530734704e-12,-5.543465434480675e-06,2.443695861583478e-10,6.797793192878185e-06,0.0,-1.8883140433561562e-07,1.27514315674516e-09,1.2751788140444235e-09,-8.701509580988767e-05,-6.611182271401682e-07,8.725395553958637e-05,0.0
sigmoid,1.0,35,10,0.055778329901750245,0.0,0.0,1.9310194604369612e-13,0.014054224593482776,-0.09578369347164231,0.2581352936241871,0.26730980955925665,-1.017170150264214,-0.11686641251173326,1.6601654012152895,0.0,0.4757915045370907,0.01405422459367587,0.24043178038334423,0.26557898735963553,0.4708175726869448,0.8402602049519405,0.0,5.746690517854861e-07,8.877074608956607e-11,8.910099060864608e-11,-2.4267730878258434e-05,1.1214558039150706e-07,3.244807099263685e-05,0.0,-2.689101915240018e-07,2.2253483970120148e-08,2.2253556282811254e-08,-0.00035110538513218867,-2.2325634209894525e-06,0.0003500096512901627,0.0
sigmoid,1.0,35,11,0.056298048608000945,0.0,0.0,9.295392292687616e-15,0.013094304674122283,-0.06193689460827931,0.2325124805516819,0.23634865946539896,-1.1265167068670738,-0.14906644051805967,1.2059895207708895,0.0,0.48495347087323115,0.013094304674131578,0.2482741735861254,0.24480450303895446,0.4628023685112854,0.7695885718383,0.0,1.6708696888222739e-06,2.4489774215110646e-09,2.4517692270280896e-09,-0.00013770174001346893,7.315288749963677e-07,0.00015415063996792992,0.0,-1.6338359956084567e-06,3.8904377235452084e-07,3.8904644177458147e-07,-0.0014482360484273217,-4.929061329189311e-07,0.001455104106594163,0.0
sigmoid,1.0,35,12,0.05555897962028064,0.0,0.0,5.219004112430095e-16,0.014688978586009087,0.06286460738645318,0.2599610728429229,0.2639130317047758,-1.0600318474733692,0.1067399269943238,1.088195663607256,0.0,0.5146788930074336,0.01468897858600961,0.2795833414933669,0.25730336865081654,0.5266595597892403,0.7480418010513712,0.0,8.332407028827537e-06,4.5554834497111414e-08,4.562426350400546e-08,-0.0006360396435368132,6.8943734614593474e-06,0.0006445436008498719,0.0,4.920150609394221e-05,6.784096100170232e-06,6.786516888372144e-06,-0.0060270723987665585,3.674949364393814e-05,0.006152456360437685,0.0
sigmoid,1.0,36,1,0.045430331387627886,0.0001220703125,0.0,0.0420169144602016,5.510062193329774e-06,-4.336808689942018e-19,0.9889113507430094,0.9889113507430094,-2.418719357287919,-0.012508030744798507,2.387026326804002,0.0,0.4996822282417607,0.042022424522394936,0.2917047537430459,0.08175652586264276,0.4968730331300171,0.9158322704804331,0.0,-7.146435331551271e-12,9.943711111363232e-22,1.0454426490843676e-21,-1.1444399465960006e-10,-1.5220691432173568e-12,6.84111882093395e-11,0.0,-6.077923531622964e-12,8.353560722922297e-20,8.357254838367923e-20,-7.645271382080194e-10,-2.714064522022266e-12,7.424751308484911e-10,0.0
sigmoid,1.0,36,2,0.05491676463164803,0.0,0.0,0.002150614145936687,0.014072914640767332,-0.11386520241025047,0.306773196064047,0.31973848038397434,-1.7205431355722713,-0.06626817480537898,1.1331748700558433,0.0,0.474491153723386,0.016223528786704022,0.24136538374845395,0.15180122615919225,0.48343901644552734,0.7564241801817565,0.0,1.685319480695464e-11,1.6738508375170072e-20,1.7022538550371235e-20,-3.0389452308351906e-10,9.527091430477697e-13,4.5838902384843116e-10,0.0,-1.936344041508779e-13,1.6309565550080344e-18,1.6309565925023167e-18,-3.1987705577628145e-09,-1.5338343499389074e-11,3.251580365246268e-09,0.0
sigmoid,1.0,36,3,0.055029201674891705,0.0,0.0,0.00012130890541466246,0.016522326147039464,-0.013197196336468327,0.31789963986788267,0.31807380585902595,-1.8147448223319065,0.005517880533616713,1.5601794222688232,0.0,0.49716852134239864,0.01664363505245412,0.2638201736662413,0.1400656511486562,0.5013794666327205,0.8263790971119106,0.0,-5.5230494602824125e-12,3.698037185731374e-19,3.6983422264847813e-19,-1.7764774225790856e-09,8.308508193618166e-12,1.6698770695479096e-09,0.0,-8.088998503120733e-11,3.048520086764175e-17,3.04917440573201e-17,-1.3721003736693201e-08,-1.2204947599231088e-10,1.3785378476537527e-08,0.0
sigmoid,1.0,36,4,0.05576525683543013,0.0,0.0,6.690129860719292e-06,0.01414775392117483,-0.06041648138874614,0.24947056754419045,0.2531207187675871,-1.0940363841783334,-0.21254593569311808,1.0817299572817,0.0,0.48452924956774013,0.014154444051035553,0.24892303773771296,0.25085896370744054,0.4470626566552101,0.7468212212852242,0.0,-8.772494293098646e-11,7.368288077217053e-18,7.375983742829297e-18,-9.018336246863361e-09,-1.7910992137608555e-11,6.890166024713988e-09,0.0,-4.798892722066569e-10,5.657371185162679e-16,5.65967412229847e-16,-6.221762018520544e-08,-2.9164820302825473e-10,5.893188639487147e-08,0.0
sigmoid,1.0,36,5,0.05594382813097529,0.0,0.0,4.206079704473847e-07,0.014176126947273576,0.010528110132155228,0.2550152600512327,0.2551261011541875,-1.390301197536214,0.07702734042295681,1.1860396258058532,0.0,0.5031555160271389,0.014176547555244026,0.26734202086378056,0.19935967679204045,0.5192457193156372,0.7660320063095871,0.0,-3.722502297812137e-10,1.2225962877893685e-16,1.2239819901250905e-16,-3.3234516529898515e-08,2.0539431490816495e-10,2.934794426474758e-08,0.0,-1.2457493772476596e-09,9.583325380418736e-15,9.584877271929651e-15,-2.469562930327284e-07,-1.9694948359772594e-09,2.4139459523638086e-07,0.0
sigmoid,1.0,36,6,0.05593623561408406,0.0,0.0,2.2050540801835013e-08,0.013687172986488479,-0.079744590977061,0.24166570060883308,0.24802490039893188,-1.172810230928253,-0.1390168338797375,1.054606891967875,0.0,0.48093437313569626,0.013687195037029289,0.2449850663004544,0.23634739751746375,0.4653032493684899,0.7416585671410677,0.0,-1.4612106410159146e-09,1.9065056867815413e-15,1.9086408233189595e-15,-1.34725641621628e-07,4.52501494902579e-10,1.2313145513857703e-07,0.0,-7.401307977373104e-09,1.7425505988695198e-13,1.7430983924672792e-13,-1.0261961805583795e-06,-4.752082727541848e-09,1.0089328125371224e-06,0.0
sigmoid,1.0,36,7,0.053990797083340085,0.0,0.0,1.1453038882895306e-09,0.018974556959401444,-0.05007775570489542,0.3611880548916744,0.3636958365081136,-1.7042858164542558,-0.007333482238869607,1.2055347065639728,0.0,0.48983539800401166,0.018974558104705337,0.25891327524245383,0.15390634138894368,0.4981666756877256,0.7695079133824628,0.0,-4.333183018340738e-08,3.8878348052413624e-14,4.0755995559457285e-14,-7.476373335921115e-07,-1.488235800065496e-08,4.0835570700960226e-07,0.0,1.272581905170237e-08,2.986887055981845e-12,2.987049002452382e-12,-4.113309062960085e-06,8.206838683282473e-09,4.3601779120377045e-06,0.0
sigmoid,1.0,36,8,0.05466506560083709,0.0,0.0,7.087814353944996e-11,0.01714175332734639,-0.0015744559663550374,0.31274747466451835,0.3127499535761083,-1.2572048453130886,-0.019119699633104496,1.286154873254366,0.0,0.4992524152287071,0.017141753398224532,0.26639472750992194,0.2214554377878711,0.4952202482376947,0.7834956505264214,0.0,-6.903572506826969e-09,8.880415714646915e-13,8.880892307780483e-13,-2.638427249095171e-06,-1.0166703373874029e-08,2.895371223416218e-06,0.0,-3.619153643506005e-08,5.885181415380756e-11,5.885312398111708e-11,-1.8220034402334404e-05,-1.2661329331936957e-07,1.9233507380336408e-05,0.0
sigmoid,1.0,36,9,0.05540577217685594,0.0,0.0,3.384816495441669e-12,0.01509529866917467,0.09785349433061183,0.282213350680295,0.2917886570330061,-1.753688782706593,0.06463371510980058,1.1232535856829235,0.0,0.5234696750382015,0.015095298672559487,0.2891157993571598,0.1475825385108736,0.5161528008419313,0.7545917243430206,0.0,-4.862009029733715e-07,1.6049346783479335e-11,1.628573810153146e-11,-1.2375932744246462e-05,-1.4047566217614049e-07,1.1915741868604622e-05,0.0,3.662172917356126e-07,1.0940115906580318e-09,1.094145705762798e-09,-7.809050839975116e-05,1.0506911442482836e-07,8.168551079374548e-05,0.0
sigmoid,1.0,36,10,0.05476376241486733,0.0,0.0,1.986488739896709e-13,0.01708549576250189,0.052527284117433355,0.32163267184447664,0.3243917874212302,-1.3551264469240711,0.05490202304900345,1.438520369504334,0.0,0.5126712808602505,0.01708549576270053,0.27991733798159035,0.20503352413232084,0.5137220441363894,0.8082254176006948,0.0,1.3122190726121728e-06,2.8777058989283826e-10,2.8949250878736544e-10,-4.728395120726195e-05,8.053391169986268e-07,5.6080373729989344e-05,0.0,8.821952481070318e-07,1.9393062850101867e-08,1.9393841118557647e-08,-0.0003339401109664919,-5.240432930185424e-07,0.0003335788115828056,0.0
sigmoid,1.0,36,11,0.054124842008366245,0.0,0.0,1.0673314089970833e-14,0.018693677947131684,0.0041445426940259576,0.35529782772650687,0.3553150049606495,-1.322879460048956,-0.05596656658768146,1.789716894138583,0.0,0.4992796072518648,0.01869367794714235,0.2679738041647187,0.21033962527416852,0.48601334430460974,0.8568925634073795,0.0,-2.245663115453795e-06,4.245440769618698e-09,4.2504837724468086e-09,-0.00018439300096523398,-9.380206173713662e-07,0.0001868878505413103,0.0,1.5625406486810083e-06,3.551864968112432e-07,3.55188938344522e-07,-0.0014050643946733846,-7.218360063746212e-07,0.001408392621625338,0.0
sigmoid,1.0,36,12,0.05365948036624556,0.0,0.0,6.290687271183849e-16,0.019487631401925474,0.09334955981636592,0.3782328798725866,0.38694702019049587,-1.6926860248851872,0.11725475774366961,1.8098843181191118,0.0,0.5213007533662652,0.01948763140192611,0.2912421068621618,0.15542292823497456,0.5292787734802709,0.8593478924831814,0.0,4.382075132535325e-05,8.263941694636846e-08,8.455967519308691e-08,-0.0007781644303975467,2.0589589945417803e-05,0.0008834642122297621,0.0,-1.869660354366185e-05,6.61383909781817e-06,6.6141886608022385e-06,-0.006090051541944171,-3.5995566040611806e-05,0.006082994115614054,0.0
sigmoid,1.0,37,1,0.04576154881138403,0.0,0.0,0.04124356816148446,3.7999324628304337e-06,-2.168404344971009e-18,0.9690457479631549,0.9690457479631549,-2.417645213118484,-0.002161258809237392,2.402050738186324,0.0,0.5000345748381078,0.04124736809394729,0.29128194412747443,0.08183703357284826,0.4994596855116664,0.9169834898631526,0.0,-5.575803066532948e-13,6.374957438969022e-22,6.3780663969526975e-22,-7.718664502369568e-11,-4.51944325604919e-14,7.774706369861451e-11,0.0,7.238463010406509e-12,1.218061331060604e-19,1.2185852845281341e-19,-8.774955577186741e-10,3.4428547668092826e-12,8.892624247198329e-10,0.0
sigmoid,1.0,37,2,0.05572157677808337,0.0,0.0,0.0022382670512503307,0.012590994542319527,0.017221308699771565,0.27289741467914563,0.27319398815247853,-1.3494182166320066,0.05410724820903751,1.304079217224024,0.0,0.5047018988905285,0.014829261593569863,0.2695532683372751,0.2059655031435224,0.5135235129328533,0.7865205820432009,0.0,4.06477167045548e-12,1.3335241331879912e-20,1.335176370061285e-20,-3.4265806422692196e-10,1.5492688199044425e-13,3.5792389035679495e-10,0.0,-6.037148428865258e-11,2.476792403152206e-18,2.480437119267421e-18,-4.064164079348176e-09,-4.4701062159729743e-11,3.927275386407758e-09,0.0
sigmoid,1.0,37,3,0.05725670138251927,0.0,0.0,0.00012467259459950477,0.010983535292384449,-0.06510567430850814,0.19893139272994556,0.20317014155711105,-1.3530115601515769,0.0009679820340593641,0.8629012670489469,0.0,0.48530187298167754,0.01110820788698395,0.24662611580650823,0.2053784557161016,0.500241995488414,0.7032664528870849,0.0,2.0147799782449375e-12,2.5199148891333343e-19,2.5199554825169413e-19,-1.653479545846524e-09,2.0611921812091114e-12,1.5888867585549348e-09,0.0,8.980894526463296e-11,5.001637454876351e-17,5.002444019541306e-17,-1.8283484424081164e-08,1.725015776430781e-11,1.7930686933351374e-08,0.0
sigmoid,1.0,37,4,0.05552018168195126,0.0,0.0,7.039046659407571e-06,0.014836714882441367,-0.05579506827716982,0.26462217758387724,0.2677352672279313,-1.1767100702158337,-0.15142571503346325,1.3038853772651082,0.0,0.48656923567262494,0.01484375392910078,0.2515933750321432,0.2356442499995784,0.46221574229688456,0.7864881593343992,0.0,1.7101080623593654e-11,4.101073064399381e-18,4.1013655113578755e-18,-5.96771198017948e-09,-1.3486804915130792e-12,6.466139418558454e-09,0.0,-1.831565299268409e-10,8.611833215834558e-16,8.612168678979106e-16,-7.621596470020192e-08,8.54315904805691e-11,7.524769378803727e-08,0.0
sigmoid,1.0,37,5,0.05644473514798855,0.0,0.0,3.897309336769328e-07,0.012891669513998534,-0.02264377563209359,0.22648349556640143,0.22699623614127806,-1.2245987301306998,0.03287600716029904,1.1120095543529673,0.0,0.4947439684897206,0.012892059244932209,0.2576636536018898,0.227128172213223,0.508218261586654,0.7525035646392245,0.0,-2.368536082738797e-10,5.5348627987213514e-17,5.540472761896587e-17,-2.3392450640917028e-08,-2.609501268566022e-11,2.1025003339432055e-08,0.0,6.370351605097152e-10,1.5590759504661245e-14,1.5591165318456967e-14,-3.2250249091670804e-07,4.521087710405902e-10,3.300746748130607e-07,0.0
sigmoid,1.0,37,6,0.05608561640042887,0.0,0.0,2.1574320696675534e-08,0.013693054679667353,0.019796224397046376,0.24096746109847034,0.24135935159884858,-0.8452921713787329,0.052467605337305226,1.3048975989234621,0.0,0.504190965410988,0.013693076253988053,0.26790160585605205,0.300421363576501,0.5131137417566736,0.786658087007551,0.0,7.492424787177761e-10,8.830495285764647e-16,8.836108928683798e-16,-8.566111191704456e-08,1.1152779632154376e-10,9.534292186107101e-08,0.0,-2.3993835219735777e-09,2.5850614761728764e-13,2.585119046585732e-13,-1.2817256350215084e-06,7.955463960559643e-10,1.2854777962310394e-06,0.0
sigmoid,1.0,37,7,0.056584121153670675,0.0,0.0,1.4045805143391423e-09,0.012245450393842248,-0.10492903637708455,0.22149887354429154,0.2325089762193151,-1.5298662509638452,-0.03441554257106004,1.0007826913763829,0.0,0.4756226603024549,0.012245451798422763,0.23846236679160723,0.17801325570916174,0.49139760618439154,0.7312124372618247,0.0,-1.2893297927137248e-09,1.763699057369662e-14,1.7638652945010997e-14,-4.236216606148724e-07,7.458534059474557e-13,3.940316329366551e-07,0.0,-5.189560369137426e-09,4.127961412846049e-12,4.127988344382874e-12,-4.966421583895852e-06,-2.30592423653454e-08,4.957430691058174e-06,0.0
sigmoid,1.0,37,8,0.056301577287925855,0.0,0.0,8.143821746358692e-11,0.013493004694855783,-0.027552608104712124,0.24593984331537627,0.24669898952874814,-1.3605995059471216,0.002371137209542039,1.333510961683717,0.0,0.49362362466836085,0.013493004776294004,0.25715728760702483,0.20414288413600595,0.500592766501003,0.7914207959998284,0.0,4.649485014352781e-09,2.6193775412671714e-13,2.619593718376158e-13,-1.4817424671552649e-06,-3.231580002754225e-10,1.5483728332234442e-06,0.0,-2.0572909723184173e-08,7.058564608375327e-11,7.058606932836773e-11,-2.05377694267904e-05,4.208221159723368e-08,2.0376159107100385e-05,0.0
sigmoid,1.0,37,9,0.05553082384392924,0.0,0.0,5.219334978630736e-12,0.015012409119921383,-0.04262626663901092,0.27056156649298385,0.2723785651005639,-1.5109173688887567,-0.07814509109730841,1.0467366823723778,0.0,0.4906145111994338,0.015012409125140722,0.2557150077246001,0.1808028789232999,0.4804750426730437,0.7401477604243192,0.0,-3.620158774953431e-08,3.887693533108809e-12,3.889004088064396e-12,-5.83498003950937e-06,-6.66364855628049e-09,5.696025287831938e-06,0.0,1.0265612763217608e-07,1.1758276426428312e-09,1.1758381809233717e-09,-8.072291016396244e-05,9.294071396860876e-09,8.402305656777162e-05,0.0
sigmoid,1.0,37,10,0.056441852211437965,0.0,0.0,3.001504586749328e-13,0.01300118737800078,0.035583673023442675,0.23314226476999367,0.23440846255583297,-1.2340487026480431,-0.0024923434492521894,1.3197746832308395,0.0,0.5087577125239418,0.013001187378300935,0.2718355974308947,0.22547359375102144,0.4993769174632765,0.7891442172409328,0.0,-9.81213138084394e-08,6.317210827149539e-11,6.318173606371888e-11,-2.4225880553593277e-05,-3.613057211531824e-10,2.3251514761213193e-05,0.0,-9.771837004208044e-07,2.091189337217187e-08,2.0912848260156238e-08,-0.0003462413526308595,-1.8235173241607234e-06,0.00034722021481849266,0.0
sigmoid,1.0,37,11,0.0552715988561437,0.0,0.0,1.6938057890149886e-14,0.014574578205165646,0.14249674815653077,0.2626110968372918,0.2829164200724775,-1.1313734456648203,0.12218624342466652,1.2369086709463413,0.0,0.533502814351954,0.014574578205182591,0.2991998311266381,0.2439077254440119,0.5305051596744903,0.7750254653643878,0.0,-4.7346019195589545e-08,1.20432122261847e-09,1.2043234642640037e-09,-9.642444311352281e-05,-4.7020566878066853e-08,0.00010069648303736783,0.0,3.071094937564622e-06,3.6198236127165326e-07,3.619917928957688e-07,-0.0014002112572635936,6.279474097988173e-06,0.00140956117747671,0.0
sigmoid,1.0,37,12,0.05631406807161839,0.0,0.0,9.97833347239762e-16,0.012497594531287213,-0.10998135889502958,0.21975113702145394,0.23184703632585124,-1.0591230115052215,-0.14077066624470896,1.0080713658012708,0.0,0.4733960870180991,0.012497594531288212,0.2366014497353359,0.25747708400501235,0.4648653441391515,0.7326425428376875,0.0,2.0309099613681874e-06,2.8283522731836516e-08,2.8287647327107698e-08,-0.0004965085138215949,-1.1551874362792547e-07,0.0005111698678254885,0.0,1.083687803756706e-05,6.768124604174332e-06,6.768242042099932e-06,-0.0060890136753938605,-9.13059311290793e-06,0.005943112171241357,0.0
sigmoid,1.4142135623730951,35,1,0.03752012433907369,0.0028076171875,0.0,0.06710539628238842,1.7912027688971403e-05,9.974659986866641e-18,2.0120125140251233,2.0120125140251233,-3.4126316747421295,0.010312872795206155,3.302312532526995,0.0,0.5000102028103737,0.06712330831007737,0.31713351122454836,0.031903030122351114,0.5025781953484111,0.964507984720172,0.0,-1.517794236119788e-11,1.9491521807374206e-19,1.9514558800806192e-19,-1.397961967015446e-09,-5.792929397927633e-12,1.3880772162929448e-09,0.0,-5.830494700817221e-11,3.9515679926423955e-17,3.951907939326958e-17,-1.689770953629802e-08,6.037636079874103e-12,1.6594276019626936e-08,0.0
sigmoid,1.4142135623730951,35,2,0.04909361076672471,0.0,0.0,0.006262284151604877,0.024257131029934823,0.2238852722247313,0.7365463009113671,0.786670916030509,-1.7536005113529958,0.1688065869408808,3.2018278259620905,0.0,0.5448271697102496,0.030519415181539705,0.3273560600360208,0.14759364682276474,0.5421017177248548,0.9609029594438886,0.0,-8.687953767729807e-11,2.0278298551273434e-18,2.0353779091943644e-18,-4.47875983767099e-09,-4.6498647334964116e-11,4.13253734653083e-09,0.0,5.211848649186288e-11,5.626665673175798e-16,5.626692836542139e-16,-5.930841422897028e-08,-2.2843825058916787e-10,6.242033530224844e-08,0.0
sigmoid,1.4142135623730951,35,3,0.04496374967030366,0.0,0.0,0.000528611741645105,0.040747332204409736,-0.13387388021838736,0.8810926699168719,0.8990148857215989,-2.2310175317112777,-0.12579102434969613,1.549723069461923,0.0,0.4739414638277253,0.04127594394605484,0.2658964550812219,0.09699948627099134,0.468593646450126,0.8248737289268785,0.0,-7.049104030956893e-12,2.6978657634143277e-17,2.6978707324010914e-17,-1.5359963127111837e-08,-6.946196736977286e-11,1.700344562582722e-08,0.0,1.2901061076072883e-10,5.947289785268994e-15,5.947306429006682e-15,-1.975275546134723e-07,-1.7615693967723193e-10,1.999146351092972e-07,0.0
sigmoid,1.4142135623730951,35,4,0.05094168492345953,0.0,0.0,5.466285270629026e-05,0.02533052776791054,-0.14608566803800627,0.4977628112501856,0.5191038336562961,-1.6549244389403517,-0.18129807465046777,1.2767512579870934,0.0,0.467720610081931,0.02538519062061683,0.2441477597160306,0.1604445080624268,0.4547992222548507,0.7818962608646203,0.0,-1.6949387297071699e-09,2.562289581444572e-16,2.591017754419186e-16,-5.628184084295101e-08,-2.938142919910174e-10,3.661420718367285e-08,0.0,7.917129919783166e-10,7.229988886034193e-14,7.23005156698036e-14,-6.823174014573263e-07,2.267382404484141e-09,6.86385301437213e-07,0.0
sigmoid,1.4142135623730951,35,5,0.05311620997154516,0.0,0.0,5.288143406864538e-06,0.020843297280482412,0.004722130390253699,0.3911907735602435,0.3912130720756661,-1.514591682994077,0.08703454907979231,1.2631494286601925,0.0,0.5030083116915813,0.020848585423889267,0.27386594705470446,0.18025930268820808,0.5217449123035824,0.7795677877846141,0.0,-4.748788442209388e-09,2.4264409697789137e-15,2.4489919614477744e-15,-1.5682406849077794e-07,-2.014401150961891e-09,1.2517944278764773e-07,0.0,5.332092783559372e-09,7.312821140068816e-13,7.313105452203342e-13,-2.134496980454011e-06,-2.4376543532293784e-09,2.254917726468307e-06,0.0
sigmoid,1.4142135623730951,35,6,0.05040103563324149,0.0,0.0,5.294761525115173e-07,0.02701269174361698,0.12307451212430623,0.5259046535276775,0.5410519890623133,-1.2229830627171812,0.06637513408524656,1.588383279090707,0.0,0.5252707421130348,0.027013221219769495,0.30292257373974785,0.22741191304753725,0.5165876439489958,0.8303885201182203,0.0,1.466322065507211e-09,2.0485694704323707e-14,2.0487844804723503e-14,-4.243361200164215e-07,-1.3026812472497037e-09,4.4301132698726215e-07,0.0,1.2853611111859464e-08,6.64139125825132e-12,6.641556473569936e-12,-6.338727511927931e-06,-1.3489525766263443e-08,6.461750193065176e-06,0.0
sigmoid,1.4142135623730951,35,7,0.04929312935479206,0.0,0.0,5.178048511133236e-08,0.029954738684239066,-0.0911330783702857,0.5985595935347596,0.6068648315080043,-1.6504113299959415,-0.17773179512691595,1.6066970811945476,0.0,0.4772808061893272,0.029954790464724164,0.25775175842145825,0.16105336490383462,0.455683770062271,0.8329523144621293,0.0,1.0067162800074604e-08,2.094449907656319e-13,2.095463385324751e-13,-1.1660693251226853e-06,-7.26881395427162e-09,1.5606623160102025e-06,0.0,-6.231723248701177e-08,6.320733438131572e-11,6.321121781878055e-11,-2.0130662122889542e-05,-4.261723371517593e-08,1.987870663961885e-05,0.0
sigmoid,1.4142135623730951,35,8,0.05152597139320725,0.0,0.0,5.72529506158512e-09,0.025417630627762068,-0.07543561563346668,0.5249899104709801,0.5306804425769802,-2.0423342487206617,-0.018060955540202817,1.7819064713762898,0.0,0.4844619242722976,0.025417636353057126,0.26012099242267456,0.11482925743600919,0.49548489909968135,0.8559321168973517,0.0,6.58692348891512e-08,2.228534636136177e-12,2.232873392241059e-12,-4.806070460089579e-06,2.9155226748719955e-08,4.245214962889236e-06,0.0,-3.8965628885691855e-07,6.804889129121135e-10,6.806407449355593e-10,-6.635631375929558e-05,-1.1968830324818885e-07,6.43013912851918e-05,0.0
sigmoid,1.4142135623730951,35,9,0.052541763281978446,0.0,0.0,6.609798560862857e-10,0.022674156112711764,0.00787762553797843,0.4449274787806674,0.44498953576478406,-1.6472239083337643,0.029258716286523243,1.824612198314222,0.0,0.5014369034187189,0.02267415677369163,0.2741131248838453,0.16148449936692416,0.5073139792055466,0.8611186344516211,0.0,2.939798748807873e-07,2.7881226286409463e-11,2.7967650453244384e-11,-1.4115140255489937e-05,1.3822543259664894e-10,1.713008532562353e-05,0.0,-3.4350081899839633e-07,7.141156231861228e-09,7.141274224673881e-09,-0.00020921908263355055,-1.2725054904815258e-06,0.00020698034285814964,0.0
sigmoid,1.4142135623730951,35,10,0.05068483500945721,0.0,0.0,5.838802048081571e-11,0.02624223928971127,-0.13061695282033506,0.5471352210683524,0.5641960094324222,-1.5091755179701019,-0.16848977700804535,2.488119238399462,0.0,0.4669226856542264,0.026242239348099293,0.2442590337266548,0.18106101348907314,0.45797815308372686,0.9233047260583541,0.0,1.0376779132360546e-06,2.914862042195236e-10,2.9256297967114154e-10,-4.1859872296949645e-05,1.0198805376924736e-07,5.79046320291798e-05,0.0,-1.0294323439154605e-06,6.774249270360389e-08,6.77435524345546e-08,-0.0006261158855180846,-3.3596010904301597e-06,0.0006214365586186041,0.0
sigmoid,1.4142135623730951,35,11,0.051738097450468326,0.0,0.0,5.261498710342538e-12,0.023662002491327605,-0.09559026370373697,0.4530617319050524,0.46219923042000244,-1.5258628294935979,-0.18199141993000095,1.6340800928659287,0.0,0.477245041392944,0.023662002496589098,0.2514248320307419,0.17859980981356907,0.4546286917647336,0.8367278042361844,0.0,1.5710608182494745e-06,4.30534853985268e-09,4.307816771947318e-09,-0.0001828208027269205,7.986478182914792e-07,0.00020871929226645833,0.0,-1.2215743452717895e-06,6.497813377607928e-07,6.497828300046738e-07,-0.0019092694485668587,3.2144054996223496e-06,0.0019192934041650743,0.0
sigmoid,1.4142135623730951,35,12,0.05048749996242725,0.0,0.0,5.577382331776445e-13,0.026968842292502244,0.08440819073292781,0.5228023137059166,0.5299270563687228,-1.4256411827839641,0.08463054055417903,1.5603964731304316,0.0,0.5182300385305636,0.02696884229305998,0.2955312151284493,0.1937787471025137,0.5211449247700151,0.8264102369327959,0.0,7.276239027329654e-06,4.371133841612843e-08,4.376428207051126e-08,-0.0006410628913453036,9.06197492728622e-06,0.0006036834016503036,0.0,4.8403256218321716e-05,6.166195465502351e-06,6.168538340714887e-06,-0.005803325433057211,3.3701509409863204e-05,0.0058651759250769745,0.0
sigmoid,1.4142135623730951,36,1,0.0378382581724942,0.0030517578125,0.0,0.06613956977894384,1.8513945365374318e-05,8.673617379884035e-19,1.977822701486019,1.977822701486019,-3.4205857186509103,-0.017689026717873608,3.3757650051078514,0.0,0.49931894161166335,0.06615808372430923,0.31547748917650087,0.031658433106227124,0.49557785876441507,0.9669381511653253,0.0,-1.2719034071179338e-10,5.425966613091655e-19,5.587740440795476e-19,-2.6731247049225066e-09,-1.8523575101788985e-11,1.7180358019789298e-09,0.0,-1.7669907689060358e-10,4.607576400655245e-17,4.610698657032645e-17,-1.854539366045908e-08,-1.2125335714183791e-10,1.7536580779305634e-08,0.0
sigmoid,1.4142135623730951,36,2,0.049291260171589434,0.0,0.0,0.00609346239055065,0.024258729255795818,-0.1609288762224294,0.6579724769095923,0.6838705801118063,-2.4645241285343364,-0.1004289535800778,1.6539976832264696,0.0,0.4671157642565779,0.03035219164634647,0.24854932886335332,0.07838296545941235,0.4749138429648109,0.8394306156093243,0.0,2.678308669239842e-10,5.2768353252156706e-18,5.348568698492924e-18,-5.883958840548044e-09,4.782927758398815e-11,8.093743739066437e-09,0.0,1.5629753955601942e-11,5.399816827842361e-16,5.399819270734449e-16,-5.9351505676132693e-08,-2.45608968612523e-10,5.9550401449528246e-08,0.0
sigmoid,1.4142135623730951,36,3,0.0498688977961113,0.0,0.0,0.0006164372537769004,0.029212684391119334,-0.01923273141962327,0.6486448421631696,0.6490147401210291,-2.525888383250055,0.0012927238235760704,2.170248804115689,0.0,0.4961352606323781,0.02982912164489624,0.275979318487654,0.0740631739520153,0.5003231808989244,0.8975458324784558,0.0,1.311707557367032e-10,6.313486169726694e-17,6.31520674644275e-17,-2.2489947576387833e-08,7.55383568838847e-11,2.284845520183904e-08,0.0,-9.462085995609288e-10,5.548964757406704e-15,5.549860068120587e-15,-1.9049802698102597e-07,-1.4444872016229068e-09,1.9025859845364732e-07,0.0
sigmoid,1.4142135623730951,36,4,0.05034324271283189,0.0,0.0,6.133958893791253e-05,0.02685809033663055,-0.09416853058206742,0.5221872698368046,0.5310549819887904,-1.5960169933787185,-0.31182839044439326,1.5575109109278444,0.0,0.47547508946300465,0.026919429925568443,0.2529959906254207,0.16853903234170753,0.4226685123577808,0.8259958917877032,0.0,-6.70241384038783e-10,6.18728477117565e-16,6.191777006304434e-16,-8.308646738029136e-08,4.92592398713815e-10,6.408674328240059e-08,0.0,-4.096386787229527e-09,5.747289032129987e-14,5.748967070601047e-14,-6.333064071301188e-07,-4.088082675942171e-09,6.087545189260497e-07,0.0
sigmoid,1.4142135623730951,36,5,0.05101150506122042,0.0,0.0,7.1160925984370215e-06,0.026137213999071235,0.004357041569427453,0.5136575377651651,0.5136765215764028,-1.8782874114542643,0.11132022879869061,1.6784840646435861,0.0,0.5023738644746214,0.02614433009166967,0.278523829798835,0.13258570892828342,0.5278013531489728,0.8427036919222646,0.0,-1.6028825965145903e-09,5.897789673331875e-15,5.900358905950083e-15,-2.3085863182071664e-07,5.760118756591196e-10,2.0688103875870977e-07,0.0,-9.754498240682236e-09,5.240101137802224e-13,5.241052640161499e-13,-1.8601827853468612e-06,-7.076243025520225e-09,1.8081008813500129e-06,0.0
sigmoid,1.4142135623730951,36,6,0.0505955331291591,0.0,0.0,6.853492670456113e-07,0.02624372631495067,-0.11562603173660654,0.5087898538135838,0.5221592330287386,-1.729900969154493,-0.20139113276600332,1.5094405585288526,0.0,0.473443281296571,0.026244411664217725,0.2503929522690817,0.1506002473216152,0.44982169820046497,0.8189782828522538,0.0,-6.116106902542754e-09,4.9955189979617706e-14,4.9992596743261043e-14,-6.949559714599622e-07,-2.0572068075465958e-12,6.1826079968076e-07,0.0,-4.557599950042289e-08,5.223164460065419e-12,5.2252416317958814e-12,-5.779397425084817e-06,-2.3275010608096002e-08,5.689301983325823e-06,0.0
sigmoid,1.4142135623730951,36,7,0.048584940207865634,0.0,0.0,6.469592542771399e-08,0.03363387320065672,-0.06387586859495406,0.7450419649188806,0.7491220915076404,-2.4869826022579358,-0.040652945474933644,1.6479188851116542,0.0,0.4896594988207525,0.033633937896582145,0.27340036268197265,0.07677580143026606,0.4898381630995312,0.8386095833935009,0.0,-1.7027977549187435e-07,5.574022031516071e-13,5.863974050931701e-13,-2.96526943249592e-06,-6.630442145012889e-08,1.5069050495157157e-06,0.0,6.826197915008144e-08,4.8979384797791746e-11,4.898404449558923e-11,-1.6785392708745144e-05,3.007335951152509e-08,1.8212717747676117e-05,0.0
sigmoid,1.4142135623730951,36,8,0.04875498354800064,0.0,0.0,7.1540947010591e-09,0.03235889074321226,-0.006984407729593073,0.671356485221489,0.6714052671728221,-1.838870368043517,-0.0023081503102497063,1.8940974488595326,0.0,0.497778904330202,0.032358897897306976,0.2801427354934834,0.13718494693823863,0.49942298321119566,0.8692220135642795,0.0,8.662764029786654e-09,7.608099643756683e-12,7.60817468723732e-12,-7.762102582116915e-06,-1.60297812326675e-08,8.216202440611231e-06,0.0,-7.835588010319122e-08,5.464522521382195e-10,5.464583917821663e-10,-5.7243935572602124e-05,-2.568250581985767e-07,5.8085152870887224e-05,0.0
sigmoid,1.4142135623730951,36,9,0.04992924925184767,0.0,0.0,6.172000868283458e-10,0.028526854733321935,0.1526079092705412,0.6161706589677309,0.6394598329396566,-2.6248823996181594,0.12811648700511388,1.6263767283466364,0.0,0.5346222996972838,0.02852685535052202,0.31434785868413434,0.06755409847475057,0.5319826610721126,0.8356726821207839,0.0,-1.0712268948920273e-06,7.9580924163262e-11,8.072845122360201e-11,-2.8078631071331322e-05,-2.806575604165745e-07,2.654715795676693e-05,0.0,5.923811667175584e-07,5.616133547131815e-09,5.616484462578496e-09,-0.00018166829989642994,-1.2278600357897048e-07,0.00018482047380207983,0.0
sigmoid,1.4142135623730951,36,10,0.04893991945427825,0.0,0.0,6.53074966714747e-11,0.03241712851049147,0.06708733211455212,0.7081162200860541,0.7126169302163023,-2.0542801487575577,0.03937133956411866,2.175491297556846,0.0,0.5160231816841614,0.03241712857579897,0.298697052611244,0.11362060997217684,0.50984154224026,0.8980269299686143,0.0,2.063388819809943e-06,7.914625740059804e-10,7.957201474276971e-10,-7.869424060068234e-05,2.6343457582260933e-07,9.519743116726634e-05,0.0,2.034271429704841e-06,5.447209064448799e-08,5.44762289047377e-08,-0.0005618901338569255,1.6466247018310204e-06,0.0005749426033989446,0.0
sigmoid,1.4142135623730951,36,11,0.04794858116196686,0.0,0.0,6.355071592375623e-12,0.03489574910515123,0.009727712472541445,0.7682255027866463,0.7683201311765946,-1.981747833883353,-0.07825609158493141,2.5846042523413755,0.0,0.49878891415221394,0.03489574911150631,0.28368612999265097,0.12113264107627625,0.4804459606758087,0.9298641387641188,0.0,-1.9722976823439746e-06,6.420262683244622e-09,6.424152641392401e-09,-0.000239870963164296,1.0841598598462655e-09,0.00023656282362795095,0.0,-1.310972405563406e-07,5.612534060618506e-07,5.612534232483371e-07,-0.0018064037266969993,-3.7656295711227693e-07,0.0017936717806375127,0.0
sigmoid,1.4142135623730951,36,12,0.04773736882867409,0.0,0.0,6.923866310137134e-13,0.03510435218038961,0.12292681026807446,0.8005642643956417,0.8156752650783248,-2.574735710220638,0.18004660861061386,2.601021573308795,0.0,0.5262255438552654,0.035104352181082,0.312017675186852,0.07078219277129998,0.5448886674143043,0.930927297445451,0.0,4.584093748199902e-05,7.026330932254651e-08,7.236470087177507e-08,-0.0007213970843672094,1.8219336483310927e-05,0.0008496826983248814,0.0,-1.6846006564704717e-05,5.869716424216596e-06,5.870000212153775e-06,-0.005811093640553015,-3.3304231226528936e-05,0.005746726633708684,0.0
sigmoid,1.4142135623730951,37,1,0.03833500519831052,0.003173828125,0.0,0.06486132900899885,1.4164293567806957e-05,-8.673617379884035e-18,1.9380914959263102,1.9380914959263102,-3.419066649398551,-0.003056481519821675,3.3970127314514036,0.0,0.500106886088545,0.06487549330256667,0.31498239081574764,0.031704882421424094,0.4992358802252591,0.9676109907376731,0.0,-9.625742759296069e-12,4.2562579957810794e-19,4.257184545017761e-19,-2.005505310677919e-09,-5.780901840755413e-13,1.9978627198733033e-09,0.0,1.6742967050775834e-10,7.991495284553318e-17,7.99429855400995e-17,-2.419879167449552e-08,5.513497758195158e-11,2.4744552388539714e-08,0.0
sigmoid,1.4142135623730951,37,2,0.05035349370715603,0.0,0.0,0.0063154613896466046,0.022041690686047853,0.024201867259980817,0.5921083109257161,0.5926940413045858,-1.958351919711943,0.07281823403673607,1.8474900801702248,0.0,0.5068961231017284,0.028357152075694465,0.28530083169125714,0.12364554780283847,0.5181965186019389,0.8638299338127833,0.0,7.117833971541477e-11,5.080380401964677e-18,5.085446758009319e-18,-6.523094387974978e-09,5.4756866367837e-12,7.235104498568528e-09,0.0,-1.0936401131088634e-09,9.444668428552049e-16,9.456628915522057e-16,-7.904996047387823e-08,-8.955877473651089e-10,7.656978623445243e-08,0.0
sigmoid,1.4142135623730951,37,3,0.05310719256371381,0.0,0.0,0.0006529696921521164,0.02048270561795877,-0.0925878884393822,0.4211122417256399,0.4296847588113033,-1.99613672602938,0.017561035153777584,1.2809558808800445,0.0,0.4812282434204923,0.021135675310110884,0.2527162975756835,0.11960913920695478,0.504390145965413,0.7826124440962443,0.0,2.5302988344412308e-11,5.4582519523391534e-17,5.4583159764610693e-17,-2.4589085341440784e-08,8.764237361983205e-12,2.321557023323027e-08,0.0,1.5677841208235876e-09,1.0866696604903908e-14,1.0869154551953415e-14,-2.7306164246689077e-07,9.276973186087069e-10,2.7188688605462533e-07,0.0
sigmoid,1.4142135623730951,37,4,0.05065640976658654,0.0,0.0,6.566179858071984e-05,0.026564666422425817,-0.0640486236103304,0.5195263421543176,0.5236285683406954,-1.6515511290170783,-0.18349338098239198,1.8123916400427962,0.0,0.4850610066366651,0.026630328221006534,0.26191450838038144,0.1608994241288421,0.45425493643498926,0.8596506772382682,0.0,1.52011822777628e-10,4.991505933728428e-16,4.991737009671069e-16,-6.628648017306078e-08,-3.405434721214486e-11,7.358078874214323e-08,0.0,-1.8775746690266517e-09,1.0197311371886234e-13,1.019766390055001e-13,-8.470860117297019e-07,7.457120470564048e-10,8.233587449681004e-07,0.0
sigmoid,1.4142135623730951,37,5,0.051405671639994654,0.0,0.0,6.507289943981289e-06,0.024891331425881763,-0.03873412114490404,0.47726288745496903,0.4787632195958372,-1.7208563498214016,0.0667354443875254,1.5443288004947535,0.0,0.49176726463608633,0.024897838715825737,0.26673288128348427,0.15176089375051677,0.5166776718783361,0.8240931245363322,0.0,-1.4708796268474265e-09,3.4335975092968454e-15,3.43576099617352e-15,-1.8284753526861303e-07,-2.1025047167098285e-10,1.7083757728681288e-07,0.0,1.4244435778484262e-09,1.008037777682076e-12,1.0080398067215825e-12,-2.6585897040782122e-06,3.1760284437650415e-09,2.649311872008851e-06,0.0
sigmoid,1.4142135623730951,37,6,0.05117313488416722,0.0,0.0,6.443694682397602e-07,0.025522729024603417,0.021304350350088312,0.48906148098153784,0.4895153563253771,-1.3099701577669758,0.01926028216171994,1.7881004897330235,0.0,0.5035429625854128,0.02552337339407166,0.27907888856336605,0.21249183790371803,0.5048149177949394,0.8566942330856273,0.0,4.0765320511858275e-09,2.927619602210476e-14,2.929281413566911e-14,-4.959944121624337e-07,8.449494879456964e-10,5.379600478073537e-07,0.0,-2.1358405941735468e-08,8.942952679268998e-12,8.943408860773367e-12,-7.69540564740205e-06,6.728902189594073e-10,7.635191622929581e-06,0.0
sigmoid,1.4142135623730951,37,7,0.0520335265200992,0.0,0.0,7.896096101562411e-08,0.02288646244132028,-0.1570498865300511,0.4636705893514272,0.4883352562105291,-2.283590605497177,-0.13486385101215365,1.500594821119202,0.0,0.46541547226067825,0.02288654140228128,0.23949810322191145,0.09249112888319806,0.46633504735798764,0.8176631748946026,0.0,-3.726502841639991e-09,2.9724679746060155e-13,2.972606842840303e-13,-1.7391097003753737e-06,4.4846014774209323e-10,1.6584055672037396e-06,0.0,-9.720115579304273e-09,7.67406368957007e-11,7.674073137634758e-11,-2.194250765078644e-05,-1.0237789159974387e-07,2.1756017068162008e-05,0.0
sigmoid,1.4142135623730951,37,8,0.051921875248135976,0.0,0.0,8.50408642895855e-09,0.024438546176564553,-0.030464973339792267,0.49422525654463567,0.49515337114522995,-1.8686341138807683,-0.02237432157594211,1.9162986857774273,0.0,0.493250257366406,0.024438554680650988,0.2677343710726767,0.13369984605914248,0.4944066531639286,0.8717251202525841,0.0,9.733316621469256e-09,2.449403005837858e-12,2.449497743290312e-12,-4.5746759133595695e-06,3.267907024202894e-11,4.651546677040706e-06,0.0,-5.805827475924934e-08,7.064898684358144e-10,7.064932391990824e-10,-6.5456651737133e-05,-1.4894627618703362e-07,6.590949049838729e-05,0.0
sigmoid,1.4142135623730951,37,9,0.05053373471755568,0.0,0.0,9.90185090651993e-10,0.027188298934964387,-0.07029947072677933,0.5422388120907831,0.5471808276752483,-2.1984460666081476,-0.017431919046153575,1.4621101688125284,0.0,0.48570382894147557,0.02718829992514948,0.26309650937355966,0.09989011966624814,0.49564293106635393,0.811855207455037,0.0,-7.829465579291513e-08,2.020568632925236e-11,2.021181638237809e-11,-1.3508774136050836e-05,-2.6119517180650903e-10,1.2693224799016236e-05,0.0,2.1564713324401508e-07,6.3736229255285575e-09,6.373669429214635e-09,-0.00019193273625172838,3.197163627795143e-07,0.00020037979181107966,0.0
sigmoid,1.4142135623730951,37,10,0.05178415174218214,0.0,0.0,1.0421296107298358e-10,0.02421114727834242,0.05497947974262481,0.47664598074474973,0.47966872393751947,-1.7679535222490492,0.007344053691477982,1.776411499702992,0.0,0.5131434925444835,0.024211147382555396,0.2875273913233058,0.14579701307411883,0.5018360029568519,0.8552531929911845,0.0,-1.0277455168504629e-07,1.824241672401022e-10,1.8243472984857628e-10,-3.997782632844254e-05,-1.0616504915816821e-08,4.064643591330809e-05,0.0,-1.9180454858229935e-06,6.251944537566703e-08,6.25231242741527e-08,-0.0006118357797179326,-3.4429755903003194e-06,0.0005993184410013314,0.0
sigmoid,1.4142135623730951,37,11,0.04959102362157501,0.0,0.0,1.082876948403233e-11,0.02764332145642005,0.21580222066734428,0.5568296000050448,0.6034001984500019,-1.61399990591484,0.19659337303594349,1.8470050909553326,0.0,0.5477600443127625,0.027643321467248818,0.32768438761276836,0.16603401960214656,0.5489838741063304,0.8637750827441065,0.0,-1.0041566927680564e-07,1.85881264844229e-09,1.8588227317489261e-09,-0.00012506443250740487,-4.8806539156190715e-08,0.0001248132486802856,0.0,2.513199587993102e-06,5.904161683761587e-07,5.90422484548328e-07,-0.001802714792627786,9.82447311494742e-06,0.0018530714966599094,0.0
sigmoid,1.4142135623730951,37,12,0.05115415445503188,0.0,0.0,1.1653973908943956e-12,0.024288915436834438,-0.1600977767377536,0.470784853142837,0.49641615125920857,-1.57866768054278,-0.18720257939039922,1.4493820401241169,0.0,0.46250828658911625,0.02428891543799984,0.2382028306015999,0.17098425371497894,0.4533381593593995,0.8099033111404624,0.0,1.654307688184984e-06,2.569539733124481e-08,2.5698134065171998e-08,-0.0004813299447702876,-1.2123726129211594e-07,0.00048564621156035545,0.0,1.0779736837550704e-05,6.146770668663862e-06,6.146886871390149e-06,-0.005920981338089951,-8.26059470038967e-06,0.005706751050808204,0.0
sigmoid,2.0,35,1,0.02957551447885775,0.0245361328125,0.0,0.09666197281369569,4.764425976585331e-05,1.3877787807814457e-17,4.0240250280502465,4.0240250280502465,-4.826189997804328,0.014584604574009077,4.670175170694318,0.0,0.49987567498065555,0.09670961707346154,0.3465853075108276,0.007953253532362502,0.5036460865135255,0.9907163234139398,0.0,-2.427394820783263e-10,5.943609524050818e-17,5.949501769666785e-17,-2.3465359481702423e-08,-5.513995464926725e-11,2.5594803014213817e-08,0.0,-7.150980078489932e-10,1.1110432759378261e-14,1.1110944124539093e-14,-3.0447731399944973e-07,-2.3549703049682444e-10,2.85140987590018e-07,0.0
sigmoid,2.0,35,2,0.04144146992942731,0.0091552734375,0.0,0.014913656333126364,0.03723681033604656,0.31683505627852454,1.5889421785820654,1.6893266314690811,-2.542302531384312,0.23078552782061518,4.459758130501376,0.0,0.5547223362709961,0.05215046666917292,0.3598673370271249,0.07294543194800585,0.5574416533382693,0.9885668710628649,0.0,-1.2352104616368873e-09,3.911008452951126e-16,3.926265901796498e-16,-6.196147521872365e-08,-3.561335220429186e-10,6.058704293948432e-08,0.0,-6.387507512558092e-10,1.027992539762618e-13,1.0279966197878402e-13,-8.160876721290322e-07,-2.2012955089481686e-09,8.600402363156198e-07,0.0
sigmoid,2.0,35,3,0.035332699955387514,0.0,0.0,0.0019831562506564208,0.0693091664360929,-0.2011399019361309,1.9354091633214066,1.975866423472283,-3.271064700608678,-0.17897091906141394,2.3725885336197314,0.0,0.4671212149820809,0.07129232268674934,0.28949455217308473,0.03657734115730409,0.45537631695595476,0.9147129708306033,0.0,-5.04714123553459e-10,2.662763557836745e-15,2.6630182941832595e-15,-1.6409936389787127e-07,1.5563907160076386e-10,1.6093366078622693e-07,0.0,3.49911616689707e-09,6.227845314723642e-13,6.227967752863135e-13,-2.0878838043966232e-06,-3.7239204056423266e-09,2.195596821161556e-06,0.0
sigmoid,2.0,35,4,0.043443773580212515,0.0,0.0,0.0003563031572117423,0.045388457293827095,-0.20445019709261006,1.0656875745525198,1.1074874576437268,-2.3629376810236122,-0.267344576947839,2.0105484794927353,0.0,0.45778629700244244,0.045744760451038834,0.2553130541742472,0.08604289891556244,0.43355911468442787,0.8819001595223124,0.0,-1.2630735687550549e-08,1.532080178030682e-14,1.548033726431558e-14,-4.286287805987693e-07,-1.2327295333734827e-09,2.952496741564824e-07,0.0,5.500217029341262e-09,4.626344305207126e-12,4.626374557594496e-12,-5.707943643259922e-06,8.694506312085305e-09,5.5499120605543375e-06,0.0
sigmoid,2.0,35,5,0.04614394782956452,0.0,0.0,6.0030322738342134e-05,0.03900293330129898,0.021458381044494074,0.8422016459005922,0.8426621080176429,-2.2812699208961935,0.10221678037261961,1.7550796058967733,0.0,0.5088088648156615,0.03906296362403732,0.2979494245390394,0.09268610570909842,0.5255319685543824,0.8525923436737066,0.0,-2.792537381205589e-08,8.94799936050146e-14,9.025982010755763e-14,-9.242764563258229e-07,-1.301213605583109e-08,7.523609168767283e-07,0.0,2.3892506072933136e-08,2.6945296302830997e-11,2.6945867154677437e-11,-1.320819003870845e-05,3.633850265513845e-08,1.3614711955615741e-05,0.0
sigmoid,2.0,35,6,0.042083094506929764,0.0,0.0,1.0055585526394281e-05,0.05040785367253191,0.19693560002453347,1.1844531269643674,1.2232367575213905,-1.6979777546384094,0.055300309239719805,2.3746202666685337,0.0,0.5337169941023053,0.05041790925805831,0.3352717390516586,0.15472956738416938,0.5138215551534124,0.9148713853026541,0.0,2.6243756938784418e-08,4.665630429299367e-13,4.672517777081987e-13,-2.012324884273803e-06,2.6268704986129395e-11,2.1582966562149197e-06,0.0,4.428441382421073e-08,1.4059290018312168e-10,1.4059486129242942e-10,-3.096942831949068e-05,-3.156735280096502e-08,3.0481562864640698e-05,0.0
sigmoid,2.0,35,7,0.04033490057150506,0.0,0.0,1.5775873538475982e-06,0.05527619470308121,-0.14968910978473426,1.3504712056678319,1.3728780352559782,-2.5503921943131127,-0.30451631425527315,2.20340498640974,0.0,0.4640444503236215,0.05527777229043507,0.2706150241665871,0.0724001419297026,0.4245238971131601,0.9005548633078769,0.0,1.0207712983613846e-07,3.2306900171690713e-12,3.241109757604655e-12,-4.7515483383300735e-06,-4.9918955160718805e-08,6.160372588327273e-06,0.0,-2.636295302426767e-07,8.022750085895057e-10,8.023445091187217e-10,-7.487422243655864e-05,-4.170798812052763e-07,7.285936457190079e-05,0.0
sigmoid,2.0,35,8,0.04562680350382402,0.0,0.0,3.0743320600260863e-07,0.042471757811633516,-0.10982398231218651,1.0751831362167794,1.0872444433076869,-3.0718753631399416,-0.09721494556234195,2.5586031120931914,0.0,0.4808085349705672,0.04247206524483953,0.2736489125453827,0.044282391615959184,0.47571538624270604,0.9281493575932341,0.0,1.702536076052163e-07,2.1789138250061762e-11,2.181812454096435e-11,-1.553794590782865e-05,7.94714936612341e-08,1.4028414238430087e-05,0.0,-8.463635417918994e-07,5.4043278134336235e-09,5.405044144678497e-09,-0.00018787988480895625,-5.9528712944370755e-08,0.000187882613003451,0.0
sigmoid,2.0,35,9,0.046213195679195865,0.0,0.0,5.990127799130192e-08,0.040479620550970985,0.015571416721819699,0.958345714347159,0.9585881833658835,-2.4811959949921762,0.006051833526460038,2.6294004311580044,0.0,0.5021826012044249,0.04047968045224898,0.29266704540469146,0.0771869693505633,0.501512902679774,0.9327299393444264,0.0,6.204318380369873e-07,1.5473735905044045e-10,1.5512229471609038e-10,-3.405510417489684e-05,1.357118394345406e-07,4.028442378035355e-05,0.0,-1.4693559952775287e-07,3.1698975920653756e-08,3.169899751072417e-08,-0.00044801699940250604,-1.1934569200776053e-06,0.00043987655477963273,0.0
sigmoid,2.0,35,10,0.04329241885585443,0.0,0.0,8.750276990188157e-09,0.04636012062192389,-0.17775394748942103,1.1942146593806364,1.2258111252287085,-2.257726725501961,-0.2284922187802418,3.7708330321352417,0.0,0.4565672697642065,0.046360129372200895,0.2548138011921426,0.09468505410807315,0.4431319215883095,0.9774857007135256,0.0,1.9463796280536264e-06,8.38214108130356e-10,8.420025017868581e-10,-7.097336227764633e-05,3.0887749350781045e-07,0.00010051468529442217,0.0,-3.143336398548148e-06,1.7185626061631816e-07,1.7186614118003256e-07,-0.0010429042357374546,-3.0984604346205756e-06,0.0010052051615148663,0.0
sigmoid,2.0,35,11,0.04459956816874478,0.0,0.0,1.4498772926988617e-09,0.04164682113039209,-0.15814511275777438,0.9004847508879974,0.9254946275771665,-2.100608456282591,-0.22893082010275473,2.160944932413265,0.0,0.4639524635567496,0.0416468225802694,0.25689871102064643,0.1090376965314378,0.44301659976210733,0.8966871192652685,0.0,8.754247847976441e-07,6.915094141402591e-09,6.915860509956428e-09,-0.00024041706461265893,9.800259069290758e-07,0.0002720355771688222,0.0,6.027149584235533e-07,9.657427844596366e-07,9.657431477249578e-07,-0.002380003051754191,6.798240488296201e-06,0.002425888460693255,0.0
sigmoid,2.0,35,12,0.04351229895549148,0.0,0.0,2.733306272218556e-10,0.04658670144553561,0.10656541903062755,1.059948802028839,1.071304990562012,-2.132880869395151,-0.047319603259747885,2.2218108033072945,0.0,0.519266425361405,0.046586701718866246,0.3162243222264778,0.10594181113970855,0.4881765776412126,0.9021911015973603,0.0,5.3116384120230775e-06,4.06336912106801e-08,4.0661904713300176e-08,-0.000647097236421955,1.0052482127279175e-05,0.0005598551529619584,0.0,4.6929611527905175e-05,5.320978993045697e-06,5.323181381483858e-06,-0.005615595350051218,2.9441171383329645e-05,0.00562668132034906,0.0
sigmoid,2.0,36,1,0.029937881835849053,0.0250244140625,0.0,0.0954267120978001,4.8897778006023066e-05,-8.673617379884035e-19,3.9556454029720376,3.9556454029720376,-4.837438714575838,-0.025016061489597015,4.774052653608004,0.0,0.4987605464876566,0.09547560987580611,0.34423769260847203,0.007865072258450683,0.49374631114196765,0.991624474201041,0.0,-1.2013015519285863e-09,1.3771735702579336e-16,1.391604824444594e-16,-4.262352709225641e-08,-8.425117472530142e-11,3.078964924856137e-08,0.0,-2.8803092690212458e-09,1.1626007334374036e-14,1.1634303515859245e-14,-3.113685315211555e-07,-1.125579177428108e-09,3.0558334335878343e-07,0.0
sigmoid,2.0,36,2,0.04154515131958252,0.0,0.0,0.014708097890893883,0.03804616423312399,-0.22707535360384054,1.4235283216425767,1.475091537856886,-3.5035140543781367,-0.15937096420370983,2.4595341749290363,0.0,0.45993009306265653,0.052754262124017876,0.26428995262864174,0.029212432480032455,0.4602413761597416,0.9212558713468083,0.0,2.63839309578416e-09,8.818715817422062e-16,8.888326998700876e-16,-8.391248676023315e-08,1.4658643369444461e-09,9.410276667423415e-08,0.0,1.178153037527441e-09,8.749703471489829e-14,8.749842275947812e-14,-7.705278046028403e-07,-2.5184879845449664e-09,7.788123369490584e-07,0.0
sigmoid,2.0,36,3,0.04238909668651311,0.0,0.0,0.0024918418339455644,0.04870089075618368,-0.02819539297780682,1.3598060983685762,1.3606010785537492,-3.4988637592877407,-0.02148995683942742,2.997348936916346,0.0,0.49458343985718334,0.05119273259012924,0.29580551157109336,0.029344778116611726,0.4946277175980432,0.9524542039458326,0.0,3.4533474101910077e-09,5.7376748006962454e-15,5.7496004090317175e-15,-2.2577807732321492e-07,4.922207953195132e-10,2.2791715010503767e-07,0.0,-5.786375466554638e-09,5.260195766453767e-13,5.260530587864167e-13,-1.8785200544920044e-06,-1.6014597390765838e-09,1.9153981276111305e-06,0.0
sigmoid,2.0,36,4,0.04253102600004972,0.0,0.0,0.00041922706818409844,0.04759475652782534,-0.14406291515587624,1.1139782459291179,1.134732369452327,-2.3272544038647953,-0.40785924316991407,2.258842809661265,0.0,0.46163802630138345,0.04801398359600944,0.26112365092344625,0.08889077949289678,0.39942554551673054,0.9054105731254787,0.0,-7.030349738186025e-09,2.8653789667474425e-14,2.870321548491564e-14,-5.930060339357788e-07,7.087228413675882e-10,3.902523644118222e-07,0.0,-2.2679966119454348e-08,3.237416569348285e-12,3.237930950211465e-12,-4.919133040108782e-06,-4.4355244039043695e-10,4.645282899823181e-06,0.0
sigmoid,2.0,36,5,0.04365492506652228,0.0,0.0,8.491030353338545e-05,0.04603202685008574,-0.011665013747794255,1.0457881173956458,1.0459241899413823,-2.485115196740454,0.13919329738148775,2.3578754145377583,0.0,0.5002274765604311,0.04611693715361913,0.2963444654596359,0.07690827036323288,0.5347422486873075,0.9135581737555123,0.0,2.3314721524615823e-09,1.6778859699508632e-13,1.6779403275748402e-13,-1.2924833842495602e-06,1.6358555163932376e-09,1.1914423940224434e-06,0.0,-5.829641142267365e-08,1.7103135742555313e-11,1.7106534214140076e-11,-1.104480124583868e-05,-4.831403031874504e-08,1.0651109133549123e-05,0.0
sigmoid,2.0,36,6,0.042785600863172915,0.0,0.0,1.4087031541195819e-05,0.047526562646764,-0.16382949454843576,1.0964599726698379,1.1233000759538336,-2.5637362108369963,-0.1686489019942008,2.1871342582637596,0.0,0.4651457542774591,0.047540649678305194,0.2639012224006515,0.07150907709999486,0.457950904396744,0.899088198348273,0.0,-3.0457732471028915e-08,8.483505884609722e-13,8.49278261928249e-13,-3.170564170975158e-06,2.9896028081819575e-09,2.3862450891554417e-06,0.0,-1.7710641519248394e-07,9.82378058095752e-11,9.826917249187754e-11,-2.567565262772174e-05,-8.302331316955436e-08,2.537294795222898e-05,0.0
sigmoid,2.0,36,7,0.04195454342013176,0.0,0.0,2.323400473892555e-06,0.05497233262558175,-0.08136720833278768,1.5742919392063661,1.5809125617982374,-3.6921860419304435,0.03570345294481173,2.584462338002405,0.0,0.49151160298902224,0.05497465602605564,0.2965583118988938,0.02431168628853006,0.508918355663709,0.9298548825760722,0.0,-5.005681905087145e-07,4.978330404504432e-12,5.228898917853602e-12,-8.753448774246718e-06,-1.5253490343163296e-07,4.640825077091671e-06,0.0,2.9081356722539035e-07,5.50912259409683e-10,5.509968319405655e-10,-5.8399045803637116e-05,3.446527305845797e-08,6.302498248261868e-05,0.0
sigmoid,2.0,36,8,0.040724628481311184,0.0,0.0,4.3309000241865866e-07,0.05683511455020453,-0.019813359061595145,1.486213043448097,1.4866056126454008,-2.7247535805483314,0.05506965711022549,2.8423590901016866,0.0,0.49537329987777856,0.05683554764020696,0.3022302538720064,0.061528409083051544,0.5137622005522599,0.9449223677869222,0.0,1.2022197222561864e-07,4.247386153681394e-11,4.248831485941975e-11,-2.0125200261557267e-05,1.8433546106804472e-07,1.8137222431943408e-05,0.0,-1.6364882154974654e-07,3.6132023046125756e-09,3.6132290855493702e-09,-0.00015425600279920094,-7.041882909166934e-08,0.0001553363951552046,0.0
sigmoid,2.0,36,9,0.04215232139345759,0.0,0.0,6.421036399938729e-08,0.05029164436499831,0.2373381493107407,1.37416489321055,1.4304942903287974,-3.969531756473563,0.2124842066556831,2.550365379545615,0.0,0.548137247795595,0.050291708575362325,0.3507461509962919,0.018532339877936482,0.552922009006413,0.9275980573233533,0.0,-1.6131569165143017e-06,2.8144275877893646e-10,2.840450340162344e-10,-5.455807870777276e-05,-1.9653098916832235e-07,4.966889224940118e-05,0.0,6.500355018945965e-07,2.1918433565360334e-08,2.1918856111514054e-08,-0.00037601672965054887,2.328950137131645e-07,0.0003839393491784927,0.0
sigmoid,2.0,36,10,0.040687057547092856,0.0,0.0,1.1146624056363236e-08,0.057394088707354685,0.08538103149249349,1.605291767886739,1.6125816884254611,-3.131919315297604,0.0777353509945736,3.3454065368334946,0.0,0.5202447417959442,0.057394099853978774,0.32804869122030733,0.04180964855805346,0.5194239984980509,0.9659540945230507,0.0,3.0565448365181554e-06,1.6363727752799918e-09,1.6457152416176376e-09,-0.00011249120237882533,6.423021346999629e-08,0.00013829737536431117,0.0,4.6003568775207e-06,1.2273937710119584e-07,1.227605403845964e-07,-0.0008866715389450695,2.4128350985287714e-06,0.0009012253155296685,0.0
sigmoid,2.0,36,11,0.0394641139749405,0.0,0.0,1.8399934361551719e-09,0.060548934892105506,0.01997566846115817,1.6975636355735497,1.6979626629040196,-3.040953203188012,-0.0904915124399145,3.7472060536156464,0.0,0.4991959303068402,0.06054893673209896,0.30974551356701063,0.04560966042730762,0.47739331338059227,0.9769598239754015,0.0,-1.3735432963208959e-06,8.09903726453049e-09,8.100923885717358e-09,-0.0002760349192417727,1.054043476499064e-06,0.00028339607782797144,0.0,-3.073441699032784e-06,7.66935218036807e-07,7.669446640806844e-07,-0.002212534109365225,-8.811213751328427e-07,0.002202880708528387,0.0
sigmoid,2.0,36,12,0.03970065868244027,0.0,0.0,3.3230187681660294e-10,0.059440615582494014,0.15895529538595055,1.7481757619356257,1.7734425478668605,-3.9799412748479077,0.2717777343280773,3.764815001798153,0.0,0.5303555183696369,0.05944061591479588,0.34071759177992217,0.01834394815793955,0.5675251021659842,0.9773528782112485,0.0,4.514661535755855e-05,5.3859757488855165e-08,5.58979743670985e-08,-0.0006539723323402112,1.3400370383604477e-05,0.0007656015864820933,0.0,-1.39846438011172e-05,4.856070820169555e-06,4.8562663904317994e-06,-0.005482651364813737,-2.553602040723907e-05,0.005463756431730567,0.0
sigmoid,2.0,37,1,0.030566315527255465,0.0250244140625,0.0,0.09353587743521322,4.07662266202293e-05,-4.336808689942018e-18,3.8761829918526196,3.8761829918526196,-4.835290426236968,-0.004322517618474784,4.804101476372648,0.0,0.500231216048026,0.09357664366183344,0.3438079131707203,0.007881771951353828,0.49891937230718486,0.9918705378012699,0.0,-7.581906786002131e-11,1.4302437028867217e-16,1.4303011881972333e-16,-3.8614722794318715e-08,-1.0293271572217174e-11,3.8736270515975616e-08,0.0,2.762678066310538e-09,2.650894299821658e-14,2.6516575388314655e-14,-4.510973265072531e-07,1.1228274540088315e-09,4.858766905999833e-07,0.0
sigmoid,2.0,37,2,0.04272716090210986,0.0,0.0,0.01518417900596904,0.035145427870788684,0.033879701267828556,1.2972371419499877,1.2983849761079846,-2.862489574431295,0.0954842142208123,2.706188520500786,0.0,0.5098941250898099,0.05032960687675772,0.3103216256778605,0.05403931126181263,0.523852932829957,0.9373897690795543,0.0,7.148663447414657e-10,1.0515341127817425e-15,1.0520451466725866e-15,-9.662067547062122e-08,3.3985412793832546e-11,1.0459194711679792e-07,0.0,-1.1157032623773405e-08,1.9392591711534947e-13,1.9405039649231743e-13,-1.1889736847555746e-06,-1.2473925565321134e-08,1.1613387053529962e-06,0.0
sigmoid,2.0,37,3,0.046672963779936544,0.0,0.0,0.0027471381656592776,0.035836263933377216,-0.1329293034673728,0.9230542693808651,0.940724469101186,-2.945437495845968,0.022479717314498382,1.919063019120303,0.0,0.47792133931930214,0.03858340209903649,0.26699220867579204,0.04995259513711574,0.505619692638305,0.8720338813455387,0.0,2.1784314577433367e-10,6.667277616188249e-15,6.66732507182441e-15,-2.6922557530156377e-07,1.939100603228804e-11,2.5936368109491054e-07,0.0,1.9349933885720436e-08,1.3511581913287737e-12,1.3515326112701556e-12,-3.0917203532512054e-06,1.4342989559343135e-08,3.158033766928602e-06,0.0
sigmoid,2.0,37,4,0.04385738806190154,0.0,0.0,0.0004624489499243224,0.04490122956647326,-0.06704186806938478,1.0338941264890442,1.038388738563277,-2.318970527481291,-0.19059556147653872,2.5006181398905816,0.0,0.48529287701865276,0.04536367851639758,0.2808728550014388,0.08956398246756257,0.452494831473944,0.9241851352243566,0.0,7.280547404056634e-10,3.745677025753383e-14,3.745730032123886e-14,-5.716708319387897e-07,-9.743470198123322e-11,6.375145381212219e-07,0.0,-1.636457941861062e-08,7.353653030792129e-12,7.353920830251676e-12,-7.370391741301333e-06,1.5225385324718647e-09,7.088682703204557e-06,0.0
sigmoid,2.0,37,5,0.04380177144357687,0.0,0.0,7.65639281068019e-05,0.04571181308352329,-0.06981707941335388,1.0375231625417682,1.0423975871195788,-2.4249122750544205,0.10519638514953907,2.168323778825986,0.0,0.4874846994309869,0.04578837701163009,0.28342970919094973,0.08129271136593919,0.5262748702961701,0.8973686923331325,0.0,-5.479817731915183e-09,1.3229298553081314e-13,1.3232301393318814e-13,-1.1004923236562757e-06,-5.851209663114072e-10,1.123234774341616e-06,0.0,-2.1775412293747675e-08,4.107244994623783e-11,4.107292411481839e-11,-1.7575071153912474e-05,-1.9409992414128514e-08,1.742261748741588e-05,0.0
sigmoid,2.0,37,6,0.0439717829141844,0.0,0.0,1.2693770202707297e-05,0.04545701569818582,0.021356404116752586,1.0167268032806014,1.0171828992773997,-2.03324396236636,-0.0735725588085912,2.4151071398970134,0.0,0.5011706048507721,0.04546970946838853,0.29664168463487733,0.11575646609817722,0.48161515253866805,0.9179720678859832,0.0,1.63709185190811e-08,6.468011081750835e-13,6.470691151482418e-13,-2.3334835810993737e-06,1.8405611369930244e-09,2.4477641228112697e-06,0.0,-1.5235129170917993e-07,2.1007147367462984e-10,2.100946845907153e-10,-3.902838201969945e-05,5.250581028173477e-08,3.722479020180501e-05,0.0
sigmoid,2.0,37,7,0.045205872875116626,0.0,0.0,2.781854174227045e-06,0.04072404289475036,-0.2354370409845058,1.0019175996203231,1.0573481998878629,-3.4298504040797297,-0.1948342341410308,2.283289274829324,0.0,0.45169954256323747,0.04072682474892459,0.24475930150076258,0.03137547845338985,0.4514449417437878,0.9074835753600305,0.0,-7.556633969771528e-09,3.6174569522917347e-12,3.617514055008688e-12,-5.867426853074093e-06,2.4897751973015588e-09,5.8672921064871215e-06,0.0,3.5344897160342516e-08,1.026797855414235e-09,1.0267991046759903e-09,-8.094542012643301e-05,-2.0774422613270741e-07,8.40170933263744e-05,0.0
sigmoid,2.0,37,8,0.045748455554745625,0.0,0.0,5.292245556802421e-07,0.041982724721584194,-0.031249223925219567,1.0035595661227161,1.0045360801186447,-2.4870874675890304,-0.044835324494639534,2.742239292126969,0.0,0.4929938505262337,0.04198325394613987,0.2850261906028223,0.0767683688007261,0.48879348647276766,0.9394735549165505,0.0,2.5790630792133093e-08,1.6789587478002067e-11,1.6790252634638723e-11,-1.1707348315579338e-05,-2.224576112851785e-09,1.3101625337118822e-05,0.0,-1.5957866547364884e-07,5.277490019522013e-09,5.2775154848724875e-09,-0.00018659552654378244,-1.5830104422604912e-07,0.0001869801760777871,0.0
sigmoid,2.0,37,9,0.04346368475113255,0.0,0.0,1.054415139103929e-07,0.04655246230330497,-0.11880109623028759,1.100415113335444,1.1145288138009621,-3.21419751576945,-0.07228894416003628,2.034989198645211,0.0,0.4781594064431371,0.046552567744818876,0.27518898571487205,0.03863492691960331,0.481935731397787,0.88442205121049,0.0,-1.2854738051164959e-07,8.052632292663302e-11,8.054284735566942e-11,-2.852704610476994e-05,7.160508302898784e-09,2.4416037286924123e-05,0.0,4.550128555138621e-07,2.7060578354852245e-08,2.7060785391550927e-08,-0.00040554074302891934,-1.0183326513890499e-06,0.0004285777810240722,0.0
sigmoid,2.0,37,10,0.04489822303288303,0.0,0.0,1.9641973168967416e-08,0.04283597127443001,0.08163572010899303,0.9882415705610286,0.9949059613587424,-2.5606141871131514,0.029479155978409718,2.3404292278624297,0.0,0.5181494457701534,0.04283599091640317,0.3113148390683203,0.07171664300365531,0.50736840284069,0.9121704790569507,0.0,-1.0120879362229934e-08,4.208342577213639e-10,4.2083436015356305e-10,-6.146087862849892e-05,-4.107659533611738e-08,6.464871095415069e-05,0.0,-3.3835098378455243e-06,1.5349457169568258e-07,1.5350601983450537e-07,-0.0009704519167870186,-5.321926194691247e-07,0.0009537742452238124,0.0
sigmoid,2.0,37,11,0.04141174641296913,0.0,0.0,3.5419630066656974e-09,0.049320856678859396,0.32611259070246634,1.207697566458319,1.314046988272993,-2.3403833491900716,0.3212697375045866,2.762930093480007,0.0,0.5649752652045513,0.049320860220822396,0.36851791051377547,0.08783319660396062,0.5796182177279295,0.9406394526717088,0.0,-2.3137535704492506e-07,2.33110520809785e-09,2.3311587426536978e-09,-0.0001435800857127221,-1.8776951629289694e-09,0.00013840505611435765,0.0,1.2318357043734485e-06,8.393149749088459e-07,8.393164923280483e-07,-0.002216805516005772,1.2959159846323124e-05,0.0022677916964915176,0.0
sigmoid,2.0,37,12,0.04355244112379879,0.0,0.0,6.482698764260567e-10,0.044409445836731495,-0.2412083351482616,1.0421073818724378,1.1002888428174338,-2.3731238749680315,-0.2121844100436917,2.1982052994274257,0.0,0.44690511781526765,0.04440944648500137,0.24413363081447964,0.08524522859169925,0.44715204263261243,0.9000882303693459,0.0,1.007971286952861e-06,2.1876088978307892e-08,2.1877104984423215e-08,-0.00046136761946730337,-1.312871220871892e-07,0.0004547188815236386,0.0,1.0630279148512184e-05,5.233870044744218e-06,5.233983047578994e-06,-0.005689246432334533,-6.874934407802553e-06,0.005377926021599328,0.0
