activation,alpha,seed,step,loss
linear,0.5,35,0,0.28905230444621033
linear,0.5,35,1,0.28904547272501824
linear,0.5,35,2,0.28903957445599127
linear,0.5,35,3,0.28903448080982985
linear,0.5,35,4,0.28903008073745706
linear,0.5,35,5,0.289026278515918
linear,0.5,35,6,0.2890229916330689
linear,0.5,35,7,0.2890201489642652
linear,0.5,35,8,0.28901768920072823
linear,0.5,35,9,0.28901555949483926
linear,0.5,35,10,0.28901371429241307
linear,0.5,35,11,0.289012114326138
linear,0.5,35,12,0.2890107257479365
linear,0.5,35,13,0.28900951938106956
linear,0.5,35,14,0.2890084700754581
linear,0.5,35,15,0.2890075561519753
linear,0.5,35,16,0.2890067589234307
linear,0.5,35,17,0.2890060622816606
linear,0.5,35,18,0.28900545234160346
linear,0.5,35,19,0.2890049171344937
linear,0.5,35,20,0.28900444634339734
linear,0.5,35,21,0.2890040310752442
linear,0.5,35,22,0.2890036636643214
linear,0.5,35,23,0.2890033375028861
linear,0.5,35,24,0.28900304689515444
linear,0.5,35,25,0.28900278693144066
linear,0.5,35,26,0.2890025533796669
linear,0.5,35,27,0.2890023425918444
linear,0.5,35,28,0.28900215142346175
linear,0.5,35,29,0.2890019771639984
linear,0.5,35,30,0.28900181747702713
linear,0.5,35,31,0.28900167034858426
linear,0.5,35,32,0.28900153404266415
linear,0.5,35,33,0.28900140706285654
linear,0.5,35,34,0.28900128811927883
linear,0.5,35,35,0.2890011761000709
linear,0.5,35,36,0.2890010700468256
linear,0.5,35,37,0.2890009691334088
linear,0.5,35,38,0.28900087264770347
linear,0.5,35,39,0.2890007799758729
linear,0.5,35,40,0.28900069058879607
linear,0.5,35,41,0.2890006040303754
linear,0.5,35,42,0.2890005199074574
linear,0.5,35,43,0.28900043788114543
linear,0.5,35,44,0.2890003576593109
linear,0.5,35,45,0.2890002789901383
linear,0.5,35,46,0.2890002016565607
linear,0.5,35,47,0.2890001254714641
linear,0.5,35,48,0.28900005027355274
linear,0.5,35,49,0.2889999759237859
linear,0.5,35,50,0.288999902302306
linear,0.5,35,51,0.2889998293057906
linear,0.5,35,52,0.28899975684517043
linear,0.5,35,53,0.2889996848436619
linear,0.5,35,54,0.28899961323507145
linear,0.5,35,55,0.28899954196233363
linear,0.5,35,56,0.28899947097625134
linear,0.5,35,57,0.28899940023440973
linear,0.5,35,58,0.2889993297002399
linear,0.5,35,59,0.28899925934221227
linear,0.5,35,60,0.2889991891331407
linear,0.5,35,61,0.28899911904958314
linear,0.5,35,62,0.2889990490713247
linear,0.5,35,63,0.2889989791809323
linear,0.5,35,64,0.2889989093633707
linear,0.5,35,65,0.2889988396056714
linear,0.5,35,66,0.28899876989664747
linear,0.5,35,67,0.2889987002266475
linear,0.5,35,68,0.28899863058734376
linear,0.5,35,69,0.28899856097154947
linear,0.5,35,70,0.2889984913730612
linear,0.5,35,71,0.28899842178652335
linear,0.5,35,72,0.28899835220731085
linear,0.5,35,73,0.28899828263142835
linear,0.5,35,74,0.28899821305542356
linear,0.5,35,75,0.28899814347631203
linear,0.5,35,76,0.2889980738915126
linear,0.5,35,77,0.28899800429879174
linear,0.5,35,78,0.2889979346962156
linear,0.5,35,79,0.2889978650821086
linear,0.5,35,80,0.28899779545501786
linear,0.5,35,81,0.2889977258136822
linear,0.5,35,82,0.2889976561570061
linear,0.5,35,83,0.28899758648403634
linear,0.5,35,84,0.28899751679394264
linear,0.5,35,85,0.2889974470860007
linear,0.5,35,86,0.2889973773595776
linear,0.5,35,87,0.2889973076141188
linear,0.5,35,88,0.28899723784913756
linear,0.5,35,89,0.28899716806420617
linear,0.5,35,90,0.2889970982589465
linear,0.5,35,91,0.2889970284330242
linear,0.5,35,92,0.2889969585861426
linear,0.5,35,93,0.28899688871803675
linear,0.5,35,94,0.2889968188284698
linear,0.5,35,95,0.2889967489172287
linear,0.5,35,96,0.2889966789841212
linear,0.5,35,97,0.2889966090289726
linear,0.5,35,98,0.28899653905162376
linear,0.5,35,99,0.2889964690519286
linear,0.5,35,100,0.28899639902975227
linear,0.5,36,0,0.2891222000354839
linear,0.5,36,1,0.2891136553399048
linear,0.5,36,2,0.2891065311627803
linear,0.5,36,3,0.28910058566811325
linear,0.5,36,4,0.28909561819572155
linear,0.5,36,5,0.2890914622498798
linear,0.5,36,6,0.2890879796820513
linear,0.5,36,7,0.28908505586427813
linear,0.5,36,8,0.2890825956844781
linear,0.5,36,9,0.28908052022365727
linear,0.5,36,10,0.28907876399890253
linear,0.5,36,11,0.28907727267580297
linear,0.5,36,12,0.2890760011703637
linear,0.5,36,13,0.2890749120740887
linear,0.5,36,14,0.2890739743472066
linear,0.5,36,15,0.289073162234383
linear,0.5,36,16,0.289072454365038
linear,0.5,36,17,0.28907183300683814
linear,0.5,36,18,0.2890712834462835
linear,0.5,36,19,0.28907079347475095
linear,0.5,36,20,0.28907035296203937
linear,0.5,36,21,0.28906995350251924
linear,0.5,36,22,0.28906958812152583
linear,0.5,36,23,0.28906925103173864
linear,0.5,36,24,0.28906893743103756
linear,0.5,36,25,0.28906864333477394
linear,0.5,36,26,0.2890683654365976
linear,0.5,36,27,0.28906810099297764
linear,0.5,36,28,0.289067847727384
linear,0.5,36,29,0.28906760375078144
linear,0.5,36,30,0.28906736749566014
linear,0.5,36,31,0.28906713766129655
linear,0.5,36,32,0.28906691316833427
linear,0.5,36,33,0.289066693121097
linear,0.5,36,34,0.28906647677631814
linear,0.5,36,35,0.2890662635171932
linear,0.5,36,36,0.2890660528318509
linear,0.5,36,37,0.2890658442954883
linear,0.5,36,38,0.2890656375555485
linear,0.5,36,39,0.2890654323194209
linear,0.5,36,40,0.2890652283442358
linear,0.5,36,41,0.28906502542839674
linear,0.5,36,42,0.2890648234045534
linear,0.5,36,43,0.28906462213377243
linear,0.5,36,44,0.289064421500699
linear,0.5,36,45,0.289064221409543
linear,0.5,36,46,0.28906402178074875
linear,0.5,36,47,0.2890638225482309
linear,0.5,36,48,0.28906362365708116
linear,0.5,36,49,0.2890634250616664
linear,0.5,36,50,0.2890632267240486
linear,0.5,36,51,0.28906302861267585
linear,0.5,36,52,0.28906283070129474
linear,0.5,36,53,0.28906263296804857
linear,0.5,36,54,0.2890624353947288
linear,0.5,36,55,0.28906223796615427
linear,0.5,36,56,0.28906204066965585
linear,0.5,36,57,0.28906184349464864
linear,0.5,36,58,0.2890616464322775
linear,0.5,36,59,0.2890614494751224
linear,0.5,36,60,0.2890612526169545
linear,0.5,36,61,0.28906105585253306
linear,0.5,36,62,0.2890608591774375
linear,0.5,36,63,0.2890606625879279
linear,0.5,36,64,0.2890604660808289
linear,0.5,36,65,0.2890602696534341
linear,0.5,36,66,0.2890600733034258
linear,0.5,36,67,0.2890598770288093
linear,0.5,36,68,0.28905968082785766
linear,0.5,36,69,0.2890594846990664
linear,0.5,36,70,0.2890592886411156
linear,0.5,36,71,0.2890590926528384
linear,0.5,36,72,0.2890588967331954
linear,0.5,36,73,0.2890587008812526
linear,0.5,36,74,0.2890585050961636
linear,0.5,36,75,0.289058309377155
linear,0.5,36,76,0.28905811372351375
linear,0.5,36,77,0.289057918134577
linear,0.5,36,78,0.28905772260972373
linear,0.5,36,79,0.2890575271483675
linear,0.5,36,80,0.2890573317499509
linear,0.5,36,81,0.28905713641394015
linear,0.5,36,82,0.2890569411398217
linear,0.5,36,83,0.2890567459270986
linear,0.5,36,84,0.2890565507752876
linear,0.5,36,85,0.28905635568391697
linear,0.5,36,86,0.2890561606525247
linear,0.5,36,87,0.2890559656806569
linear,0.5,36,88,0.28905577076786604
linear,0.5,36,89,0.28905557591371067
linear,0.5,36,90,0.28905538111775364
linear,0.5,36,91,0.28905518637956207
linear,0.5,36,92,0.28905499169870624
linear,0.5,36,93,0.2890547970747594
linear,0.5,36,94,0.289054602507297
linear,0.5,36,95,0.28905440799589655
linear,0.5,36,96,0.2890542135401375
linear,0.5,36,97,0.28905401913960055
linear,0.5,36,98,0.2890538247938678
linear,0.5,36,99,0.2890536305025224
linear,0.5,36,100,0.28905343626514857
linear,0.5,37,0,0.2890966140437601
linear,0.5,37,1,0.2890906179397973
linear,0.5,37,2,0.2890853335662644
linear,0.5,37,3,0.2890806751478891
linear,0.5,37,4,0.28907656724724934
linear,0.5,37,5,0.28907294351868046
linear,0.5,37,6,0.28906974561242055
linear,0.5,37,7,0.2890669222108714
linear,0.5,37,8,0.2890644281810397
linear,0.5,37,9,0.2890622238291469
linear,0.5,37,10,0.2890602742450883
linear,0.5,37,11,0.289058548725907
linear,0.5,37,12,0.2890570202687579
linear,0.5,37,13,0.28905566512498204
linear,0.5,37,14,0.2890544624079267
linear,0.5,37,15,0.28905339374803174
linear,0.5,37,16,0.28905244298948424
linear,0.5,37,17,0.28905159592343244
linear,0.5,37,18,0.2890508400533513
linear,0.5,37,19,0.2890501643886856
linear,0.5,37,20,0.2890495592633618
linear,0.5,37,21,0.2890490161761716
linear,0.5,37,22,0.2890485276503919
linear,0.5,37,23,0.28904808711032165
linear,0.5,37,24,0.28904768877269815
linear,0.5,37,25,0.2890473275511986
linear,0.5,37,26,0.28904699897245045
linear,0.5,37,27,0.28904669910216374
linear,0.5,37,28,0.28904642448016493
linear,0.5,37,29,0.28904617206326
linear,0.5,37,30,0.28904593917498383
linear,0.5,37,31,0.2890457234614042
linear,0.5,37,32,0.28904552285225327
linear,0.5,37,33,0.28904533552674183
linear,0.5,37,34,0.28904515988349455
linear,0.5,37,35,0.2890449945141076
linear,0.5,37,36,0.289044838179893
linear,0.5,37,37,0.2890446897914261
linear,0.5,37,38,0.28904454839055715
linear,0.5,37,39,0.28904441313459095
linear,0.5,37,40,0.2890442832823733
linear,0.5,37,41,0.28904415818205376
linear,0.5,37,42,0.2890440372603237
linear,0.5,37,43,0.28904392001295065
linear,0.5,37,44,0.28904380599645385
linear,0.5,37,45,0.28904369482078307
linear,0.5,37,46,0.28904358614287917
linear,0.5,37,47,0.28904347966101135
linear,0.5,37,48,0.2890433751097964
linear,0.5,37,49,0.2890432722558183
linear,0.5,37,50,0.2890431708937759
linear,0.5,37,51,0.28904307084309466
linear,0.5,37,52,0.2890429719449467
linear,0.5,37,53,0.28904287405963014
linear,0.5,37,54,0.28904277706426384
linear,0.5,37,55,0.28904268085076096
linear,0.5,37,56,0.28904258532404536
linear,0.5,37,57,0.2890424904004838
linear,0.5,37,58,0.2890423960065075
linear,0.5,37,59,0.2890423020773982
linear,0.5,37,60,0.28904220855622265
linear,0.5,37,61,0.28904211539289354
linear,0.5,37,62,0.28904202254334493
linear,0.5,37,63,0.2890419299688065
linear,0.5,37,64,0.28904183763516544
linear,0.5,37,65,0.2890417455124049
linear,0.5,37,66,0.2890416535741106
linear,0.5,37,67,0.2890415617970367
linear,0.5,37,68,0.2890414701607238
linear,0.5,37,69,0.28904137864716306
linear,0.5,37,70,0.2890412872405013
linear,0.5,37,71,0.2890411959267808
linear,0.5,37,72,0.28904110469371086
linear,0.5,37,73,0.2890410135304673
linear,0.5,37,74,0.2890409224275153
linear,0.5,37,75,0.28904083137645414
linear,0.5,37,76,0.2890407403698807
linear,0.5,37,77,0.289040649401269
linear,0.5,37,78,0.2890405584648646
linear,0.5,37,79,0.28904046755559154
linear,0.5,37,80,0.28904037666897076
linear,0.5,37,81,0.2890402858010479
linear,0.5,37,82,0.2890401949483303
linear,0.5,37,83,0.28904010410773107
linear,0.5,37,84,0.2890400132765205
linear,0.5,37,85,0.28903992245228305
linear,0.5,37,86,0.28903983163287883
linear,0.5,37,87,0.28903974081641126
linear,0.5,37,88,0.28903965000119725
linear,0.5,37,89,0.2890395591857414
linear,0.5,37,90,0.28903946836871375
linear,0.5,37,91,0.28903937754892933
linear,0.5,37,92,0.2890392867253313
linear,0.5,37,93,0.28903919589697497
linear,0.5,37,94,0.28903910506301445
linear,0.5,37,95,0.28903901422269096
linear,0.5,37,96,0.2890389233753219
linear,0.5,37,97,0.2890388325202921
linear,0.5,37,98,0.28903874165704535
linear,0.5,37,99,0.2890386507850775
linear,0.5,37,100,0.28903855990393007
linear,1.0,35,0,0.2901381615366594
linear,1.0,35,1,0.13858951682272028
linear,1.0,35,2,0.10097644265023706
linear,1.0,35,3,0.15936478633614481
linear,1.0,35,4,0.6653229075028844
linear,1.0,35,5,0.511461850085712
linear,1.0,35,6,0.17720129378757565
linear,1.0,35,7,0.16139907696688865
linear,1.0,35,8,0.07601495914846729
linear,1.0,35,9,0.023356083851807864
linear,1.0,35,10,0.011752438806663957
linear,1.0,35,11,0.008113637425362134
linear,1.0,35,12,0.006047282502300724
linear,1.0,35,13,0.004694879551829187
linear,1.0,35,14,0.0037647862331176875
linear,1.0,35,15,0.0031125759118893013
linear,1.0,35,16,0.002650804803127357
linear,1.0,35,17,0.002321854793856466
linear,1.0,35,18,0.0020864118818560576
linear,1.0,35,19,0.0019171663637031126
linear,1.0,35,20,0.0017949812702058635
linear,1.0,35,21,0.001706374011171663
linear,1.0,35,22,0.0016418131707910243
linear,1.0,35,23,0.0015945405805649964
linear,1.0,35,24,0.0015597504933454883
linear,1.0,35,25,0.0015340144064262553
linear,1.0,35,26,0.001514877401371027
linear,1.0,35,27,0.0015005744412771875
linear,1.0,35,28,0.0014898307908628985
linear,1.0,35,29,0.0014817213930471626
linear,1.0,35,30,0.0014755715822076729
linear,1.0,35,31,0.0014708867865703085
linear,1.0,35,32,0.0014673025862789362
linear,1.0,35,33,0.0014645490913678606
linear,1.0,35,34,0.0014624254210540192
linear,1.0,35,35,0.001460781332489885
linear,1.0,35,36,0.0014595039298902707
linear,1.0,35,37,0.0014585079997674333
linear,1.0,35,38,0.0014577289467121472
linear,1.0,35,39,0.0014571176035848097
linear,1.0,35,40,0.0014566363996950712
linear,1.0,35,41,0.0014562565179229736
linear,1.0,35,42,0.00145595577571973
linear,1.0,35,43,0.001455717038626416
linear,1.0,35,44,0.001455527027436703
linear,1.0,35,45,0.0014553754177023157
linear,1.0,35,46,0.0014552541573145705
linear,1.0,35,47,0.001455156947450313
linear,1.0,35,48,0.0014550788463885914
linear,1.0,35,49,0.001455015966093766
linear,1.0,35,50,0.0014549652390909462
linear,1.0,35,51,0.0014549242387879191
linear,1.0,35,52,0.0014548910405695194
linear,1.0,35,53,0.0014548641140945094
linear,1.0,35,54,0.0014548422395445947
linear,1.0,35,55,0.0014548244423142915
linear,1.0,35,56,0.0014548099419399996
linear,1.0,35,57,0.0014547981120547524
linear,1.0,35,58,0.0014547884489042157
linear,1.0,35,59,0.0014547805465286831
linear,1.0,35,60,0.0014547740771490292
linear,1.0,35,61,0.0014547687756264066
linear,1.0,35,62,0.0014547644271190971
linear,1.0,35,63,0.0014547608572551688
linear,1.0,35,64,0.0014547579242898032
linear,1.0,35,65,0.0014547555128322206
linear,1.0,35,66,0.001454753528817087
linear,1.0,35,67,0.0014547518954649411
linear,1.0,35,68,0.0014547505500304451
linear,1.0,35,69,0.0014547494411798405
linear,1.0,35,70,0.0014547485268717234
linear,1.0,35,71,0.001454747772641675
linear,1.0,35,72,0.0014547471502113437
linear,1.0,35,73,0.0014547466363588053
linear,1.0,35,74,0.0014547462119998084
linear,1.0,35,75,0.001454745861439385
linear,1.0,35,76,0.0014547455717615482
linear,1.0,35,77,0.0014547453323307709
linear,1.0,35,78,0.0014547451343845821
linear,1.0,35,79,0.0014547449706999787
linear,1.0,35,80,0.0014547448353202008
linear,1.0,35,81,0.001454744723330645
linear,1.0,35,82,0.0014547446306749456
linear,1.0,35,83,0.0014547445540039367
linear,1.0,35,84,0.0014547444905513795
linear,1.0,35,85,0.0014547444380318755
linear,1.0,35,86,0.0014547443945567597
linear,1.0,35,87,0.0014547443585648202
linear,1.0,35,88,0.0014547443287652412
linear,1.0,35,89,0.0014547443040905598
linear,1.0,35,90,0.0014547442836578177
linear,1.0,35,91,0.0014547442667365862
linear,1.0,35,92,0.0014547442527224938
linear,1.0,35,93,0.0014547442411154215
linear,1.0,35,94,0.001454744231501431
linear,1.0,35,95,0.0014547442235379104
linear,1.0,35,96,0.0014547442169412198
linear,1.0,35,97,0.001454744211476561
linear,1.0,35,98,0.001454744206949496
linear,1.0,35,99,0.0014547442031990414
linear,1.0,35,100,0.0014547442000918767
linear,1.0,36,0,1.5075520965605773
linear,1.0,36,1,4.788153257142664
linear,1.0,36,2,15.362681569306853
linear,1.0,36,3,81.49006617368957
linear,1.0,37,0,1.0679066459842173
linear,1.0,37,1,1.710795900610798
linear,1.0,37,2,1.6281303576457384
linear,1.0,37,3,0.8083277102871944
linear,1.0,37,4,3.056384666989739
linear,1.0,37,5,1.051110857715584
linear,1.0,37,6,13.804157917342453
linear,1.0,37,7,1.5297500874859296
linear,1.0,37,8,9.900223589829402
linear,1.0,37,9,22.948531693105352
linear,1.0,37,10,419817.9871939995
linear,1.4142135623730951,35,0,546.3393831283171
linear,1.4142135623730951,36,0,4379.452968304209
linear,1.4142135623730951,37,0,3000.8900044901284
linear,2.0,35,0,2271293.474849573
linear,2.0,36,0,17897908.230598353
linear,2.0,37,0,12278336.718127672
tanh,0.5,35,0,0.2890614990007393
tanh,0.5,35,1,0.2890546960248952
tanh,0.5,35,2,0.2890488267574953
tanh,0.5,35,3,0.2890437623332622
tanh,0.5,35,4,0.2890393916724413
tanh,0.5,35,5,0.2890356190259225
tanh,0.5,35,6,0.28903236185926273
tanh,0.5,35,7,0.28902954902880534
tanh,0.5,35,8,0.28902711920956037
tanh,0.5,35,9,0.2890250195400845
tanh,0.5,35,10,0.2890232044544012
tanh,0.5,35,11,0.28902163467513964
tanh,0.5,35,12,0.2890202763456389
tanh,0.5,35,13,0.28901910028183425
tanh,0.5,35,14,0.2890180813273925
tanh,0.5,35,15,0.2890171977978463
tanh,0.5,35,16,0.28901643100144375
tanh,0.5,35,17,0.2890157648261241
tanh,0.5,35,18,0.28901518538349547
tanh,0.5,35,19,0.289014680701946
tanh,0.5,35,20,0.28901424046210855
tanh,0.5,35,21,0.28901385576883243
tanh,0.5,35,22,0.28901351895462635
tanh,0.5,35,23,0.2890132234102265
tanh,0.5,35,24,0.28901296343854865
tanh,0.5,35,25,0.28901273412879597
tanh,0.5,35,26,0.2890125312479406
tanh,0.5,35,27,0.2890123511471826
tanh,0.5,35,28,0.28901219068131817
tanh,0.5,35,29,0.289012047139236
tanh,0.5,35,30,0.28901191818400584
tanh,0.5,35,31,0.2890118018012357
tanh,0.5,35,32,0.28901169625455636
tanh,0.5,35,33,0.28901160004724935
tanh,0.5,35,34,0.2890115118891715
tanh,0.5,35,35,0.28901143066824336
tanh,0.5,35,36,0.2890113554258736
tanh,0.5,35,37,0.2890112853357744
tanh,0.5,35,38,0.28901121968570154
tanh,0.5,35,39,0.2890111578617136
tanh,0.5,35,40,0.2890110993346046
tanh,0.5,35,41,0.2890110436482086
tanh,0.5,35,42,0.28901099040931877
tanh,0.5,35,43,0.28901093927899757
tanh,0.5,35,44,0.2890108899650865
tanh,0.5,35,45,0.28901084221574946
tanh,0.5,35,46,0.28901079581390754
tanh,0.5,35,47,0.2890107505724415
tanh,0.5,35,48,0.28901070633005693
tanh,0.5,35,49,0.2890106629477194
tanh,0.5,35,50,0.2890106203055824
tanh,0.5,35,51,0.2890105783003388
tanh,0.5,35,52,0.2890105368429382
tanh,0.5,35,53,0.28901049585661864
tanh,0.5,35,54,0.2890104552752112
tanh,0.5,35,55,0.2890104150416771
tanh,0.5,35,56,0.28901037510684824
tanh,0.5,35,57,0.28901033542834026
tanh,0.5,35,58,0.2890102959696167
tanh,0.5,35,59,0.2890102566991813
tanh,0.5,35,60,0.2890102175898827
tanh,0.5,35,61,0.2890101786183148
tanh,0.5,35,62,0.2890101397642991
tanh,0.5,35,63,0.2890101010104404
tanh,0.5,35,64,0.2890100623417413
tanh,0.5,35,65,0.28901002374527224
tanh,0.5,35,66,0.2890099852098857
tanh,0.5,35,67,0.28900994672597
tanh,0.5,35,68,0.28900990828523776
tanh,0.5,35,69,0.2890098698805428
tanh,0.5,35,70,0.2890098315057227
tanh,0.5,35,71,0.28900979315546294
tanh,0.5,35,72,0.28900975482518004
tanh,0.5,35,73,0.28900971651092056
tanh,0.5,35,74,0.2890096782092741
tanh,0.5,35,75,0.2890096399172981
tanh,0.5,35,76,0.289009601632454
tanh,0.5,35,77,0.28900956335255057
tanh,0.5,35,78,0.28900952507569666
tanh,0.5,35,79,0.28900948680025934
tanh,0.5,35,80,0.28900944852482857
tanh,0.5,35,81,0.28900941024818605
tanh,0.5,35,82,0.2890093719692793
tanh,0.5,35,83,0.2890093336871982
tanh,0.5,35,84,0.2890092954011557
tanh,0.5,35,85,0.2890092571104708
tanh,0.5,35,86,0.2890092188145537
tanh,0.5,35,87,0.28900918051289337
tanh,0.5,35,88,0.28900914220504675
tanh,0.5,35,89,0.28900910389062917
tanh,0.5,35,90,0.28900906556930644
tanh,0.5,35,91,0.2890090272407878
tanh,0.5,35,92,0.2890089889048199
tanh,0.5,35,93,0.2890089505611818
tanh,0.5,35,94,0.28900891220968034
tanh,0.5,35,95,0.2890088738501463
tanh,0.5,35,96,0.28900883548243117
tanh,0.5,35,97,0.28900879710640426
tanh,0.5,35,98,0.2890087587219503
tanh,0.5,35,99,0.2890087203289671
tanh,0.5,35,100,0.28900868192736395
tanh,0.5,36,0,0.2891157012622198
tanh,0.5,36,1,0.2891072487908908
tanh,0.5,36,2,0.2891002164433475
tanh,0.5,36,3,0.2890943624447854
tanh,0.5,36,4,0.28908948618522695
tanh,0.5,36,5,0.28908542121018926
tanh,0.5,36,6,0.2890820294050568
tanh,0.5,36,7,0.28907919616980354
tanh,0.5,36,8,0.28907682641537313
tanh,0.5,36,9,0.28907484124177446
tanh,0.5,36,10,0.28907317518179565
tanh,0.5,36,11,0.28907177391401506
tanh,0.5,36,12,0.289070592365198
tanh,0.5,36,13,0.28906959313577496
tanh,0.5,36,14,0.28906874519339243
tanh,0.5,36,15,0.2890680227888913
tanh,0.5,36,16,0.28906740455684365
tanh,0.5,36,17,0.28906687276922427
tanh,0.5,36,18,0.2890664127161459
tanh,0.5,36,19,0.28906601219202444
tanh,0.5,36,20,0.289065661069224
tanh,0.5,36,21,0.2890653509442897
tanh,0.5,36,22,0.28906507484440847
tanh,0.5,36,23,0.2890648269838444
tanh,0.5,36,24,0.2890646025618417
tanh,0.5,36,25,0.2890643975949337
tanh,0.5,36,26,0.2890642087778009
tanh,0.5,36,27,0.28906403336781866
tanh,0.5,36,28,0.2890638690892594
tanh,0.5,36,29,0.2890637140538049
tanh,0.5,36,30,0.289063566694591
tanh,0.5,36,31,0.28906342571148136
tanh,0.5,36,32,0.28906329002565734
tanh,0.5,36,33,0.28906315874194044
tanh,0.5,36,34,0.2890630311175275
tanh,0.5,36,35,0.28906290653605
tanh,0.5,36,36,0.28906278448604883
tanh,0.5,36,37,0.28906266454311424
tanh,0.5,36,38,0.289062546355066
tanh,0.5,36,39,0.2890624296296568
tanh,0.5,36,40,0.28906231412436906
tanh,0.5,36,41,0.28906219963794877
tanh,0.5,36,42,0.28906208600338057
tanh,0.5,36,43,0.28906197308205905
tanh,0.5,36,44,0.2890618607589519
tanh,0.5,36,45,0.2890617489385871
tanh,0.5,36,46,0.28906163754172276
tanh,0.5,36,47,0.28906152650258415
tanh,0.5,36,48,0.2890614157665711
tanh,0.5,36,49,0.2890613052883555
tanh,0.5,36,50,0.289061195030303
tanh,0.5,36,51,0.28906108496116323
tanh,0.5,36,52,0.2890609750549828
tanh,0.5,36,53,0.2890608652902039
tanh,0.5,36,54,0.28906075564891587
tanh,0.5,36,55,0.2890606461162341
tanh,0.5,36,56,0.28906053667978526
tanh,0.5,36,57,0.2890604273292796
tanh,0.5,36,58,0.2890603180561564
tanh,0.5,36,59,0.2890602088532894
tanh,0.5,36,60,0.2890600997147429
tanh,0.5,36,61,0.28905999063556903
tanh,0.5,36,62,0.28905988161163926
tanh,0.5,36,63,0.2890597726395056
tanh,0.5,36,64,0.2890596637162842
tanh,0.5,36,65,0.2890595548395595
tanh,0.5,36,66,0.2890594460073046
tanh,0.5,36,67,0.2890593372178152
tanh,0.5,36,68,0.2890592284696544
tanh,0.5,36,69,0.28905911976160725
tanh,0.5,36,70,0.2890590110926433
tanh,0.5,36,71,0.28905890246188515
tanh,0.5,36,72,0.289058793868582
tanh,0.5,36,73,0.28905868531208834
tanh,0.5,36,74,0.2890585767918463
tanh,0.5,36,75,0.28905846830737053
tanh,0.5,36,76,0.2890583598582357
tanh,0.5,36,77,0.2890582514440666
tanh,0.5,36,78,0.2890581430645295
tanh,0.5,36,79,0.28905803471932506
tanh,0.5,36,80,0.28905792640818256
tanh,0.5,36,81,0.28905781813085507
tanh,0.5,36,82,0.28905770988711527
tanh,0.5,36,83,0.2890576016767524
tanh,0.5,36,84,0.289057493499569
tanh,0.5,36,85,0.28905738535537917
tanh,0.5,36,86,0.2890572772440064
tanh,0.5,36,87,0.2890571691652819
tanh,0.5,36,88,0.2890570611190434
tanh,0.5,36,89,0.28905695310513396
tanh,0.5,36,90,0.28905684512340135
tanh,0.5,36,91,0.2890567371736969
tanh,0.5,36,92,0.28905662925587516
tanh,0.5,36,93,0.2890565213697933
tanh,0.5,36,94,0.2890564135153106
tanh,0.5,36,95,0.28905630569228824
tanh,0.5,36,96,0.2890561979005888
tanh,0.5,36,97,0.2890560901400763
tanh,0.5,36,98,0.28905598241061586
tanh,0.5,36,99,0.2890558747120734
tanh,0.5,36,100,0.2890557670443156
tanh,0.5,37,0,0.2890942055850983
tanh,0.5,37,1,0.28908824663563104
tanh,0.5,37,2,0.2890829991549596
tanh,0.5,37,3,0.28907837740002607
tanh,0.5,37,4,0.2890743059616345
tanh,0.5,37,5,0.289070718518861
tanh,0.5,37,6,0.28906755674363627
tanh,0.5,37,7,0.2890647693373881
tanh,0.5,37,8,0.28906231118381526
tanh,0.5,37,9,0.28906014260378776
tanh,0.5,37,10,0.2890582287000596
tanh,0.5,37,11,0.2890565387809645
tanh,0.5,37,12,0.28905504585357356
tanh,0.5,37,13,0.28905372617793956
tanh,0.5,37,14,0.28905255887506554
tanh,0.5,37,15,0.28905152558212055
tanh,0.5,37,16,0.28905061014920885
tanh,0.5,37,17,0.2890497983726832
tanh,0.5,37,18,0.28904907776059785
tanh,0.5,37,19,0.2890484373264283
tanh,0.5,37,20,0.2890478674076505
tanh,0.5,37,21,0.2890473595061829
tanh,0.5,37,22,0.28904690614805834
tanh,0.5,37,23,0.2890465007600062
tanh,0.5,37,24,0.28904613756090825
tanh,0.5,37,25,0.28904581146633523
tanh,0.5,37,26,0.289045518004588
tanh,0.5,37,27,0.289045253242856
tanh,0.5,37,28,0.28904501372227537
tanh,0.5,37,29,0.28904479640081265
tanh,0.5,37,30,0.2890445986030318
tanh,0.5,37,31,0.2890444179759148
tanh,0.5,37,32,0.28904425245000637
tanh,0.5,37,33,0.2890441002052415
tanh,0.5,37,34,0.2890439596408906
tanh,0.5,37,35,0.2890438293491268
tanh,0.5,37,36,0.28904370809177926
tanh,0.5,37,37,0.2890435947798869
tanh,0.5,37,38,0.2890434884557171
tanh,0.5,37,39,0.2890433882769511
tanh,0.5,37,40,0.2890432935027748
tanh,0.5,37,41,0.28904320348164647
tanh,0.5,37,42,0.2890431176405381
tanh,0.5,37,43,0.2890430354754736
tanh,0.5,37,44,0.2890429565432071
tanh,0.5,37,45,0.28904288045390414
tanh,0.5,37,46,0.2890428068647049
tanh,0.5,37,47,0.2890427354740632
tanh,0.5,37,48,0.28904266601676765
tanh,0.5,37,49,0.28904259825956274
tanh,0.5,37,50,0.2890425319972979
tanh,0.5,37,51,0.2890424670495403
tanh,0.5,37,52,0.2890424032575962
tanh,0.5,37,53,0.28904234048189104
tanh,0.5,37,54,0.28904227859966525
tanh,0.5,37,55,0.2890422175029479
tanh,0.5,37,56,0.28904215709677455
tanh,0.5,37,57,0.28904209729761965
tanh,0.5,37,58,0.289042038032018
tanh,0.5,37,59,0.2890419792353526
tanh,0.5,37,60,0.28904192085078795
tanh,0.5,37,61,0.2890418628283326
tanh,0.5,37,62,0.2890418051240141
tanh,0.5,37,63,0.2890417476991539
tanh,0.5,37,64,0.28904169051972906
tanh,0.5,37,65,0.28904163355581136
tanh,0.5,37,66,0.289041576781074
tanh,0.5,37,67,0.2890415201723572
tanh,0.5,37,68,0.28904146370928674
tanh,0.5,37,69,0.28904140737393835
tanh,0.5,37,70,0.2890413511505424
tanh,0.5,37,71,0.289041295025224
tanh,0.5,37,72,0.2890412389857751
tanh,0.5,37,73,0.28904118302145326
tanh,0.5,37,74,0.2890411271228051
tanh,0.5,37,75,0.289041071281511
tanh,0.5,37,76,0.28904101549024874
tanh,0.5,37,77,0.2890409597425725
tanh,0.5,37,78,0.28904090403280813
tanh,0.5,37,79,0.28904084835595967
tanh,0.5,37,80,0.28904079270762784
tanh,0.5,37,81,0.2890407370839379
tanh,0.5,37,82,0.2890406814814766
tanh,0.5,37,83,0.2890406258972365
tanh,0.5,37,84,0.2890405703285671
tanh,0.5,37,85,0.2890405147731319
tanh,0.5,37,86,0.28904045922887034
tanh,0.5,37,87,0.2890404036939648
tanh,0.5,37,88,0.289040348166811
tanh,0.5,37,89,0.2890402926459927
tanh,0.5,37,90,0.28904023713025867
tanh,0.5,37,91,0.28904018161850314
tanh,0.5,37,92,0.28904012610974783
tanh,0.5,37,93,0.2890400706031271
tanh,0.5,37,94,0.2890400150978739
tanh,0.5,37,95,0.2890399595933082
tanh,0.5,37,96,0.28903990408882646
tanh,0.5,37,97,0.2890398485838922
tanh,0.5,37,98,0.28903979307802824
tanh,0.5,37,99,0.28903973757080925
tanh,0.5,37,100,0.2890396820618557
tanh,1.0,35,0,0.27477853281910536
tanh,1.0,35,1,0.26310595062648656
tanh,1.0,35,2,0.25210283953025553
tanh,1.0,35,3,0.24134697327934723
tanh,1.0,35,4,0.23053827356557055
tanh,1.0,35,5,0.21946197057694616
tanh,1.0,35,6,0.20797101104640509
tanh,1.0,35,7,0.1959799505841922
tanh,1.0,35,8,0.18346564979289803
tanh,1.0,35,9,0.17047107278546686
tanh,1.0,35,10,0.15710845223675785
tanh,1.0,35,11,0.14355781573029516
tanh,1.0,35,12,0.13005715274155627
tanh,1.0,35,13,0.1168820634240244
tanh,1.0,35,14,0.10431581370497228
tanh,1.0,35,15,0.09261460292141957
tanh,1.0,35,16,0.08197581726605499
tanh,1.0,35,17,0.07251724372263416
tanh,1.0,35,18,0.06427203054832614
tanh,1.0,35,19,0.057198951668995635
tanh,1.0,35,20,0.051202867726756605
tanh,1.0,35,21,0.04615830574482732
tanh,1.0,35,22,0.04193015837136007
tanh,1.0,35,23,0.038388333858270486
tanh,1.0,35,24,0.03541600875721121
tanh,1.0,35,25,0.032912851013437994
tanh,1.0,35,26,0.03079506636283315
tanh,1.0,35,27,0.02899383292907141
tanh,1.0,35,28,0.02745315017122197
tanh,1.0,35,29,0.026127655018127652
tanh,1.0,35,30,0.024980648891139323
tanh,1.0,35,31,0.023982413403230672
tanh,1.0,35,32,0.02310881655976414
tanh,1.0,35,33,0.022340181538004204
tanh,1.0,35,34,0.021660380998556487
tanh,1.0,35,35,0.021056119222145744
tanh,1.0,35,36,0.02051636713912037
tanh,1.0,35,37,0.02003191951845195
tanh,1.0,35,38,0.01959504828408115
tanh,1.0,35,39,0.01919923059114531
tanh,1.0,35,40,0.018838934580959213
tanh,1.0,35,41,0.018509449450996
tanh,1.0,35,42,0.01820674955687846
tanh,1.0,35,43,0.017927384727053648
tanh,1.0,35,44,0.01766839088741541
tanh,1.0,35,45,0.017427216553578748
tanh,1.0,35,46,0.01720166184496015
tanh,1.0,35,47,0.016989827489949524
tanh,1.0,35,48,0.016790071894156846
tanh,1.0,35,49,0.016600974788632067
tanh,1.0,35,50,0.01642130630400593
tanh,1.0,35,51,0.01625000056107695
tanh,1.0,35,52,0.016086133051592247
tanh,1.0,35,53,0.015928901221660376
tanh,1.0,35,54,0.015777607776534346
tanh,1.0,35,55,0.015631646308129646
tanh,1.0,35,56,0.015490488911835716
tanh,1.0,35,57,0.015353675511400119
tanh,1.0,35,58,0.015220804653109661
tanh,1.0,35,59,0.015091525565457592
tanh,1.0,35,60,0.014965531309631061
tanh,1.0,35,61,0.014842552870692183
tanh,1.0,35,62,0.01472235406015476
tanh,1.0,35,63,0.01460472711845053
tanh,1.0,35,64,0.014489488921049055
tanh,1.0,35,65,0.014376477705144719
tanh,1.0,35,66,0.014265550245174233
tanh,1.0,35,67,0.014156579415236651
tanh,1.0,35,68,0.014049452084972137
tanh,1.0,35,69,0.013944067302794213
tanh,1.0,35,70,0.013840334726717808
tanh,1.0,35,71,0.013738173268513204
tanh,1.0,35,72,0.013637509921657909
tanh,1.0,35,73,0.013538278747653149
tanh,1.0,35,74,0.01344041999880549
tanh,1.0,35,75,0.013343879358621311
tanh,1.0,35,76,0.01324860728358803
tanh,1.0,35,77,0.013154558432378468
tanh,1.0,35,78,0.01306169117046202
tanh,1.0,35,79,0.012969967139781931
tanh,1.0,35,80,0.012879350884599999
tanh,1.0,35,81,0.012789809525849294
tanh,1.0,35,82,0.012701312477401543
tanh,1.0,35,83,0.012613831198571885
tanh,1.0,35,84,0.012527338977971397
tanh,1.0,35,85,0.012441810744494786
tanh,1.0,35,86,0.012357222901812528
tanh,1.0,35,87,0.012273553183236996
tanh,1.0,35,88,0.012190780524262639
tanh,1.0,35,89,0.012108884950449768
tanh,1.0,35,90,0.012027847478640396
tanh,1.0,35,91,0.011947650029768057
tanh,1.0,35,92,0.011868275351759563
tanh,1.0,35,93,0.011789706951229627
tanh,1.0,35,94,0.011711929032844237
tanh,1.0,35,95,0.011634926445379496
tanh,1.0,35,96,0.01155868463363256
tanh,1.0,35,97,0.011483189595453466
tanh,1.0,35,98,0.011408427843263604
tanh,1.0,35,99,0.0113343863695098
tanh,1.0,35,100,0.011261052615575704
tanh,1.0,36,0,0.3797834003801739
tanh,1.0,36,1,0.31274810054138047
tanh,1.0,36,2,0.277735501142901
tanh,1.0,36,3,0.25463377658183173
tanh,1.0,36,4,0.2368194084881658
tanh,1.0,36,5,0.22152982310511665
tanh,1.0,36,6,0.20744790306988892
tanh,1.0,36,7,0.19389560858629967
tanh,1.0,36,8,0.1805159408654683
tanh,1.0,36,9,0.16713438857053478
tanh,1.0,36,10,0.1536954350282484
tanh,1.0,36,11,0.14023285514065364
tanh,1.0,36,12,0.12685463046055412
tanh,1.0,36,13,0.11373158784478464
tanh,1.0,36,14,0.10108250778506411
tanh,1.0,36,15,0.08915136157262595
tanh,1.0,36,16,0.07817620808247464
tanh,1.0,36,17,0.06835405095286246
tanh,1.0,36,18,0.05980996393740366
tanh,1.0,36,19,0.05257960986487783
tanh,1.0,36,20,0.04661053233183074
tanh,1.0,36,21,0.041780739493040925
tanh,1.0,36,22,0.037927027535569244
tanh,1.0,36,23,0.034873598061640726
tanh,1.0,36,24,0.032454029953427985
tanh,1.0,36,25,0.030524061955969562
tanh,1.0,36,26,0.028966225708057698
tanh,1.0,36,27,0.027689002302645278
tanh,1.0,36,28,0.026623190691106982
tanh,1.0,36,29,0.02571742583852322
tanh,1.0,36,30,0.024933939608720496
tanh,1.0,36,31,0.02424502487877794
tanh,1.0,36,32,0.02363029120707876
tanh,1.0,36,33,0.023074625950361433
tanh,1.0,36,34,0.022566718494694736
tanh,1.0,36,35,0.02209800703841142
tanh,1.0,36,36,0.02166193114450699
tanh,1.0,36,37,0.021253401042369686
tanh,1.0,36,38,0.02086841903408988
tanh,1.0,36,39,0.020503807349183247
tanh,1.0,36,40,0.020157010677452625
tanh,1.0,36,41,0.019825951406656106
tanh,1.0,36,42,0.019508922367538196
tanh,1.0,36,43,0.019204506530423097
tanh,1.0,36,44,0.018911516269068396
tanh,1.0,36,45,0.018628946979598434
tanh,1.0,36,46,0.018355941338634614
tanh,1.0,36,47,0.01809176152384328
tanh,1.0,36,48,0.017835767448606484
tanh,1.0,36,49,0.017587399578478727
tanh,1.0,36,50,0.017346165266357287
tanh,1.0,36,51,0.01711162781029631
tanh,1.0,36,52,0.016883397632870084
tanh,1.0,36,53,0.016661125124701165
tanh,1.0,36,54,0.016444494801618054
tanh,1.0,36,55,0.016233220504995854
tanh,1.0,36,56,0.016027041435311404
tanh,1.0,36,57,0.015825718854934317
tanh,1.0,36,58,0.015629033331370862
tanh,1.0,36,59,0.015436782419275825
tanh,1.0,36,60,0.015248778700530624
tanh,1.0,36,61,0.015064848118017726
tanh,1.0,36,62,0.014884828551500936
tanh,1.0,36,63,0.014708568594067222
tanh,1.0,36,64,0.014535926495521916
tanh,1.0,36,65,0.014366769245425423
tanh,1.0,36,66,0.014200971773477938
tanh,1.0,36,67,0.014038416248975494
tanh,1.0,36,68,0.013878991464289035
tanh,1.0,36,69,0.01372259228992381
tanh,1.0,36,70,0.013569119190827681
tanh,1.0,36,71,0.013418477795335424
tanh,1.0,36,72,0.013270578509538363
tanh,1.0,36,73,0.01312533617101986
tanh,1.0,36,74,0.012982669736843507
tanh,1.0,36,75,0.012842502001463262
tanh,1.0,36,76,0.012704759340873274
tanh,1.0,36,77,0.012569371479854666
tanh,1.0,36,78,0.01243627127962733
tanh,1.0,36,79,0.012305394543592283
tanh,1.0,36,80,0.012176679839167955
tanh,1.0,36,81,0.012050068333991219
tanh,1.0,36,82,0.01192550364498137
tanh,1.0,36,83,0.011802931698957363
tanh,1.0,36,84,0.011682300603663185
tanh,1.0,36,85,0.011563560528196157
tanh,1.0,36,86,0.011446663591953593
tanh,1.0,36,87,0.011331563761316426
tanh,1.0,36,88,0.011218216753377919
tanh,1.0,36,89,0.011106579946102601
tanh,1.0,36,90,0.01099661229436787
tanh,1.0,36,91,0.010888274251398565
tanh,1.0,36,92,0.010781527695156543
tanh,1.0,36,93,0.01067633585929097
tanh,1.0,36,94,0.010572663268294922
tanh,1.0,36,95,0.010470475676547852
tanh,1.0,36,96,0.010369740010954295
tanh,1.0,36,97,0.010270424316915584
tanh,1.0,36,98,0.010172497707395974
tanh,1.0,36,99,0.010075930314864898
tanh,1.0,36,100,0.009980693245916942
tanh,1.0,37,0,0.32805488499529156
tanh,1.0,37,1,0.3023729954662611
tanh,1.0,37,2,0.2847038927364417
tanh,1.0,37,3,0.27108959282946404
tanh,1.0,37,4,0.25955469812825593
tanh,1.0,37,5,0.24900796258973076
tanh,1.0,37,6,0.2387997378391571
tanh,1.0,37,7,0.22852311855656543
tanh,1.0,37,8,0.2179186001798214
tanh,1.0,37,9,0.206827588220201
tanh,1.0,37,10,0.19517079799149653
tanh,1.0,37,11,0.18293962261904945
tanh,1.0,37,12,0.17019347852034478
tanh,1.0,37,13,0.15705819376165725
tanh,1.0,37,14,0.14372149959643568
tanh,1.0,37,15,0.13042253928862055
tanh,1.0,37,16,0.11743355218903892
tanh,1.0,37,17,0.10503385506590243
tanh,1.0,37,18,0.09347900415104549
tanh,1.0,37,19,0.08297098368502083
tanh,1.0,37,20,0.073636803221317
tanh,1.0,37,21,0.06552119211108767
tanh,1.0,37,22,0.05859423297360434
tanh,1.0,37,23,0.05276953746049184
tanh,1.0,37,24,0.04792613419839796
tanh,1.0,37,25,0.04392834313452881
tanh,1.0,37,26,0.040640742590953814
tanh,1.0,37,27,0.03793779674623406
tanh,1.0,37,28,0.03570898928537243
tanh,1.0,37,29,0.03386066461017808
tanh,1.0,37,30,0.03231570316533927
tanh,1.0,37,31,0.031011947085135688
tanh,1.0,37,32,0.029900056504786214
tanh,1.0,37,33,0.028941254048998204
tanh,1.0,37,34,0.028105227057595703
tanh,1.0,37,35,0.027368316289343032
tanh,1.0,37,36,0.026712026937188105
tanh,1.0,37,37,0.026121844811832273
tanh,1.0,37,38,0.025586316036466522
tanh,1.0,37,39,0.02509634173863452
tanh,1.0,37,40,0.024644641811424554
tanh,1.0,37,41,0.02422534847127369
tanh,1.0,37,42,0.023833697978910797
tanh,1.0,37,43,0.02346579598561708
tanh,1.0,37,44,0.023118437923737013
tanh,1.0,37,45,0.022788970577820075
tanh,1.0,37,46,0.022475184575768282
tanh,1.0,37,47,0.022175230228918437
tanh,1.0,37,48,0.021887551129939765
tanh,1.0,37,49,0.021610831364167422
tanh,1.0,37,50,0.021343953244354584
tanh,1.0,37,51,0.021085963248059517
tanh,1.0,37,52,0.02083604440028449
tanh,1.0,37,53,0.020593493759097865
tanh,1.0,37,54,0.020357703970110854
tanh,1.0,37,55,0.02012814808632878
tanh,1.0,37,56,0.01990436702407053
tanh,1.0,37,57,0.019685959158354378
tanh,1.0,37,58,0.01947257166314513
tanh,1.0,37,59,0.019263893280909123
tanh,1.0,37,60,0.019059648267678003
tanh,1.0,37,61,0.018859591308415205
tanh,1.0,37,62,0.018663503235976327
tanh,1.0,37,63,0.018471187417639787
tanh,1.0,37,64,0.018282466697783023
tanh,1.0,37,65,0.0180971808050985
tanh,1.0,37,66,0.017915184148787927
tanh,1.0,37,67,0.01773634394121787
tanh,1.0,37,68,0.01756053859516611
tanh,1.0,37,69,0.01738765635250983
tanh,1.0,37,70,0.017217594108374847
tanh,1.0,37,71,0.017050256400674497
tanh,1.0,37,72,0.016885554539852833
tanh,1.0,37,73,0.016723405857696626
tanh,1.0,37,74,0.016563733057446444
tanh,1.0,37,75,0.016406463650239747
tanh,1.0,37,76,0.016251529465258555
tanh,1.0,37,77,0.01609886622291057
tanh,1.0,37,78,0.015948413162011628
tanh,1.0,37,79,0.015800112713313167
tanh,1.0,37,80,0.015653910212874635
tanh,1.0,37,81,0.015509753649754664
tanh,1.0,37,82,0.015367593443315685
tanh,1.0,37,83,0.015227382246129986
tanh,1.0,37,84,0.015089074769061414
tanh,1.0,37,85,0.014952627625593183
tanh,1.0,37,86,0.014817999192893104
tanh,1.0,37,87,0.014685149487464555
tanh,1.0,37,88,0.014554040053535134
tanh,1.0,37,89,0.014424633862593262
tanh,1.0,37,90,0.014296895222702758
tanh,1.0,37,91,0.014170789696413506
tanh,1.0,37,92,0.014046284026246234
tanh,1.0,37,93,0.013923346066866956
tanh,1.0,37,94,0.013801944723183341
tanh,1.0,37,95,0.013682049893696629
tanh,1.0,37,96,0.013563632418528562
tanh,1.0,37,97,0.013446664031617156
tanh,1.0,37,98,0.013331117316639085
tanh,1.0,37,99,0.013216965666271875
tanh,1.0,37,100,0.013104183244455767
tanh,1.4142135623730951,35,0,0.3194359209313013
tanh,1.4142135623730951,35,1,0.2489203014741051
tanh,1.4142135623730951,35,2,0.2046957150788914
tanh,1.4142135623730951,35,3,0.1718769251879696
tanh,1.4142135623730951,35,4,0.1463199214170351
tanh,1.4142135623730951,35,5,0.12609579196140674
tanh,1.4142135623730951,35,6,0.10991195786405884
tanh,1.4142135623730951,35,7,0.09687236783569227
tanh,1.4142135623730951,35,8,0.08630843739737995
tanh,1.4142135623730951,35,9,0.07768368556828077
tanh,1.4142135623730951,35,10,0.07056252894976434
tanh,1.4142135623730951,35,11,0.06459970563167432
tanh,1.4142135623730951,35,12,0.05952961521067548
tanh,1.4142135623730951,35,13,0.055152400053177494
tanh,1.4142135623730951,35,14,0.05131933253506728
tanh,1.4142135623730951,35,15,0.04791993065395376
tanh,1.4142135623730951,35,16,0.04487175704808835
tanh,1.4142135623730951,35,17,0.04211281594550009
tanh,1.4142135623730951,35,18,0.039596050343020106
tanh,1.4142135623730951,35,19,0.037285400746730084
tanh,1.4142135623730951,35,20,0.03515298133895914
tanh,1.4142135623730951,35,21,0.03317704030903051
tanh,1.4142135623730951,35,22,0.031340460424439796
tanh,1.4142135623730951,35,23,0.029629623164084948
tanh,1.4142135623730951,35,24,0.02803351524193571
tanh,1.4142135623730951,35,25,0.02654300700682468
tanh,1.4142135623730951,35,26,0.02515027490853898
tanh,1.4142135623730951,35,27,0.023848365181645792
tanh,1.4142135623730951,35,28,0.022630897818871183
tanh,1.4142135623730951,35,29,0.021491895779219145
tanh,1.4142135623730951,35,30,0.02042570887420611
tanh,1.4142135623730951,35,31,0.019426995804926354
tanh,1.4142135623730951,35,32,0.018490732652836798
tanh,1.4142135623730951,35,33,0.01761222655576282
tanh,1.4142135623730951,35,34,0.016787123671448433
tanh,1.4142135623730951,35,35,0.0160114079139979
tanh,1.4142135623730951,35,36,0.015281391006587293
tanh,1.4142135623730951,35,37,0.014593696020864702
tanh,1.4142135623730951,35,38,0.013945236824398001
tanh,1.4142135623730951,35,39,0.013333195501691847
tanh,1.4142135623730951,35,40,0.012754999288576988
tanh,1.4142135623730951,35,41,0.0122082980647692
tanh,1.4142135623730951,35,42,0.011690943053245976
tanh,1.4142135623730951,35,43,0.01120096708436414
tanh,1.4142135623730951,35,44,0.010736566581167267
tanh,1.4142135623730951,35,45,0.010296085289202249
tanh,1.4142135623730951,35,46,0.00987799969063196
tanh,1.4142135623730951,35,47,0.00948090599370361
tanh,1.4142135623730951,35,48,0.00910350856370758
tanh,1.4142135623730951,35,49,0.008744609652477869
tanh,1.4142135623730951,35,50,0.008403100284581622
tanh,1.4142135623730951,35,51,0.008077952165635375
tanh,1.4142135623730951,35,52,0.00776821048890965
tanh,1.4142135623730951,35,53,0.007472987528665523
tanh,1.4142135623730951,35,54,0.007191456921276049
tanh,1.4142135623730951,35,55,0.006922848547350666
tanh,1.4142135623730951,35,56,0.006666443939357905
tanh,1.4142135623730951,35,57,0.006421572149411331
tanh,1.4142135623730951,35,58,0.006187606020874837
tanh,1.4142135623730951,35,59,0.005963958815279252
tanh,1.4142135623730951,35,60,0.0057500811528019835
tanh,1.4142135623730951,35,61,0.005545458230349341
tanh,1.4142135623730951,35,62,0.005349607286215006
tanh,1.4142135623730951,35,63,0.005162075284480214
tanh,1.4142135623730951,35,64,0.004982436795880384
tanh,1.4142135623730951,35,65,0.004810292054883596
tanh,1.4142135623730951,35,66,0.004645265175293477
tanh,1.4142135623730951,35,67,0.0044870025088746416
tanh,1.4142135623730951,35,68,0.004335171133364021
tanh,1.4142135623730951,35,69,0.004189457457828204
tanh,1.4142135623730951,35,70,0.004049565934698044
tanh,1.4142135623730951,35,71,0.003915217868993792
tanh,1.4142135623730951,35,72,0.0037861503162758873
tanh,1.4142135623730951,35,73,0.003662115061744458
tanh,1.4142135623730951,35,74,0.003542877673683658
tanh,1.4142135623730951,35,75,0.003428216625124071
tanh,1.4142135623730951,35,76,0.0033179224781904205
tanh,1.4142135623730951,35,77,0.0032117971261256305
tanh,1.4142135623730951,35,78,0.0031096530884457164
tanh,1.4142135623730951,35,79,0.0030113128550913523
tanh,1.4142135623730951,35,80,0.0029166082758083777
tanh,1.4142135623730951,35,81,0.0028253799913171666
tanh,1.4142135623730951,35,82,0.002737476903124207
tanh,1.4142135623730951,35,83,0.0026527556790938464
tanh,1.4142135623730951,35,84,0.002571080292135865
tanh,1.4142135623730951,35,85,0.002492321589580263
tanh,1.4142135623730951,35,86,0.002416356891005816
tanh,1.4142135623730951,35,87,0.0023430696124663686
tanh,1.4142135623730951,35,88,0.002272348915220404
tanh,1.4142135623730951,35,89,0.0022040893772167186
tanh,1.4142135623730951,35,90,0.002138190685723869
tanh,1.4142135623730951,35,91,0.002074557349614004
tanh,1.4142135623730951,35,92,0.00201309842992496
tanh,1.4142135623730951,35,93,0.0019537272874279874
tanh,1.4142135623730951,35,94,0.0018963613460237444
tanh,1.4142135623730951,35,95,0.0018409218708767626
tanh,1.4142135623730951,35,96,0.0017873337602792385
tanh,1.4142135623730951,35,97,0.0017355253503092043
tanh,1.4142135623730951,35,98,0.0016854282314165716
tanh,1.4142135623730951,35,99,0.0016369770761337262
tanh,1.4142135623730951,35,100,0.001590109477165516
tanh,1.4142135623730951,36,0,0.8129322267701126
tanh,1.4142135623730951,36,1,0.36050043062525805
tanh,1.4142135623730951,36,2,0.2805533319612712
tanh,1.4142135623730951,36,3,0.2358302370006171
tanh,1.4142135623730951,36,4,0.20484917887133083
tanh,1.4142135623730951,36,5,0.181013887887026
tanh,1.4142135623730951,36,6,0.16152805803587822
tanh,1.4142135623730951,36,7,0.14497515271677855
tanh,1.4142135623730951,36,8,0.1305835628172795
tanh,1.4142135623730951,36,9,0.11791402581079925
tanh,1.4142135623730951,36,10,0.10669475525015
tanh,1.4142135623730951,36,11,0.09673248304068276
tanh,1.4142135623730951,36,12,0.08787169260380553
tanh,1.4142135623730951,36,13,0.07998009559310418
tanh,1.4142135623730951,36,14,0.0729433489060112
tanh,1.4142135623730951,36,15,0.06666165511820618
tanh,1.4142135623730951,36,16,0.06104697268076604
tanh,1.4142135623730951,36,17,0.05602100549948426
tanh,1.4142135623730951,36,18,0.05151394455623218
tanh,1.4142135623730951,36,19,0.0474636986678399
tanh,1.4142135623730951,36,20,0.04381533751775394
tanh,1.4142135623730951,36,21,0.040520570133673495
tanh,1.4142135623730951,36,22,0.03753718825150315
tanh,1.4142135623730951,36,23,0.03482847142311102
tanh,1.4142135623730951,36,24,0.03236257854238539
tanh,1.4142135623730951,36,25,0.030111953846090403
tanh,1.4142135623730951,36,26,0.028052768606382394
tanh,1.4142135623730951,36,27,0.026164411028171602
tanh,1.4142135623730951,36,28,0.024429029743220122
tanh,1.4142135623730951,36,29,0.022831131479105045
tanh,1.4142135623730951,36,30,0.021357230612654474
tanh,1.4142135623730951,36,31,0.019995546796015867
tanh,1.4142135623730951,36,32,0.018735746162025523
tanh,1.4142135623730951,36,33,0.017568721426027282
tanh,1.4142135623730951,36,34,0.01648640628778221
tanh,1.4142135623730951,36,35,0.015481619771048328
tanh,1.4142135623730951,36,36,0.014547936443969619
tanh,1.4142135623730951,36,37,0.013679578796778412
tanh,1.4142135623730951,36,38,0.01287132839141282
tanh,1.4142135623730951,36,39,0.012118452731223698
tanh,1.4142135623730951,36,40,0.011416645126841714
tanh,1.4142135623730951,36,41,0.010761975158292358
tanh,1.4142135623730951,36,42,0.010150847654252712
tanh,1.4142135623730951,36,43,0.009579968424306147
tanh,1.4142135623730951,36,44,0.009046315283091366
tanh,1.4142135623730951,36,45,0.00854711318825712
tanh,1.4142135623730951,36,46,0.00807981256904661
tanh,1.4142135623730951,36,47,0.0076420701429509245
tanh,1.4142135623730951,36,48,0.0072317317009651765
tanh,1.4142135623730951,36,49,0.00684681648754251
tanh,1.4142135623730951,36,50,0.006485502912080922
tanh,1.4142135623730951,36,51,0.006146115409278333
tanh,1.4142135623730951,36,52,0.005827112321455451
tanh,1.4142135623730951,36,53,0.005527074712576279
tanh,1.4142135623730951,36,54,0.005244696046330252
tanh,1.4142135623730951,36,55,0.004978772673608398
tanh,1.4142135623730951,36,56,0.004728195081430129
tanh,1.4142135623730951,36,57,0.004491939858391891
tanh,1.4142135623730951,36,58,0.004269062332783458
tanh,1.4142135623730951,36,59,0.004058689839807411
tanh,1.4142135623730951,36,60,0.0038600155745365508
tanh,1.4142135623730951,36,61,0.003672292987719702
tanh,1.4142135623730951,36,62,0.003494830682453428
tanh,1.4142135623730951,36,63,0.0033269877710932743
tanh,1.4142135623730951,36,64,0.0031681696535321427
tanh,1.4142135623730951,36,65,0.003017824180035089
tanh,1.4142135623730951,36,66,0.002875438164094669
tanh,1.4142135623730951,36,67,0.002740534213165572
tanh,1.4142135623730951,36,68,0.0026126678475737364
tanh,1.4142135623730951,36,69,0.002491424880308143
tanh,1.4142135623730951,36,70,0.0023764190327461585
tanh,1.4142135623730951,36,71,0.0022672897635982276
tanh,1.4142135623730951,36,72,0.0021637002904646486
tanh,1.4142135623730951,36,73,0.0020653357853597366
tanh,1.4142135623730951,36,74,0.0019719017273729387
tanh,1.4142135623730951,36,75,0.0018831223973007306
tanh,1.4142135623730951,36,76,0.0017987395006008908
tanh,1.4142135623730951,36,77,0.0017185109063989905
tanh,1.4142135623730951,36,78,0.0016422094915230726
tanh,1.4142135623730951,36,79,0.0015696220796657034
tanh,1.4142135623730951,36,80,0.0015005484667828175
tanh,1.4142135623730951,36,81,0.0014348005247448036
tanh,1.4142135623730951,36,82,0.0013722013760677151
tanh,1.4142135623730951,36,83,0.0013125846332788932
tanh,1.4142135623730951,36,84,0.001255793697121158
tanh,1.4142135623730951,36,85,0.0012016811083802002
tanh,1.4142135623730951,36,86,0.00115010794863877
tanh,1.4142135623730951,36,87,0.001100943285724358
tanh,1.4142135623730951,36,88,0.0010540636600309742
tanh,1.4142135623730951,36,89,0.0010093526082656796
tanh,1.4142135623730951,36,90,0.0009667002215009992
tanh,1.4142135623730951,36,91,0.0009260027347102393
tanh,1.4142135623730951,36,92,0.0008871621452272725
tanh,1.4142135623730951,36,93,0.0008500858578096933
tanh,1.4142135623730951,36,94,0.0008146863541967004
tanh,1.4142135623730951,36,95,0.000780880885243931
tanh,1.4142135623730951,36,96,0.0007485911838886862
tanh,1.4142135623730951,36,97,0.0007177431973534482
tanh,1.4142135623730951,36,98,0.0006882668371338825
tanh,1.4142135623730951,36,99,0.0006600957454430452
tanh,1.4142135623730951,36,100,0.0006331670768959875
tanh,1.4142135623730951,37,0,0.5147491024306308
tanh,1.4142135623730951,37,1,0.31048176133816896
tanh,1.4142135623730951,37,2,0.25442838062447787
tanh,1.4142135623730951,37,3,0.22692166464572044
tanh,1.4142135623730951,37,4,0.20731109635755088
tanh,1.4142135623730951,37,5,0.19074694664915967
tanh,1.4142135623730951,37,6,0.17588858792750645
tanh,1.4142135623730951,37,7,0.16231158088276165
tanh,1.4142135623730951,37,8,0.14985939819242725
tanh,1.4142135623730951,37,9,0.13845394665945976
tanh,1.4142135623730951,37,10,0.12803475354295238
tanh,1.4142135623730951,37,11,0.11854507761179436
tanh,1.4142135623730951,37,12,0.10993211546601225
tanh,1.4142135623730951,37,13,0.10214365284895782
tanh,1.4142135623730951,37,14,0.0951207004026355
tanh,1.4142135623730951,37,15,0.08879422562169963
tanh,1.4142135623730951,37,16,0.0830888533016697
tanh,1.4142135623730951,37,17,0.07792946528262908
tanh,1.4142135623730951,37,18,0.07324643904524035
tanh,1.4142135623730951,37,19,0.06897825471091537
tanh,1.4142135623730951,37,20,0.0650720408968194
tanh,1.4142135623730951,37,21,0.06148297927889547
tanh,1.4142135623730951,37,22,0.05817325333955636
tanh,1.4142135623730951,37,23,0.0551109301756138
tanh,1.4142135623730951,37,24,0.05226895199236144
tanh,1.4142135623730951,37,25,0.049624291650165006
tanh,1.4142135623730951,37,26,0.04715726749825158
tanh,1.4142135623730951,37,27,0.04485099063747241
tanh,1.4142135623730951,37,28,0.04269091445966085
tanh,1.4142135623730951,37,29,0.040664460892509205
tanh,1.4142135623730951,37,30,0.038760704488171524
tanh,1.4142135623730951,37,31,0.03697010174803888
tanh,1.4142135623730951,37,32,0.035284257969535424
tanh,1.4142135623730951,37,33,0.03369572726643762
tanh,1.4142135623730951,37,34,0.032197843350417366
tanh,1.4142135623730951,37,35,0.03078457937805576
tanh,1.4142135623730951,37,36,0.029450434977351645
tanh,1.4142135623730951,37,37,0.028190347876706406
tanh,1.4142135623730951,37,38,0.026999626792042004
tanh,1.4142135623730951,37,39,0.02587390171657086
tanh,1.4142135623730951,37,40,0.024809087664222768
tanh,1.4142135623730951,37,41,0.023801358227745602
tanh,1.4142135623730951,37,42,0.022847125896379734
tanh,1.4142135623730951,37,43,0.021943026771827134
tanh,1.4142135623730951,37,44,0.02108590798910926
tanh,1.4142135623730951,37,45,0.02027281671004342
tanh,1.4142135623730951,37,46,0.019500989983314176
tanh,1.4142135623730951,37,47,0.018767845063958018
tanh,1.4142135623730951,37,48,0.01807096998103266
tanh,1.4142135623730951,37,49,0.017408114263322373
tanh,1.4142135623730951,37,50,0.01677717980344641
tanh,1.4142135623730951,37,51,0.01617621187889938
tanh,1.4142135623730951,37,52,0.015603390366785623
tanh,1.4142135623730951,37,53,0.015057021195280004
tanh,1.4142135623730951,37,54,0.014535528074106976
tanh,1.4142135623730951,37,55,0.014037444541621036
tanh,1.4142135623730951,37,56,0.013561406359300698
tanh,1.4142135623730951,37,57,0.013106144276848468
tanh,1.4142135623730951,37,58,0.0126704771834089
tanh,1.4142135623730951,37,59,0.012253305653180956
tanh,1.4142135623730951,37,60,0.011853605887212161
tanh,1.4142135623730951,37,61,0.011470424047583411
tanh,1.4142135623730951,37,62,0.01110287097557575
tanh,1.4142135623730951,37,63,0.01075011728174057
tanh,1.4142135623730951,37,64,0.01041138879300213
tanh,1.4142135623730951,37,65,0.010085962339915946
tanh,1.4142135623730951,37,66,0.009773161865880493
tanh,1.4142135623730951,37,67,0.009472354839345463
tanh,1.4142135623730951,37,68,0.009182948949773395
tanh,1.4142135623730951,37,69,0.008904389068199538
tanh,1.4142135623730951,37,70,0.00863615445361361
tanh,1.4142135623730951,37,71,0.008377756186984718
tanh,1.4142135623730951,37,72,0.008128734815507625
tanh,1.4142135623730951,37,73,0.007888658190514571
tanh,1.4142135623730951,37,74,0.007657119483430821
tanh,1.4142135623730951,37,75,0.007433735365123383
tanh,1.4142135623730951,37,76,0.00721814433497296
tanh,1.4142135623730951,37,77,0.007010005186972069
tanh,1.4142135623730951,37,78,0.006808995601100789
tanh,1.4142135623730951,37,79,0.006614810849145123
tanh,1.4142135623730951,37,80,0.0064271626049957516
tanh,1.4142135623730951,37,81,0.0062457778502884986
tanh,1.4142135623730951,37,82,0.00607039786702325
tanh,1.4142135623730951,37,83,0.005900777309520669
tanh,1.4142135623730951,37,84,0.005736683348747846
tanh,1.4142135623730951,37,85,0.005577894882664978
tanh,1.4142135623730951,37,86,0.005424201806817389
tanh,1.4142135623730951,37,87,0.00527540433992235
tanh,1.4142135623730951,37,88,0.005131312399680972
tanh,1.4142135623730951,37,89,0.004991745024484597
tanh,1.4142135623730951,37,90,0.004856529837085111
tanh,1.4142135623730951,37,91,0.004725502546662626
tanh,1.4142135623730951,37,92,0.004598506486054225
tanh,1.4142135623730951,37,93,0.004475392181207486
tanh,1.4142135623730951,37,94,0.004356016950193548
tanh,1.4142135623730951,37,95,0.004240244529360641
tanh,1.4142135623730951,37,96,0.004127944724431119
tanh,1.4142135623730951,37,97,0.004018993084545749
tanh,1.4142135623730951,37,98,0.003913270597440897
tanh,1.4142135623730951,37,99,0.0038106634041081204
tanh,1.4142135623730951,37,100,0.0037110625314340055
tanh,2.0,35,0,0.4536683049754097
tanh,2.0,35,1,0.28152510411351384
tanh,2.0,35,2,0.2025706616569824
tanh,2.0,35,3,0.15851604342485745
tanh,2.0,35,4,0.1287792087152568
tanh,2.0,35,5,0.1070715827724352
tanh,2.0,35,6,0.09024373216863775
tanh,2.0,35,7,0.07637247150948234
tanh,2.0,35,8,0.06488592941007085
tanh,2.0,35,9,0.056077127314794195
tanh,2.0,35,10,0.04902187649961544
tanh,2.0,35,11,0.043228349015749346
tanh,2.0,35,12,0.03837897530625996
tanh,2.0,35,13,0.034248138679362626
tanh,2.0,35,14,0.030676089330346306
tanh,2.0,35,15,0.027548781200201676
tanh,2.0,35,16,0.024787073680515186
tanh,2.0,35,17,0.02233980262983145
tanh,2.0,35,18,0.020174663459457648
tanh,2.0,35,19,0.018266181984735962
tanh,2.0,35,20,0.01658746098165869
tanh,2.0,35,21,0.01510958967865812
tanh,2.0,35,22,0.013804662721259029
tanh,2.0,35,23,0.012647940154539137
tanh,2.0,35,24,0.011618366174496974
tanh,2.0,35,25,0.010698249179295363
tanh,2.0,35,26,0.00987273537989724
tanh,2.0,35,27,0.00912931911112105
tanh,2.0,35,28,0.008457439250834593
tanh,2.0,35,29,0.007848152635411363
tanh,2.0,35,30,0.007293867295269286
tanh,2.0,35,31,0.006788122090640321
tanh,2.0,35,32,0.006325403394189728
tanh,2.0,35,33,0.005900992036967806
tanh,2.0,35,34,0.005510835260898318
tanh,2.0,35,35,0.005151439439555965
tanh,2.0,35,36,0.004819780113707458
tanh,2.0,35,37,0.0045132265365136846
tanh,2.0,35,38,0.004229478458518711
tanh,2.0,35,39,0.003966513308717208
tanh,2.0,35,40,0.0037225422516381163
tanh,2.0,35,41,0.003495973835378336
tanh,2.0,35,42,0.003285384111561802
tanh,2.0,35,43,0.0030894922273043608
tanh,2.0,35,44,0.002907140582023731
tanh,2.0,35,45,0.0027372787245160835
tanh,2.0,35,46,0.0025789502485331437
tanh,2.0,35,47,0.0024312820334546383
tanh,2.0,35,48,0.002293475272885638
tanh,2.0,35,49,0.0021647978391648205
tanh,2.0,35,50,0.0020445776449583065
tanh,2.0,35,51,0.0019321967781495207
tanh,2.0,35,52,0.0018270862887306383
tanh,2.0,35,53,0.0017287215768502383
tanh,2.0,35,54,0.0016366183561863554
tanh,2.0,35,55,0.0015503291514232104
tanh,2.0,35,56,0.0014694402568739104
tanh,2.0,35,57,0.001393569063079254
tanh,2.0,35,58,0.0013223616627422692
tanh,2.0,35,59,0.0012554906703082635
tanh,2.0,35,60,0.001192653215654098
tanh,2.0,35,61,0.0011335690907771773
tanh,2.0,35,62,0.0010779790370382134
tanh,2.0,35,63,0.001025643162846646
tanh,2.0,35,64,0.0009763394816952474
tanh,2.0,35,65,0.0009298625604180715
tanh,2.0,35,66,0.0008860222680838249
tanh,2.0,35,67,0.0008446426168889797
tanh,2.0,35,68,0.0008055606874869819
tanh,2.0,35,69,0.0007686256321870122
tanh,2.0,35,70,0.0007336977502999218
tanh,2.0,35,71,0.0007006476305904435
tanh,2.0,35,72,0.0006693553563329569
tanh,2.0,35,73,0.0006397097688896516
tanh,2.0,35,74,0.0006116077860604677
tanh,2.0,35,75,0.0005849537717155314
tanh,2.0,35,76,0.0005596589534308805
tanh,2.0,35,77,0.0005356408850218627
tanh,2.0,35,78,0.000512822951017124
tanh,2.0,35,79,0.0004911339102486251
tanh,2.0,35,80,0.0004705074758564354
tanh,2.0,35,81,0.0004508819291260531
tanh,2.0,35,82,0.0004321997646937038
tanh,2.0,35,83,0.0004144073647737783
tanh,2.0,35,84,0.0003974547001827372
tanh,2.0,35,85,0.0003812950560556405
tanh,2.0,35,86,0.0003658847802747704
tanh,2.0,35,87,0.0003511830527530358
tanh,2.0,35,88,0.00033715167383777263
tanh,2.0,35,89,0.0003237548702213513
tanh,2.0,35,90,0.00031095911686311264
tanh,2.0,35,91,0.00029873297354130954
tanh,2.0,35,92,0.0002870469347632012
tanh,2.0,35,93,0.00027587329186570553
tanh,2.0,35,94,0.00026518600623727897
tanh,2.0,35,95,0.0002549605926840844
tanh,2.0,35,96,0.00024517401204945336
tanh,2.0,35,97,0.00023580457227539024
tanh,2.0,35,98,0.00022683183716847125
tanh,2.0,35,99,0.0002182365422000326
tanh,2.0,35,100,0.00021000051673239131
tanh,2.0,36,0,0.9246135768779616
tanh,2.0,36,1,0.37604368246126196
tanh,2.0,36,2,0.23653891716327952
tanh,2.0,36,3,0.16375978727918006
tanh,2.0,36,4,0.11678720719751716
tanh,2.0,36,5,0.09028310152105393
tanh,2.0,36,6,0.07272520889037518
tanh,2.0,36,7,0.060106588828642955
tanh,2.0,36,8,0.05016566041910733
tanh,2.0,36,9,0.04174727897943353
tanh,2.0,36,10,0.0343525791328302
tanh,2.0,36,11,0.028360568555633747
tanh,2.0,36,12,0.023802423063014645
tanh,2.0,36,13,0.02029670158750722
tanh,2.0,36,14,0.017502268691846103
tanh,2.0,36,15,0.015231535909699147
tanh,2.0,36,16,0.013330096930860841
tanh,2.0,36,17,0.011685664903249814
tanh,2.0,36,18,0.0102349505777052
tanh,2.0,36,19,0.00894079772045626
tanh,2.0,36,20,0.007780564691799237
tanh,2.0,36,21,0.006742751123685553
tanh,2.0,36,22,0.005826096687350133
tanh,2.0,36,23,0.005036718745470927
tanh,2.0,36,24,0.004378721246392474
tanh,2.0,36,25,0.00384183707239122
tanh,2.0,36,26,0.0034013612299438876
tanh,2.0,36,27,0.0030312951179257536
tanh,2.0,36,28,0.002712938859174988
tanh,2.0,36,29,0.0024344717440025585
tanh,2.0,36,30,0.0021882222349046106
tanh,2.0,36,31,0.001968827092013614
tanh,2.0,36,32,0.0017722889867058933
tanh,2.0,36,33,0.0015954994854810124
tanh,2.0,36,34,0.0014359780523187859
tanh,2.0,36,35,0.0012917144757901252
tanh,2.0,36,36,0.0011610642716234712
tanh,2.0,36,37,0.001042672918487801
tanh,2.0,36,38,0.0009354164009831592
tanh,2.0,36,39,0.0008383512528620413
tanh,2.0,36,40,0.000750670638081524
tanh,2.0,36,41,0.0006716653291303326
tanh,2.0,36,42,0.0006006901082122835
tanh,2.0,36,43,0.0005371370392185271
tanh,2.0,36,44,0.000480417062233264
tanh,2.0,36,45,0.0004299504863266022
tanh,2.0,36,46,0.0003851655823499151
tanh,2.0,36,47,0.0003455032004586515
tanh,2.0,36,48,0.00031042466311262536
tanh,2.0,36,49,0.0002794202835787175
tanh,2.0,36,50,0.0002520165470891281
tanh,2.0,36,51,0.0002277809046291
tanh,2.0,36,52,0.00020632394355340298
tanh,2.0,36,53,0.00018729924495794657
tanh,2.0,36,54,0.00017040149725630903
tanh,2.0,36,55,0.00015536347881433963
tanh,2.0,36,56,0.00014195244193299016
tanh,2.0,36,57,0.00012996630156346644
tanh,2.0,36,58,0.00011922990220935034
tanh,2.0,36,59,0.00010959152811477453
tanh,2.0,36,60,0.00010091974143082777
tanh,2.0,36,61,9.31005785022179e-05
tanh,2.0,36,62,8.603510039028948e-05
tanh,2.0,36,63,7.963727452346197e-05
tanh,2.0,36,64,7.383215506921782e-05
tanh,2.0,36,65,6.855432656516854e-05
tanh,2.0,36,66,6.374657594508387e-05
tanh,2.0,36,67,5.935876063978385e-05
tanh,2.0,36,68,5.534684384815802e-05
tanh,2.0,36,69,5.167207172141232e-05
tanh,2.0,36,70,4.830027072780512e-05
tanh,2.0,36,71,4.520124668782215e-05
tanh,2.0,36,72,4.2348269819175786e-05
tanh,2.0,36,73,3.971763259638883e-05
tanh,2.0,36,74,3.7288269332417296e-05
tanh,2.0,36,75,3.504142816628821e-05
tanh,2.0,36,76,3.2960387632157766e-05
tanh,2.0,36,77,3.103021123272855e-05
tanh,2.0,36,78,2.9237534481289767e-05
tanh,2.0,36,79,2.7570379745036884e-05
tanh,2.0,36,80,2.601799494666677e-05
tanh,2.0,36,81,2.4570712786013745e-05
tanh,2.0,36,82,2.3219827648980816e-05
tanh,2.0,36,83,2.195748779436953e-05
tanh,2.0,36,84,2.0776600764478362e-05
tanh,2.0,36,85,1.9670750264117502e-05
tanh,2.0,36,86,1.863412300451303e-05
tanh,2.0,36,87,1.7661444221464516e-05
tanh,2.0,36,88,1.6747920757367907e-05
tanh,2.0,36,89,1.588919074983525e-05
tanh,2.0,36,90,1.508127909997279e-05
tanh,2.0,36,91,1.4320558004566007e-05
tanh,2.0,36,92,1.3603711931519734e-05
tanh,2.0,36,93,1.2927706499437351e-05
tanh,2.0,36,94,1.2289760792197563e-05
tanh,2.0,36,95,1.1687322699706561e-05
tanh,2.0,36,96,1.1118046927933782e-05
tanh,2.0,36,97,1.057977536629116e-05
tanh,2.0,36,98,1.0070519539277576e-05
tanh,2.0,36,99,9.588444903038215e-06
tanh,2.0,36,100,9.131856776764857e-06
tanh,2.0,37,0,0.6342774436901955
tanh,2.0,37,1,0.32222850412186327
tanh,2.0,37,2,0.22977247721401403
tanh,2.0,37,3,0.18683795990577376
tanh,2.0,37,4,0.16121105758368276
tanh,2.0,37,5,0.1425567901731103
tanh,2.0,37,6,0.12764827812409768
tanh,2.0,37,7,0.11391207471068122
tanh,2.0,37,8,0.10257331000289899
tanh,2.0,37,9,0.09274294406709116
tanh,2.0,37,10,0.08430102874308955
tanh,2.0,37,11,0.07662523602508778
tanh,2.0,37,12,0.07006990834078528
tanh,2.0,37,13,0.06427117098235266
tanh,2.0,37,14,0.0591885865813753
tanh,2.0,37,15,0.05454246518011917
tanh,2.0,37,16,0.05031813821351114
tanh,2.0,37,17,0.04661847569675222
tanh,2.0,37,18,0.04349589254481706
tanh,2.0,37,19,0.04075284354523179
tanh,2.0,37,20,0.03828455594520027
tanh,2.0,37,21,0.03603510303149633
tanh,2.0,37,22,0.033966227661551995
tanh,2.0,37,23,0.03204974318308072
tanh,2.0,37,24,0.030265197872692863
tanh,2.0,37,25,0.02859792869954212
tanh,2.0,37,26,0.027037592974191425
tanh,2.0,37,27,0.025576687934209072
tanh,2.0,37,28,0.024209096324431245
tanh,2.0,37,29,0.02292900075625478
tanh,2.0,37,30,0.021730490572809562
tanh,2.0,37,31,0.020607774284410803
tanh,2.0,37,32,0.019555564277743527
tanh,2.0,37,33,0.0185692353435915
tanh,2.0,37,34,0.017644637323244467
tanh,2.0,37,35,0.016777727000749254
tanh,2.0,37,36,0.015964298752255614
tanh,2.0,37,37,0.015199969820574925
tanh,2.0,37,38,0.01448036105276474
tanh,2.0,37,39,0.013801317186613501
tanh,2.0,37,40,0.01315905892488306
tanh,2.0,37,41,0.012550242246607217
tanh,2.0,37,42,0.0119719460020939
tanh,2.0,37,43,0.011421617354950788
tanh,2.0,37,44,0.010896998591792146
tanh,2.0,37,45,0.010396051354392467
tanh,2.0,37,46,0.009916888212134451
tanh,2.0,37,47,0.00945771590329833
tanh,2.0,37,48,0.00901678914520397
tanh,2.0,37,49,0.008592369102616904
tanh,2.0,37,50,0.008182676775215933
tanh,2.0,37,51,0.007785828292836602
tanh,2.0,37,52,0.007399735216687922
tanh,2.0,37,53,0.007021947106598542
tanh,2.0,37,54,0.006649405740874538
tanh,2.0,37,55,0.006278076348519215
tanh,2.0,37,56,0.0059024504060394365
tanh,2.0,37,57,0.005515087570291153
tanh,2.0,37,58,0.005107011187919331
tanh,2.0,37,59,0.004671426015988875
tanh,2.0,37,60,0.004214403104429824
tanh,2.0,37,61,0.0037665751269534203
tanh,2.0,37,62,0.0033691842880360194
tanh,2.0,37,63,0.0030396300144494865
tanh,2.0,37,64,0.002769489073325388
tanh,2.0,37,65,0.0025444438245276046
tanh,2.0,37,66,0.002353253497058062
tanh,2.0,37,67,0.002188211277864645
tanh,2.0,37,68,0.002044031356447944
tanh,2.0,37,69,0.0019169621991210627
tanh,2.0,37,70,0.001804229758332032
tanh,2.0,37,71,0.0017036963002535904
tanh,2.0,37,72,0.0016136491508107421
tanh,2.0,37,73,0.0015326698794976047
tanh,2.0,37,74,0.0014595547532006703
tanh,2.0,37,75,0.0013932674488068525
tanh,2.0,37,76,0.001332910783325665
tanh,2.0,37,77,0.001277708461621552
tanh,2.0,37,78,0.0012269913400410636
tanh,2.0,37,79,0.0011801853861137992
tanh,2.0,37,80,0.001136800263815327
tanh,2.0,37,81,0.0010964183957792323
tanh,2.0,37,82,0.0010586847025472945
tanh,2.0,37,83,0.0010232972555830914
tanh,2.0,37,84,0.0009899989932821219
tanh,2.0,37,85,0.0009585705417395178
tanh,2.0,37,86,0.0009288240978305554
tanh,2.0,37,87,0.0009005982806828514
tanh,2.0,37,88,0.0008737538339534937
tanh,2.0,37,89,0.000848170056788954
tanh,2.0,37,90,0.0008237418480775482
tanh,2.0,37,91,0.0008003772608796476
tanh,2.0,37,92,0.0007779954780875704
tanh,2.0,37,93,0.0007565251343367497
tanh,2.0,37,94,0.0007359029219161282
tanh,2.0,37,95,0.0007160724294960672
tanh,2.0,37,96,0.0006969831718473944
tanh,2.0,37,97,0.0006785897764855239
tanh,2.0,37,98,0.0006608512995335903
tanh,2.0,37,99,0.0006437306482713602
tanh,2.0,37,100,0.0006271940920250965
relu,0.5,35,0,0.2890852478363068
relu,0.5,35,1,0.28908232820117163
relu,0.5,35,2,0.2890788249976422
relu,0.5,35,3,0.2890755984311779
relu,0.5,35,4,0.28907263840519337
relu,0.5,35,5,0.28906994237695605
relu,0.5,35,6,0.2890674272633239
relu,0.5,35,7,0.28906510604166646
relu,0.5,35,8,0.2890630931998184
relu,0.5,35,9,0.28906141487537274
relu,0.5,35,10,0.28905953749141045
relu,0.5,35,11,0.2890578392630216
relu,0.5,35,12,0.28905628593346233
relu,0.5,35,13,0.2890548100664728
relu,0.5,35,14,0.2890533852685523
relu,0.5,35,15,0.28905210727553043
relu,0.5,35,16,0.28905090588843846
relu,0.5,35,17,0.2890497815055231
relu,0.5,35,18,0.28904879187743077
relu,0.5,35,19,0.2890479141050898
relu,0.5,35,20,0.2890472137761357
relu,0.5,35,21,0.2890464278494644
relu,0.5,35,22,0.2890456958363594
relu,0.5,35,23,0.28904487332602924
relu,0.5,35,24,0.28904432539856273
relu,0.5,35,25,0.2890436493465877
relu,0.5,35,26,0.2890430294505288
relu,0.5,35,27,0.28904245920675464
relu,0.5,35,28,0.28904192416672503
relu,0.5,35,29,0.28904143181476727
relu,0.5,35,30,0.28904101589571746
relu,0.5,35,31,0.2890406354163505
relu,0.5,35,32,0.2890402207625381
relu,0.5,35,33,0.2890398406585273
relu,0.5,35,34,0.28903950440995374
relu,0.5,35,35,0.28903917162912474
relu,0.5,35,36,0.2890388762575914
relu,0.5,35,37,0.2890385959908903
relu,0.5,35,38,0.2890383585588169
relu,0.5,35,39,0.2890382552709552
relu,0.5,35,40,0.2890380453242921
relu,0.5,35,41,0.2890378225205448
relu,0.5,35,42,0.2890376169898441
relu,0.5,35,43,0.28903742869492965
relu,0.5,35,44,0.2890372499470363
relu,0.5,35,45,0.2890370844253256
relu,0.5,35,46,0.2890367310105542
relu,0.5,35,47,0.28903658886075323
relu,0.5,35,48,0.2890364573057551
relu,0.5,35,49,0.289036319590185
relu,0.5,35,50,0.2890361956124435
relu,0.5,35,51,0.2890360812218308
relu,0.5,35,52,0.28903597236239215
relu,0.5,35,53,0.2890358719261644
relu,0.5,35,54,0.2890357674265946
relu,0.5,35,55,0.2890356740189389
relu,0.5,35,56,0.2890356017467509
relu,0.5,35,57,0.28903552172091695
relu,0.5,35,58,0.2890354464141249
relu,0.5,35,59,0.28903537729201656
relu,0.5,35,60,0.28903532074148847
relu,0.5,35,61,0.28903525990693724
relu,0.5,35,62,0.289035247175835
relu,0.5,35,63,0.2890351555950059
relu,0.5,35,64,0.2890350297981421
relu,0.5,35,65,0.2890349759343686
relu,0.5,35,66,0.28903492806453024
relu,0.5,35,67,0.28903488405699296
relu,0.5,35,68,0.28903484212429237
relu,0.5,35,69,0.28903480605353493
relu,0.5,35,70,0.28903477024683183
relu,0.5,35,71,0.2890347369713062
relu,0.5,35,72,0.28903470489962374
relu,0.5,35,73,0.28903467627225066
relu,0.5,35,74,0.28903464937557044
relu,0.5,35,75,0.28903462405126984
relu,0.5,35,76,0.2890345988139623
relu,0.5,35,77,0.2890345759469384
relu,0.5,35,78,0.2890345538273478
relu,0.5,35,79,0.28903453472688373
relu,0.5,35,80,0.2890345141165418
relu,0.5,35,81,0.28903449369061396
relu,0.5,35,82,0.2890344759551182
relu,0.5,35,83,0.28903445934838734
relu,0.5,35,84,0.28903444237860837
relu,0.5,35,85,0.28903442752213926
relu,0.5,35,86,0.28903441357974496
relu,0.5,35,87,0.28903439795558855
relu,0.5,35,88,0.2890343845324893
relu,0.5,35,89,0.2890343721320653
relu,0.5,35,90,0.2890343590515192
relu,0.5,35,91,0.28903434731188954
relu,0.5,35,92,0.289034334889055
relu,0.5,35,93,0.28903432390941375
relu,0.5,35,94,0.28903425714521735
relu,0.5,35,95,0.2890342388383693
relu,0.5,35,96,0.28903420908718597
relu,0.5,35,97,0.289034189847158
relu,0.5,35,98,0.28903417555077815
relu,0.5,35,99,0.28903415651050757
relu,0.5,35,100,0.28903414082006285
relu,0.5,36,0,0.2890851932359355
relu,0.5,36,1,0.28908381114598025
relu,0.5,36,2,0.28907867797068204
relu,0.5,36,3,0.28907445231608014
relu,0.5,36,4,0.28907083918014576
relu,0.5,36,5,0.2890676494725142
relu,0.5,36,6,0.2890647253019032
relu,0.5,36,7,0.2890620530882047
relu,0.5,36,8,0.2890597792188269
relu,0.5,36,9,0.2890577932367071
relu,0.5,36,10,0.28905580704220535
relu,0.5,36,11,0.2890541725203742
relu,0.5,36,12,0.28905267456948036
relu,0.5,36,13,0.2890526336200029
relu,0.5,36,14,0.2890509553725235
relu,0.5,36,15,0.2890493785122397
relu,0.5,36,16,0.2890479922654425
relu,0.5,36,17,0.2890467106319298
relu,0.5,36,18,0.2890454082911006
relu,0.5,36,19,0.28904435878524115
relu,0.5,36,20,0.28904362337355266
relu,0.5,36,21,0.28904276419401215
relu,0.5,36,22,0.28904203555531094
relu,0.5,36,23,0.2890413700357873
relu,0.5,36,24,0.28904079650659315
relu,0.5,36,25,0.2890404343276889
relu,0.5,36,26,0.28903987533353065
relu,0.5,36,27,0.28903940755070157
relu,0.5,36,28,0.28903896856346256
relu,0.5,36,29,0.2890385814840506
relu,0.5,36,30,0.28903822074403285
relu,0.5,36,31,0.2890378968239033
relu,0.5,36,32,0.28903760987400096
relu,0.5,36,33,0.28903733553743144
relu,0.5,36,34,0.28903722876144644
relu,0.5,36,35,0.28903705120408185
relu,0.5,36,36,0.2890368597620708
relu,0.5,36,37,0.28903661505198464
relu,0.5,36,38,0.28903644514530324
relu,0.5,36,39,0.2890363272104849
relu,0.5,36,40,0.28903617962790995
relu,0.5,36,41,0.28903605098541013
relu,0.5,36,42,0.28903607100940826
relu,0.5,36,43,0.28903587229345934
relu,0.5,36,44,0.28903578646148786
relu,0.5,36,45,0.2890357639288072
relu,0.5,36,46,0.2890356250248547
relu,0.5,36,47,0.2890355308183025
relu,0.5,36,48,0.2890353467786174
relu,0.5,36,49,0.2890352622911726
relu,0.5,36,50,0.2890352887734031
relu,0.5,36,51,0.28903540035475594
relu,0.5,36,52,0.2890351851106479
relu,0.5,36,53,0.28903510502879626
relu,0.5,36,54,0.28903502258678343
relu,0.5,36,55,0.2890349830381225
relu,0.5,36,56,0.289034941423434
relu,0.5,36,57,0.2890348883170287
relu,0.5,36,58,0.28903483918140754
relu,0.5,36,59,0.2890347968652678
relu,0.5,36,60,0.28903475727624817
relu,0.5,36,61,0.2890347206083546
relu,0.5,36,62,0.28903468717855757
relu,0.5,36,63,0.28903465669087713
relu,0.5,36,64,0.28903462704422894
relu,0.5,36,65,0.28903460493791894
relu,0.5,36,66,0.28903458333747734
relu,0.5,36,67,0.28903456711307707
relu,0.5,36,68,0.2890345868459198
relu,0.5,36,69,0.28903453043101623
relu,0.5,36,70,0.28903451262095003
relu,0.5,36,71,0.2890344973863155
relu,0.5,36,72,0.2890344840558631
relu,0.5,36,73,0.28903447077157685
relu,0.5,36,74,0.2890344578010232
relu,0.5,36,75,0.2890345357749805
relu,0.5,36,76,0.28903456556280294
relu,0.5,36,77,0.2890345148086688
relu,0.5,36,78,0.2890345038451822
relu,0.5,36,79,0.28903449603150033
relu,0.5,36,80,0.28903448902225404
relu,0.5,36,81,0.2890344820961419
relu,0.5,36,82,0.2890344769014312
relu,0.5,36,83,0.28903447291762896
relu,0.5,36,84,0.2890344651467014
relu,0.5,36,85,0.2890344600590745
relu,0.5,36,86,0.289034454506115
relu,0.5,36,87,0.2890344472382138
relu,0.5,36,88,0.28903444409765083
relu,0.5,36,89,0.2890344374479713
relu,0.5,36,90,0.28903443201018203
relu,0.5,36,91,0.28903442801681556
relu,0.5,36,92,0.2890344198480242
relu,0.5,36,93,0.28903441699620974
relu,0.5,36,94,0.28903441352406967
relu,0.5,36,95,0.28903440671804054
relu,0.5,36,96,0.28903440271886316
relu,0.5,36,97,0.2890343985370852
relu,0.5,36,98,0.2890343930515641
relu,0.5,36,99,0.2890343889848907
relu,0.5,36,100,0.2890343863347692
relu,0.5,37,0,0.28908507928569077
relu,0.5,37,1,0.2890819812293751
relu,0.5,37,2,0.2890774027960298
relu,0.5,37,3,0.2890733063915686
relu,0.5,37,4,0.2890706286572865
relu,0.5,37,5,0.28906760762805983
relu,0.5,37,6,0.28906612687777117
relu,0.5,37,7,0.28906362864269985
relu,0.5,37,8,0.2890612209161746
relu,0.5,37,9,0.28905903839609987
relu,0.5,37,10,0.28905717523747854
relu,0.5,37,11,0.28905558564036693
relu,0.5,37,12,0.28905388977039653
relu,0.5,37,13,0.2890524301412025
relu,0.5,37,14,0.2890508987961736
relu,0.5,37,15,0.2890495908373979
relu,0.5,37,16,0.2890483671194705
relu,0.5,37,17,0.2890473366422578
relu,0.5,37,18,0.2890470890560691
relu,0.5,37,19,0.2890460163273457
relu,0.5,37,20,0.2890450748706228
relu,0.5,37,21,0.289044232865734
relu,0.5,37,22,0.2890434339977324
relu,0.5,37,23,0.2890426790183627
relu,0.5,37,24,0.2890419748644246
relu,0.5,37,25,0.28904134140826376
relu,0.5,37,26,0.28904074639908395
relu,0.5,37,27,0.2890402069376669
relu,0.5,37,28,0.289039709893006
relu,0.5,37,29,0.2890392593315119
relu,0.5,37,30,0.28903907895799874
relu,0.5,37,31,0.28903882623012317
relu,0.5,37,32,0.28903842723910594
relu,0.5,37,33,0.28903807368007384
relu,0.5,37,34,0.28903780702116305
relu,0.5,37,35,0.28903749850575416
relu,0.5,37,36,0.28903721853933984
relu,0.5,37,37,0.2890369583030299
relu,0.5,37,38,0.28903671688198934
relu,0.5,37,39,0.28903649624261973
relu,0.5,37,40,0.28903629325902147
relu,0.5,37,41,0.28903611040786414
relu,0.5,37,42,0.28903593947975526
relu,0.5,37,43,0.2890357821492302
relu,0.5,37,44,0.2890356405264499
relu,0.5,37,45,0.289035509476485
relu,0.5,37,46,0.28903539062362615
relu,0.5,37,47,0.2890352812080859
relu,0.5,37,48,0.28903517748205876
relu,0.5,37,49,0.28903508398293276
relu,0.5,37,50,0.2890349932677484
relu,0.5,37,51,0.28903491137213133
relu,0.5,37,52,0.2890348300307953
relu,0.5,37,53,0.2890347590017063
relu,0.5,37,54,0.28903469034977947
relu,0.5,37,55,0.28903463736547874
relu,0.5,37,56,0.28903457747148753
relu,0.5,37,57,0.2890345230126239
relu,0.5,37,58,0.28903447234248325
relu,0.5,37,59,0.289034423738909
relu,0.5,37,60,0.28903437846823643
relu,0.5,37,61,0.2890343364621508
relu,0.5,37,62,0.28903429600657277
relu,0.5,37,63,0.28903425836677277
relu,0.5,37,64,0.28903422186987593
relu,0.5,37,65,0.28903419114339163
relu,0.5,37,66,0.2890341595775764
relu,0.5,37,67,0.289034130946526
relu,0.5,37,68,0.289034101139006
relu,0.5,37,69,0.2890340737946918
relu,0.5,37,70,0.28903404605097943
relu,0.5,37,71,0.28903402109930887
relu,0.5,37,72,0.2890339983408632
relu,0.5,37,73,0.2890339777225934
relu,0.5,37,74,0.2890339695771115
relu,0.5,37,75,0.2890339453978047
relu,0.5,37,76,0.2890339176324018
relu,0.5,37,77,0.28903390155486575
relu,0.5,37,78,0.28903387136341396
relu,0.5,37,79,0.28903381745821133
relu,0.5,37,80,0.2890337948638976
relu,0.5,37,81,0.2890337794454514
relu,0.5,37,82,0.2890337582398008
relu,0.5,37,83,0.28903374328550446
relu,0.5,37,84,0.28903372433296753
relu,0.5,37,85,0.2890337099222713
relu,0.5,37,86,0.2890336998339283
relu,0.5,37,87,0.28903368687244485
relu,0.5,37,88,0.2890336712905728
relu,0.5,37,89,0.2890336579245495
relu,0.5,37,90,0.2890336435836642
relu,0.5,37,91,0.2890336276502237
relu,0.5,37,92,0.2890336145659606
relu,0.5,37,93,0.28903360335445516
relu,0.5,37,94,0.28903359197948386
relu,0.5,37,95,0.2890335781791197
relu,0.5,37,96,0.28903356634811084
relu,0.5,37,97,0.2890335548745935
relu,0.5,37,98,0.2890335449845274
relu,0.5,37,99,0.2890335340493735
relu,0.5,37,100,0.28903352127117
relu,1.0,35,0,0.28973277753709603
relu,1.0,35,1,0.2896684407204462
relu,1.0,35,2,0.2896025339932921
relu,1.0,35,3,0.2895343978373649
relu,1.0,35,4,0.28946467337200743
relu,1.0,35,5,0.289397547468343
relu,1.0,35,6,0.2893314598091974
relu,1.0,35,7,0.28925701555469835
relu,1.0,35,8,0.28918752074639387
relu,1.0,35,9,0.28911490245913307
relu,1.0,35,10,0.28904503709667884
relu,1.0,35,11,0.28898065214949675
relu,1.0,35,12,0.2889219051911207
relu,1.0,35,13,0.2888650296937765
relu,1.0,35,14,0.28881229667424124
relu,1.0,35,15,0.28875779266638146
relu,1.0,35,16,0.2887008198430032
relu,1.0,35,17,0.28864642309124416
relu,1.0,35,18,0.288591014776293
relu,1.0,35,19,0.2885336793123516
relu,1.0,35,20,0.2884761440262369
relu,1.0,35,21,0.28841855544327083
relu,1.0,35,22,0.2883570433834252
relu,1.0,35,23,0.2883010639078072
relu,1.0,35,24,0.28824223754235345
relu,1.0,35,25,0.2881850605164338
relu,1.0,35,26,0.28813057714244383
relu,1.0,35,27,0.2880719029441924
relu,1.0,35,28,0.2880107803361737
relu,1.0,35,29,0.2879483242773012
relu,1.0,35,30,0.2878858171777421
relu,1.0,35,31,0.28782309801931916
relu,1.0,35,32,0.28775893102804995
relu,1.0,35,33,0.2876934311064926
relu,1.0,35,34,0.28762946052579724
relu,1.0,35,35,0.28756660593202293
relu,1.0,35,36,0.2875060346886139
relu,1.0,35,37,0.287449724226451
relu,1.0,35,38,0.2873948660382062
relu,1.0,35,39,0.287342155857495
relu,1.0,35,40,0.2872903333340199
relu,1.0,35,41,0.2872389405202819
relu,1.0,35,42,0.28718609604227713
relu,1.0,35,43,0.28713096772046653
relu,1.0,35,44,0.2870746479719315
relu,1.0,35,45,0.2870193847720291
relu,1.0,35,46,0.2869641001450493
relu,1.0,35,47,0.2869088621518613
relu,1.0,35,48,0.28685332888116083
relu,1.0,35,49,0.2867976930613398
relu,1.0,35,50,0.2867425409637549
relu,1.0,35,51,0.286688409304325
relu,1.0,35,52,0.28663660195295104
relu,1.0,35,53,0.286585762171941
relu,1.0,35,54,0.2865327417137816
relu,1.0,35,55,0.28647820972486543
relu,1.0,35,56,0.2864250827483027
relu,1.0,35,57,0.2863709030962077
relu,1.0,35,58,0.2863162666912412
relu,1.0,35,59,0.2862574375179718
relu,1.0,35,60,0.2861967994406479
relu,1.0,35,61,0.2861369842232985
relu,1.0,35,62,0.28607733680294717
relu,1.0,35,63,0.28601688009319937
relu,1.0,35,64,0.28595726493144613
relu,1.0,35,65,0.2858976746005897
relu,1.0,35,66,0.2858380507879004
relu,1.0,35,67,0.285779834586116
relu,1.0,35,68,0.2857209848539375
relu,1.0,35,69,0.2856597174322384
relu,1.0,35,70,0.28559725919398804
relu,1.0,35,71,0.285532001416245
relu,1.0,35,72,0.2854627323022829
relu,1.0,35,73,0.2853919407980593
relu,1.0,35,74,0.28531192457818155
relu,1.0,35,75,0.28522932871212126
relu,1.0,35,76,0.2851450611643955
relu,1.0,35,77,0.2850605363658391
relu,1.0,35,78,0.2849717607261047
relu,1.0,35,79,0.28488264980831557
relu,1.0,35,80,0.2847879582699425
relu,1.0,35,81,0.28469050989999395
relu,1.0,35,82,0.2845890367452416
relu,1.0,35,83,0.2844811829459073
relu,1.0,35,84,0.2843683198905437
relu,1.0,35,85,0.28425304159805137
relu,1.0,35,86,0.2841408242243908
relu,1.0,35,87,0.284024428132802
relu,1.0,35,88,0.2839035612689962
relu,1.0,35,89,0.2837783436181679
relu,1.0,35,90,0.28365214683726686
relu,1.0,35,91,0.28352247465318514
relu,1.0,35,92,0.2833954722567448
relu,1.0,35,93,0.2832724483680629
relu,1.0,35,94,0.2831494819172821
relu,1.0,35,95,0.2830227880502296
relu,1.0,35,96,0.28289580731082553
relu,1.0,35,97,0.2827627248937429
relu,1.0,35,98,0.2826218923118177
relu,1.0,35,99,0.2824814591308109
relu,1.0,35,100,0.2823372084793706
relu,1.0,36,0,0.2895906688129589
relu,1.0,36,1,0.28951141360504445
relu,1.0,36,2,0.2894498874524699
relu,1.0,36,3,0.2893888429130793
relu,1.0,36,4,0.2893326478648349
relu,1.0,36,5,0.2892770150846594
relu,1.0,36,6,0.2892233815160425
relu,1.0,36,7,0.28917264650452157
relu,1.0,36,8,0.28912096432431483
relu,1.0,36,9,0.2890704959676532
relu,1.0,36,10,0.28902245374818425
relu,1.0,36,11,0.2889748534925222
relu,1.0,36,12,0.2889293846673569
relu,1.0,36,13,0.28888539145762593
relu,1.0,36,14,0.28884013182652446
relu,1.0,36,15,0.2887972982013496
relu,1.0,36,16,0.28875425820181355
relu,1.0,36,17,0.2887107153243982
relu,1.0,36,18,0.28866914929538356
relu,1.0,36,19,0.2886284020392404
relu,1.0,36,20,0.28858673482929026
relu,1.0,36,21,0.2885453353629788
relu,1.0,36,22,0.28850331530868567
relu,1.0,36,23,0.28845994582033907
relu,1.0,36,24,0.28841683394764955
relu,1.0,36,25,0.2883736462859483
relu,1.0,36,26,0.28832950242929223
relu,1.0,36,27,0.28828446004021924
relu,1.0,36,28,0.28823990650361153
relu,1.0,36,29,0.2881939187877961
relu,1.0,36,30,0.288145447340294
relu,1.0,36,31,0.2880864280765746
relu,1.0,36,32,0.2880070901122352
relu,1.0,36,33,0.2879242556467032
relu,1.0,36,34,0.2878554287355326
relu,1.0,36,35,0.2877943962971082
relu,1.0,36,36,0.28773360306765206
relu,1.0,36,37,0.2876755112535503
relu,1.0,36,38,0.28761391917420803
relu,1.0,36,39,0.28756187395357324
relu,1.0,36,40,0.2875155520694208
relu,1.0,36,41,0.28746904733858847
relu,1.0,36,42,0.2874230695185205
relu,1.0,36,43,0.28737943485354644
relu,1.0,36,44,0.28733703163422886
relu,1.0,36,45,0.28729454993734826
relu,1.0,36,46,0.2872508069707329
relu,1.0,36,47,0.28720738798327616
relu,1.0,36,48,0.28716436693207453
relu,1.0,36,49,0.28711895568510026
relu,1.0,36,50,0.2870733498844587
relu,1.0,36,51,0.2870280372337648
relu,1.0,36,52,0.28698364920895714
relu,1.0,36,53,0.2869388682951239
relu,1.0,36,54,0.28689351940034746
relu,1.0,36,55,0.28684864616431643
relu,1.0,36,56,0.286802969086314
relu,1.0,36,57,0.28675759300560016
relu,1.0,36,58,0.2867125865237007
relu,1.0,36,59,0.28666548792705476
relu,1.0,36,60,0.2866164707346178
relu,1.0,36,61,0.28656600546979594
relu,1.0,36,62,0.28651538384861086
relu,1.0,36,63,0.28646317246978215
relu,1.0,36,64,0.2864084460011942
relu,1.0,36,65,0.2863553893794525
relu,1.0,36,66,0.2863035319463706
relu,1.0,36,67,0.2862494430176434
relu,1.0,36,68,0.28619773604806226
relu,1.0,36,69,0.2861472752583354
relu,1.0,36,70,0.286097929809201
relu,1.0,36,71,0.2860471509192868
relu,1.0,36,72,0.28599475585674794
relu,1.0,36,73,0.28594323376035824
relu,1.0,36,74,0.285890698896358
relu,1.0,36,75,0.2858382069617379
relu,1.0,36,76,0.2857857912474865
relu,1.0,36,77,0.2857313268619919
relu,1.0,36,78,0.2856764755981157
relu,1.0,36,79,0.285622489240642
relu,1.0,36,80,0.2855631058680721
relu,1.0,36,81,0.28549372934554473
relu,1.0,36,82,0.28542241130613993
relu,1.0,36,83,0.2853469540773014
relu,1.0,36,84,0.28526947699466726
relu,1.0,36,85,0.2851969836383543
relu,1.0,36,86,0.28512286316788715
relu,1.0,36,87,0.28504830249176905
relu,1.0,36,88,0.2849761234455296
relu,1.0,36,89,0.2849025325048634
relu,1.0,36,90,0.28482655397100787
relu,1.0,36,91,0.2847482030830581
relu,1.0,36,92,0.284666897219799
relu,1.0,36,93,0.2845826207557154
relu,1.0,36,94,0.2844922360645834
relu,1.0,36,95,0.28439751778984423
relu,1.0,36,96,0.28430151725888503
relu,1.0,36,97,0.28420052852553795
relu,1.0,36,98,0.28409281610948794
relu,1.0,36,99,0.2839817079850353
relu,1.0,36,100,0.28386709775590835
relu,1.0,37,0,0.28900922304854015
relu,1.0,37,1,0.2889246278345094
relu,1.0,37,2,0.2888404454446347
relu,1.0,37,3,0.2887578720234138
relu,1.0,37,4,0.28867843400533716
relu,1.0,37,5,0.2885926941178652
relu,1.0,37,6,0.2885005691812948
relu,1.0,37,7,0.2884139984517651
relu,1.0,37,8,0.2883251580652001
relu,1.0,37,9,0.2882382742608328
relu,1.0,37,10,0.28814816133323207
relu,1.0,37,11,0.28805039820141654
relu,1.0,37,12,0.28795405642819394
relu,1.0,37,13,0.28785918841315405
relu,1.0,37,14,0.2877667753220748
relu,1.0,37,15,0.28767345000198663
relu,1.0,37,16,0.2875823955868051
relu,1.0,37,17,0.2874987543500028
relu,1.0,37,18,0.2874160258899608
relu,1.0,37,19,0.28733505763487305
relu,1.0,37,20,0.2872564896861117
relu,1.0,37,21,0.28717968736360433
relu,1.0,37,22,0.2871038724359407
relu,1.0,37,23,0.2870263968555019
relu,1.0,37,24,0.2869481497818568
relu,1.0,37,25,0.2868695387857
relu,1.0,37,26,0.2867893285660087
relu,1.0,37,27,0.2867110570918211
relu,1.0,37,28,0.28663364380829304
relu,1.0,37,29,0.2865553795551161
relu,1.0,37,30,0.2864770312570208
relu,1.0,37,31,0.28639980113630586
relu,1.0,37,32,0.28632159115712275
relu,1.0,37,33,0.2862423204220178
relu,1.0,37,34,0.2861613047137297
relu,1.0,37,35,0.2860792488956525
relu,1.0,37,36,0.2859979595887095
relu,1.0,37,37,0.28591397924123546
relu,1.0,37,38,0.28582712735966
relu,1.0,37,39,0.28573824497464445
relu,1.0,37,40,0.2856521084744416
relu,1.0,37,41,0.2855654176147335
relu,1.0,37,42,0.2854778229865335
relu,1.0,37,43,0.2853915892030071
relu,1.0,37,44,0.2853052724806735
relu,1.0,37,45,0.28521814891675834
relu,1.0,37,46,0.2851294131400892
relu,1.0,37,47,0.28503931486544876
relu,1.0,37,48,0.28494839039544023
relu,1.0,37,49,0.28485739615923067
relu,1.0,37,50,0.28476677053205773
relu,1.0,37,51,0.2846731450572879
relu,1.0,37,52,0.2845766156698306
relu,1.0,37,53,0.28447813930438204
relu,1.0,37,54,0.284375700637185
relu,1.0,37,55,0.2842689616675932
relu,1.0,37,56,0.2841597070197879
relu,1.0,37,57,0.2840485927243951
relu,1.0,37,58,0.28393664265076324
relu,1.0,37,59,0.2838243503030611
relu,1.0,37,60,0.2837144333996361
relu,1.0,37,61,0.2836022562272338
relu,1.0,37,62,0.2834876968439781
relu,1.0,37,63,0.28337280679020316
relu,1.0,37,64,0.28325677677370886
relu,1.0,37,65,0.2831391369894952
relu,1.0,37,66,0.28302003959685973
relu,1.0,37,67,0.28290139633387296
relu,1.0,37,68,0.28278292757149975
relu,1.0,37,69,0.28266070416396294
relu,1.0,37,70,0.28253703166582844
relu,1.0,37,71,0.28241151015356736
relu,1.0,37,72,0.2822837803092002
relu,1.0,37,73,0.2821534556705702
relu,1.0,37,74,0.28201540057290364
relu,1.0,37,75,0.28187575365375106
relu,1.0,37,76,0.2817367362368281
relu,1.0,37,77,0.2815956580298914
relu,1.0,37,78,0.2814499463802228
relu,1.0,37,79,0.28130140499984996
relu,1.0,37,80,0.2811521893128243
relu,1.0,37,81,0.281002087470559
relu,1.0,37,82,0.2808521512655614
relu,1.0,37,83,0.2807021862361948
relu,1.0,37,84,0.2805501706341579
relu,1.0,37,85,0.28039147089166777
relu,1.0,37,86,0.2802277368255528
relu,1.0,37,87,0.2800613725897335
relu,1.0,37,88,0.27989372177353355
relu,1.0,37,89,0.27972287660312467
relu,1.0,37,90,0.27954824983348253
relu,1.0,37,91,0.2793709590260172
relu,1.0,37,92,0.27918599590083526
relu,1.0,37,93,0.2789954620260673
relu,1.0,37,94,0.2787986754315802
relu,1.0,37,95,0.27859561549069045
relu,1.0,37,96,0.27838666756128105
relu,1.0,37,97,0.2781747666819496
relu,1.0,37,98,0.27795989510431107
relu,1.0,37,99,0.2777402222522727
relu,1.0,37,100,0.2775123644299209
relu,1.4142135623730951,35,0,0.4832115661201083
relu,1.4142135623730951,35,1,0.6086281804924301
relu,1.4142135623730951,35,2,0.3585384414748112
relu,1.4142135623730951,35,3,0.28021022211109503
relu,1.4142135623730951,35,4,0.2708277099107486
relu,1.4142135623730951,35,5,0.26539387294686156
relu,1.4142135623730951,35,6,0.2608185238696684
relu,1.4142135623730951,35,7,0.25569179319883006
relu,1.4142135623730951,35,8,0.2504890123305855
relu,1.4142135623730951,35,9,0.2447817603030093
relu,1.4142135623730951,35,10,0.23910236134144905
relu,1.4142135623730951,35,11,0.2329695242043047
relu,1.4142135623730951,35,12,0.22623858698699778
relu,1.4142135623730951,35,13,0.22009030181630262
relu,1.4142135623730951,35,14,0.21408705653430088
relu,1.4142135623730951,35,15,0.20688984178728145
relu,1.4142135623730951,35,16,0.19979365075883287
relu,1.4142135623730951,35,17,0.19219849888383306
relu,1.4142135623730951,35,18,0.18473040854417666
relu,1.4142135623730951,35,19,0.17680303437274275
relu,1.4142135623730951,35,20,0.1681377323243518
relu,1.4142135623730951,35,21,0.1596651155443305
relu,1.4142135623730951,35,22,0.1510974436026134
relu,1.4142135623730951,35,23,0.14307269323349936
relu,1.4142135623730951,35,24,0.1362472995636036
relu,1.4142135623730951,35,25,0.13428582147423457
relu,1.4142135623730951,35,26,0.1454889051750547
relu,1.4142135623730951,35,27,0.20773542068092876
relu,1.4142135623730951,35,28,0.17331636987406868
relu,1.4142135623730951,35,29,0.19830496751932658
relu,1.4142135623730951,35,30,0.13464006138004653
relu,1.4142135623730951,35,31,0.11840950303187317
relu,1.4142135623730951,35,32,0.1074564593386808
relu,1.4142135623730951,35,33,0.10426327483827141
relu,1.4142135623730951,35,34,0.10283699306849042
relu,1.4142135623730951,35,35,0.11534722289463809
relu,1.4142135623730951,35,36,0.12682737703650823
relu,1.4142135623730951,35,37,0.18546795935904287
relu,1.4142135623730951,35,38,0.1404884786937119
relu,1.4142135623730951,35,39,0.12708826871010895
relu,1.4142135623730951,35,40,0.09365832494371526
relu,1.4142135623730951,35,41,0.08608254728277474
relu,1.4142135623730951,35,42,0.07949281787547105
relu,1.4142135623730951,35,43,0.07834559090822013
relu,1.4142135623730951,35,44,0.07688093267136226
relu,1.4142135623730951,35,45,0.08269320684612205
relu,1.4142135623730951,35,46,0.08934667316866068
relu,1.4142135623730951,35,47,0.12166481741912201
relu,1.4142135623730951,35,48,0.11772739577850401
relu,1.4142135623730951,35,49,0.13889001529814984
relu,1.4142135623730951,35,50,0.09904115803467617
relu,1.4142135623730951,35,51,0.0843979866671421
relu,1.4142135623730951,35,52,0.06860393965176095
relu,1.4142135623730951,35,53,0.06484277482506542
relu,1.4142135623730951,35,54,0.06133103474709384
relu,1.4142135623730951,35,55,0.06103190986402001
relu,1.4142135623730951,35,56,0.061289222125457093
relu,1.4142135623730951,35,57,0.0668997953133143
relu,1.4142135623730951,35,58,0.06724829902169042
relu,1.4142135623730951,35,59,0.07881521770329453
relu,1.4142135623730951,35,60,0.07969792007230733
relu,1.4142135623730951,35,61,0.100003478962299
relu,1.4142135623730951,35,62,0.0849282505072709
relu,1.4142135623730951,35,63,0.08422453711182572
relu,1.4142135623730951,35,64,0.06406635576862227
relu,1.4142135623730951,35,65,0.055016418528827986
relu,1.4142135623730951,35,66,0.04755904162691637
relu,1.4142135623730951,35,67,0.04425615159252906
relu,1.4142135623730951,35,68,0.041761208504805566
relu,1.4142135623730951,35,69,0.04059117426893654
relu,1.4142135623730951,35,70,0.040530497681265765
relu,1.4142135623730951,35,71,0.04108919492097695
relu,1.4142135623730951,35,72,0.042575614362888856
relu,1.4142135623730951,35,73,0.04749329151303321
relu,1.4142135623730951,35,74,0.049849224326847116
relu,1.4142135623730951,35,75,0.059395635209925926
relu,1.4142135623730951,35,76,0.06481838644903526
relu,1.4142135623730951,35,77,0.0759920853253199
relu,1.4142135623730951,35,78,0.0735625254724305
relu,1.4142135623730951,35,79,0.0747586218374941
relu,1.4142135623730951,35,80,0.05877412669965679
relu,1.4142135623730951,35,81,0.04707021097481784
relu,1.4142135623730951,35,82,0.03672126910319523
relu,1.4142135623730951,35,83,0.033731787511886005
relu,1.4142135623730951,35,84,0.03132620418578781
relu,1.4142135623730951,35,85,0.03027373365166322
relu,1.4142135623730951,35,86,0.029364828077002497
relu,1.4142135623730951,35,87,0.029257669885479648
relu,1.4142135623730951,35,88,0.02943068025527653
relu,1.4142135623730951,35,89,0.031033333957275578
relu,1.4142135623730951,35,90,0.03244507633805403
relu,1.4142135623730951,35,91,0.03708325734498079
relu,1.4142135623730951,35,92,0.040146668953552234
relu,1.4142135623730951,35,93,0.04646679379399537
relu,1.4142135623730951,35,94,0.049936929221354495
relu,1.4142135623730951,35,95,0.056694879545588966
relu,1.4142135623730951,35,96,0.05221280385224744
relu,1.4142135623730951,35,97,0.04998236461665078
relu,1.4142135623730951,35,98,0.040391893578465704
relu,1.4142135623730951,35,99,0.03335634966742952
relu,1.4142135623730951,35,100,0.026976964085412083
relu,1.4142135623730951,36,0,0.8029435753467921
relu,1.4142135623730951,36,1,14.122083633437054
relu,1.4142135623730951,36,2,1.0651466990081198
relu,1.4142135623730951,36,3,0.3246284727588178
relu,1.4142135623730951,36,4,0.3061649925354254
relu,1.4142135623730951,36,5,0.2970456992068361
relu,1.4142135623730951,36,6,0.292038200340018
relu,1.4142135623730951,36,7,0.28889305536968385
relu,1.4142135623730951,36,8,0.28646074902106244
relu,1.4142135623730951,36,9,0.2845773896359879
relu,1.4142135623730951,36,10,0.28292130807444155
relu,1.4142135623730951,36,11,0.2816828451584502
relu,1.4142135623730951,36,12,0.2806949191671292
relu,1.4142135623730951,36,13,0.27982830244017054
relu,1.4142135623730951,36,14,0.27904219045761847
relu,1.4142135623730951,36,15,0.27832696306399896
relu,1.4142135623730951,36,16,0.2776576104847378
relu,1.4142135623730951,36,17,0.2770157217589931
relu,1.4142135623730951,36,18,0.2764065005796024
relu,1.4142135623730951,36,19,0.27580838259472185
relu,1.4142135623730951,36,20,0.27521840656361385
relu,1.4142135623730951,36,21,0.2746258747163912
relu,1.4142135623730951,36,22,0.27403678985437085
relu,1.4142135623730951,36,23,0.27345636488563096
relu,1.4142135623730951,36,24,0.27287684927566047
relu,1.4142135623730951,36,25,0.2722892026532261
relu,1.4142135623730951,36,26,0.271694031046923
relu,1.4142135623730951,36,27,0.2710979285450973
relu,1.4142135623730951,36,28,0.2704918838473038
relu,1.4142135623730951,36,29,0.26986626686682624
relu,1.4142135623730951,36,30,0.2692277219785516
relu,1.4142135623730951,36,31,0.2685817408977629
relu,1.4142135623730951,36,32,0.26792679078095427
relu,1.4142135623730951,36,33,0.26727455225099067
relu,1.4142135623730951,36,34,0.26656823511811334
relu,1.4142135623730951,36,35,0.2658585260422134
relu,1.4142135623730951,36,36,0.2651125979561734
relu,1.4142135623730951,36,37,0.2643260175292511
relu,1.4142135623730951,36,38,0.26348638404540276
relu,1.4142135623730951,36,39,0.2626357732585499
relu,1.4142135623730951,36,40,0.26179420239680173
relu,1.4142135623730951,36,41,0.26092057789559425
relu,1.4142135623730951,36,42,0.25999893240344146
relu,1.4142135623730951,36,43,0.25901572677726425
relu,1.4142135623730951,36,44,0.25800132304460927
relu,1.4142135623730951,36,45,0.25699633551543266
relu,1.4142135623730951,36,46,0.2559330572443058
relu,1.4142135623730951,36,47,0.25482949826837864
relu,1.4142135623730951,36,48,0.2536453023688058
relu,1.4142135623730951,36,49,0.2524026768088727
relu,1.4142135623730951,36,50,0.25114350402572005
relu,1.4142135623730951,36,51,0.24979583973337688
relu,1.4142135623730951,36,52,0.2483864140391296
relu,1.4142135623730951,36,53,0.24693832075782285
relu,1.4142135623730951,36,54,0.24546855844932572
relu,1.4142135623730951,36,55,0.243947532959505
relu,1.4142135623730951,36,56,0.24230752046157225
relu,1.4142135623730951,36,57,0.24061448300287713
relu,1.4142135623730951,36,58,0.2389213699587172
relu,1.4142135623730951,36,59,0.23703113658144617
relu,1.4142135623730951,36,60,0.23508265976656073
relu,1.4142135623730951,36,61,0.23300477311810178
relu,1.4142135623730951,36,62,0.23084050514020635
relu,1.4142135623730951,36,63,0.2286011407905775
relu,1.4142135623730951,36,64,0.22624579919835827
relu,1.4142135623730951,36,65,0.22369873677964253
relu,1.4142135623730951,36,66,0.22104549749911745
relu,1.4142135623730951,36,67,0.21828116240172352
relu,1.4142135623730951,36,68,0.21540362400006077
relu,1.4142135623730951,36,69,0.2123949108482544
relu,1.4142135623730951,36,70,0.20918373445147415
relu,1.4142135623730951,36,71,0.20578131190168955
relu,1.4142135623730951,36,72,0.2022791417534699
relu,1.4142135623730951,36,73,0.1985800822037407
relu,1.4142135623730951,36,74,0.19466295102307768
relu,1.4142135623730951,36,75,0.19067381255192895
relu,1.4142135623730951,36,76,0.18621758733239802
relu,1.4142135623730951,36,77,0.18148813613000792
relu,1.4142135623730951,36,78,0.17673066748637153
relu,1.4142135623730951,36,79,0.1716905775504176
relu,1.4142135623730951,36,80,0.16657603412443295
relu,1.4142135623730951,36,81,0.16138605123970767
relu,1.4142135623730951,36,82,0.15605530324832528
relu,1.4142135623730951,36,83,0.1505295475540911
relu,1.4142135623730951,36,84,0.14520408263611914
relu,1.4142135623730951,36,85,0.1398865803840882
relu,1.4142135623730951,36,86,0.1345800269220224
relu,1.4142135623730951,36,87,0.12920186426431748
relu,1.4142135623730951,36,88,0.12395344258944857
relu,1.4142135623730951,36,89,0.11873415948563242
relu,1.4142135623730951,36,90,0.11400765904944873
relu,1.4142135623730951,36,91,0.10982159723019032
relu,1.4142135623730951,36,92,0.10672536949909477
relu,1.4142135623730951,36,93,0.1073893830044513
relu,1.4142135623730951,36,94,0.11304545822550018
relu,1.4142135623730951,36,95,0.14408418090309477
relu,1.4142135623730951,36,96,0.14486759669074056
relu,1.4142135623730951,36,97,0.2031760339258321
relu,1.4142135623730951,36,98,0.11182807076538848
relu,1.4142135623730951,36,99,0.10255624592906203
relu,1.4142135623730951,36,100,0.0935184489123653
relu,1.4142135623730951,37,0,0.3031252787739852
relu,1.4142135623730951,37,1,0.2695276824782117
relu,1.4142135623730951,37,2,0.25180544938527255
relu,1.4142135623730951,37,3,0.23697308947227883
relu,1.4142135623730951,37,4,0.22446440974147144
relu,1.4142135623730951,37,5,0.21297523509311825
relu,1.4142135623730951,37,6,0.20231936928412092
relu,1.4142135623730951,37,7,0.19232246378592466
relu,1.4142135623730951,37,8,0.1829650539145445
relu,1.4142135623730951,37,9,0.17427703724995192
relu,1.4142135623730951,37,10,0.16678429671956613
relu,1.4142135623730951,37,11,0.15911782265864052
relu,1.4142135623730951,37,12,0.15398820226478038
relu,1.4142135623730951,37,13,0.15298090317390384
relu,1.4142135623730951,37,14,0.16278832016003464
relu,1.4142135623730951,37,15,0.17814776821331332
relu,1.4142135623730951,37,16,0.21953964222505928
relu,1.4142135623730951,37,17,0.1711029537389941
relu,1.4142135623730951,37,18,0.14772477463149497
relu,1.4142135623730951,37,19,0.12141972182260423
relu,1.4142135623730951,37,20,0.11198856074501097
relu,1.4142135623730951,37,21,0.10546565676145636
relu,1.4142135623730951,37,22,0.10369377265742998
relu,1.4142135623730951,37,23,0.10999227368600495
relu,1.4142135623730951,37,24,0.14259057061581754
relu,1.4142135623730951,37,25,0.17503257600052685
relu,1.4142135623730951,37,26,0.22662189762233043
relu,1.4142135623730951,37,27,0.1295190831439717
relu,1.4142135623730951,37,28,0.0990283651038612
relu,1.4142135623730951,37,29,0.0833826299354829
relu,1.4142135623730951,37,30,0.07443651250670139
relu,1.4142135623730951,37,31,0.06834020128168486
relu,1.4142135623730951,37,32,0.06526436098208359
relu,1.4142135623730951,37,33,0.06596465791132763
relu,1.4142135623730951,37,34,0.08062939273537054
relu,1.4142135623730951,37,35,0.11220896399580119
relu,1.4142135623730951,37,36,0.194998208589044
relu,1.4142135623730951,37,37,0.15557414963931865
relu,1.4142135623730951,37,38,0.1179013841144273
relu,1.4142135623730951,37,39,0.06523132419219475
relu,1.4142135623730951,37,40,0.05438565640873615
relu,1.4142135623730951,37,41,0.047882013759690506
relu,1.4142135623730951,37,42,0.04384819300449459
relu,1.4142135623730951,37,43,0.04100590834817021
relu,1.4142135623730951,37,44,0.03932770307052723
relu,1.4142135623730951,37,45,0.03870722421074019
relu,1.4142135623730951,37,46,0.0427500061170444
relu,1.4142135623730951,37,47,0.054928544087361156
relu,1.4142135623730951,37,48,0.09822648109485232
relu,1.4142135623730951,37,49,0.13209775804620716
relu,1.4142135623730951,37,50,0.1653988138865411
relu,1.4142135623730951,37,51,0.07289353766545893
relu,1.4142135623730951,37,52,0.043411231532362954
relu,1.4142135623730951,37,53,0.0334924047823803
relu,1.4142135623730951,37,54,0.029463367808140038
relu,1.4142135623730951,37,55,0.027131509471086522
relu,1.4142135623730951,37,56,0.02556823100883067
relu,1.4142135623730951,37,57,0.02472656541043545
relu,1.4142135623730951,37,58,0.02473545186528948
relu,1.4142135623730951,37,59,0.02577890510520202
relu,1.4142135623730951,37,60,0.03023788111476336
relu,1.4142135623730951,37,61,0.038040511747329385
relu,1.4142135623730951,37,62,0.060503183814656414
relu,1.4142135623730951,37,63,0.07247709162242874
relu,1.4142135623730951,37,64,0.11006092194590092
relu,1.4142135623730951,37,65,0.07302241179924082
relu,1.4142135623730951,37,66,0.050602948390386746
relu,1.4142135623730951,37,67,0.027575207744093264
relu,1.4142135623730951,37,68,0.022807289346314118
relu,1.4142135623730951,37,69,0.01962603458702239
relu,1.4142135623730951,37,70,0.018368425220110375
relu,1.4142135623730951,37,71,0.017157737507705273
relu,1.4142135623730951,37,72,0.016861447876508208
relu,1.4142135623730951,37,73,0.016477636971406827
relu,1.4142135623730951,37,74,0.017176641590300877
relu,1.4142135623730951,37,75,0.018268147774361206
relu,1.4142135623730951,37,76,0.021398360231075598
relu,1.4142135623730951,37,77,0.024785970373232488
relu,1.4142135623730951,37,78,0.03445102497123287
relu,1.4142135623730951,37,79,0.038972170743076386
relu,1.4142135623730951,37,80,0.053029253223253595
relu,1.4142135623730951,37,81,0.045818324537681164
relu,1.4142135623730951,37,82,0.049733245738277865
relu,1.4142135623730951,37,83,0.03114570898558958
relu,1.4142135623730951,37,84,0.02470877195268659
relu,1.4142135623730951,37,85,0.017288804186321192
relu,1.4142135623730951,37,86,0.015024492683999583
relu,1.4142135623730951,37,87,0.012969791513704094
relu,1.4142135623730951,37,88,0.012177455219349272
relu,1.4142135623730951,37,89,0.011097319825206387
relu,1.4142135623730951,37,90,0.010600835014060783
relu,1.4142135623730951,37,91,0.010071342453615581
relu,1.4142135623730951,37,92,0.009972043575315975
relu,1.4142135623730951,37,93,0.009865323991813182
relu,1.4142135623730951,37,94,0.01000789907387417
relu,1.4142135623730951,37,95,0.010234776216342348
relu,1.4142135623730951,37,96,0.011069306619005598
relu,1.4142135623730951,37,97,0.011827700819283707
relu,1.4142135623730951,37,98,0.01390171497166897
relu,1.4142135623730951,37,99,0.015365765200920636
relu,1.4142135623730951,37,100,0.019014450886620057
relu,2.0,35,0,638.0701340186561
relu,2.0,36,0,2005.4082417818734
relu,2.0,37,0,78.5866465067709
sigmoid,0.5,35,0,0.3770039764531111
sigmoid,0.5,35,1,0.3055931461542762
sigmoid,0.5,35,2,0.292157755027441
sigmoid,0.5,35,3,0.2896248262424703
sigmoid,0.5,35,4,0.2891471309096577
sigmoid,0.5,35,5,0.2890570353643016
sigmoid,0.5,35,6,0.2890400428338952
sigmoid,0.5,35,7,0.2890368379499458
sigmoid,0.5,35,8,0.28903623349204227
sigmoid,0.5,35,9,0.2890361194881862
sigmoid,0.5,35,10,0.28903609798648144
sigmoid,0.5,35,11,0.2890360939311516
sigmoid,0.5,35,12,0.28903609316629597
sigmoid,0.5,35,13,0.28903609302204036
sigmoid,0.5,35,14,0.28903609299483307
sigmoid,0.5,35,15,0.2890360929897016
sigmoid,0.5,35,16,0.2890360929887338
sigmoid,0.5,35,17,0.2890360929885512
sigmoid,0.5,35,18,0.28903609298851685
sigmoid,0.5,35,19,0.2890360929885103
sigmoid,0.5,35,20,0.2890360929885091
sigmoid,0.5,35,21,0.28903609298850885
sigmoid,0.5,35,22,0.28903609298850885
sigmoid,0.5,35,23,0.28903609298850885
sigmoid,0.5,35,24,0.2890360929885088
sigmoid,0.5,35,25,0.2890360929885088
sigmoid,0.5,35,26,0.28903609298850885
sigmoid,0.5,35,27,0.28903609298850885
sigmoid,0.5,35,28,0.28903609298850885
sigmoid,0.5,35,29,0.28903609298850885
sigmoid,0.5,35,30,0.2890360929885088
sigmoid,0.5,35,31,0.28903609298850885
sigmoid,0.5,35,32,0.28903609298850885
sigmoid,0.5,35,33,0.2890360929885088
sigmoid,0.5,35,34,0.2890360929885088
sigmoid,0.5,35,35,0.2890360929885088
sigmoid,0.5,35,36,0.28903609298850885
sigmoid,0.5,35,37,0.28903609298850885
sigmoid,0.5,35,38,0.28903609298850885
sigmoid,0.5,35,39,0.28903609298850885
sigmoid,0.5,35,40,0.2890360929885088
sigmoid,0.5,35,41,0.28903609298850885
sigmoid,0.5,35,42,0.2890360929885088
sigmoid,0.5,35,43,0.28903609298850885
sigmoid,0.5,35,44,0.28903609298850885
sigmoid,0.5,35,45,0.28903609298850885
sigmoid,0.5,35,46,0.28903609298850885
sigmoid,0.5,35,47,0.2890360929885088
sigmoid,0.5,35,48,0.28903609298850885
sigmoid,0.5,35,49,0.28903609298850885
sigmoid,0.5,35,50,0.28903609298850885
sigmoid,0.5,35,51,0.2890360929885088
sigmoid,0.5,35,52,0.28903609298850885
sigmoid,0.5,35,53,0.28903609298850885
sigmoid,0.5,35,54,0.28903609298850885
sigmoid,0.5,35,55,0.28903609298850885
sigmoid,0.5,35,56,0.28903609298850885
sigmoid,0.5,35,57,0.28903609298850885
sigmoid,0.5,35,58,0.28903609298850885
sigmoid,0.5,35,59,0.28903609298850885
sigmoid,0.5,35,60,0.28903609298850885
sigmoid,0.5,35,61,0.28903609298850885
sigmoid,0.5,35,62,0.28903609298850885
sigmoid,0.5,35,63,0.28903609298850885
sigmoid,0.5,35,64,0.28903609298850885
sigmoid,0.5,35,65,0.28903609298850885
sigmoid,0.5,35,66,0.28903609298850885
sigmoid,0.5,35,67,0.28903609298850885
sigmoid,0.5,35,68,0.28903609298850885
sigmoid,0.5,35,69,0.28903609298850885
sigmoid,0.5,35,70,0.28903609298850885
sigmoid,0.5,35,71,0.28903609298850885
sigmoid,0.5,35,72,0.28903609298850885
sigmoid,0.5,35,73,0.28903609298850885
sigmoid,0.5,35,74,0.28903609298850885
sigmoid,0.5,35,75,0.28903609298850885
sigmoid,0.5,35,76,0.28903609298850885
sigmoid,0.5,35,77,0.28903609298850885
sigmoid,0.5,35,78,0.2890360929885088
sigmoid,0.5,35,79,0.28903609298850885
sigmoid,0.5,35,80,0.2890360929885088
sigmoid,0.5,35,81,0.28903609298850885
sigmoid,0.5,35,82,0.28903609298850885
sigmoid,0.5,35,83,0.28903609298850885
sigmoid,0.5,35,84,0.28903609298850885
sigmoid,0.5,35,85,0.28903609298850885
sigmoid,0.5,35,86,0.28903609298850885
sigmoid,0.5,35,87,0.28903609298850885
sigmoid,0.5,35,88,0.28903609298850885
sigmoid,0.5,35,89,0.28903609298850885
sigmoid,0.5,35,90,0.2890360929885088
sigmoid,0.5,35,91,0.28903609298850885
sigmoid,0.5,35,92,0.28903609298850885
sigmoid,0.5,35,93,0.28903609298850885
sigmoid,0.5,35,94,0.28903609298850885
sigmoid,0.5,35,95,0.28903609298850885
sigmoid,0.5,35,96,0.28903609298850885
sigmoid,0.5,35,97,0.28903609298850885
sigmoid,0.5,35,98,0.28903609298850885
sigmoid,0.5,35,99,0.28903609298850885
sigmoid,0.5,35,100,0.28903609298850885
sigmoid,0.5,36,0,0.5953438754627465
sigmoid,0.5,36,1,0.340693245934097
sigmoid,0.5,36,2,0.29782578609394794
sigmoid,0.5,36,3,0.29053476769312814
sigmoid,0.5,36,4,0.28929176950059304
sigmoid,0.5,36,5,0.2890797202031393
sigmoid,0.5,36,6,0.28904353782577313
sigmoid,0.5,36,7,0.2890373634626027
sigmoid,0.5,36,8,0.2890363098015113
sigmoid,0.5,36,9,0.2890361299909241
sigmoid,0.5,36,10,0.28903609930552
sigmoid,0.5,36,11,0.2890360940689204
sigmoid,0.5,36,12,0.2890360931752708
sigmoid,0.5,36,13,0.2890360930227654
sigmoid,0.5,36,14,0.2890360929967396
sigmoid,0.5,36,15,0.2890360929922982
sigmoid,0.5,36,16,0.28903609299154026
sigmoid,0.5,36,17,0.2890360929914109
sigmoid,0.5,36,18,0.2890360929913888
sigmoid,0.5,36,19,0.2890360929913851
sigmoid,0.5,36,20,0.28903609299138444
sigmoid,0.5,36,21,0.28903609299138433
sigmoid,0.5,36,22,0.28903609299138433
sigmoid,0.5,36,23,0.28903609299138433
sigmoid,0.5,36,24,0.2890360929913843
sigmoid,0.5,36,25,0.28903609299138433
sigmoid,0.5,36,26,0.28903609299138433
sigmoid,0.5,36,27,0.28903609299138433
sigmoid,0.5,36,28,0.2890360929913843
sigmoid,0.5,36,29,0.28903609299138433
sigmoid,0.5,36,30,0.28903609299138433
sigmoid,0.5,36,31,0.28903609299138433
sigmoid,0.5,36,32,0.28903609299138433
sigmoid,0.5,36,33,0.2890360929913843
sigmoid,0.5,36,34,0.2890360929913843
sigmoid,0.5,36,35,0.28903609299138433
sigmoid,0.5,36,36,0.28903609299138433
sigmoid,0.5,36,37,0.2890360929913843
sigmoid,0.5,36,38,0.2890360929913843
sigmoid,0.5,36,39,0.2890360929913843
sigmoid,0.5,36,40,0.28903609299138433
sigmoid,0.5,36,41,0.28903609299138433
sigmoid,0.5,36,42,0.2890360929913843
sigmoid,0.5,36,43,0.28903609299138433
sigmoid,0.5,36,44,0.2890360929913843
sigmoid,0.5,36,45,0.2890360929913843
sigmoid,0.5,36,46,0.2890360929913843
sigmoid,0.5,36,47,0.28903609299138433
sigmoid,0.5,36,48,0.28903609299138433
sigmoid,0.5,36,49,0.28903609299138433
sigmoid,0.5,36,50,0.28903609299138433
sigmoid,0.5,36,51,0.2890360929913843
sigmoid,0.5,36,52,0.28903609299138433
sigmoid,0.5,36,53,0.28903609299138433
sigmoid,0.5,36,54,0.28903609299138433
sigmoid,0.5,36,55,0.2890360929913843
sigmoid,0.5,36,56,0.28903609299138433
sigmoid,0.5,36,57,0.2890360929913843
sigmoid,0.5,36,58,0.28903609299138433
sigmoid,0.5,36,59,0.28903609299138433
sigmoid,0.5,36,60,0.28903609299138433
sigmoid,0.5,36,61,0.28903609299138433
sigmoid,0.5,36,62,0.28903609299138433
sigmoid,0.5,36,63,0.28903609299138433
sigmoid,0.5,36,64,0.28903609299138433
sigmoid,0.5,36,65,0.28903609299138433
sigmoid,0.5,36,66,0.2890360929913843
sigmoid,0.5,36,67,0.2890360929913843
sigmoid,0.5,36,68,0.28903609299138433
sigmoid,0.5,36,69,0.2890360929913843
sigmoid,0.5,36,70,0.2890360929913843
sigmoid,0.5,36,71,0.2890360929913843
sigmoid,0.5,36,72,0.28903609299138433
sigmoid,0.5,36,73,0.28903609299138433
sigmoid,0.5,36,74,0.28903609299138433
sigmoid,0.5,36,75,0.28903609299138433
sigmoid,0.5,36,76,0.28903609299138433
sigmoid,0.5,36,77,0.2890360929913843
sigmoid,0.5,36,78,0.28903609299138433
sigmoid,0.5,36,79,0.28903609299138433
sigmoid,0.5,36,80,0.28903609299138433
sigmoid,0.5,36,81,0.28903609299138433
sigmoid,0.5,36,82,0.28903609299138433
sigmoid,0.5,36,83,0.28903609299138433
sigmoid,0.5,36,84,0.28903609299138433
sigmoid,0.5,36,85,0.28903609299138433
sigmoid,0.5,36,86,0.28903609299138433
sigmoid,0.5,36,87,0.2890360929913843
sigmoid,0.5,36,88,0.28903609299138433
sigmoid,0.5,36,89,0.28903609299138433
sigmoid,0.5,36,90,0.28903609299138433
sigmoid,0.5,36,91,0.28903609299138433
sigmoid,0.5,36,92,0.28903609299138433
sigmoid,0.5,36,93,0.28903609299138433
sigmoid,0.5,36,94,0.28903609299138433
sigmoid,0.5,36,95,0.2890360929913843
sigmoid,0.5,36,96,0.28903609299138433
sigmoid,0.5,36,97,0.2890360929913843
sigmoid,0.5,36,98,0.28903609299138433
sigmoid,0.5,36,99,0.28903609299138433
sigmoid,0.5,36,100,0.28903609299138433
sigmoid,0.5,37,0,0.3086688667776391
sigmoid,0.5,37,1,0.2935762175726112
sigmoid,0.5,37,2,0.2900864544044282
sigmoid,0.5,37,3,0.2892791191375512
sigmoid,0.5,37,4,0.28909232420852304
sigmoid,0.5,37,5,0.28904910380442517
sigmoid,0.5,37,6,0.28903910344500927
sigmoid,0.5,37,7,0.28903678955258827
sigmoid,0.5,37,8,0.28903625416176004
sigmoid,0.5,37,9,0.289036130282457
sigmoid,0.5,37,10,0.28903610161912974
sigmoid,0.5,37,11,0.2890360949869779
sigmoid,0.5,37,12,0.2890360934524234
sigmoid,0.5,37,13,0.2890360930973565
sigmoid,0.5,37,14,0.2890360930152007
sigmoid,0.5,37,15,0.2890360929961915
sigmoid,0.5,37,16,0.28903609299179306
sigmoid,0.5,37,17,0.2890360929907754
sigmoid,0.5,37,18,0.2890360929905399
sigmoid,0.5,37,19,0.2890360929904854
sigmoid,0.5,37,20,0.2890360929904728
sigmoid,0.5,37,21,0.28903609299046984
sigmoid,0.5,37,22,0.2890360929904692
sigmoid,0.5,37,23,0.28903609299046906
sigmoid,0.5,37,24,0.28903609299046906
sigmoid,0.5,37,25,0.289036092990469
sigmoid,0.5,37,26,0.28903609299046895
sigmoid,0.5,37,27,0.289036092990469
sigmoid,0.5,37,28,0.289036092990469
sigmoid,0.5,37,29,0.28903609299046895
sigmoid,0.5,37,30,0.289036092990469
sigmoid,0.5,37,31,0.289036092990469
sigmoid,0.5,37,32,0.289036092990469
sigmoid,0.5,37,33,0.28903609299046895
sigmoid,0.5,37,34,0.289036092990469
sigmoid,0.5,37,35,0.289036092990469
sigmoid,0.5,37,36,0.289036092990469
sigmoid,0.5,37,37,0.28903609299046895
sigmoid,0.5,37,38,0.289036092990469
sigmoid,0.5,37,39,0.289036092990469
sigmoid,0.5,37,40,0.28903609299046895
sigmoid,0.5,37,41,0.28903609299046895
sigmoid,0.5,37,42,0.289036092990469
sigmoid,0.5,37,43,0.28903609299046895
sigmoid,0.5,37,44,0.289036092990469
sigmoid,0.5,37,45,0.289036092990469
sigmoid,0.5,37,46,0.289036092990469
sigmoid,0.5,37,47,0.289036092990469
sigmoid,0.5,37,48,0.28903609299046895
sigmoid,0.5,37,49,0.28903609299046895
sigmoid,0.5,37,50,0.289036092990469
sigmoid,0.5,37,51,0.289036092990469
sigmoid,0.5,37,52,0.28903609299046895
sigmoid,0.5,37,53,0.28903609299046895
sigmoid,0.5,37,54,0.289036092990469
sigmoid,0.5,37,55,0.28903609299046895
sigmoid,0.5,37,56,0.289036092990469
sigmoid,0.5,37,57,0.28903609299046895
sigmoid,0.5,37,58,0.289036092990469
sigmoid,0.5,37,59,0.289036092990469
sigmoid,0.5,37,60,0.289036092990469
sigmoid,0.5,37,61,0.289036092990469
sigmoid,0.5,37,62,0.289036092990469
sigmoid,0.5,37,63,0.289036092990469
sigmoid,0.5,37,64,0.28903609299046895
sigmoid,0.5,37,65,0.289036092990469
sigmoid,0.5,37,66,0.289036092990469
sigmoid,0.5,37,67,0.289036092990469
sigmoid,0.5,37,68,0.289036092990469
sigmoid,0.5,37,69,0.289036092990469
sigmoid,0.5,37,70,0.28903609299046895
sigmoid,0.5,37,71,0.289036092990469
sigmoid,0.5,37,72,0.289036092990469
sigmoid,0.5,37,73,0.289036092990469
sigmoid,0.5,37,74,0.289036092990469
sigmoid,0.5,37,75,0.28903609299046895
sigmoid,0.5,37,76,0.289036092990469
sigmoid,0.5,37,77,0.289036092990469
sigmoid,0.5,37,78,0.28903609299046895
sigmoid,0.5,37,79,0.289036092990469
sigmoid,0.5,37,80,0.289036092990469
sigmoid,0.5,37,81,0.289036092990469
sigmoid,0.5,37,82,0.28903609299046895
sigmoid,0.5,37,83,0.28903609299046895
sigmoid,0.5,37,84,0.28903609299046895
sigmoid,0.5,37,85,0.28903609299046895
sigmoid,0.5,37,86,0.28903609299046895
sigmoid,0.5,37,87,0.28903609299046895
sigmoid,0.5,37,88,0.289036092990469
sigmoid,0.5,37,89,0.28903609299046895
sigmoid,0.5,37,90,0.28903609299046895
sigmoid,0.5,37,91,0.289036092990469
sigmoid,0.5,37,92,0.28903609299046895
sigmoid,0.5,37,93,0.289036092990469
sigmoid,0.5,37,94,0.289036092990469
sigmoid,0.5,37,95,0.28903609299046895
sigmoid,0.5,37,96,0.289036092990469
sigmoid,0.5,37,97,0.289036092990469
sigmoid,0.5,37,98,0.289036092990469
sigmoid,0.5,37,99,0.289036092990469
sigmoid,0.5,37,100,0.289036092990469
sigmoid,1.0,35,0,0.40356127298533895
sigmoid,1.0,35,1,0.30751326457442935
sigmoid,1.0,35,2,0.292021521788796
sigmoid,1.0,35,3,0.2895184724174363
sigmoid,1.0,35,4,0.28911402646939194
sigmoid,1.0,35,5,0.289048681100939
sigmoid,1.0,35,6,0.28903812394353084
sigmoid,1.0,35,7,0.28903641837531086
sigmoid,1.0,35,8,0.2890361428338563
sigmoid,1.0,35,9,0.2890360983191962
sigmoid,1.0,35,10,0.2890360911277128
sigmoid,1.0,35,11,0.2890360899659066
sigmoid,1.0,35,12,0.2890360897782131
sigmoid,1.0,35,13,0.28903608974789047
sigmoid,1.0,35,14,0.28903608974299155
sigmoid,1.0,35,15,0.2890360897421999
sigmoid,1.0,35,16,0.28903608974207184
sigmoid,1.0,35,17,0.2890360897420509
sigmoid,1.0,35,18,0.28903608974204736
sigmoid,1.0,35,19,0.28903608974204653
sigmoid,1.0,35,20,0.2890360897420462
sigmoid,1.0,35,21,0.289036089742046
sigmoid,1.0,35,22,0.28903608974204575
sigmoid,1.0,35,23,0.2890360897420455
sigmoid,1.0,35,24,0.2890360897420452
sigmoid,1.0,35,25,0.289036089742045
sigmoid,1.0,35,26,0.28903608974204476
sigmoid,1.0,35,27,0.28903608974204453
sigmoid,1.0,35,28,0.2890360897420442
sigmoid,1.0,35,29,0.289036089742044
sigmoid,1.0,35,30,0.28903608974204376
sigmoid,1.0,35,31,0.2890360897420435
sigmoid,1.0,35,32,0.28903608974204326
sigmoid,1.0,35,33,0.28903608974204303
sigmoid,1.0,35,34,0.2890360897420428
sigmoid,1.0,35,35,0.28903608974204253
sigmoid,1.0,35,36,0.2890360897420423
sigmoid,1.0,35,37,0.2890360897420421
sigmoid,1.0,35,38,0.2890360897420418
sigmoid,1.0,35,39,0.28903608974204154
sigmoid,1.0,35,40,0.2890360897420413
sigmoid,1.0,35,41,0.2890360897420411
sigmoid,1.0,35,42,0.28903608974204087
sigmoid,1.0,35,43,0.28903608974204065
sigmoid,1.0,35,44,0.28903608974204037
sigmoid,1.0,35,45,0.28903608974204015
sigmoid,1.0,35,46,0.28903608974203987
sigmoid,1.0,35,47,0.28903608974203965
sigmoid,1.0,35,48,0.2890360897420394
sigmoid,1.0,35,49,0.28903608974203915
sigmoid,1.0,35,50,0.2890360897420389
sigmoid,1.0,35,51,0.28903608974203865
sigmoid,1.0,35,52,0.28903608974203837
sigmoid,1.0,35,53,0.2890360897420382
sigmoid,1.0,35,54,0.289036089742038
sigmoid,1.0,35,55,0.28903608974203765
sigmoid,1.0,35,56,0.2890360897420374
sigmoid,1.0,35,57,0.28903608974203715
sigmoid,1.0,35,58,0.289036089742037
sigmoid,1.0,35,59,0.2890360897420367
sigmoid,1.0,35,60,0.2890360897420365
sigmoid,1.0,35,61,0.2890360897420362
sigmoid,1.0,35,62,0.289036089742036
sigmoid,1.0,35,63,0.28903608974203576
sigmoid,1.0,35,64,0.2890360897420355
sigmoid,1.0,35,65,0.2890360897420352
sigmoid,1.0,35,66,0.289036089742035
sigmoid,1.0,35,67,0.2890360897420347
sigmoid,1.0,35,68,0.28903608974203454
sigmoid,1.0,35,69,0.2890360897420343
sigmoid,1.0,35,70,0.289036089742034
sigmoid,1.0,35,71,0.28903608974203376
sigmoid,1.0,35,72,0.28903608974203354
sigmoid,1.0,35,73,0.2890360897420333
sigmoid,1.0,35,74,0.28903608974203304
sigmoid,1.0,35,75,0.28903608974203276
sigmoid,1.0,35,76,0.28903608974203254
sigmoid,1.0,35,77,0.2890360897420323
sigmoid,1.0,35,78,0.2890360897420321
sigmoid,1.0,35,79,0.2890360897420318
sigmoid,1.0,35,80,0.2890360897420316
sigmoid,1.0,35,81,0.2890360897420313
sigmoid,1.0,35,82,0.2890360897420311
sigmoid,1.0,35,83,0.2890360897420309
sigmoid,1.0,35,84,0.28903608974203054
sigmoid,1.0,35,85,0.2890360897420304
sigmoid,1.0,35,86,0.2890360897420301
sigmoid,1.0,35,87,0.2890360897420299
sigmoid,1.0,35,88,0.28903608974202966
sigmoid,1.0,35,89,0.28903608974202943
sigmoid,1.0,35,90,0.28903608974202916
sigmoid,1.0,35,91,0.28903608974202893
sigmoid,1.0,35,92,0.28903608974202866
sigmoid,1.0,35,93,0.28903608974202843
sigmoid,1.0,35,94,0.2890360897420282
sigmoid,1.0,35,95,0.28903608974202794
sigmoid,1.0,35,96,0.28903608974202766
sigmoid,1.0,35,97,0.28903608974202744
sigmoid,1.0,35,98,0.2890360897420272
sigmoid,1.0,35,99,0.289036089742027
sigmoid,1.0,35,100,0.2890360897420267
sigmoid,1.0,36,0,0.5773325666019289
sigmoid,1.0,36,1,0.32795823889489556
sigmoid,1.0,36,2,0.29435479830422473
sigmoid,1.0,36,3,0.28976503812948196
sigmoid,1.0,36,4,0.2891360885716395
sigmoid,1.0,36,5,0.2890498171607512
sigmoid,1.0,36,6,0.2890379796104003
sigmoid,1.0,36,7,0.28903635515348536
sigmoid,1.0,36,8,0.28903613222100527
sigmoid,1.0,36,9,0.2890361016263595
sigmoid,1.0,36,10,0.2890360974276086
sigmoid,1.0,36,11,0.2890360968513784
sigmoid,1.0,36,12,0.289036096772297
sigmoid,1.0,36,13,0.2890360967614436
sigmoid,1.0,36,14,0.2890360967599536
sigmoid,1.0,36,15,0.28903609675974873
sigmoid,1.0,36,16,0.2890360967597202
sigmoid,1.0,36,17,0.28903609675971587
sigmoid,1.0,36,18,0.2890360967597148
sigmoid,1.0,36,19,0.2890360967597143
sigmoid,1.0,36,20,0.2890360967597138
sigmoid,1.0,36,21,0.2890360967597133
sigmoid,1.0,36,22,0.28903609675971276
sigmoid,1.0,36,23,0.2890360967597123
sigmoid,1.0,36,24,0.2890360967597118
sigmoid,1.0,36,25,0.2890360967597113
sigmoid,1.0,36,26,0.28903609675971087
sigmoid,1.0,36,27,0.2890360967597103
sigmoid,1.0,36,28,0.28903609675970987
sigmoid,1.0,36,29,0.28903609675970937
sigmoid,1.0,36,30,0.28903609675970887
sigmoid,1.0,36,31,0.2890360967597084
sigmoid,1.0,36,32,0.2890360967597079
sigmoid,1.0,36,33,0.28903609675970743
sigmoid,1.0,36,34,0.28903609675970693
sigmoid,1.0,36,35,0.28903609675970643
sigmoid,1.0,36,36,0.289036096759706
sigmoid,1.0,36,37,0.28903609675970543
sigmoid,1.0,36,38,0.289036096759705
sigmoid,1.0,36,39,0.2890360967597045
sigmoid,1.0,36,40,0.289036096759704
sigmoid,1.0,36,41,0.2890360967597035
sigmoid,1.0,36,42,0.289036096759703
sigmoid,1.0,36,43,0.28903609675970254
sigmoid,1.0,36,44,0.28903609675970204
sigmoid,1.0,36,45,0.28903609675970154
sigmoid,1.0,36,46,0.28903609675970104
sigmoid,1.0,36,47,0.28903609675970054
sigmoid,1.0,36,48,0.28903609675970005
sigmoid,1.0,36,49,0.28903609675969966
sigmoid,1.0,36,50,0.2890360967596991
sigmoid,1.0,36,51,0.2890360967596986
sigmoid,1.0,36,52,0.2890360967596981
sigmoid,1.0,36,53,0.28903609675969766
sigmoid,1.0,36,54,0.28903609675969716
sigmoid,1.0,36,55,0.28903609675969666
sigmoid,1.0,36,56,0.2890360967596962
sigmoid,1.0,36,57,0.28903609675969566
sigmoid,1.0,36,58,0.2890360967596952
sigmoid,1.0,36,59,0.28903609675969466
sigmoid,1.0,36,60,0.2890360967596942
sigmoid,1.0,36,61,0.2890360967596937
sigmoid,1.0,36,62,0.2890360967596932
sigmoid,1.0,36,63,0.2890360967596928
sigmoid,1.0,36,64,0.2890360967596922
sigmoid,1.0,36,65,0.2890360967596918
sigmoid,1.0,36,66,0.2890360967596912
sigmoid,1.0,36,67,0.2890360967596908
sigmoid,1.0,36,68,0.28903609675969033
sigmoid,1.0,36,69,0.2890360967596898
sigmoid,1.0,36,70,0.28903609675968933
sigmoid,1.0,36,71,0.2890360967596888
sigmoid,1.0,36,72,0.28903609675968833
sigmoid,1.0,36,73,0.28903609675968783
sigmoid,1.0,36,74,0.2890360967596874
sigmoid,1.0,36,75,0.2890360967596869
sigmoid,1.0,36,76,0.2890360967596864
sigmoid,1.0,36,77,0.2890360967596859
sigmoid,1.0,36,78,0.2890360967596854
sigmoid,1.0,36,79,0.2890360967596849
sigmoid,1.0,36,80,0.2890360967596844
sigmoid,1.0,36,81,0.28903609675968395
sigmoid,1.0,36,82,0.28903609675968345
sigmoid,1.0,36,83,0.289036096759683
sigmoid,1.0,36,84,0.28903609675968245
sigmoid,1.0,36,85,0.28903609675968195
sigmoid,1.0,36,86,0.28903609675968145
sigmoid,1.0,36,87,0.289036096759681
sigmoid,1.0,36,88,0.2890360967596805
sigmoid,1.0,36,89,0.28903609675968
sigmoid,1.0,36,90,0.28903609675967956
sigmoid,1.0,36,91,0.289036096759679
sigmoid,1.0,36,92,0.2890360967596785
sigmoid,1.0,36,93,0.28903609675967806
sigmoid,1.0,36,94,0.28903609675967756
sigmoid,1.0,36,95,0.28903609675967706
sigmoid,1.0,36,96,0.2890360967596766
sigmoid,1.0,36,97,0.2890360967596761
sigmoid,1.0,36,98,0.28903609675967556
sigmoid,1.0,36,99,0.2890360967596751
sigmoid,1.0,36,100,0.2890360967596746
sigmoid,1.0,37,0,0.3061300933961911
sigmoid,1.0,37,1,0.2930615976146869
sigmoid,1.0,37,2,0.28998441142967946
sigmoid,1.0,37,3,0.28925951430587427
sigmoid,1.0,37,4,0.28908873237818217
sigmoid,1.0,37,5,0.28904849625089973
sigmoid,1.0,37,6,0.2890390166114776
sigmoid,1.0,37,7,0.2890367832065882
sigmoid,1.0,37,8,0.2890362570161546
sigmoid,1.0,37,9,0.289036133045664
sigmoid,1.0,37,10,0.28903610383821476
sigmoid,1.0,37,11,0.28903609695693966
sigmoid,1.0,37,12,0.2890360953357112
sigmoid,1.0,37,13,0.28903609495374954
sigmoid,1.0,37,14,0.28903609486375914
sigmoid,1.0,37,15,0.2890360948425572
sigmoid,1.0,37,16,0.28903609483756176
sigmoid,1.0,37,17,0.2890360948363846
sigmoid,1.0,37,18,0.28903609483610704
sigmoid,1.0,37,19,0.2890360948360414
sigmoid,1.0,37,20,0.28903609483602577
sigmoid,1.0,37,21,0.28903609483602183
sigmoid,1.0,37,22,0.28903609483602066
sigmoid,1.0,37,23,0.28903609483602016
sigmoid,1.0,37,24,0.2890360948360198
sigmoid,1.0,37,25,0.28903609483601944
sigmoid,1.0,37,26,0.28903609483601916
sigmoid,1.0,37,27,0.2890360948360189
sigmoid,1.0,37,28,0.2890360948360186
sigmoid,1.0,37,29,0.2890360948360182
sigmoid,1.0,37,30,0.289036094836018
sigmoid,1.0,37,31,0.28903609483601767
sigmoid,1.0,37,32,0.2890360948360174
sigmoid,1.0,37,33,0.2890360948360171
sigmoid,1.0,37,34,0.2890360948360168
sigmoid,1.0,37,35,0.28903609483601644
sigmoid,1.0,37,36,0.28903609483601617
sigmoid,1.0,37,37,0.2890360948360159
sigmoid,1.0,37,38,0.28903609483601556
sigmoid,1.0,37,39,0.2890360948360153
sigmoid,1.0,37,40,0.28903609483601495
sigmoid,1.0,37,41,0.28903609483601467
sigmoid,1.0,37,42,0.28903609483601433
sigmoid,1.0,37,43,0.28903609483601406
sigmoid,1.0,37,44,0.2890360948360138
sigmoid,1.0,37,45,0.28903609483601345
sigmoid,1.0,37,46,0.28903609483601317
sigmoid,1.0,37,47,0.2890360948360129
sigmoid,1.0,37,48,0.28903609483601256
sigmoid,1.0,37,49,0.2890360948360123
sigmoid,1.0,37,50,0.28903609483601195
sigmoid,1.0,37,51,0.2890360948360116
sigmoid,1.0,37,52,0.28903609483601134
sigmoid,1.0,37,53,0.28903609483601106
sigmoid,1.0,37,54,0.2890360948360107
sigmoid,1.0,37,55,0.28903609483601045
sigmoid,1.0,37,56,0.2890360948360101
sigmoid,1.0,37,57,0.28903609483600984
sigmoid,1.0,37,58,0.28903609483600956
sigmoid,1.0,37,59,0.2890360948360092
sigmoid,1.0,37,60,0.28903609483600895
sigmoid,1.0,37,61,0.2890360948360087
sigmoid,1.0,37,62,0.28903609483600834
sigmoid,1.0,37,63,0.289036094836008
sigmoid,1.0,37,64,0.2890360948360078
sigmoid,1.0,37,65,0.28903609483600745
sigmoid,1.0,37,66,0.2890360948360071
sigmoid,1.0,37,67,0.28903609483600684
sigmoid,1.0,37,68,0.2890360948360065
sigmoid,1.0,37,69,0.28903609483600623
sigmoid,1.0,37,70,0.28903609483600595
sigmoid,1.0,37,71,0.2890360948360056
sigmoid,1.0,37,72,0.2890360948360053
sigmoid,1.0,37,73,0.289036094836005
sigmoid,1.0,37,74,0.28903609483600473
sigmoid,1.0,37,75,0.28903609483600445
sigmoid,1.0,37,76,0.2890360948360041
sigmoid,1.0,37,77,0.28903609483600384
sigmoid,1.0,37,78,0.28903609483600345
sigmoid,1.0,37,79,0.28903609483600323
sigmoid,1.0,37,80,0.2890360948360029
sigmoid,1.0,37,81,0.2890360948360026
sigmoid,1.0,37,82,0.28903609483600234
sigmoid,1.0,37,83,0.289036094836002
sigmoid,1.0,37,84,0.2890360948360017
sigmoid,1.0,37,85,0.2890360948360014
sigmoid,1.0,37,86,0.2890360948360011
sigmoid,1.0,37,87,0.2890360948360008
sigmoid,1.0,37,88,0.28903609483600046
sigmoid,1.0,37,89,0.28903609483600023
sigmoid,1.0,37,90,0.2890360948359999
sigmoid,1.0,37,91,0.2890360948359996
sigmoid,1.0,37,92,0.2890360948359993
sigmoid,1.0,37,93,0.289036094835999
sigmoid,1.0,37,94,0.2890360948359987
sigmoid,1.0,37,95,0.2890360948359984
sigmoid,1.0,37,96,0.2890360948359981
sigmoid,1.0,37,97,0.2890360948359978
sigmoid,1.0,37,98,0.28903609483599746
sigmoid,1.0,37,99,0.28903609483599724
sigmoid,1.0,37,100,0.2890360948359969
sigmoid,1.4142135623730951,35,0,0.4280591027768091
sigmoid,1.4142135623730951,35,1,0.30830922232415725
sigmoid,1.4142135623730951,35,2,0.2917097021574939
sigmoid,1.4142135623730951,35,3,0.2894067485792626
sigmoid,1.4142135623730951,35,4,0.28908738312100174
sigmoid,1.4142135623730951,35,5,0.289043106336052
sigmoid,1.4142135623730951,35,6,0.2890369684998905
sigmoid,1.4142135623730951,35,7,0.2890361176842271
sigmoid,1.4142135623730951,35,8,0.28903599974756133
sigmoid,1.4142135623730951,35,9,0.2890359833996428
sigmoid,1.4142135623730951,35,10,0.28903598113345236
sigmoid,1.4142135623730951,35,11,0.2890359808191962
sigmoid,1.4142135623730951,35,12,0.28903598077550646
sigmoid,1.4142135623730951,35,13,0.2890359807693212
sigmoid,1.4142135623730951,35,14,0.28903598076833464
sigmoid,1.4142135623730951,35,15,0.2890359807680687
sigmoid,1.4142135623730951,35,16,0.2890359807679026
sigmoid,1.4142135623730951,35,17,0.28903598076775033
sigmoid,1.4142135623730951,35,18,0.28903598076760006
sigmoid,1.4142135623730951,35,19,0.28903598076744996
sigmoid,1.4142135623730951,35,20,0.28903598076729997
sigmoid,1.4142135623730951,35,21,0.28903598076714987
sigmoid,1.4142135623730951,35,22,0.2890359807669999
sigmoid,1.4142135623730951,35,23,0.2890359807668499
sigmoid,1.4142135623730951,35,24,0.28903598076669984
sigmoid,1.4142135623730951,35,25,0.28903598076654985
sigmoid,1.4142135623730951,35,26,0.28903598076639986
sigmoid,1.4142135623730951,35,27,0.2890359807662498
sigmoid,1.4142135623730951,35,28,0.2890359807660998
sigmoid,1.4142135623730951,35,29,0.2890359807659498
sigmoid,1.4142135623730951,35,30,0.2890359807657997
sigmoid,1.4142135623730951,35,31,0.28903598076564974
sigmoid,1.4142135623730951,35,32,0.28903598076549974
sigmoid,1.4142135623730951,35,33,0.2890359807653497
sigmoid,1.4142135623730951,35,34,0.2890359807651997
sigmoid,1.4142135623730951,35,35,0.28903598076504966
sigmoid,1.4142135623730951,35,36,0.28903598076489967
sigmoid,1.4142135623730951,35,37,0.2890359807647496
sigmoid,1.4142135623730951,35,38,0.28903598076459963
sigmoid,1.4142135623730951,35,39,0.2890359807644496
sigmoid,1.4142135623730951,35,40,0.2890359807642996
sigmoid,1.4142135623730951,35,41,0.2890359807641496
sigmoid,1.4142135623730951,35,42,0.28903598076399956
sigmoid,1.4142135623730951,35,43,0.2890359807638495
sigmoid,1.4142135623730951,35,44,0.2890359807636995
sigmoid,1.4142135623730951,35,45,0.2890359807635495
sigmoid,1.4142135623730951,35,46,0.2890359807633995
sigmoid,1.4142135623730951,35,47,0.28903598076324943
sigmoid,1.4142135623730951,35,48,0.28903598076309944
sigmoid,1.4142135623730951,35,49,0.28903598076294945
sigmoid,1.4142135623730951,35,50,0.28903598076279935
sigmoid,1.4142135623730951,35,51,0.28903598076264936
sigmoid,1.4142135623730951,35,52,0.28903598076249937
sigmoid,1.4142135623730951,35,53,0.2890359807623493
sigmoid,1.4142135623730951,35,54,0.2890359807621993
sigmoid,1.4142135623730951,35,55,0.2890359807620493
sigmoid,1.4142135623730951,35,56,0.2890359807618993
sigmoid,1.4142135623730951,35,57,0.2890359807617493
sigmoid,1.4142135623730951,35,58,0.28903598076159925
sigmoid,1.4142135623730951,35,59,0.2890359807614492
sigmoid,1.4142135623730951,35,60,0.2890359807612992
sigmoid,1.4142135623730951,35,61,0.2890359807611491
sigmoid,1.4142135623730951,35,62,0.2890359807609992
sigmoid,1.4142135623730951,35,63,0.28903598076084913
sigmoid,1.4142135623730951,35,64,0.28903598076069914
sigmoid,1.4142135623730951,35,65,0.28903598076054915
sigmoid,1.4142135623730951,35,66,0.28903598076039905
sigmoid,1.4142135623730951,35,67,0.2890359807602491
sigmoid,1.4142135623730951,35,68,0.28903598076009906
sigmoid,1.4142135623730951,35,69,0.289035980759949
sigmoid,1.4142135623730951,35,70,0.289035980759799
sigmoid,1.4142135623730951,35,71,0.289035980759649
sigmoid,1.4142135623730951,35,72,0.289035980759499
sigmoid,1.4142135623730951,35,73,0.28903598075934894
sigmoid,1.4142135623730951,35,74,0.2890359807591989
sigmoid,1.4142135623730951,35,75,0.2890359807590489
sigmoid,1.4142135623730951,35,76,0.2890359807588989
sigmoid,1.4142135623730951,35,77,0.28903598075874887
sigmoid,1.4142135623730951,35,78,0.2890359807585989
sigmoid,1.4142135623730951,35,79,0.28903598075844883
sigmoid,1.4142135623730951,35,80,0.28903598075829884
sigmoid,1.4142135623730951,35,81,0.2890359807581488
sigmoid,1.4142135623730951,35,82,0.28903598075799875
sigmoid,1.4142135623730951,35,83,0.28903598075784875
sigmoid,1.4142135623730951,35,84,0.28903598075769876
sigmoid,1.4142135623730951,35,85,0.28903598075754877
sigmoid,1.4142135623730951,35,86,0.28903598075739867
sigmoid,1.4142135623730951,35,87,0.2890359807572487
sigmoid,1.4142135623730951,35,88,0.2890359807570987
sigmoid,1.4142135623730951,35,89,0.28903598075694864
sigmoid,1.4142135623730951,35,90,0.2890359807567986
sigmoid,1.4142135623730951,35,91,0.2890359807566486
sigmoid,1.4142135623730951,35,92,0.28903598075649856
sigmoid,1.4142135623730951,35,93,0.2890359807563485
sigmoid,1.4142135623730951,35,94,0.2890359807561985
sigmoid,1.4142135623730951,35,95,0.28903598075604847
sigmoid,1.4142135623730951,35,96,0.2890359807558985
sigmoid,1.4142135623730951,35,97,0.2890359807557485
sigmoid,1.4142135623730951,35,98,0.28903598075559844
sigmoid,1.4142135623730951,35,99,0.28903598075544845
sigmoid,1.4142135623730951,35,100,0.2890359807552984
sigmoid,1.4142135623730951,36,0,0.5654575210198599
sigmoid,1.4142135623730951,36,1,0.3189776190307021
sigmoid,1.4142135623730951,36,2,0.292328383302754
sigmoid,1.4142135623730951,36,3,0.28939947899332474
sigmoid,1.4142135623730951,36,4,0.28907633448068265
sigmoid,1.4142135623730951,36,5,0.2890406425504373
sigmoid,1.4142135623730951,36,6,0.2890366989279298
sigmoid,1.4142135623730951,36,7,0.28903626314474495
sigmoid,1.4142135623730951,36,8,0.2890362149872767
sigmoid,1.4142135623730951,36,9,0.28903620966524934
sigmoid,1.4142135623730951,36,10,0.28903620907691185
sigmoid,1.4142135623730951,36,11,0.28903620901169064
sigmoid,1.4142135623730951,36,12,0.2890362090042788
sigmoid,1.4142135623730951,36,13,0.28903620900325533
sigmoid,1.4142135623730951,36,14,0.28903620900293786
sigmoid,1.4142135623730951,36,15,0.28903620900269844
sigmoid,1.4142135623730951,36,16,0.2890362090024676
sigmoid,1.4142135623730951,36,17,0.2890362090022378
sigmoid,1.4142135623730951,36,18,0.28903620900200805
sigmoid,1.4142135623730951,36,19,0.2890362090017783
sigmoid,1.4142135623730951,36,20,0.2890362090015486
sigmoid,1.4142135623730951,36,21,0.2890362090013188
sigmoid,1.4142135623730951,36,22,0.28903620900108906
sigmoid,1.4142135623730951,36,23,0.28903620900085936
sigmoid,1.4142135623730951,36,24,0.2890362090006296
sigmoid,1.4142135623730951,36,25,0.28903620900039984
sigmoid,1.4142135623730951,36,26,0.28903620900017013
sigmoid,1.4142135623730951,36,27,0.28903620899994037
sigmoid,1.4142135623730951,36,28,0.28903620899971066
sigmoid,1.4142135623730951,36,29,0.2890362089994809
sigmoid,1.4142135623730951,36,30,0.2890362089992512
sigmoid,1.4142135623730951,36,31,0.28903620899902144
sigmoid,1.4142135623730951,36,32,0.2890362089987917
sigmoid,1.4142135623730951,36,33,0.28903620899856197
sigmoid,1.4142135623730951,36,34,0.2890362089983322
sigmoid,1.4142135623730951,36,35,0.28903620899810245
sigmoid,1.4142135623730951,36,36,0.28903620899787275
sigmoid,1.4142135623730951,36,37,0.28903620899764304
sigmoid,1.4142135623730951,36,38,0.2890362089974132
sigmoid,1.4142135623730951,36,39,0.2890362089971835
sigmoid,1.4142135623730951,36,40,0.28903620899695376
sigmoid,1.4142135623730951,36,41,0.28903620899672405
sigmoid,1.4142135623730951,36,42,0.28903620899649435
sigmoid,1.4142135623730951,36,43,0.2890362089962646
sigmoid,1.4142135623730951,36,44,0.2890362089960349
sigmoid,1.4142135623730951,36,45,0.2890362089958051
sigmoid,1.4142135623730951,36,46,0.28903620899557536
sigmoid,1.4142135623730951,36,47,0.28903620899534566
sigmoid,1.4142135623730951,36,48,0.28903620899511595
sigmoid,1.4142135623730951,36,49,0.28903620899488613
sigmoid,1.4142135623730951,36,50,0.28903620899465643
sigmoid,1.4142135623730951,36,51,0.28903620899442667
sigmoid,1.4142135623730951,36,52,0.28903620899419696
sigmoid,1.4142135623730951,36,53,0.2890362089939672
sigmoid,1.4142135623730951,36,54,0.2890362089937375
sigmoid,1.4142135623730951,36,55,0.2890362089935078
sigmoid,1.4142135623730951,36,56,0.289036208993278
sigmoid,1.4142135623730951,36,57,0.28903620899304827
sigmoid,1.4142135623730951,36,58,0.28903620899281857
sigmoid,1.4142135623730951,36,59,0.2890362089925888
sigmoid,1.4142135623730951,36,60,0.28903620899235904
sigmoid,1.4142135623730951,36,61,0.28903620899212934
sigmoid,1.4142135623730951,36,62,0.2890362089918996
sigmoid,1.4142135623730951,36,63,0.2890362089916698
sigmoid,1.4142135623730951,36,64,0.2890362089914401
sigmoid,1.4142135623730951,36,65,0.2890362089912104
sigmoid,1.4142135623730951,36,66,0.2890362089909807
sigmoid,1.4142135623730951,36,67,0.28903620899075094
sigmoid,1.4142135623730951,36,68,0.2890362089905212
sigmoid,1.4142135623730951,36,69,0.2890362089902914
sigmoid,1.4142135623730951,36,70,0.2890362089900617
sigmoid,1.4142135623730951,36,71,0.28903620898983196
sigmoid,1.4142135623730951,36,72,0.28903620898960225
sigmoid,1.4142135623730951,36,73,0.28903620898937255
sigmoid,1.4142135623730951,36,74,0.2890362089891428
sigmoid,1.4142135623730951,36,75,0.289036208988913
sigmoid,1.4142135623730951,36,76,0.2890362089886833
sigmoid,1.4142135623730951,36,77,0.28903620898845356
sigmoid,1.4142135623730951,36,78,0.28903620898822385
sigmoid,1.4142135623730951,36,79,0.2890362089879941
sigmoid,1.4142135623730951,36,80,0.2890362089877644
sigmoid,1.4142135623730951,36,81,0.2890362089875346
sigmoid,1.4142135623730951,36,82,0.2890362089873049
sigmoid,1.4142135623730951,36,83,0.28903620898707516
sigmoid,1.4142135623730951,36,84,0.2890362089868454
sigmoid,1.4142135623730951,36,85,0.2890362089866157
sigmoid,1.4142135623730951,36,86,0.289036208986386
sigmoid,1.4142135623730951,36,87,0.28903620898615623
sigmoid,1.4142135623730951,36,88,0.28903620898592647
sigmoid,1.4142135623730951,36,89,0.28903620898569676
sigmoid,1.4142135623730951,36,90,0.289036208985467
sigmoid,1.4142135623730951,36,91,0.2890362089852373
sigmoid,1.4142135623730951,36,92,0.2890362089850076
sigmoid,1.4142135623730951,36,93,0.28903620898477783
sigmoid,1.4142135623730951,36,94,0.28903620898454807
sigmoid,1.4142135623730951,36,95,0.28903620898431837
sigmoid,1.4142135623730951,36,96,0.28903620898408866
sigmoid,1.4142135623730951,36,97,0.2890362089838589
sigmoid,1.4142135623730951,36,98,0.28903620898362914
sigmoid,1.4142135623730951,36,99,0.28903620898339943
sigmoid,1.4142135623730951,36,100,0.2890362089831697
sigmoid,1.4142135623730951,37,0,0.3030088007455654
sigmoid,1.4142135623730951,37,1,0.2922729719891901
sigmoid,1.4142135623730951,37,2,0.28978618069979833
sigmoid,1.4142135623730951,37,3,0.28920997046716357
sigmoid,1.4142135623730951,37,4,0.2890764506385317
sigmoid,1.4142135623730951,37,5,0.2890455112506921
sigmoid,1.4142135623730951,37,6,0.2890383419646363
sigmoid,1.4142135623730951,37,7,0.28903668070028
sigmoid,1.4142135623730951,37,8,0.28903629575328693
sigmoid,1.4142135623730951,37,9,0.2890362065536053
sigmoid,1.4142135623730951,37,10,0.28903618588419655
sigmoid,1.4142135623730951,37,11,0.28903618109454576
sigmoid,1.4142135623730951,37,12,0.28903617998453385
sigmoid,1.4142135623730951,37,13,0.28903617972716333
sigmoid,1.4142135623730951,37,14,0.2890361796673658
sigmoid,1.4142135623730951,37,15,0.28903617965334966
sigmoid,1.4142135623730951,37,16,0.28903617964994194
sigmoid,1.4142135623730951,37,17,0.2890361796489924
sigmoid,1.4142135623730951,37,18,0.2890361796486125
sigmoid,1.4142135623730951,37,19,0.2890361796483645
sigmoid,1.4142135623730951,37,20,0.28903617964814715
sigmoid,1.4142135623730951,37,21,0.2890361796479368
sigmoid,1.4142135623730951,37,22,0.28903617964772815
sigmoid,1.4142135623730951,37,23,0.28903617964751993
sigmoid,1.4142135623730951,37,24,0.28903617964731176
sigmoid,1.4142135623730951,37,25,0.2890361796471036
sigmoid,1.4142135623730951,37,26,0.2890361796468955
sigmoid,1.4142135623730951,37,27,0.2890361796466874
sigmoid,1.4142135623730951,37,28,0.2890361796464792
sigmoid,1.4142135623730951,37,29,0.28903617964627104
sigmoid,1.4142135623730951,37,30,0.2890361796460629
sigmoid,1.4142135623730951,37,31,0.2890361796458547
sigmoid,1.4142135623730951,37,32,0.28903617964564654
sigmoid,1.4142135623730951,37,33,0.2890361796454385
sigmoid,1.4142135623730951,37,34,0.2890361796452303
sigmoid,1.4142135623730951,37,35,0.28903617964502215
sigmoid,1.4142135623730951,37,36,0.289036179644814
sigmoid,1.4142135623730951,37,37,0.2890361796446058
sigmoid,1.4142135623730951,37,38,0.28903617964439776
sigmoid,1.4142135623730951,37,39,0.2890361796441896
sigmoid,1.4142135623730951,37,40,0.28903617964398143
sigmoid,1.4142135623730951,37,41,0.28903617964377326
sigmoid,1.4142135623730951,37,42,0.2890361796435651
sigmoid,1.4142135623730951,37,43,0.2890361796433569
sigmoid,1.4142135623730951,37,44,0.2890361796431488
sigmoid,1.4142135623730951,37,45,0.2890361796429407
sigmoid,1.4142135623730951,37,46,0.28903617964273254
sigmoid,1.4142135623730951,37,47,0.28903617964252437
sigmoid,1.4142135623730951,37,48,0.28903617964231626
sigmoid,1.4142135623730951,37,49,0.2890361796421081
sigmoid,1.4142135623730951,37,50,0.2890361796418999
sigmoid,1.4142135623730951,37,51,0.2890361796416918
sigmoid,1.4142135623730951,37,52,0.28903617964148365
sigmoid,1.4142135623730951,37,53,0.2890361796412755
sigmoid,1.4142135623730951,37,54,0.28903617964106737
sigmoid,1.4142135623730951,37,55,0.28903617964085926
sigmoid,1.4142135623730951,37,56,0.2890361796406511
sigmoid,1.4142135623730951,37,57,0.2890361796404429
sigmoid,1.4142135623730951,37,58,0.28903617964023476
sigmoid,1.4142135623730951,37,59,0.28903617964002665
sigmoid,1.4142135623730951,37,60,0.2890361796398185
sigmoid,1.4142135623730951,37,61,0.28903617963961037
sigmoid,1.4142135623730951,37,62,0.2890361796394022
sigmoid,1.4142135623730951,37,63,0.28903617963919404
sigmoid,1.4142135623730951,37,64,0.2890361796389859
sigmoid,1.4142135623730951,37,65,0.28903617963877776
sigmoid,1.4142135623730951,37,66,0.2890361796385696
sigmoid,1.4142135623730951,37,67,0.2890361796383615
sigmoid,1.4142135623730951,37,68,0.2890361796381533
sigmoid,1.4142135623730951,37,69,0.28903617963794515
sigmoid,1.4142135623730951,37,70,0.2890361796377371
sigmoid,1.4142135623730951,37,71,0.28903617963752887
sigmoid,1.4142135623730951,37,72,0.28903617963732076
sigmoid,1.4142135623730951,37,73,0.2890361796371126
sigmoid,1.4142135623730951,37,74,0.2890361796369045
sigmoid,1.4142135623730951,37,75,0.2890361796366963
sigmoid,1.4142135623730951,37,76,0.2890361796364882
sigmoid,1.4142135623730951,37,77,0.28903617963628003
sigmoid,1.4142135623730951,37,78,0.28903617963607187
sigmoid,1.4142135623730951,37,79,0.28903617963586375
sigmoid,1.4142135623730951,37,80,0.28903617963565564
sigmoid,1.4142135623730951,37,81,0.2890361796354475
sigmoid,1.4142135623730951,37,82,0.2890361796352393
sigmoid,1.4142135623730951,37,83,0.28903617963503114
sigmoid,1.4142135623730951,37,84,0.289036179634823
sigmoid,1.4142135623730951,37,85,0.2890361796346149
sigmoid,1.4142135623730951,37,86,0.28903617963440675
sigmoid,1.4142135623730951,37,87,0.2890361796341986
sigmoid,1.4142135623730951,37,88,0.2890361796339904
sigmoid,1.4142135623730951,37,89,0.2890361796337823
sigmoid,1.4142135623730951,37,90,0.28903617963357414
sigmoid,1.4142135623730951,37,91,0.28903617963336603
sigmoid,1.4142135623730951,37,92,0.28903617963315786
sigmoid,1.4142135623730951,37,93,0.2890361796329497
sigmoid,1.4142135623730951,37,94,0.2890361796327416
sigmoid,1.4142135623730951,37,95,0.2890361796325335
sigmoid,1.4142135623730951,37,96,0.2890361796323253
sigmoid,1.4142135623730951,37,97,0.28903617963211714
sigmoid,1.4142135623730951,37,98,0.289036179631909
sigmoid,1.4142135623730951,37,99,0.28903617963170086
sigmoid,1.4142135623730951,37,100,0.28903617963149275
sigmoid,2.0,35,0,0.46305986530547827
sigmoid,2.0,35,1,0.3084502531238113
sigmoid,2.0,35,2,0.29119783591647186
sigmoid,2.0,35,3,0.2892748380673853
sigmoid,2.0,35,4,0.2890607589807893
sigmoid,2.0,35,5,0.28903693849023065
sigmoid,2.0,35,6,0.28903428843640344
sigmoid,2.0,35,7,0.2890339936000811
sigmoid,2.0,35,8,0.28903396076510424
sigmoid,2.0,35,9,0.28903395707528334
sigmoid,2.0,35,10,0.28903395662755926
sigmoid,2.0,35,11,0.289033956540484
sigmoid,2.0,35,12,0.2890339564935269
sigmoid,2.0,35,13,0.2890339564510323
sigmoid,2.0,35,14,0.28903395640903395
sigmoid,2.0,35,15,0.28903395636709067
sigmoid,2.0,35,16,0.2890339563251533
sigmoid,2.0,35,17,0.2890339562832165
sigmoid,2.0,35,18,0.2890339562412796
sigmoid,2.0,35,19,0.28903395619934247
sigmoid,2.0,35,20,0.2890339561574051
sigmoid,2.0,35,21,0.28903395611546767
sigmoid,2.0,35,22,0.28903395607353
sigmoid,2.0,35,23,0.2890339560315922
sigmoid,2.0,35,24,0.2890339559896542
sigmoid,2.0,35,25,0.28903395594771597
sigmoid,2.0,35,26,0.2890339559057776
sigmoid,2.0,35,27,0.289033955863839
sigmoid,2.0,35,28,0.2890339558219002
sigmoid,2.0,35,29,0.2890339557799613
sigmoid,2.0,35,30,0.2890339557380222
sigmoid,2.0,35,31,0.2890339556960829
sigmoid,2.0,35,32,0.28903395565414347
sigmoid,2.0,35,33,0.2890339556122038
sigmoid,2.0,35,34,0.28903395557026396
sigmoid,2.0,35,35,0.289033955528324
sigmoid,2.0,35,36,0.2890339554863838
sigmoid,2.0,35,37,0.2890339554444434
sigmoid,2.0,35,38,0.2890339554025029
sigmoid,2.0,35,39,0.2890339553605621
sigmoid,2.0,35,40,0.2890339553186212
sigmoid,2.0,35,41,0.2890339552766801
sigmoid,2.0,35,42,0.28903395523473874
sigmoid,2.0,35,43,0.2890339551927973
sigmoid,2.0,35,44,0.28903395515085567
sigmoid,2.0,35,45,0.28903395510891383
sigmoid,2.0,35,46,0.2890339550669718
sigmoid,2.0,35,47,0.2890339550250296
sigmoid,2.0,35,48,0.2890339549830872
sigmoid,2.0,35,49,0.2890339549411447
sigmoid,2.0,35,50,0.2890339548992019
sigmoid,2.0,35,51,0.289033954857259
sigmoid,2.0,35,52,0.28903395481531596
sigmoid,2.0,35,53,0.2890339547733726
sigmoid,2.0,35,54,0.2890339547314292
sigmoid,2.0,35,55,0.28903395468948556
sigmoid,2.0,35,56,0.28903395464754167
sigmoid,2.0,35,57,0.28903395460559766
sigmoid,2.0,35,58,0.28903395456365355
sigmoid,2.0,35,59,0.2890339545217091
sigmoid,2.0,35,60,0.2890339544797646
sigmoid,2.0,35,61,0.2890339544378199
sigmoid,2.0,35,62,0.2890339543958749
sigmoid,2.0,35,63,0.2890339543539298
sigmoid,2.0,35,64,0.2890339543119846
sigmoid,2.0,35,65,0.2890339542700391
sigmoid,2.0,35,66,0.28903395422809347
sigmoid,2.0,35,67,0.28903395418614763
sigmoid,2.0,35,68,0.28903395414420163
sigmoid,2.0,35,69,0.28903395410225546
sigmoid,2.0,35,70,0.2890339540603091
sigmoid,2.0,35,71,0.2890339540183625
sigmoid,2.0,35,72,0.2890339539764158
sigmoid,2.0,35,73,0.28903395393446885
sigmoid,2.0,35,74,0.2890339538925218
sigmoid,2.0,35,75,0.2890339538505745
sigmoid,2.0,35,76,0.289033953808627
sigmoid,2.0,35,77,0.2890339537666794
sigmoid,2.0,35,78,0.2890339537247316
sigmoid,2.0,35,79,0.28903395368278356
sigmoid,2.0,35,80,0.2890339536408354
sigmoid,2.0,35,81,0.289033953598887
sigmoid,2.0,35,82,0.2890339535569385
sigmoid,2.0,35,83,0.2890339535149897
sigmoid,2.0,35,84,0.28903395347304084
sigmoid,2.0,35,85,0.28903395343109173
sigmoid,2.0,35,86,0.2890339533891425
sigmoid,2.0,35,87,0.28903395334719306
sigmoid,2.0,35,88,0.28903395330524334
sigmoid,2.0,35,89,0.28903395326329356
sigmoid,2.0,35,90,0.28903395322134356
sigmoid,2.0,35,91,0.2890339531793934
sigmoid,2.0,35,92,0.289033953137443
sigmoid,2.0,35,93,0.28903395309549246
sigmoid,2.0,35,94,0.28903395305354174
sigmoid,2.0,35,95,0.28903395301159085
sigmoid,2.0,35,96,0.2890339529696398
sigmoid,2.0,35,97,0.2890339529276885
sigmoid,2.0,35,98,0.289033952885737
sigmoid,2.0,35,99,0.28903395284378536
sigmoid,2.0,35,100,0.2890339528018335
sigmoid,2.0,36,0,0.5379775785174316
sigmoid,2.0,36,1,0.30802109151246954
sigmoid,2.0,36,2,0.2905127989715965
sigmoid,2.0,36,3,0.28915284487705323
sigmoid,2.0,36,4,0.2890467575100367
sigmoid,2.0,36,5,0.28903847269904204
sigmoid,2.0,36,6,0.28903782546483775
sigmoid,2.0,36,7,0.28903777485233895
sigmoid,2.0,36,8,0.2890377708500263
sigmoid,2.0,36,9,0.28903777048915513
sigmoid,2.0,36,10,0.28903777041277523
sigmoid,2.0,36,11,0.28903777035862166
sigmoid,2.0,36,12,0.2890377703062047
sigmoid,2.0,36,13,0.2890377702539235
sigmoid,2.0,36,14,0.28903777020165294
sigmoid,2.0,36,15,0.2890377701493834
sigmoid,2.0,36,16,0.28903777009711407
sigmoid,2.0,36,17,0.2890377700448448
sigmoid,2.0,36,18,0.2890377699925757
sigmoid,2.0,36,19,0.2890377699403067
sigmoid,2.0,36,20,0.28903776988803787
sigmoid,2.0,36,21,0.28903776983576907
sigmoid,2.0,36,22,0.2890377697835004
sigmoid,2.0,36,23,0.2890377697312319
sigmoid,2.0,36,24,0.28903776967896344
sigmoid,2.0,36,25,0.28903776962669514
sigmoid,2.0,36,26,0.28903776957442706
sigmoid,2.0,36,27,0.289037769522159
sigmoid,2.0,36,28,0.289037769469891
sigmoid,2.0,36,29,0.28903776941762327
sigmoid,2.0,36,30,0.2890377693653555
sigmoid,2.0,36,31,0.289037769313088
sigmoid,2.0,36,32,0.28903776926082053
sigmoid,2.0,36,33,0.2890377692085532
sigmoid,2.0,36,34,0.289037769156286
sigmoid,2.0,36,35,0.2890377691040189
sigmoid,2.0,36,36,0.28903776905175194
sigmoid,2.0,36,37,0.289037768999485
sigmoid,2.0,36,38,0.2890377689472183
sigmoid,2.0,36,39,0.2890377688949517
sigmoid,2.0,36,40,0.28903776884268517
sigmoid,2.0,36,41,0.2890377687904188
sigmoid,2.0,36,42,0.28903776873815257
sigmoid,2.0,36,43,0.28903776868588643
sigmoid,2.0,36,44,0.2890377686336204
sigmoid,2.0,36,45,0.28903776858135455
sigmoid,2.0,36,46,0.28903776852908875
sigmoid,2.0,36,47,0.28903776847682305
sigmoid,2.0,36,48,0.28903776842455753
sigmoid,2.0,36,49,0.2890377683722921
sigmoid,2.0,36,50,0.2890377683200268
sigmoid,2.0,36,51,0.2890377682677616
sigmoid,2.0,36,52,0.2890377682154966
sigmoid,2.0,36,53,0.28903776816323157
sigmoid,2.0,36,54,0.28903776811096676
sigmoid,2.0,36,55,0.28903776805870207
sigmoid,2.0,36,56,0.2890377680064375
sigmoid,2.0,36,57,0.289037767954173
sigmoid,2.0,36,58,0.28903776790190866
sigmoid,2.0,36,59,0.28903776784964447
sigmoid,2.0,36,60,0.28903776779738033
sigmoid,2.0,36,61,0.2890377677451163
sigmoid,2.0,36,62,0.28903776769285244
sigmoid,2.0,36,63,0.2890377676405887
sigmoid,2.0,36,64,0.2890377675883251
sigmoid,2.0,36,65,0.28903776753606153
sigmoid,2.0,36,66,0.28903776748379817
sigmoid,2.0,36,67,0.2890377674315349
sigmoid,2.0,36,68,0.2890377673792717
sigmoid,2.0,36,69,0.2890377673270087
sigmoid,2.0,36,70,0.2890377672747457
sigmoid,2.0,36,71,0.289037767222483
sigmoid,2.0,36,72,0.2890377671702203
sigmoid,2.0,36,73,0.2890377671179577
sigmoid,2.0,36,74,0.2890377670656953
sigmoid,2.0,36,75,0.289037767013433
sigmoid,2.0,36,76,0.2890377669611707
sigmoid,2.0,36,77,0.28903776690890864
sigmoid,2.0,36,78,0.2890377668566467
sigmoid,2.0,36,79,0.2890377668043848
sigmoid,2.0,36,80,0.2890377667521231
sigmoid,2.0,36,81,0.2890377666998615
sigmoid,2.0,36,82,0.2890377666476
sigmoid,2.0,36,83,0.28903776659533864
sigmoid,2.0,36,84,0.2890377665430774
sigmoid,2.0,36,85,0.28903776649081625
sigmoid,2.0,36,86,0.2890377664385552
sigmoid,2.0,36,87,0.2890377663862943
sigmoid,2.0,36,88,0.28903776633403355
sigmoid,2.0,36,89,0.2890377662817729
sigmoid,2.0,36,90,0.2890377662295124
sigmoid,2.0,36,91,0.28903776617725196
sigmoid,2.0,36,92,0.28903776612499166
sigmoid,2.0,36,93,0.28903776607273146
sigmoid,2.0,36,94,0.28903776602047143
sigmoid,2.0,36,95,0.28903776596821146
sigmoid,2.0,36,96,0.28903776591595165
sigmoid,2.0,36,97,0.28903776586369195
sigmoid,2.0,36,98,0.28903776581143237
sigmoid,2.0,36,99,0.28903776575917284
sigmoid,2.0,36,100,0.2890377657069136
sigmoid,2.0,37,0,0.2979859791603484
sigmoid,2.0,37,1,0.2910134405905136
sigmoid,2.0,37,2,0.2894745897578743
sigmoid,2.0,37,3,0.2891349251112297
sigmoid,2.0,37,4,0.28905995312064015
sigmoid,2.0,37,5,0.2890434053185884
sigmoid,2.0,37,6,0.28903975288719386
sigmoid,2.0,37,7,0.2890389466777802
sigmoid,2.0,37,8,0.289038768671976
sigmoid,2.0,37,9,0.289038729319554
sigmoid,2.0,37,10,0.2890387205698314
sigmoid,2.0,37,11,0.2890387185745383
sigmoid,2.0,37,12,0.2890387180700389
sigmoid,2.0,37,13,0.28903871789457825
sigmoid,2.0,37,14,0.2890387177917414
sigmoid,2.0,37,15,0.2890387177049341
sigmoid,2.0,37,16,0.2890387176216654
sigmoid,2.0,37,17,0.28903871753917826
sigmoid,2.0,37,18,0.28903871745686416
sigmoid,2.0,37,19,0.28903871737458886
sigmoid,2.0,37,20,0.28903871729232267
sigmoid,2.0,37,21,0.28903871721005914
sigmoid,2.0,37,22,0.2890387171277968
sigmoid,2.0,37,23,0.28903871704553513
sigmoid,2.0,37,24,0.2890387169632744
sigmoid,2.0,37,25,0.28903871688101423
sigmoid,2.0,37,26,0.2890387167987549
sigmoid,2.0,37,27,0.2890387167164964
sigmoid,2.0,37,28,0.2890387166342385
sigmoid,2.0,37,29,0.28903871655198143
sigmoid,2.0,37,30,0.289038716469725
sigmoid,2.0,37,31,0.28903871638746936
sigmoid,2.0,37,32,0.2890387163052145
sigmoid,2.0,37,33,0.2890387162229604
sigmoid,2.0,37,34,0.289038716140707
sigmoid,2.0,37,35,0.28903871605845427
sigmoid,2.0,37,36,0.28903871597620234
sigmoid,2.0,37,37,0.28903871589395114
sigmoid,2.0,37,38,0.2890387158117007
sigmoid,2.0,37,39,0.28903871572945095
sigmoid,2.0,37,40,0.28903871564720207
sigmoid,2.0,37,41,0.28903871556495375
sigmoid,2.0,37,42,0.2890387154827063
sigmoid,2.0,37,43,0.2890387154004595
sigmoid,2.0,37,44,0.2890387153182135
sigmoid,2.0,37,45,0.28903871523596825
sigmoid,2.0,37,46,0.2890387151537237
sigmoid,2.0,37,47,0.28903871507147993
sigmoid,2.0,37,48,0.2890387149892369
sigmoid,2.0,37,49,0.2890387149069945
sigmoid,2.0,37,50,0.289038714824753
sigmoid,2.0,37,51,0.28903871474251214
sigmoid,2.0,37,52,0.2890387146602721
sigmoid,2.0,37,53,0.2890387145780327
sigmoid,2.0,37,54,0.2890387144957941
sigmoid,2.0,37,55,0.2890387144135562
sigmoid,2.0,37,56,0.28903871433131906
sigmoid,2.0,37,57,0.2890387142490827
sigmoid,2.0,37,58,0.28903871416684707
sigmoid,2.0,37,59,0.2890387140846121
sigmoid,2.0,37,60,0.2890387140023779
sigmoid,2.0,37,61,0.28903871392014446
sigmoid,2.0,37,62,0.2890387138379118
sigmoid,2.0,37,63,0.2890387137556798
sigmoid,2.0,37,64,0.28903871367344863
sigmoid,2.0,37,65,0.28903871359121813
sigmoid,2.0,37,66,0.28903871350898847
sigmoid,2.0,37,67,0.2890387134267594
sigmoid,2.0,37,68,0.28903871334453113
sigmoid,2.0,37,69,0.2890387132623036
sigmoid,2.0,37,70,0.2890387131800768
sigmoid,2.0,37,71,0.2890387130978508
sigmoid,2.0,37,72,0.28903871301562545
sigmoid,2.0,37,73,0.2890387129334009
sigmoid,2.0,37,74,0.2890387128511771
sigmoid,2.0,37,75,0.289038712768954
sigmoid,2.0,37,76,0.28903871268673165
sigmoid,2.0,37,77,0.2890387126045101
sigmoid,2.0,37,78,0.2890387125222892
sigmoid,2.0,37,79,0.28903871244006907
sigmoid,2.0,37,80,0.2890387123578496
sigmoid,2.0,37,81,0.28903871227563105
sigmoid,2.0,37,82,0.2890387121934131
sigmoid,2.0,37,83,0.2890387121111959
sigmoid,2.0,37,84,0.2890387120289795
sigmoid,2.0,37,85,0.2890387119467638
sigmoid,2.0,37,86,0.2890387118645489
sigmoid,2.0,37,87,0.28903871178233465
sigmoid,2.0,37,88,0.2890387117001212
sigmoid,2.0,37,89,0.2890387116179084
sigmoid,2.0,37,90,0.28903871153569644
sigmoid,2.0,37,91,0.28903871145348514
sigmoid,2.0,37,92,0.2890387113712747
sigmoid,2.0,37,93,0.2890387112890649
sigmoid,2.0,37,94,0.28903871120685587
sigmoid,2.0,37,95,0.2890387111246475
sigmoid,2.0,37,96,0.28903871104243994
sigmoid,2.0,37,97,0.28903871096023315
sigmoid,2.0,37,98,0.28903871087802707
sigmoid,2.0,37,99,0.2890387107958217
sigmoid,2.0,37,100,0.2890387107136171
