method,seed,view,group,threshold,bin,left,right,n,mean_p,positive_rate
uniform,11,raw,all,0.5,0,0.0,0.1,140,0.07204145058994979,0.03571428571428571
uniform,11,raw,all,0.5,1,0.1,0.2,246,0.14806999817659275,0.16260162601626016
uniform,11,raw,all,0.5,2,0.2,0.3,171,0.24620272971409934,0.21637426900584794
uniform,11,raw,all,0.5,3,0.3,0.4,123,0.34763077773051193,0.3902439024390244
uniform,11,raw,all,0.5,4,0.4,0.5,102,0.449013538451106,0.4215686274509804
uniform,11,raw,all,0.5,5,0.5,0.6,92,0.5463569605453291,0.5543478260869565
uniform,11,raw,all,0.5,6,0.6,0.7,78,0.6487058146956202,0.5384615384615384
uniform,11,raw,all,0.5,7,0.7,0.8,44,0.7443959505005691,0.6363636363636364
uniform,11,raw,all,0.5,8,0.8,0.9,4,0.8144303407837061,0.0
uniform,11,raw,all,0.5,9,0.9,1.0,0,,
uniform,11,raw,0,0.5,0,0.0,0.1,121,0.07267850783551319,0.024793388429752067
uniform,11,raw,0,0.5,1,0.1,0.2,184,0.14793605208973284,0.14673913043478262
uniform,11,raw,0,0.5,2,0.2,0.3,122,0.24679571731686623,0.22131147540983606
uniform,11,raw,0,0.5,3,0.3,0.4,82,0.3469334672396662,0.3902439024390244
uniform,11,raw,0,0.5,4,0.4,0.5,80,0.4493557829602469,0.3875
uniform,11,raw,0,0.5,5,0.5,0.6,61,0.5444865486895762,0.4262295081967213
uniform,11,raw,0,0.5,6,0.6,0.7,53,0.6475652607532075,0.5283018867924528
uniform,11,raw,0,0.5,7,0.7,0.8,26,0.7447021453382843,0.6153846153846154
uniform,11,raw,0,0.5,8,0.8,0.9,2,0.815584939066595,0.0
uniform,11,raw,0,0.5,9,0.9,1.0,0,,
uniform,11,raw,1,0.5,0,0.0,0.1,19,0.06798440181557225,0.10526315789473684
uniform,11,raw,1,0.5,1,0.1,0.2,62,0.14846751559566074,0.20967741935483872
uniform,11,raw,1,0.5,2,0.2,0.3,49,0.24472631160108796,0.20408163265306123
uniform,11,raw,1,0.5,3,0.3,0.4,41,0.3490253987122034,0.3902439024390244
uniform,11,raw,1,0.5,4,0.4,0.5,22,0.4477690129633202,0.5454545454545454
uniform,11,raw,1,0.5,5,0.5,0.6,31,0.5500374483905197,0.8064516129032258
uniform,11,raw,1,0.5,6,0.6,0.7,25,0.6511237890535351,0.56
uniform,11,raw,1,0.5,7,0.7,0.8,18,0.7439536690683136,0.6666666666666666
uniform,11,raw,1,0.5,8,0.8,0.9,2,0.8132757425008172,0.0
uniform,11,raw,1,0.5,9,0.9,1.0,0,,
uniform,11,raw_temperature,all,0.5,0,0.0,0.1,114,0.07542911776882426,0.03508771929824561
uniform,11,raw_temperature,all,0.5,1,0.1,0.2,243,0.14749897632787612,0.13168724279835392
uniform,11,raw_temperature,all,0.5,2,0.2,0.3,190,0.24607120783211664,0.23684210526315788
uniform,11,raw_temperature,all,0.5,3,0.3,0.4,129,0.3491575356937306,0.3643410852713178
uniform,11,raw_temperature,all,0.5,4,0.4,0.5,106,0.44963719090147536,0.42452830188679247
uniform,11,raw_temperature,all,0.5,5,0.5,0.6,95,0.5458186910217432,0.5473684210526316
uniform,11,raw_temperature,all,0.5,6,0.6,0.7,82,0.6479949985395212,0.5609756097560976
uniform,11,raw_temperature,all,0.5,7,0.7,0.8,39,0.744646410495498,0.5897435897435898
uniform,11,raw_temperature,all,0.5,8,0.8,0.9,2,0.8138838901218108,0.0
uniform,11,raw_temperature,all,0.5,9,0.9,1.0,0,,
uniform,11,raw_temperature,0,0.5,0,0.0,0.1,97,0.07582628029046978,0.020618556701030927
uniform,11,raw_temperature,0,0.5,1,0.1,0.2,187,0.14647202286418878,0.12834224598930483
uniform,11,raw_temperature,0,0.5,2,0.2,0.3,137,0.24707386523707164,0.22627737226277372
uniform,11,raw_temperature,0,0.5,3,0.3,0.4,86,0.3492306733882577,0.36046511627906974
uniform,11,raw_temperature,0,0.5,4,0.4,0.5,82,0.45061236624384177,0.3902439024390244
uniform,11,raw_temperature,0,0.5,5,0.5,0.6,63,0.5441121037020317,0.4126984126984127
uniform,11,raw_temperature,0,0.5,6,0.6,0.7,54,0.645220082140483,0.5555555555555556
uniform,11,raw_temperature,0,0.5,7,0.7,0.8,24,0.7426145765934397,0.5833333333333334
uniform,11,raw_temperature,0,0.5,8,0.8,0.9,1,0.8143479377351631,0.0
uniform,11,raw_temperature,0,0.5,9,0.9,1.0,0,,
uniform,11,raw_temperature,1,0.5,0,0.0,0.1,17,0.07316295514531747,0.11764705882352941
uniform,11,raw_temperature,1,0.5,1,0.1,0.2,56,0.1509282673584036,0.14285714285714285
uniform,11,raw_temperature,1,0.5,2,0.2,0.3,53,0.2434794330306292,0.2641509433962264
uniform,11,raw_temperature,1,0.5,3,0.3,0.4,43,0.3490112603046764,0.37209302325581395
uniform,11,raw_temperature,1,0.5,4,0.4,0.5,24,0.4463053418150567,0.5416666666666666
uniform,11,raw_temperature,1,0.5,5,0.5,0.6,32,0.5491785348074255,0.8125
uniform,11,raw_temperature,1,0.5,6,0.6,0.7,28,0.653346623023381,0.5714285714285714
uniform,11,raw_temperature,1,0.5,7,0.7,0.8,15,0.7478973447387914,0.6
uniform,11,raw_temperature,1,0.5,8,0.8,0.9,1,0.8134198425084587,0.0
uniform,11,raw_temperature,1,0.5,9,0.9,1.0,0,,
uniform,11,prior,all,0.5,0,0.0,0.1,140,0.07204145058994979,0.03571428571428571
uniform,11,prior,all,0.5,1,0.1,0.2,246,0.14806999817659275,0.16260162601626016
uniform,11,prior,all,0.5,2,0.2,0.3,171,0.24620272971409934,0.21637426900584794
uniform,11,prior,all,0.5,3,0.3,0.4,123,0.34763077773051193,0.3902439024390244
uniform,11,prior,all,0.5,4,0.4,0.5,102,0.449013538451106,0.4215686274509804
uniform,11,prior,all,0.5,5,0.5,0.6,92,0.5463569605453291,0.5543478260869565
uniform,11,prior,all,0.5,6,0.6,0.7,78,0.6487058146956202,0.5384615384615384
uniform,11,prior,all,0.5,7,0.7,0.8,44,0.7443959505005691,0.6363636363636364
uniform,11,prior,all,0.5,8,0.8,0.9,4,0.8144303407837061,0.0
uniform,11,prior,all,0.5,9,0.9,1.0,0,,
uniform,11,prior,0,0.5,0,0.0,0.1,121,0.07267850783551319,0.024793388429752067
uniform,11,prior,0,0.5,1,0.1,0.2,184,0.14793605208973284,0.14673913043478262
uniform,11,prior,0,0.5,2,0.2,0.3,122,0.24679571731686623,0.22131147540983606
uniform,11,prior,0,0.5,3,0.3,0.4,82,0.3469334672396662,0.3902439024390244
uniform,11,prior,0,0.5,4,0.4,0.5,80,0.4493557829602469,0.3875
uniform,11,prior,0,0.5,5,0.5,0.6,61,0.5444865486895762,0.4262295081967213
uniform,11,prior,0,0.5,6,0.6,0.7,53,0.6475652607532075,0.5283018867924528
uniform,11,prior,0,0.5,7,0.7,0.8,26,0.7447021453382843,0.6153846153846154
uniform,11,prior,0,0.5,8,0.8,0.9,2,0.815584939066595,0.0
uniform,11,prior,0,0.5,9,0.9,1.0,0,,
uniform,11,prior,1,0.5,0,0.0,0.1,19,0.06798440181557225,0.10526315789473684
uniform,11,prior,1,0.5,1,0.1,0.2,62,0.14846751559566074,0.20967741935483872
uniform,11,prior,1,0.5,2,0.2,0.3,49,0.24472631160108796,0.20408163265306123
uniform,11,prior,1,0.5,3,0.3,0.4,41,0.3490253987122034,0.3902439024390244
uniform,11,prior,1,0.5,4,0.4,0.5,22,0.4477690129633202,0.5454545454545454
uniform,11,prior,1,0.5,5,0.5,0.6,31,0.5500374483905197,0.8064516129032258
uniform,11,prior,1,0.5,6,0.6,0.7,25,0.6511237890535351,0.56
uniform,11,prior,1,0.5,7,0.7,0.8,18,0.7439536690683136,0.6666666666666666
uniform,11,prior,1,0.5,8,0.8,0.9,2,0.8132757425008172,0.0
uniform,11,prior,1,0.5,9,0.9,1.0,0,,
uniform,11,prior_temperature,all,0.5,0,0.0,0.1,114,0.07542911776882426,0.03508771929824561
uniform,11,prior_temperature,all,0.5,1,0.1,0.2,243,0.14749897632787612,0.13168724279835392
uniform,11,prior_temperature,all,0.5,2,0.2,0.3,190,0.24607120783211664,0.23684210526315788
uniform,11,prior_temperature,all,0.5,3,0.3,0.4,129,0.3491575356937306,0.3643410852713178
uniform,11,prior_temperature,all,0.5,4,0.4,0.5,106,0.44963719090147536,0.42452830188679247
uniform,11,prior_temperature,all,0.5,5,0.5,0.6,95,0.5458186910217432,0.5473684210526316
uniform,11,prior_temperature,all,0.5,6,0.6,0.7,82,0.6479949985395212,0.5609756097560976
uniform,11,prior_temperature,all,0.5,7,0.7,0.8,39,0.744646410495498,0.5897435897435898
uniform,11,prior_temperature,all,0.5,8,0.8,0.9,2,0.8138838901218108,0.0
uniform,11,prior_temperature,all,0.5,9,0.9,1.0,0,,
uniform,11,prior_temperature,0,0.5,0,0.0,0.1,97,0.07582628029046978,0.020618556701030927
uniform,11,prior_temperature,0,0.5,1,0.1,0.2,187,0.14647202286418878,0.12834224598930483
uniform,11,prior_temperature,0,0.5,2,0.2,0.3,137,0.24707386523707164,0.22627737226277372
uniform,11,prior_temperature,0,0.5,3,0.3,0.4,86,0.3492306733882577,0.36046511627906974
uniform,11,prior_temperature,0,0.5,4,0.4,0.5,82,0.45061236624384177,0.3902439024390244
uniform,11,prior_temperature,0,0.5,5,0.5,0.6,63,0.5441121037020317,0.4126984126984127
uniform,11,prior_temperature,0,0.5,6,0.6,0.7,54,0.645220082140483,0.5555555555555556
uniform,11,prior_temperature,0,0.5,7,0.7,0.8,24,0.7426145765934397,0.5833333333333334
uniform,11,prior_temperature,0,0.5,8,0.8,0.9,1,0.8143479377351631,0.0
uniform,11,prior_temperature,0,0.5,9,0.9,1.0,0,,
uniform,11,prior_temperature,1,0.5,0,0.0,0.1,17,0.07316295514531747,0.11764705882352941
uniform,11,prior_temperature,1,0.5,1,0.1,0.2,56,0.1509282673584036,0.14285714285714285
uniform,11,prior_temperature,1,0.5,2,0.2,0.3,53,0.2434794330306292,0.2641509433962264
uniform,11,prior_temperature,1,0.5,3,0.3,0.4,43,0.3490112603046764,0.37209302325581395
uniform,11,prior_temperature,1,0.5,4,0.4,0.5,24,0.4463053418150567,0.5416666666666666
uniform,11,prior_temperature,1,0.5,5,0.5,0.6,32,0.5491785348074255,0.8125
uniform,11,prior_temperature,1,0.5,6,0.6,0.7,28,0.653346623023381,0.5714285714285714
uniform,11,prior_temperature,1,0.5,7,0.7,0.8,15,0.7478973447387914,0.6
uniform,11,prior_temperature,1,0.5,8,0.8,0.9,1,0.8134198425084587,0.0
uniform,11,prior_temperature,1,0.5,9,0.9,1.0,0,,
uniform,11,cost_theory,all,0.2,0,0.0,0.1,114,0.07542911776882426,0.03508771929824561
uniform,11,cost_theory,all,0.2,1,0.1,0.2,243,0.14749897632787612,0.13168724279835392
uniform,11,cost_theory,all,0.2,2,0.2,0.3,190,0.24607120783211664,0.23684210526315788
uniform,11,cost_theory,all,0.2,3,0.3,0.4,129,0.3491575356937306,0.3643410852713178
uniform,11,cost_theory,all,0.2,4,0.4,0.5,106,0.44963719090147536,0.42452830188679247
uniform,11,cost_theory,all,0.2,5,0.5,0.6,95,0.5458186910217432,0.5473684210526316
uniform,11,cost_theory,all,0.2,6,0.6,0.7,82,0.6479949985395212,0.5609756097560976
uniform,11,cost_theory,all,0.2,7,0.7,0.8,39,0.744646410495498,0.5897435897435898
uniform,11,cost_theory,all,0.2,8,0.8,0.9,2,0.8138838901218108,0.0
uniform,11,cost_theory,all,0.2,9,0.9,1.0,0,,
uniform,11,cost_theory,0,0.2,0,0.0,0.1,97,0.07582628029046978,0.020618556701030927
uniform,11,cost_theory,0,0.2,1,0.1,0.2,187,0.14647202286418878,0.12834224598930483
uniform,11,cost_theory,0,0.2,2,0.2,0.3,137,0.24707386523707164,0.22627737226277372
uniform,11,cost_theory,0,0.2,3,0.3,0.4,86,0.3492306733882577,0.36046511627906974
uniform,11,cost_theory,0,0.2,4,0.4,0.5,82,0.45061236624384177,0.3902439024390244
uniform,11,cost_theory,0,0.2,5,0.5,0.6,63,0.5441121037020317,0.4126984126984127
uniform,11,cost_theory,0,0.2,6,0.6,0.7,54,0.645220082140483,0.5555555555555556
uniform,11,cost_theory,0,0.2,7,0.7,0.8,24,0.7426145765934397,0.5833333333333334
uniform,11,cost_theory,0,0.2,8,0.8,0.9,1,0.8143479377351631,0.0
uniform,11,cost_theory,0,0.2,9,0.9,1.0,0,,
uniform,11,cost_theory,1,0.2,0,0.0,0.1,17,0.07316295514531747,0.11764705882352941
uniform,11,cost_theory,1,0.2,1,0.1,0.2,56,0.1509282673584036,0.14285714285714285
uniform,11,cost_theory,1,0.2,2,0.2,0.3,53,0.2434794330306292,0.2641509433962264
uniform,11,cost_theory,1,0.2,3,0.3,0.4,43,0.3490112603046764,0.37209302325581395
uniform,11,cost_theory,1,0.2,4,0.4,0.5,24,0.4463053418150567,0.5416666666666666
uniform,11,cost_theory,1,0.2,5,0.5,0.6,32,0.5491785348074255,0.8125
uniform,11,cost_theory,1,0.2,6,0.6,0.7,28,0.653346623023381,0.5714285714285714
uniform,11,cost_theory,1,0.2,7,0.7,0.8,15,0.7478973447387914,0.6
uniform,11,cost_theory,1,0.2,8,0.8,0.9,1,0.8134198425084587,0.0
uniform,11,cost_theory,1,0.2,9,0.9,1.0,0,,
uniform,11,cost_validation,all,0.2,0,0.0,0.1,114,0.07542911776882426,0.03508771929824561
uniform,11,cost_validation,all,0.2,1,0.1,0.2,243,0.14749897632787612,0.13168724279835392
uniform,11,cost_validation,all,0.2,2,0.2,0.3,190,0.24607120783211664,0.23684210526315788
uniform,11,cost_validation,all,0.2,3,0.3,0.4,129,0.3491575356937306,0.3643410852713178
uniform,11,cost_validation,all,0.2,4,0.4,0.5,106,0.44963719090147536,0.42452830188679247
uniform,11,cost_validation,all,0.2,5,0.5,0.6,95,0.5458186910217432,0.5473684210526316
uniform,11,cost_validation,all,0.2,6,0.6,0.7,82,0.6479949985395212,0.5609756097560976
uniform,11,cost_validation,all,0.2,7,0.7,0.8,39,0.744646410495498,0.5897435897435898
uniform,11,cost_validation,all,0.2,8,0.8,0.9,2,0.8138838901218108,0.0
uniform,11,cost_validation,all,0.2,9,0.9,1.0,0,,
uniform,11,cost_validation,0,0.2,0,0.0,0.1,97,0.07582628029046978,0.020618556701030927
uniform,11,cost_validation,0,0.2,1,0.1,0.2,187,0.14647202286418878,0.12834224598930483
uniform,11,cost_validation,0,0.2,2,0.2,0.3,137,0.24707386523707164,0.22627737226277372
uniform,11,cost_validation,0,0.2,3,0.3,0.4,86,0.3492306733882577,0.36046511627906974
uniform,11,cost_validation,0,0.2,4,0.4,0.5,82,0.45061236624384177,0.3902439024390244
uniform,11,cost_validation,0,0.2,5,0.5,0.6,63,0.5441121037020317,0.4126984126984127
uniform,11,cost_validation,0,0.2,6,0.6,0.7,54,0.645220082140483,0.5555555555555556
uniform,11,cost_validation,0,0.2,7,0.7,0.8,24,0.7426145765934397,0.5833333333333334
uniform,11,cost_validation,0,0.2,8,0.8,0.9,1,0.8143479377351631,0.0
uniform,11,cost_validation,0,0.2,9,0.9,1.0,0,,
uniform,11,cost_validation,1,0.2,0,0.0,0.1,17,0.07316295514531747,0.11764705882352941
uniform,11,cost_validation,1,0.2,1,0.1,0.2,56,0.1509282673584036,0.14285714285714285
uniform,11,cost_validation,1,0.2,2,0.2,0.3,53,0.2434794330306292,0.2641509433962264
uniform,11,cost_validation,1,0.2,3,0.3,0.4,43,0.3490112603046764,0.37209302325581395
uniform,11,cost_validation,1,0.2,4,0.4,0.5,24,0.4463053418150567,0.5416666666666666
uniform,11,cost_validation,1,0.2,5,0.5,0.6,32,0.5491785348074255,0.8125
uniform,11,cost_validation,1,0.2,6,0.6,0.7,28,0.653346623023381,0.5714285714285714
uniform,11,cost_validation,1,0.2,7,0.7,0.8,15,0.7478973447387914,0.6
uniform,11,cost_validation,1,0.2,8,0.8,0.9,1,0.8134198425084587,0.0
uniform,11,cost_validation,1,0.2,9,0.9,1.0,0,,
uniform,23,raw,all,0.5,0,0.0,0.1,180,0.07255505108592189,0.03333333333333333
uniform,23,raw,all,0.5,1,0.1,0.2,237,0.1468722048181282,0.1940928270042194
uniform,23,raw,all,0.5,2,0.2,0.3,142,0.24617025699041686,0.2112676056338028
uniform,23,raw,all,0.5,3,0.3,0.4,102,0.3496766603851426,0.35294117647058826
uniform,23,raw,all,0.5,4,0.4,0.5,101,0.44362238011902877,0.48514851485148514
uniform,23,raw,all,0.5,5,0.5,0.6,101,0.5456868534974334,0.4752475247524752
uniform,23,raw,all,0.5,6,0.6,0.7,96,0.6486785139409051,0.59375
uniform,23,raw,all,0.5,7,0.7,0.8,38,0.7405193132031949,0.5789473684210527
uniform,23,raw,all,0.5,8,0.8,0.9,3,0.8099395118799061,0.0
uniform,23,raw,all,0.5,9,0.9,1.0,0,,
uniform,23,raw,0,0.5,0,0.0,0.1,150,0.07220847206064472,0.02666666666666667
uniform,23,raw,0,0.5,1,0.1,0.2,176,0.14557720814630895,0.17613636363636365
uniform,23,raw,0,0.5,2,0.2,0.3,103,0.24656613825895596,0.21359223300970873
uniform,23,raw,0,0.5,3,0.3,0.4,70,0.35159127108550614,0.35714285714285715
uniform,23,raw,0,0.5,4,0.4,0.5,74,0.4457410649009468,0.4594594594594595
uniform,23,raw,0,0.5,5,0.5,0.6,72,0.5434166243602435,0.375
uniform,23,raw,0,0.5,6,0.6,0.7,62,0.6484786058520599,0.5483870967741935
uniform,23,raw,0,0.5,7,0.7,0.8,22,0.7402223288533502,0.5909090909090909
uniform,23,raw,0,0.5,8,0.8,0.9,2,0.81348575716814,0.0
uniform,23,raw,0,0.5,9,0.9,1.0,0,,
uniform,23,raw,1,0.5,0,0.0,0.1,30,0.0742879462123077,0.06666666666666667
uniform,23,raw,1,0.5,1,0.1,0.2,61,0.15060858865813118,0.2459016393442623
uniform,23,raw,1,0.5,2,0.2,0.3,39,0.24512472440940322,0.20512820512820512
uniform,23,raw,1,0.5,3,0.3,0.4,32,0.34548844947809715,0.34375
uniform,23,raw,1,0.5,4,0.4,0.5,27,0.4378156144204387,0.5555555555555556
uniform,23,raw,1,0.5,5,0.5,0.6,29,0.5513232844587321,0.7241379310344828
uniform,23,raw,1,0.5,6,0.6,0.7,34,0.649043052220564,0.6764705882352942
uniform,23,raw,1,0.5,7,0.7,0.8,16,0.7409276666842315,0.5625
uniform,23,raw,1,0.5,8,0.8,0.9,1,0.8028470213034385,0.0
uniform,23,raw,1,0.5,9,0.9,1.0,0,,
uniform,23,raw_temperature,all,0.5,0,0.0,0.1,131,0.07742799967041217,0.030534351145038167
uniform,23,raw_temperature,all,0.5,1,0.1,0.2,244,0.1447470338098937,0.14754098360655737
uniform,23,raw_temperature,all,0.5,2,0.2,0.3,173,0.24547386538032895,0.23699421965317918
uniform,23,raw_temperature,all,0.5,3,0.3,0.4,103,0.3502376254602958,0.32038834951456313
uniform,23,raw_temperature,all,0.5,4,0.4,0.5,111,0.4436689079866891,0.4774774774774775
uniform,23,raw_temperature,all,0.5,5,0.5,0.6,108,0.5458725195522395,0.49074074074074076
uniform,23,raw_temperature,all,0.5,6,0.6,0.7,94,0.6446589018311994,0.574468085106383
uniform,23,raw_temperature,all,0.5,7,0.7,0.8,35,0.7336106227460839,0.5714285714285714
uniform,23,raw_temperature,all,0.5,8,0.8,0.9,1,0.8001604120115832,0.0
uniform,23,raw_temperature,all,0.5,9,0.9,1.0,0,,
uniform,23,raw_temperature,0,0.5,0,0.0,0.1,112,0.07795262787692954,0.017857142857142856
uniform,23,raw_temperature,0,0.5,1,0.1,0.2,185,0.14388566721269327,0.13513513513513514
uniform,23,raw_temperature,0,0.5,2,0.2,0.3,123,0.2456454428233415,0.23577235772357724
uniform,23,raw_temperature,0,0.5,3,0.3,0.4,74,0.35240061147751395,0.32432432432432434
uniform,23,raw_temperature,0,0.5,4,0.4,0.5,79,0.4466924444009425,0.45569620253164556
uniform,23,raw_temperature,0,0.5,5,0.5,0.6,76,0.5432016475696765,0.3815789473684211
uniform,23,raw_temperature,0,0.5,6,0.6,0.7,61,0.6438245324655637,0.5409836065573771
uniform,23,raw_temperature,0,0.5,7,0.7,0.8,20,0.7334009099382757,0.6
uniform,23,raw_temperature,0,0.5,8,0.8,0.9,1,0.8001604120115832,0.0
uniform,23,raw_temperature,0,0.5,9,0.9,1.0,0,,
uniform,23,raw_temperature,1,0.5,0,0.0,0.1,19,0.07433545445304661,0.10526315789473684
uniform,23,raw_temperature,1,0.5,1,0.1,0.2,59,0.14744792907230186,0.1864406779661017
uniform,23,raw_temperature,1,0.5,2,0.2,0.3,50,0.24505178487051807,0.24
uniform,23,raw_temperature,1,0.5,3,0.3,0.4,29,0.3447182818301532,0.3103448275862069
uniform,23,raw_temperature,1,0.5,4,0.4,0.5,32,0.4362045524640006,0.53125
uniform,23,raw_temperature,1,0.5,5,0.5,0.6,32,0.5522158405108268,0.75
uniform,23,raw_temperature,1,0.5,6,0.6,0.7,33,0.6462012209616169,0.6363636363636364
uniform,23,raw_temperature,1,0.5,7,0.7,0.8,15,0.7338902398231616,0.5333333333333333
uniform,23,raw_temperature,1,0.5,8,0.8,0.9,0,,
uniform,23,raw_temperature,1,0.5,9,0.9,1.0,0,,
uniform,23,prior,all,0.5,0,0.0,0.1,180,0.07255505108592189,0.03333333333333333
uniform,23,prior,all,0.5,1,0.1,0.2,237,0.1468722048181282,0.1940928270042194
uniform,23,prior,all,0.5,2,0.2,0.3,142,0.24617025699041686,0.2112676056338028
uniform,23,prior,all,0.5,3,0.3,0.4,102,0.3496766603851426,0.35294117647058826
uniform,23,prior,all,0.5,4,0.4,0.5,101,0.44362238011902877,0.48514851485148514
uniform,23,prior,all,0.5,5,0.5,0.6,101,0.5456868534974334,0.4752475247524752
uniform,23,prior,all,0.5,6,0.6,0.7,96,0.6486785139409051,0.59375
uniform,23,prior,all,0.5,7,0.7,0.8,38,0.7405193132031949,0.5789473684210527
uniform,23,prior,all,0.5,8,0.8,0.9,3,0.8099395118799061,0.0
uniform,23,prior,all,0.5,9,0.9,1.0,0,,
uniform,23,prior,0,0.5,0,0.0,0.1,150,0.07220847206064472,0.02666666666666667
uniform,23,prior,0,0.5,1,0.1,0.2,176,0.14557720814630895,0.17613636363636365
uniform,23,prior,0,0.5,2,0.2,0.3,103,0.24656613825895596,0.21359223300970873
uniform,23,prior,0,0.5,3,0.3,0.4,70,0.35159127108550614,0.35714285714285715
uniform,23,prior,0,0.5,4,0.4,0.5,74,0.4457410649009468,0.4594594594594595
uniform,23,prior,0,0.5,5,0.5,0.6,72,0.5434166243602435,0.375
uniform,23,prior,0,0.5,6,0.6,0.7,62,0.6484786058520599,0.5483870967741935
uniform,23,prior,0,0.5,7,0.7,0.8,22,0.7402223288533502,0.5909090909090909
uniform,23,prior,0,0.5,8,0.8,0.9,2,0.81348575716814,0.0
uniform,23,prior,0,0.5,9,0.9,1.0,0,,
uniform,23,prior,1,0.5,0,0.0,0.1,30,0.0742879462123077,0.06666666666666667
uniform,23,prior,1,0.5,1,0.1,0.2,61,0.15060858865813118,0.2459016393442623
uniform,23,prior,1,0.5,2,0.2,0.3,39,0.24512472440940322,0.20512820512820512
uniform,23,prior,1,0.5,3,0.3,0.4,32,0.34548844947809715,0.34375
uniform,23,prior,1,0.5,4,0.4,0.5,27,0.4378156144204387,0.5555555555555556
uniform,23,prior,1,0.5,5,0.5,0.6,29,0.5513232844587321,0.7241379310344828
uniform,23,prior,1,0.5,6,0.6,0.7,34,0.649043052220564,0.6764705882352942
uniform,23,prior,1,0.5,7,0.7,0.8,16,0.7409276666842315,0.5625
uniform,23,prior,1,0.5,8,0.8,0.9,1,0.8028470213034385,0.0
uniform,23,prior,1,0.5,9,0.9,1.0,0,,
uniform,23,prior_temperature,all,0.5,0,0.0,0.1,131,0.07742799967041217,0.030534351145038167
uniform,23,prior_temperature,all,0.5,1,0.1,0.2,244,0.1447470338098937,0.14754098360655737
uniform,23,prior_temperature,all,0.5,2,0.2,0.3,173,0.24547386538032895,0.23699421965317918
uniform,23,prior_temperature,all,0.5,3,0.3,0.4,103,0.3502376254602958,0.32038834951456313
uniform,23,prior_temperature,all,0.5,4,0.4,0.5,111,0.4436689079866891,0.4774774774774775
uniform,23,prior_temperature,all,0.5,5,0.5,0.6,108,0.5458725195522395,0.49074074074074076
uniform,23,prior_temperature,all,0.5,6,0.6,0.7,94,0.6446589018311994,0.574468085106383
uniform,23,prior_temperature,all,0.5,7,0.7,0.8,35,0.7336106227460839,0.5714285714285714
uniform,23,prior_temperature,all,0.5,8,0.8,0.9,1,0.8001604120115832,0.0
uniform,23,prior_temperature,all,0.5,9,0.9,1.0,0,,
uniform,23,prior_temperature,0,0.5,0,0.0,0.1,112,0.07795262787692954,0.017857142857142856
uniform,23,prior_temperature,0,0.5,1,0.1,0.2,185,0.14388566721269327,0.13513513513513514
uniform,23,prior_temperature,0,0.5,2,0.2,0.3,123,0.2456454428233415,0.23577235772357724
uniform,23,prior_temperature,0,0.5,3,0.3,0.4,74,0.35240061147751395,0.32432432432432434
uniform,23,prior_temperature,0,0.5,4,0.4,0.5,79,0.4466924444009425,0.45569620253164556
uniform,23,prior_temperature,0,0.5,5,0.5,0.6,76,0.5432016475696765,0.3815789473684211
uniform,23,prior_temperature,0,0.5,6,0.6,0.7,61,0.6438245324655637,0.5409836065573771
uniform,23,prior_temperature,0,0.5,7,0.7,0.8,20,0.7334009099382757,0.6
uniform,23,prior_temperature,0,0.5,8,0.8,0.9,1,0.8001604120115832,0.0
uniform,23,prior_temperature,0,0.5,9,0.9,1.0,0,,
uniform,23,prior_temperature,1,0.5,0,0.0,0.1,19,0.07433545445304661,0.10526315789473684
uniform,23,prior_temperature,1,0.5,1,0.1,0.2,59,0.14744792907230186,0.1864406779661017
uniform,23,prior_temperature,1,0.5,2,0.2,0.3,50,0.24505178487051807,0.24
uniform,23,prior_temperature,1,0.5,3,0.3,0.4,29,0.3447182818301532,0.3103448275862069
uniform,23,prior_temperature,1,0.5,4,0.4,0.5,32,0.4362045524640006,0.53125
uniform,23,prior_temperature,1,0.5,5,0.5,0.6,32,0.5522158405108268,0.75
uniform,23,prior_temperature,1,0.5,6,0.6,0.7,33,0.6462012209616169,0.6363636363636364
uniform,23,prior_temperature,1,0.5,7,0.7,0.8,15,0.7338902398231616,0.5333333333333333
uniform,23,prior_temperature,1,0.5,8,0.8,0.9,0,,
uniform,23,prior_temperature,1,0.5,9,0.9,1.0,0,,
uniform,23,cost_theory,all,0.2,0,0.0,0.1,131,0.07742799967041217,0.030534351145038167
uniform,23,cost_theory,all,0.2,1,0.1,0.2,244,0.1447470338098937,0.14754098360655737
uniform,23,cost_theory,all,0.2,2,0.2,0.3,173,0.24547386538032895,0.23699421965317918
uniform,23,cost_theory,all,0.2,3,0.3,0.4,103,0.3502376254602958,0.32038834951456313
uniform,23,cost_theory,all,0.2,4,0.4,0.5,111,0.4436689079866891,0.4774774774774775
uniform,23,cost_theory,all,0.2,5,0.5,0.6,108,0.5458725195522395,0.49074074074074076
uniform,23,cost_theory,all,0.2,6,0.6,0.7,94,0.6446589018311994,0.574468085106383
uniform,23,cost_theory,all,0.2,7,0.7,0.8,35,0.7336106227460839,0.5714285714285714
uniform,23,cost_theory,all,0.2,8,0.8,0.9,1,0.8001604120115832,0.0
uniform,23,cost_theory,all,0.2,9,0.9,1.0,0,,
uniform,23,cost_theory,0,0.2,0,0.0,0.1,112,0.07795262787692954,0.017857142857142856
uniform,23,cost_theory,0,0.2,1,0.1,0.2,185,0.14388566721269327,0.13513513513513514
uniform,23,cost_theory,0,0.2,2,0.2,0.3,123,0.2456454428233415,0.23577235772357724
uniform,23,cost_theory,0,0.2,3,0.3,0.4,74,0.35240061147751395,0.32432432432432434
uniform,23,cost_theory,0,0.2,4,0.4,0.5,79,0.4466924444009425,0.45569620253164556
uniform,23,cost_theory,0,0.2,5,0.5,0.6,76,0.5432016475696765,0.3815789473684211
uniform,23,cost_theory,0,0.2,6,0.6,0.7,61,0.6438245324655637,0.5409836065573771
uniform,23,cost_theory,0,0.2,7,0.7,0.8,20,0.7334009099382757,0.6
uniform,23,cost_theory,0,0.2,8,0.8,0.9,1,0.8001604120115832,0.0
uniform,23,cost_theory,0,0.2,9,0.9,1.0,0,,
uniform,23,cost_theory,1,0.2,0,0.0,0.1,19,0.07433545445304661,0.10526315789473684
uniform,23,cost_theory,1,0.2,1,0.1,0.2,59,0.14744792907230186,0.1864406779661017
uniform,23,cost_theory,1,0.2,2,0.2,0.3,50,0.24505178487051807,0.24
uniform,23,cost_theory,1,0.2,3,0.3,0.4,29,0.3447182818301532,0.3103448275862069
uniform,23,cost_theory,1,0.2,4,0.4,0.5,32,0.4362045524640006,0.53125
uniform,23,cost_theory,1,0.2,5,0.5,0.6,32,0.5522158405108268,0.75
uniform,23,cost_theory,1,0.2,6,0.6,0.7,33,0.6462012209616169,0.6363636363636364
uniform,23,cost_theory,1,0.2,7,0.7,0.8,15,0.7338902398231616,0.5333333333333333
uniform,23,cost_theory,1,0.2,8,0.8,0.9,0,,
uniform,23,cost_theory,1,0.2,9,0.9,1.0,0,,
uniform,23,cost_validation,all,0.2,0,0.0,0.1,131,0.07742799967041217,0.030534351145038167
uniform,23,cost_validation,all,0.2,1,0.1,0.2,244,0.1447470338098937,0.14754098360655737
uniform,23,cost_validation,all,0.2,2,0.2,0.3,173,0.24547386538032895,0.23699421965317918
uniform,23,cost_validation,all,0.2,3,0.3,0.4,103,0.3502376254602958,0.32038834951456313
uniform,23,cost_validation,all,0.2,4,0.4,0.5,111,0.4436689079866891,0.4774774774774775
uniform,23,cost_validation,all,0.2,5,0.5,0.6,108,0.5458725195522395,0.49074074074074076
uniform,23,cost_validation,all,0.2,6,0.6,0.7,94,0.6446589018311994,0.574468085106383
uniform,23,cost_validation,all,0.2,7,0.7,0.8,35,0.7336106227460839,0.5714285714285714
uniform,23,cost_validation,all,0.2,8,0.8,0.9,1,0.8001604120115832,0.0
uniform,23,cost_validation,all,0.2,9,0.9,1.0,0,,
uniform,23,cost_validation,0,0.2,0,0.0,0.1,112,0.07795262787692954,0.017857142857142856
uniform,23,cost_validation,0,0.2,1,0.1,0.2,185,0.14388566721269327,0.13513513513513514
uniform,23,cost_validation,0,0.2,2,0.2,0.3,123,0.2456454428233415,0.23577235772357724
uniform,23,cost_validation,0,0.2,3,0.3,0.4,74,0.35240061147751395,0.32432432432432434
uniform,23,cost_validation,0,0.2,4,0.4,0.5,79,0.4466924444009425,0.45569620253164556
uniform,23,cost_validation,0,0.2,5,0.5,0.6,76,0.5432016475696765,0.3815789473684211
uniform,23,cost_validation,0,0.2,6,0.6,0.7,61,0.6438245324655637,0.5409836065573771
uniform,23,cost_validation,0,0.2,7,0.7,0.8,20,0.7334009099382757,0.6
uniform,23,cost_validation,0,0.2,8,0.8,0.9,1,0.8001604120115832,0.0
uniform,23,cost_validation,0,0.2,9,0.9,1.0,0,,
uniform,23,cost_validation,1,0.2,0,0.0,0.1,19,0.07433545445304661,0.10526315789473684
uniform,23,cost_validation,1,0.2,1,0.1,0.2,59,0.14744792907230186,0.1864406779661017
uniform,23,cost_validation,1,0.2,2,0.2,0.3,50,0.24505178487051807,0.24
uniform,23,cost_validation,1,0.2,3,0.3,0.4,29,0.3447182818301532,0.3103448275862069
uniform,23,cost_validation,1,0.2,4,0.4,0.5,32,0.4362045524640006,0.53125
uniform,23,cost_validation,1,0.2,5,0.5,0.6,32,0.5522158405108268,0.75
uniform,23,cost_validation,1,0.2,6,0.6,0.7,33,0.6462012209616169,0.6363636363636364
uniform,23,cost_validation,1,0.2,7,0.7,0.8,15,0.7338902398231616,0.5333333333333333
uniform,23,cost_validation,1,0.2,8,0.8,0.9,0,,
uniform,23,cost_validation,1,0.2,9,0.9,1.0,0,,
uniform,37,raw,all,0.5,0,0.0,0.1,161,0.07626833805675215,0.037267080745341616
uniform,37,raw,all,0.5,1,0.1,0.2,243,0.1438660739055079,0.16872427983539096
uniform,37,raw,all,0.5,2,0.2,0.3,157,0.24597056399542946,0.20382165605095542
uniform,37,raw,all,0.5,3,0.3,0.4,113,0.3473700131651446,0.4424778761061947
uniform,37,raw,all,0.5,4,0.4,0.5,88,0.4483711378685408,0.4318181818181818
uniform,37,raw,all,0.5,5,0.5,0.6,96,0.5443294061037552,0.5
uniform,37,raw,all,0.5,6,0.6,0.7,88,0.6427538742547112,0.5454545454545454
uniform,37,raw,all,0.5,7,0.7,0.8,53,0.7336415479250178,0.5660377358490566
uniform,37,raw,all,0.5,8,0.8,0.9,1,0.8164105972970388,1.0
uniform,37,raw,all,0.5,9,0.9,1.0,0,,
uniform,37,raw,0,0.5,0,0.0,0.1,136,0.07594613377880521,0.029411764705882353
uniform,37,raw,0,0.5,1,0.1,0.2,176,0.14185933829605596,0.14204545454545456
uniform,37,raw,0,0.5,2,0.2,0.3,118,0.2458097878027306,0.2288135593220339
uniform,37,raw,0,0.5,3,0.3,0.4,76,0.3485537543155656,0.40789473684210525
uniform,37,raw,0,0.5,4,0.4,0.5,67,0.44969502601188854,0.43283582089552236
uniform,37,raw,0,0.5,5,0.5,0.6,70,0.5436291606623807,0.4142857142857143
uniform,37,raw,0,0.5,6,0.6,0.7,54,0.6407678994245859,0.5
uniform,37,raw,0,0.5,7,0.7,0.8,33,0.7291288201243312,0.5151515151515151
uniform,37,raw,0,0.5,8,0.8,0.9,1,0.8164105972970388,1.0
uniform,37,raw,0,0.5,9,0.9,1.0,0,,
uniform,37,raw,1,0.5,0,0.0,0.1,25,0.07802112932878354,0.08
uniform,37,raw,1,0.5,1,0.1,0.2,67,0.14913749879003838,0.23880597014925373
uniform,37,raw,1,0.5,2,0.2,0.3,39,0.2464570150400055,0.1282051282051282
uniform,37,raw,1,0.5,3,0.3,0.4,37,0.34493854485617176,0.5135135135135135
uniform,37,raw,1,0.5,4,0.4,0.5,21,0.44414730426833604,0.42857142857142855
uniform,37,raw,1,0.5,5,0.5,0.6,26,0.5462146822920714,0.7307692307692307
uniform,37,raw,1,0.5,6,0.6,0.7,34,0.6459080695731455,0.6176470588235294
uniform,37,raw,1,0.5,7,0.7,0.8,20,0.7410875487961509,0.65
uniform,37,raw,1,0.5,8,0.8,0.9,0,,
uniform,37,raw,1,0.5,9,0.9,1.0,0,,
uniform,37,raw_temperature,all,0.5,0,0.0,0.1,109,0.08126793511733245,0.027522935779816515
uniform,37,raw_temperature,all,0.5,1,0.1,0.2,266,0.14452812854564467,0.13909774436090225
uniform,37,raw_temperature,all,0.5,2,0.2,0.3,168,0.24713351101956088,0.2261904761904762
uniform,37,raw_temperature,all,0.5,3,0.3,0.4,124,0.3475580285922073,0.3629032258064516
uniform,37,raw_temperature,all,0.5,4,0.4,0.5,95,0.4484905017850115,0.4631578947368421
uniform,37,raw_temperature,all,0.5,5,0.5,0.6,105,0.5458324757939116,0.49523809523809526
uniform,37,raw_temperature,all,0.5,6,0.6,0.7,94,0.6463211816051257,0.5319148936170213
uniform,37,raw_temperature,all,0.5,7,0.7,0.8,39,0.7312441117878979,0.6410256410256411
uniform,37,raw_temperature,all,0.5,8,0.8,0.9,0,,
uniform,37,raw_temperature,all,0.5,9,0.9,1.0,0,,
uniform,37,raw_temperature,0,0.5,0,0.0,0.1,95,0.08162638799077716,0.021052631578947368
uniform,37,raw_temperature,0,0.5,1,0.1,0.2,200,0.14336045865305563,0.12
uniform,37,raw_temperature,0,0.5,2,0.2,0.3,122,0.24882357641439354,0.23770491803278687
uniform,37,raw_temperature,0,0.5,3,0.3,0.4,85,0.34857438785018563,0.3411764705882353
uniform,37,raw_temperature,0,0.5,4,0.4,0.5,71,0.4504789829509845,0.4507042253521127
uniform,37,raw_temperature,0,0.5,5,0.5,0.6,75,0.5441922915499433,0.4
uniform,37,raw_temperature,0,0.5,6,0.6,0.7,60,0.6454480840639358,0.5
uniform,37,raw_temperature,0,0.5,7,0.7,0.8,23,0.7292910463961174,0.6086956521739131
uniform,37,raw_temperature,0,0.5,8,0.8,0.9,0,,
uniform,37,raw_temperature,0,0.5,9,0.9,1.0,0,,
uniform,37,raw_temperature,1,0.5,0,0.0,0.1,14,0.07883557633324338,0.07142857142857142
uniform,37,raw_temperature,1,0.5,1,0.1,0.2,66,0.14806652215955088,0.19696969696969696
uniform,37,raw_temperature,1,0.5,2,0.2,0.3,46,0.24265116366804831,0.1956521739130435
uniform,37,raw_temperature,1,0.5,3,0.3,0.4,39,0.3453428866196903,0.41025641025641024
uniform,37,raw_temperature,1,0.5,4,0.4,0.5,24,0.4426079116690076,0.5
uniform,37,raw_temperature,1,0.5,5,0.5,0.6,30,0.5499329364038322,0.7333333333333333
uniform,37,raw_temperature,1,0.5,6,0.6,0.7,34,0.6478619419719313,0.5882352941176471
uniform,37,raw_temperature,1,0.5,7,0.7,0.8,16,0.7340516432885827,0.6875
uniform,37,raw_temperature,1,0.5,8,0.8,0.9,0,,
uniform,37,raw_temperature,1,0.5,9,0.9,1.0,0,,
uniform,37,prior,all,0.5,0,0.0,0.1,161,0.07626833805675215,0.037267080745341616
uniform,37,prior,all,0.5,1,0.1,0.2,243,0.1438660739055079,0.16872427983539096
uniform,37,prior,all,0.5,2,0.2,0.3,157,0.24597056399542946,0.20382165605095542
uniform,37,prior,all,0.5,3,0.3,0.4,113,0.3473700131651446,0.4424778761061947
uniform,37,prior,all,0.5,4,0.4,0.5,88,0.4483711378685408,0.4318181818181818
uniform,37,prior,all,0.5,5,0.5,0.6,96,0.5443294061037552,0.5
uniform,37,prior,all,0.5,6,0.6,0.7,88,0.6427538742547112,0.5454545454545454
uniform,37,prior,all,0.5,7,0.7,0.8,53,0.7336415479250178,0.5660377358490566
uniform,37,prior,all,0.5,8,0.8,0.9,1,0.8164105972970388,1.0
uniform,37,prior,all,0.5,9,0.9,1.0,0,,
uniform,37,prior,0,0.5,0,0.0,0.1,136,0.07594613377880521,0.029411764705882353
uniform,37,prior,0,0.5,1,0.1,0.2,176,0.14185933829605596,0.14204545454545456
uniform,37,prior,0,0.5,2,0.2,0.3,118,0.2458097878027306,0.2288135593220339
uniform,37,prior,0,0.5,3,0.3,0.4,76,0.3485537543155656,0.40789473684210525
uniform,37,prior,0,0.5,4,0.4,0.5,67,0.44969502601188854,0.43283582089552236
uniform,37,prior,0,0.5,5,0.5,0.6,70,0.5436291606623807,0.4142857142857143
uniform,37,prior,0,0.5,6,0.6,0.7,54,0.6407678994245859,0.5
uniform,37,prior,0,0.5,7,0.7,0.8,33,0.7291288201243312,0.5151515151515151
uniform,37,prior,0,0.5,8,0.8,0.9,1,0.8164105972970388,1.0
uniform,37,prior,0,0.5,9,0.9,1.0,0,,
uniform,37,prior,1,0.5,0,0.0,0.1,25,0.07802112932878354,0.08
uniform,37,prior,1,0.5,1,0.1,0.2,67,0.14913749879003838,0.23880597014925373
uniform,37,prior,1,0.5,2,0.2,0.3,39,0.2464570150400055,0.1282051282051282
uniform,37,prior,1,0.5,3,0.3,0.4,37,0.34493854485617176,0.5135135135135135
uniform,37,prior,1,0.5,4,0.4,0.5,21,0.44414730426833604,0.42857142857142855
uniform,37,prior,1,0.5,5,0.5,0.6,26,0.5462146822920714,0.7307692307692307
uniform,37,prior,1,0.5,6,0.6,0.7,34,0.6459080695731455,0.6176470588235294
uniform,37,prior,1,0.5,7,0.7,0.8,20,0.7410875487961509,0.65
uniform,37,prior,1,0.5,8,0.8,0.9,0,,
uniform,37,prior,1,0.5,9,0.9,1.0,0,,
uniform,37,prior_temperature,all,0.5,0,0.0,0.1,109,0.08126793511733245,0.027522935779816515
uniform,37,prior_temperature,all,0.5,1,0.1,0.2,266,0.14452812854564467,0.13909774436090225
uniform,37,prior_temperature,all,0.5,2,0.2,0.3,168,0.24713351101956088,0.2261904761904762
uniform,37,prior_temperature,all,0.5,3,0.3,0.4,124,0.3475580285922073,0.3629032258064516
uniform,37,prior_temperature,all,0.5,4,0.4,0.5,95,0.4484905017850115,0.4631578947368421
uniform,37,prior_temperature,all,0.5,5,0.5,0.6,105,0.5458324757939116,0.49523809523809526
uniform,37,prior_temperature,all,0.5,6,0.6,0.7,94,0.6463211816051257,0.5319148936170213
uniform,37,prior_temperature,all,0.5,7,0.7,0.8,39,0.7312441117878979,0.6410256410256411
uniform,37,prior_temperature,all,0.5,8,0.8,0.9,0,,
uniform,37,prior_temperature,all,0.5,9,0.9,1.0,0,,
uniform,37,prior_temperature,0,0.5,0,0.0,0.1,95,0.08162638799077716,0.021052631578947368
uniform,37,prior_temperature,0,0.5,1,0.1,0.2,200,0.14336045865305563,0.12
uniform,37,prior_temperature,0,0.5,2,0.2,0.3,122,0.24882357641439354,0.23770491803278687
uniform,37,prior_temperature,0,0.5,3,0.3,0.4,85,0.34857438785018563,0.3411764705882353
uniform,37,prior_temperature,0,0.5,4,0.4,0.5,71,0.4504789829509845,0.4507042253521127
uniform,37,prior_temperature,0,0.5,5,0.5,0.6,75,0.5441922915499433,0.4
uniform,37,prior_temperature,0,0.5,6,0.6,0.7,60,0.6454480840639358,0.5
uniform,37,prior_temperature,0,0.5,7,0.7,0.8,23,0.7292910463961174,0.6086956521739131
uniform,37,prior_temperature,0,0.5,8,0.8,0.9,0,,
uniform,37,prior_temperature,0,0.5,9,0.9,1.0,0,,
uniform,37,prior_temperature,1,0.5,0,0.0,0.1,14,0.07883557633324338,0.07142857142857142
uniform,37,prior_temperature,1,0.5,1,0.1,0.2,66,0.14806652215955088,0.19696969696969696
uniform,37,prior_temperature,1,0.5,2,0.2,0.3,46,0.24265116366804831,0.1956521739130435
uniform,37,prior_temperature,1,0.5,3,0.3,0.4,39,0.3453428866196903,0.41025641025641024
uniform,37,prior_temperature,1,0.5,4,0.4,0.5,24,0.4426079116690076,0.5
uniform,37,prior_temperature,1,0.5,5,0.5,0.6,30,0.5499329364038322,0.7333333333333333
uniform,37,prior_temperature,1,0.5,6,0.6,0.7,34,0.6478619419719313,0.5882352941176471
uniform,37,prior_temperature,1,0.5,7,0.7,0.8,16,0.7340516432885827,0.6875
uniform,37,prior_temperature,1,0.5,8,0.8,0.9,0,,
uniform,37,prior_temperature,1,0.5,9,0.9,1.0,0,,
uniform,37,cost_theory,all,0.2,0,0.0,0.1,109,0.08126793511733245,0.027522935779816515
uniform,37,cost_theory,all,0.2,1,0.1,0.2,266,0.14452812854564467,0.13909774436090225
uniform,37,cost_theory,all,0.2,2,0.2,0.3,168,0.24713351101956088,0.2261904761904762
uniform,37,cost_theory,all,0.2,3,0.3,0.4,124,0.3475580285922073,0.3629032258064516
uniform,37,cost_theory,all,0.2,4,0.4,0.5,95,0.4484905017850115,0.4631578947368421
uniform,37,cost_theory,all,0.2,5,0.5,0.6,105,0.5458324757939116,0.49523809523809526
uniform,37,cost_theory,all,0.2,6,0.6,0.7,94,0.6463211816051257,0.5319148936170213
uniform,37,cost_theory,all,0.2,7,0.7,0.8,39,0.7312441117878979,0.6410256410256411
uniform,37,cost_theory,all,0.2,8,0.8,0.9,0,,
uniform,37,cost_theory,all,0.2,9,0.9,1.0,0,,
uniform,37,cost_theory,0,0.2,0,0.0,0.1,95,0.08162638799077716,0.021052631578947368
uniform,37,cost_theory,0,0.2,1,0.1,0.2,200,0.14336045865305563,0.12
uniform,37,cost_theory,0,0.2,2,0.2,0.3,122,0.24882357641439354,0.23770491803278687
uniform,37,cost_theory,0,0.2,3,0.3,0.4,85,0.34857438785018563,0.3411764705882353
uniform,37,cost_theory,0,0.2,4,0.4,0.5,71,0.4504789829509845,0.4507042253521127
uniform,37,cost_theory,0,0.2,5,0.5,0.6,75,0.5441922915499433,0.4
uniform,37,cost_theory,0,0.2,6,0.6,0.7,60,0.6454480840639358,0.5
uniform,37,cost_theory,0,0.2,7,0.7,0.8,23,0.7292910463961174,0.6086956521739131
uniform,37,cost_theory,0,0.2,8,0.8,0.9,0,,
uniform,37,cost_theory,0,0.2,9,0.9,1.0,0,,
uniform,37,cost_theory,1,0.2,0,0.0,0.1,14,0.07883557633324338,0.07142857142857142
uniform,37,cost_theory,1,0.2,1,0.1,0.2,66,0.14806652215955088,0.19696969696969696
uniform,37,cost_theory,1,0.2,2,0.2,0.3,46,0.24265116366804831,0.1956521739130435
uniform,37,cost_theory,1,0.2,3,0.3,0.4,39,0.3453428866196903,0.41025641025641024
uniform,37,cost_theory,1,0.2,4,0.4,0.5,24,0.4426079116690076,0.5
uniform,37,cost_theory,1,0.2,5,0.5,0.6,30,0.5499329364038322,0.7333333333333333
uniform,37,cost_theory,1,0.2,6,0.6,0.7,34,0.6478619419719313,0.5882352941176471
uniform,37,cost_theory,1,0.2,7,0.7,0.8,16,0.7340516432885827,0.6875
uniform,37,cost_theory,1,0.2,8,0.8,0.9,0,,
uniform,37,cost_theory,1,0.2,9,0.9,1.0,0,,
uniform,37,cost_validation,all,0.2,0,0.0,0.1,109,0.08126793511733245,0.027522935779816515
uniform,37,cost_validation,all,0.2,1,0.1,0.2,266,0.14452812854564467,0.13909774436090225
uniform,37,cost_validation,all,0.2,2,0.2,0.3,168,0.24713351101956088,0.2261904761904762
uniform,37,cost_validation,all,0.2,3,0.3,0.4,124,0.3475580285922073,0.3629032258064516
uniform,37,cost_validation,all,0.2,4,0.4,0.5,95,0.4484905017850115,0.4631578947368421
uniform,37,cost_validation,all,0.2,5,0.5,0.6,105,0.5458324757939116,0.49523809523809526
uniform,37,cost_validation,all,0.2,6,0.6,0.7,94,0.6463211816051257,0.5319148936170213
uniform,37,cost_validation,all,0.2,7,0.7,0.8,39,0.7312441117878979,0.6410256410256411
uniform,37,cost_validation,all,0.2,8,0.8,0.9,0,,
uniform,37,cost_validation,all,0.2,9,0.9,1.0,0,,
uniform,37,cost_validation,0,0.2,0,0.0,0.1,95,0.08162638799077716,0.021052631578947368
uniform,37,cost_validation,0,0.2,1,0.1,0.2,200,0.14336045865305563,0.12
uniform,37,cost_validation,0,0.2,2,0.2,0.3,122,0.24882357641439354,0.23770491803278687
uniform,37,cost_validation,0,0.2,3,0.3,0.4,85,0.34857438785018563,0.3411764705882353
uniform,37,cost_validation,0,0.2,4,0.4,0.5,71,0.4504789829509845,0.4507042253521127
uniform,37,cost_validation,0,0.2,5,0.5,0.6,75,0.5441922915499433,0.4
uniform,37,cost_validation,0,0.2,6,0.6,0.7,60,0.6454480840639358,0.5
uniform,37,cost_validation,0,0.2,7,0.7,0.8,23,0.7292910463961174,0.6086956521739131
uniform,37,cost_validation,0,0.2,8,0.8,0.9,0,,
uniform,37,cost_validation,0,0.2,9,0.9,1.0,0,,
uniform,37,cost_validation,1,0.2,0,0.0,0.1,14,0.07883557633324338,0.07142857142857142
uniform,37,cost_validation,1,0.2,1,0.1,0.2,66,0.14806652215955088,0.19696969696969696
uniform,37,cost_validation,1,0.2,2,0.2,0.3,46,0.24265116366804831,0.1956521739130435
uniform,37,cost_validation,1,0.2,3,0.3,0.4,39,0.3453428866196903,0.41025641025641024
uniform,37,cost_validation,1,0.2,4,0.4,0.5,24,0.4426079116690076,0.5
uniform,37,cost_validation,1,0.2,5,0.5,0.6,30,0.5499329364038322,0.7333333333333333
uniform,37,cost_validation,1,0.2,6,0.6,0.7,34,0.6478619419719313,0.5882352941176471
uniform,37,cost_validation,1,0.2,7,0.7,0.8,16,0.7340516432885827,0.6875
uniform,37,cost_validation,1,0.2,8,0.8,0.9,0,,
uniform,37,cost_validation,1,0.2,9,0.9,1.0,0,,
weighted,11,raw,all,0.5,0,0.0,0.1,41,0.0836193549310707,0.0
weighted,11,raw,all,0.5,1,0.1,0.2,140,0.15211529140340302,0.04285714285714286
weighted,11,raw,all,0.5,2,0.2,0.3,134,0.24447344133520996,0.15671641791044777
weighted,11,raw,all,0.5,3,0.3,0.4,137,0.34611647104513626,0.24817518248175183
weighted,11,raw,all,0.5,4,0.4,0.5,115,0.44740897290537124,0.1826086956521739
weighted,11,raw,all,0.5,5,0.5,0.6,107,0.549477014220139,0.4392523364485981
weighted,11,raw,all,0.5,6,0.6,0.7,101,0.6514764623387833,0.42574257425742573
weighted,11,raw,all,0.5,7,0.7,0.8,117,0.7464086677717849,0.5470085470085471
weighted,11,raw,all,0.5,8,0.8,0.9,104,0.8424626712583337,0.5576923076923077
weighted,11,raw,all,0.5,9,0.9,1.0,4,0.9079967778317626,0.0
weighted,11,raw,0,0.5,0,0.0,0.1,33,0.08380323456874025,0.0
weighted,11,raw,0,0.5,1,0.1,0.2,118,0.15019711817541997,0.025423728813559324
weighted,11,raw,0,0.5,2,0.2,0.3,102,0.2448763728252463,0.16666666666666666
weighted,11,raw,0,0.5,3,0.3,0.4,97,0.3464928495631978,0.21649484536082475
weighted,11,raw,0,0.5,4,0.4,0.5,83,0.44582604006224785,0.1927710843373494
weighted,11,raw,0,0.5,5,0.5,0.6,74,0.5504395145932285,0.4189189189189189
weighted,11,raw,0,0.5,6,0.6,0.7,75,0.6530980109292785,0.4
weighted,11,raw,0,0.5,7,0.7,0.8,80,0.7451210383091167,0.4625
weighted,11,raw,0,0.5,8,0.8,0.9,67,0.8400351343365434,0.5223880597014925
weighted,11,raw,0,0.5,9,0.9,1.0,2,0.9086574817260203,0.0
weighted,11,raw,1,0.5,0,0.0,0.1,8,0.08286085142568383,0.0
weighted,11,raw,1,0.5,1,0.1,0.2,22,0.16240367508076659,0.13636363636363635
weighted,11,raw,1,0.5,2,0.2,0.3,32,0.24318909721071919,0.125
weighted,11,raw,1,0.5,3,0.3,0.4,40,0.34520375313883717,0.325
weighted,11,raw,1,0.5,4,0.4,0.5,32,0.4515147049672228,0.15625
weighted,11,raw,1,0.5,5,0.5,0.6,33,0.5473186800501807,0.48484848484848486
weighted,11,raw,1,0.5,6,0.6,0.7,26,0.6467989183277395,0.5
weighted,11,raw,1,0.5,7,0.7,0.8,37,0.7491927314748513,0.7297297297297297
weighted,11,raw,1,0.5,8,0.8,0.9,37,0.8468584813599539,0.6216216216216216
weighted,11,raw,1,0.5,9,0.9,1.0,2,0.9073360739375047,0.0
weighted,11,raw_temperature,all,0.5,0,0.0,0.1,0,,
weighted,11,raw_temperature,all,0.5,1,0.1,0.2,120,0.15798361904939467,0.03333333333333333
weighted,11,raw_temperature,all,0.5,2,0.2,0.3,151,0.2509167307603899,0.1390728476821192
weighted,11,raw_temperature,all,0.5,3,0.3,0.4,154,0.3510083078208603,0.18181818181818182
weighted,11,raw_temperature,all,0.5,4,0.4,0.5,142,0.4477803506010587,0.20422535211267606
weighted,11,raw_temperature,all,0.5,5,0.5,0.6,123,0.5470647465136311,0.43089430894308944
weighted,11,raw_temperature,all,0.5,6,0.6,0.7,133,0.6486301319311186,0.45112781954887216
weighted,11,raw_temperature,all,0.5,7,0.7,0.8,128,0.7492109464276472,0.5625
weighted,11,raw_temperature,all,0.5,8,0.8,0.9,49,0.8291571942078587,0.5510204081632653
weighted,11,raw_temperature,all,0.5,9,0.9,1.0,0,,
weighted,11,raw_temperature,0,0.5,0,0.0,0.1,0,,
weighted,11,raw_temperature,0,0.5,1,0.1,0.2,102,0.15867783434336197,0.0196078431372549
weighted,11,raw_temperature,0,0.5,2,0.2,0.3,119,0.2510078111298773,0.13445378151260504
weighted,11,raw_temperature,0,0.5,3,0.3,0.4,108,0.3499588325086631,0.14814814814814814
weighted,11,raw_temperature,0,0.5,4,0.4,0.5,104,0.44612163869786825,0.22115384615384615
weighted,11,raw_temperature,0,0.5,5,0.5,0.6,84,0.5473428581393096,0.42857142857142855
weighted,11,raw_temperature,0,0.5,6,0.6,0.7,100,0.6484633455143358,0.39
weighted,11,raw_temperature,0,0.5,7,0.7,0.8,85,0.7489154477018273,0.5058823529411764
weighted,11,raw_temperature,0,0.5,8,0.8,0.9,29,0.828468396127038,0.5172413793103449
weighted,11,raw_temperature,0,0.5,9,0.9,1.0,0,,
weighted,11,raw_temperature,1,0.5,0,0.0,0.1,0,,
weighted,11,raw_temperature,1,0.5,1,0.1,0.2,18,0.15404973238358022,0.1111111111111111
weighted,11,raw_temperature,1,0.5,2,0.2,0.3,32,0.2505780256363586,0.15625
weighted,11,raw_temperature,1,0.5,3,0.3,0.4,46,0.35347229333645375,0.2608695652173913
weighted,11,raw_temperature,1,0.5,4,0.4,0.5,38,0.4523199831782116,0.15789473684210525
weighted,11,raw_temperature,1,0.5,5,0.5,0.6,39,0.5464657368583231,0.4358974358974359
weighted,11,raw_temperature,1,0.5,6,0.6,0.7,33,0.6491355453153089,0.6363636363636364
weighted,11,raw_temperature,1,0.5,7,0.7,0.8,43,0.7497950718158958,0.6744186046511628
weighted,11,raw_temperature,1,0.5,8,0.8,0.9,20,0.8301559514250488,0.6
weighted,11,raw_temperature,1,0.5,9,0.9,1.0,0,,
weighted,11,prior,all,0.5,0,0.0,0.1,181,0.06634239586577823,0.03314917127071823
weighted,11,prior,all,0.5,1,0.1,0.2,221,0.14672180274002336,0.18552036199095023
weighted,11,prior,all,0.5,2,0.2,0.3,159,0.24812594650648004,0.22012578616352202
weighted,11,prior,all,0.5,3,0.3,0.4,113,0.35025458454189873,0.415929203539823
weighted,11,prior,all,0.5,4,0.4,0.5,92,0.45040530414613444,0.41304347826086957
weighted,11,prior,all,0.5,5,0.5,0.6,95,0.5449658428059286,0.5473684210526316
weighted,11,prior,all,0.5,6,0.6,0.7,86,0.6524633505821703,0.5232558139534884
weighted,11,prior,all,0.5,7,0.7,0.8,49,0.7467952798536471,0.6122448979591837
weighted,11,prior,all,0.5,8,0.8,0.9,4,0.8148465827326693,0.0
weighted,11,prior,all,0.5,9,0.9,1.0,0,,
weighted,11,prior,0,0.5,0,0.0,0.1,151,0.0658378133948881,0.019867549668874173
weighted,11,prior,0,0.5,1,0.1,0.2,163,0.14576700592582212,0.17177914110429449
weighted,11,prior,0,0.5,2,0.2,0.3,115,0.2475527672674753,0.22608695652173913
weighted,11,prior,0,0.5,3,0.3,0.4,78,0.3511684659775937,0.3974358974358974
weighted,11,prior,0,0.5,4,0.4,0.5,68,0.45204602476890504,0.39705882352941174
weighted,11,prior,0,0.5,5,0.5,0.6,67,0.5434374526324466,0.43283582089552236
weighted,11,prior,0,0.5,6,0.6,0.7,57,0.6518310566321445,0.5087719298245614
weighted,11,prior,0,0.5,7,0.7,0.8,30,0.7454518531514502,0.5666666666666667
weighted,11,prior,0,0.5,8,0.8,0.9,2,0.8160341964079048,0.0
weighted,11,prior,0,0.5,9,0.9,1.0,0,,
weighted,11,prior,1,0.5,0,0.0,0.1,30,0.06888212763592512,0.1
weighted,11,prior,1,0.5,1,0.1,0.2,58,0.14940511102820964,0.22413793103448276
weighted,11,prior,1,0.5,2,0.2,0.3,44,0.24962402860842428,0.20454545454545456
weighted,11,prior,1,0.5,3,0.3,0.4,35,0.34821793448520716,0.45714285714285713
weighted,11,prior,1,0.5,4,0.4,0.5,24,0.44575659571495097,0.4583333333333333
weighted,11,prior,1,0.5,5,0.5,0.6,28,0.5486230621496176,0.8214285714285714
weighted,11,prior,1,0.5,6,0.6,0.7,29,0.6537061352425659,0.5517241379310345
weighted,11,prior,1,0.5,7,0.7,0.8,19,0.7489164799097476,0.6842105263157895
weighted,11,prior,1,0.5,8,0.8,0.9,2,0.813658969057434,0.0
weighted,11,prior,1,0.5,9,0.9,1.0,0,,
weighted,11,prior_temperature,all,0.5,0,0.0,0.1,121,0.07482025089884518,0.03305785123966942
weighted,11,prior_temperature,all,0.5,1,0.1,0.2,229,0.14960128101197429,0.13537117903930132
weighted,11,prior_temperature,all,0.5,2,0.2,0.3,176,0.24785658119636797,0.24431818181818182
weighted,11,prior_temperature,all,0.5,3,0.3,0.4,133,0.3476596333318048,0.3082706766917293
weighted,11,prior_temperature,all,0.5,4,0.4,0.5,107,0.4491513212161421,0.4485981308411215
weighted,11,prior_temperature,all,0.5,5,0.5,0.6,102,0.5434057059807139,0.5392156862745098
weighted,11,prior_temperature,all,0.5,6,0.6,0.7,92,0.6463238785221569,0.5434782608695652
weighted,11,prior_temperature,all,0.5,7,0.7,0.8,40,0.7394229601864085,0.55
weighted,11,prior_temperature,all,0.5,8,0.8,0.9,0,,
weighted,11,prior_temperature,all,0.5,9,0.9,1.0,0,,
weighted,11,prior_temperature,0,0.5,0,0.0,0.1,103,0.07522476681134486,0.019417475728155338
weighted,11,prior_temperature,0,0.5,1,0.1,0.2,177,0.1490882634973322,0.12994350282485875
weighted,11,prior_temperature,0,0.5,2,0.2,0.3,127,0.2504911967745733,0.23622047244094488
weighted,11,prior_temperature,0,0.5,3,0.3,0.4,90,0.3491773601362685,0.3
weighted,11,prior_temperature,0,0.5,4,0.4,0.5,78,0.4510560910625581,0.4230769230769231
weighted,11,prior_temperature,0,0.5,5,0.5,0.6,70,0.5406066081440853,0.42857142857142855
weighted,11,prior_temperature,0,0.5,6,0.6,0.7,62,0.6438824119036204,0.5161290322580645
weighted,11,prior_temperature,0,0.5,7,0.7,0.8,24,0.7376989741060545,0.5416666666666666
weighted,11,prior_temperature,0,0.5,8,0.8,0.9,0,,
weighted,11,prior_temperature,0,0.5,9,0.9,1.0,0,,
weighted,11,prior_temperature,1,0.5,0,0.0,0.1,18,0.07250552095509712,0.1111111111111111
weighted,11,prior_temperature,1,0.5,1,0.1,0.2,52,0.15134751370604446,0.15384615384615385
weighted,11,prior_temperature,1,0.5,2,0.2,0.3,49,0.24102808775897858,0.2653061224489796
weighted,11,prior_temperature,1,0.5,3,0.3,0.4,43,0.34448299583409,0.32558139534883723
weighted,11,prior_temperature,1,0.5,4,0.4,0.5,29,0.4440281471464716,0.5172413793103449
weighted,11,prior_temperature,1,0.5,5,0.5,0.6,32,0.5495287324983387,0.78125
weighted,11,prior_temperature,1,0.5,6,0.6,0.7,30,0.6513695762004658,0.6
weighted,11,prior_temperature,1,0.5,7,0.7,0.8,16,0.7420089393069396,0.5625
weighted,11,prior_temperature,1,0.5,8,0.8,0.9,0,,
weighted,11,prior_temperature,1,0.5,9,0.9,1.0,0,,
weighted,11,cost_theory,all,0.2,0,0.0,0.1,121,0.07482025089884518,0.03305785123966942
weighted,11,cost_theory,all,0.2,1,0.1,0.2,229,0.14960128101197429,0.13537117903930132
weighted,11,cost_theory,all,0.2,2,0.2,0.3,176,0.24785658119636797,0.24431818181818182
weighted,11,cost_theory,all,0.2,3,0.3,0.4,133,0.3476596333318048,0.3082706766917293
weighted,11,cost_theory,all,0.2,4,0.4,0.5,107,0.4491513212161421,0.4485981308411215
weighted,11,cost_theory,all,0.2,5,0.5,0.6,102,0.5434057059807139,0.5392156862745098
weighted,11,cost_theory,all,0.2,6,0.6,0.7,92,0.6463238785221569,0.5434782608695652
weighted,11,cost_theory,all,0.2,7,0.7,0.8,40,0.7394229601864085,0.55
weighted,11,cost_theory,all,0.2,8,0.8,0.9,0,,
weighted,11,cost_theory,all,0.2,9,0.9,1.0,0,,
weighted,11,cost_theory,0,0.2,0,0.0,0.1,103,0.07522476681134486,0.019417475728155338
weighted,11,cost_theory,0,0.2,1,0.1,0.2,177,0.1490882634973322,0.12994350282485875
weighted,11,cost_theory,0,0.2,2,0.2,0.3,127,0.2504911967745733,0.23622047244094488
weighted,11,cost_theory,0,0.2,3,0.3,0.4,90,0.3491773601362685,0.3
weighted,11,cost_theory,0,0.2,4,0.4,0.5,78,0.4510560910625581,0.4230769230769231
weighted,11,cost_theory,0,0.2,5,0.5,0.6,70,0.5406066081440853,0.42857142857142855
weighted,11,cost_theory,0,0.2,6,0.6,0.7,62,0.6438824119036204,0.5161290322580645
weighted,11,cost_theory,0,0.2,7,0.7,0.8,24,0.7376989741060545,0.5416666666666666
weighted,11,cost_theory,0,0.2,8,0.8,0.9,0,,
weighted,11,cost_theory,0,0.2,9,0.9,1.0,0,,
weighted,11,cost_theory,1,0.2,0,0.0,0.1,18,0.07250552095509712,0.1111111111111111
weighted,11,cost_theory,1,0.2,1,0.1,0.2,52,0.15134751370604446,0.15384615384615385
weighted,11,cost_theory,1,0.2,2,0.2,0.3,49,0.24102808775897858,0.2653061224489796
weighted,11,cost_theory,1,0.2,3,0.3,0.4,43,0.34448299583409,0.32558139534883723
weighted,11,cost_theory,1,0.2,4,0.4,0.5,29,0.4440281471464716,0.5172413793103449
weighted,11,cost_theory,1,0.2,5,0.5,0.6,32,0.5495287324983387,0.78125
weighted,11,cost_theory,1,0.2,6,0.6,0.7,30,0.6513695762004658,0.6
weighted,11,cost_theory,1,0.2,7,0.7,0.8,16,0.7420089393069396,0.5625
weighted,11,cost_theory,1,0.2,8,0.8,0.9,0,,
weighted,11,cost_theory,1,0.2,9,0.9,1.0,0,,
weighted,11,cost_validation,all,0.2,0,0.0,0.1,121,0.07482025089884518,0.03305785123966942
weighted,11,cost_validation,all,0.2,1,0.1,0.2,229,0.14960128101197429,0.13537117903930132
weighted,11,cost_validation,all,0.2,2,0.2,0.3,176,0.24785658119636797,0.24431818181818182
weighted,11,cost_validation,all,0.2,3,0.3,0.4,133,0.3476596333318048,0.3082706766917293
weighted,11,cost_validation,all,0.2,4,0.4,0.5,107,0.4491513212161421,0.4485981308411215
weighted,11,cost_validation,all,0.2,5,0.5,0.6,102,0.5434057059807139,0.5392156862745098
weighted,11,cost_validation,all,0.2,6,0.6,0.7,92,0.6463238785221569,0.5434782608695652
weighted,11,cost_validation,all,0.2,7,0.7,0.8,40,0.7394229601864085,0.55
weighted,11,cost_validation,all,0.2,8,0.8,0.9,0,,
weighted,11,cost_validation,all,0.2,9,0.9,1.0,0,,
weighted,11,cost_validation,0,0.2,0,0.0,0.1,103,0.07522476681134486,0.019417475728155338
weighted,11,cost_validation,0,0.2,1,0.1,0.2,177,0.1490882634973322,0.12994350282485875
weighted,11,cost_validation,0,0.2,2,0.2,0.3,127,0.2504911967745733,0.23622047244094488
weighted,11,cost_validation,0,0.2,3,0.3,0.4,90,0.3491773601362685,0.3
weighted,11,cost_validation,0,0.2,4,0.4,0.5,78,0.4510560910625581,0.4230769230769231
weighted,11,cost_validation,0,0.2,5,0.5,0.6,70,0.5406066081440853,0.42857142857142855
weighted,11,cost_validation,0,0.2,6,0.6,0.7,62,0.6438824119036204,0.5161290322580645
weighted,11,cost_validation,0,0.2,7,0.7,0.8,24,0.7376989741060545,0.5416666666666666
weighted,11,cost_validation,0,0.2,8,0.8,0.9,0,,
weighted,11,cost_validation,0,0.2,9,0.9,1.0,0,,
weighted,11,cost_validation,1,0.2,0,0.0,0.1,18,0.07250552095509712,0.1111111111111111
weighted,11,cost_validation,1,0.2,1,0.1,0.2,52,0.15134751370604446,0.15384615384615385
weighted,11,cost_validation,1,0.2,2,0.2,0.3,49,0.24102808775897858,0.2653061224489796
weighted,11,cost_validation,1,0.2,3,0.3,0.4,43,0.34448299583409,0.32558139534883723
weighted,11,cost_validation,1,0.2,4,0.4,0.5,29,0.4440281471464716,0.5172413793103449
weighted,11,cost_validation,1,0.2,5,0.5,0.6,32,0.5495287324983387,0.78125
weighted,11,cost_validation,1,0.2,6,0.6,0.7,30,0.6513695762004658,0.6
weighted,11,cost_validation,1,0.2,7,0.7,0.8,16,0.7420089393069396,0.5625
weighted,11,cost_validation,1,0.2,8,0.8,0.9,0,,
weighted,11,cost_validation,1,0.2,9,0.9,1.0,0,,
weighted,23,raw,all,0.5,0,0.0,0.1,40,0.0841990363323063,0.0
weighted,23,raw,all,0.5,1,0.1,0.2,182,0.15150116131811228,0.09340659340659341
weighted,23,raw,all,0.5,2,0.2,0.3,122,0.2514372723380711,0.13934426229508196
weighted,23,raw,all,0.5,3,0.3,0.4,116,0.3473623953767302,0.22413793103448276
weighted,23,raw,all,0.5,4,0.4,0.5,96,0.4458092980967752,0.22916666666666666
weighted,23,raw,all,0.5,5,0.5,0.6,96,0.548753486801395,0.3333333333333333
weighted,23,raw,all,0.5,6,0.6,0.7,106,0.6488272442749632,0.4811320754716981
weighted,23,raw,all,0.5,7,0.7,0.8,129,0.7480190510299516,0.5271317829457365
weighted,23,raw,all,0.5,8,0.8,0.9,112,0.8364441886229095,0.5446428571428571
weighted,23,raw,all,0.5,9,0.9,1.0,1,0.9074294029605507,0.0
weighted,23,raw,0,0.5,0,0.0,0.1,32,0.08487719091832592,0.0
weighted,23,raw,0,0.5,1,0.1,0.2,148,0.14884083575276721,0.08108108108108109
weighted,23,raw,0,0.5,2,0.2,0.3,95,0.24978155740180705,0.12631578947368421
weighted,23,raw,0,0.5,3,0.3,0.4,79,0.34734485323537617,0.21518987341772153
weighted,23,raw,0,0.5,4,0.4,0.5,73,0.44353110966776693,0.2191780821917808
weighted,23,raw,0,0.5,5,0.5,0.6,65,0.551696525208646,0.3076923076923077
weighted,23,raw,0,0.5,6,0.6,0.7,77,0.6506842135522656,0.4805194805194805
weighted,23,raw,0,0.5,7,0.7,0.8,90,0.746175571368489,0.43333333333333335
weighted,23,raw,0,0.5,8,0.8,0.9,71,0.834405641020504,0.5211267605633803
weighted,23,raw,0,0.5,9,0.9,1.0,1,0.9074294029605507,0.0
weighted,23,raw,1,0.5,0,0.0,0.1,8,0.08148641798822781,0.0
weighted,23,raw,1,0.5,1,0.1,0.2,34,0.1630814020143201,0.14705882352941177
weighted,23,raw,1,0.5,2,0.2,0.3,27,0.2572629360027039,0.18518518518518517
weighted,23,raw,1,0.5,3,0.3,0.4,37,0.34739985021908065,0.24324324324324326
weighted,23,raw,1,0.5,4,0.4,0.5,23,0.4530400700671059,0.2608695652173913
weighted,23,raw,1,0.5,5,0.5,0.6,31,0.5425825998184494,0.3870967741935484
weighted,23,raw,1,0.5,6,0.6,0.7,29,0.6438966706766086,0.4827586206896552
weighted,23,raw,1,0.5,7,0.7,0.8,39,0.7522732348640963,0.7435897435897436
weighted,23,raw,1,0.5,8,0.8,0.9,41,0.8399743564221976,0.5853658536585366
weighted,23,raw,1,0.5,9,0.9,1.0,0,,
weighted,23,raw_temperature,all,0.5,0,0.0,0.1,0,,
weighted,23,raw_temperature,all,0.5,1,0.1,0.2,126,0.15739749863992458,0.031746031746031744
weighted,23,raw_temperature,all,0.5,2,0.2,0.3,162,0.2444918005065413,0.13580246913580246
weighted,23,raw_temperature,all,0.5,3,0.3,0.4,149,0.3495877500746493,0.2080536912751678
weighted,23,raw_temperature,all,0.5,4,0.4,0.5,119,0.44711056511019825,0.21008403361344538
weighted,23,raw_temperature,all,0.5,5,0.5,0.6,117,0.5481960723461392,0.37606837606837606
weighted,23,raw_temperature,all,0.5,6,0.6,0.7,140,0.6493781141145103,0.44285714285714284
weighted,23,raw_temperature,all,0.5,7,0.7,0.8,144,0.7466015056569536,0.5694444444444444
weighted,23,raw_temperature,all,0.5,8,0.8,0.9,43,0.8182371096103945,0.5581395348837209
weighted,23,raw_temperature,all,0.5,9,0.9,1.0,0,,
weighted,23,raw_temperature,0,0.5,0,0.0,0.1,0,,
weighted,23,raw_temperature,0,0.5,1,0.1,0.2,107,0.1582878953068745,0.018691588785046728
weighted,23,raw_temperature,0,0.5,2,0.2,0.3,127,0.24443294936016893,0.13385826771653545
weighted,23,raw_temperature,0,0.5,3,0.3,0.4,105,0.3489485347006743,0.18095238095238095
weighted,23,raw_temperature,0,0.5,4,0.4,0.5,88,0.4468145039303791,0.2159090909090909
weighted,23,raw_temperature,0,0.5,5,0.5,0.6,78,0.5493174171047488,0.358974358974359
weighted,23,raw_temperature,0,0.5,6,0.6,0.7,105,0.6495000190738249,0.4
weighted,23,raw_temperature,0,0.5,7,0.7,0.8,97,0.7469898283234719,0.5154639175257731
weighted,23,raw_temperature,0,0.5,8,0.8,0.9,24,0.8196743986559816,0.5416666666666666
weighted,23,raw_temperature,0,0.5,9,0.9,1.0,0,,
weighted,23,raw_temperature,1,0.5,0,0.0,0.1,0,,
weighted,23,raw_temperature,1,0.5,1,0.1,0.2,19,0.15238315951552217,0.10526315789473684
weighted,23,raw_temperature,1,0.5,2,0.2,0.3,35,0.24470534609480704,0.14285714285714285
weighted,23,raw_temperature,1,0.5,3,0.3,0.4,44,0.351113150398908,0.2727272727272727
weighted,23,raw_temperature,1,0.5,4,0.4,0.5,31,0.44795099684645895,0.1935483870967742
weighted,23,raw_temperature,1,0.5,5,0.5,0.6,39,0.5459533828289204,0.41025641025641024
weighted,23,raw_temperature,1,0.5,6,0.6,0.7,35,0.649012399236566,0.5714285714285714
weighted,23,raw_temperature,1,0.5,7,0.7,0.8,47,0.7458000737707351,0.6808510638297872
weighted,23,raw_temperature,1,0.5,8,0.8,0.9,19,0.8164215866054426,0.5789473684210527
weighted,23,raw_temperature,1,0.5,9,0.9,1.0,0,,
weighted,23,prior,all,0.5,0,0.0,0.1,222,0.06778603095543752,0.07657657657657657
weighted,23,prior,all,0.5,1,0.1,0.2,196,0.1492844239295002,0.17346938775510204
weighted,23,prior,all,0.5,2,0.2,0.3,133,0.24680553128307606,0.23308270676691728
weighted,23,prior,all,0.5,3,0.3,0.4,101,0.3496577034268245,0.31683168316831684
weighted,23,prior,all,0.5,4,0.4,0.5,98,0.44798195070867947,0.4897959183673469
weighted,23,prior,all,0.5,5,0.5,0.6,103,0.549479473432474,0.49514563106796117
weighted,23,prior,all,0.5,6,0.6,0.7,99,0.6497971172745948,0.5454545454545454
weighted,23,prior,all,0.5,7,0.7,0.8,47,0.7382977427784907,0.574468085106383
weighted,23,prior,all,0.5,8,0.8,0.9,1,0.8137739718340451,0.0
weighted,23,prior,all,0.5,9,0.9,1.0,0,,
weighted,23,prior,0,0.5,0,0.0,0.1,180,0.06676188017912583,0.06666666666666667
weighted,23,prior,0,0.5,1,0.1,0.2,145,0.14693373574382496,0.14482758620689656
weighted,23,prior,0,0.5,2,0.2,0.3,99,0.24685908211298319,0.24242424242424243
weighted,23,prior,0,0.5,3,0.3,0.4,68,0.3525772555474218,0.29411764705882354
weighted,23,prior,0,0.5,4,0.4,0.5,71,0.45003331742803243,0.5070422535211268
weighted,23,prior,0,0.5,5,0.5,0.6,74,0.547633568271343,0.3783783783783784
weighted,23,prior,0,0.5,6,0.6,0.7,65,0.6497505971629617,0.5076923076923077
weighted,23,prior,0,0.5,7,0.7,0.8,28,0.7364395887157704,0.5714285714285714
weighted,23,prior,0,0.5,8,0.8,0.9,1,0.8137739718340451,0.0
weighted,23,prior,0,0.5,9,0.9,1.0,0,,
weighted,23,prior,1,0.5,0,0.0,0.1,42,0.07217524856820193,0.11904761904761904
weighted,23,prior,1,0.5,1,0.1,0.2,51,0.15596775308485128,0.2549019607843137
weighted,23,prior,1,0.5,2,0.2,0.3,34,0.24664960386658172,0.20588235294117646
weighted,23,prior,1,0.5,3,0.3,0.4,33,0.34364165663286633,0.36363636363636365
weighted,23,prior,1,0.5,4,0.4,0.5,27,0.44258761600223295,0.4444444444444444
weighted,23,prior,1,0.5,5,0.5,0.6,29,0.5541897141884637,0.7931034482758621
weighted,23,prior,1,0.5,6,0.6,0.7,34,0.649886052782129,0.6176470588235294
weighted,23,prior,1,0.5,7,0.7,0.8,19,0.7410360750814473,0.5789473684210527
weighted,23,prior,1,0.5,8,0.8,0.9,0,,
weighted,23,prior,1,0.5,9,0.9,1.0,0,,
weighted,23,prior_temperature,all,0.5,0,0.0,0.1,126,0.07502589803447357,0.031746031746031744
weighted,23,prior_temperature,all,0.5,1,0.1,0.2,236,0.14536495002531646,0.13559322033898305
weighted,23,prior_temperature,all,0.5,2,0.2,0.3,162,0.2489550844743098,0.24691358024691357
weighted,23,prior_temperature,all,0.5,3,0.3,0.4,113,0.34933947431810985,0.2920353982300885
weighted,23,prior_temperature,all,0.5,4,0.4,0.5,113,0.4482588160962435,0.4690265486725664
weighted,23,prior_temperature,all,0.5,5,0.5,0.6,117,0.548942687723011,0.49572649572649574
weighted,23,prior_temperature,all,0.5,6,0.6,0.7,105,0.6479008531833633,0.5619047619047619
weighted,23,prior_temperature,all,0.5,7,0.7,0.8,28,0.7274564522669017,0.5357142857142857
weighted,23,prior_temperature,all,0.5,8,0.8,0.9,0,,
weighted,23,prior_temperature,all,0.5,9,0.9,1.0,0,,
weighted,23,prior_temperature,0,0.5,0,0.0,0.1,107,0.07551233430657511,0.018691588785046728
weighted,23,prior_temperature,0,0.5,1,0.1,0.2,180,0.144168982984174,0.13333333333333333
weighted,23,prior_temperature,0,0.5,2,0.2,0.3,119,0.2508136260435304,0.23529411764705882
weighted,23,prior_temperature,0,0.5,3,0.3,0.4,74,0.3506337079366722,0.2702702702702703
weighted,23,prior_temperature,0,0.5,4,0.4,0.5,83,0.4492280554176378,0.46987951807228917
weighted,23,prior_temperature,0,0.5,5,0.5,0.6,82,0.546293654744509,0.3780487804878049
weighted,23,prior_temperature,0,0.5,6,0.6,0.7,69,0.6457284448424783,0.5362318840579711
weighted,23,prior_temperature,0,0.5,7,0.7,0.8,17,0.7284757715225593,0.5294117647058824
weighted,23,prior_temperature,0,0.5,8,0.8,0.9,0,,
weighted,23,prior_temperature,0,0.5,9,0.9,1.0,0,,
weighted,23,prior_temperature,1,0.5,0,0.0,0.1,19,0.0722864937652703,0.10526315789473684
weighted,23,prior_temperature,1,0.5,1,0.1,0.2,56,0.14920912980041745,0.14285714285714285
weighted,23,prior_temperature,1,0.5,2,0.2,0.3,43,0.24381167873623444,0.27906976744186046
weighted,23,prior_temperature,1,0.5,3,0.3,0.4,39,0.34688374899058105,0.3333333333333333
weighted,23,prior_temperature,1,0.5,4,0.4,0.5,30,0.44557725397371944,0.4666666666666667
weighted,23,prior_temperature,1,0.5,5,0.5,0.6,35,0.555148993558359,0.7714285714285715
weighted,23,prior_temperature,1,0.5,6,0.6,0.7,36,0.6520646358367262,0.6111111111111112
weighted,23,prior_temperature,1,0.5,7,0.7,0.8,11,0.7258811406899762,0.5454545454545454
weighted,23,prior_temperature,1,0.5,8,0.8,0.9,0,,
weighted,23,prior_temperature,1,0.5,9,0.9,1.0,0,,
weighted,23,cost_theory,all,0.2,0,0.0,0.1,126,0.07502589803447357,0.031746031746031744
weighted,23,cost_theory,all,0.2,1,0.1,0.2,236,0.14536495002531646,0.13559322033898305
weighted,23,cost_theory,all,0.2,2,0.2,0.3,162,0.2489550844743098,0.24691358024691357
weighted,23,cost_theory,all,0.2,3,0.3,0.4,113,0.34933947431810985,0.2920353982300885
weighted,23,cost_theory,all,0.2,4,0.4,0.5,113,0.4482588160962435,0.4690265486725664
weighted,23,cost_theory,all,0.2,5,0.5,0.6,117,0.548942687723011,0.49572649572649574
weighted,23,cost_theory,all,0.2,6,0.6,0.7,105,0.6479008531833633,0.5619047619047619
weighted,23,cost_theory,all,0.2,7,0.7,0.8,28,0.7274564522669017,0.5357142857142857
weighted,23,cost_theory,all,0.2,8,0.8,0.9,0,,
weighted,23,cost_theory,all,0.2,9,0.9,1.0,0,,
weighted,23,cost_theory,0,0.2,0,0.0,0.1,107,0.07551233430657511,0.018691588785046728
weighted,23,cost_theory,0,0.2,1,0.1,0.2,180,0.144168982984174,0.13333333333333333
weighted,23,cost_theory,0,0.2,2,0.2,0.3,119,0.2508136260435304,0.23529411764705882
weighted,23,cost_theory,0,0.2,3,0.3,0.4,74,0.3506337079366722,0.2702702702702703
weighted,23,cost_theory,0,0.2,4,0.4,0.5,83,0.4492280554176378,0.46987951807228917
weighted,23,cost_theory,0,0.2,5,0.5,0.6,82,0.546293654744509,0.3780487804878049
weighted,23,cost_theory,0,0.2,6,0.6,0.7,69,0.6457284448424783,0.5362318840579711
weighted,23,cost_theory,0,0.2,7,0.7,0.8,17,0.7284757715225593,0.5294117647058824
weighted,23,cost_theory,0,0.2,8,0.8,0.9,0,,
weighted,23,cost_theory,0,0.2,9,0.9,1.0,0,,
weighted,23,cost_theory,1,0.2,0,0.0,0.1,19,0.0722864937652703,0.10526315789473684
weighted,23,cost_theory,1,0.2,1,0.1,0.2,56,0.14920912980041745,0.14285714285714285
weighted,23,cost_theory,1,0.2,2,0.2,0.3,43,0.24381167873623444,0.27906976744186046
weighted,23,cost_theory,1,0.2,3,0.3,0.4,39,0.34688374899058105,0.3333333333333333
weighted,23,cost_theory,1,0.2,4,0.4,0.5,30,0.44557725397371944,0.4666666666666667
weighted,23,cost_theory,1,0.2,5,0.5,0.6,35,0.555148993558359,0.7714285714285715
weighted,23,cost_theory,1,0.2,6,0.6,0.7,36,0.6520646358367262,0.6111111111111112
weighted,23,cost_theory,1,0.2,7,0.7,0.8,11,0.7258811406899762,0.5454545454545454
weighted,23,cost_theory,1,0.2,8,0.8,0.9,0,,
weighted,23,cost_theory,1,0.2,9,0.9,1.0,0,,
weighted,23,cost_validation,all,0.2,0,0.0,0.1,126,0.07502589803447357,0.031746031746031744
weighted,23,cost_validation,all,0.2,1,0.1,0.2,236,0.14536495002531646,0.13559322033898305
weighted,23,cost_validation,all,0.2,2,0.2,0.3,162,0.2489550844743098,0.24691358024691357
weighted,23,cost_validation,all,0.2,3,0.3,0.4,113,0.34933947431810985,0.2920353982300885
weighted,23,cost_validation,all,0.2,4,0.4,0.5,113,0.4482588160962435,0.4690265486725664
weighted,23,cost_validation,all,0.2,5,0.5,0.6,117,0.548942687723011,0.49572649572649574
weighted,23,cost_validation,all,0.2,6,0.6,0.7,105,0.6479008531833633,0.5619047619047619
weighted,23,cost_validation,all,0.2,7,0.7,0.8,28,0.7274564522669017,0.5357142857142857
weighted,23,cost_validation,all,0.2,8,0.8,0.9,0,,
weighted,23,cost_validation,all,0.2,9,0.9,1.0,0,,
weighted,23,cost_validation,0,0.2,0,0.0,0.1,107,0.07551233430657511,0.018691588785046728
weighted,23,cost_validation,0,0.2,1,0.1,0.2,180,0.144168982984174,0.13333333333333333
weighted,23,cost_validation,0,0.2,2,0.2,0.3,119,0.2508136260435304,0.23529411764705882
weighted,23,cost_validation,0,0.2,3,0.3,0.4,74,0.3506337079366722,0.2702702702702703
weighted,23,cost_validation,0,0.2,4,0.4,0.5,83,0.4492280554176378,0.46987951807228917
weighted,23,cost_validation,0,0.2,5,0.5,0.6,82,0.546293654744509,0.3780487804878049
weighted,23,cost_validation,0,0.2,6,0.6,0.7,69,0.6457284448424783,0.5362318840579711
weighted,23,cost_validation,0,0.2,7,0.7,0.8,17,0.7284757715225593,0.5294117647058824
weighted,23,cost_validation,0,0.2,8,0.8,0.9,0,,
weighted,23,cost_validation,0,0.2,9,0.9,1.0,0,,
weighted,23,cost_validation,1,0.2,0,0.0,0.1,19,0.0722864937652703,0.10526315789473684
weighted,23,cost_validation,1,0.2,1,0.1,0.2,56,0.14920912980041745,0.14285714285714285
weighted,23,cost_validation,1,0.2,2,0.2,0.3,43,0.24381167873623444,0.27906976744186046
weighted,23,cost_validation,1,0.2,3,0.3,0.4,39,0.34688374899058105,0.3333333333333333
weighted,23,cost_validation,1,0.2,4,0.4,0.5,30,0.44557725397371944,0.4666666666666667
weighted,23,cost_validation,1,0.2,5,0.5,0.6,35,0.555148993558359,0.7714285714285715
weighted,23,cost_validation,1,0.2,6,0.6,0.7,36,0.6520646358367262,0.6111111111111112
weighted,23,cost_validation,1,0.2,7,0.7,0.8,11,0.7258811406899762,0.5454545454545454
weighted,23,cost_validation,1,0.2,8,0.8,0.9,0,,
weighted,23,cost_validation,1,0.2,9,0.9,1.0,0,,
weighted,37,raw,all,0.5,0,0.0,0.1,33,0.08903570765134129,0.0
weighted,37,raw,all,0.5,1,0.1,0.2,186,0.15371515528087684,0.08602150537634409
weighted,37,raw,all,0.5,2,0.2,0.3,122,0.2530363648823031,0.13114754098360656
weighted,37,raw,all,0.5,3,0.3,0.4,111,0.3488954023453949,0.25225225225225223
weighted,37,raw,all,0.5,4,0.4,0.5,108,0.44710287875601556,0.2037037037037037
weighted,37,raw,all,0.5,5,0.5,0.6,98,0.5480741794620588,0.3979591836734694
weighted,37,raw,all,0.5,6,0.6,0.7,100,0.651005634583654,0.44
weighted,37,raw,all,0.5,7,0.7,0.8,142,0.7500765450926882,0.5070422535211268
weighted,37,raw,all,0.5,8,0.8,0.9,100,0.8345150243417805,0.57
weighted,37,raw,all,0.5,9,0.9,1.0,0,,
weighted,37,raw,0,0.5,0,0.0,0.1,29,0.08965907914540613,0.0
weighted,37,raw,0,0.5,1,0.1,0.2,150,0.15219319090801353,0.07333333333333333
weighted,37,raw,0,0.5,2,0.2,0.3,94,0.2525699399107213,0.11702127659574468
weighted,37,raw,0,0.5,3,0.3,0.4,77,0.35269991975979703,0.23376623376623376
weighted,37,raw,0,0.5,4,0.4,0.5,79,0.4470640700153883,0.22784810126582278
weighted,37,raw,0,0.5,5,0.5,0.6,67,0.5510771356093607,0.373134328358209
weighted,37,raw,0,0.5,6,0.6,0.7,74,0.653038196166789,0.43243243243243246
weighted,37,raw,0,0.5,7,0.7,0.8,101,0.7492463251962503,0.42574257425742573
weighted,37,raw,0,0.5,8,0.8,0.9,60,0.8342410821970233,0.5333333333333333
weighted,37,raw,0,0.5,9,0.9,1.0,0,,
weighted,37,raw,1,0.5,0,0.0,0.1,4,0.0845162643193712,0.0
weighted,37,raw,1,0.5,1,0.1,0.2,36,0.1600566735011407,0.1388888888888889
weighted,37,raw,1,0.5,2,0.2,0.3,28,0.25460222014404194,0.17857142857142858
weighted,37,raw,1,0.5,3,0.3,0.4,34,0.3402792893774841,0.29411764705882354
weighted,37,raw,1,0.5,4,0.4,0.5,29,0.44720859911841415,0.13793103448275862
weighted,37,raw,1,0.5,5,0.5,0.6,31,0.5415839194017605,0.45161290322580644
weighted,37,raw,1,0.5,6,0.6,0.7,26,0.64522065161627,0.46153846153846156
weighted,37,raw,1,0.5,7,0.7,0.8,41,0.7521217209351317,0.7073170731707317
weighted,37,raw,1,0.5,8,0.8,0.9,40,0.8349259375589162,0.625
weighted,37,raw,1,0.5,9,0.9,1.0,0,,
weighted,37,raw_temperature,all,0.5,0,0.0,0.1,0,,
weighted,37,raw_temperature,all,0.5,1,0.1,0.2,130,0.16459894932164945,0.03076923076923077
weighted,37,raw_temperature,all,0.5,2,0.2,0.3,159,0.2467226387985992,0.13836477987421383
weighted,37,raw_temperature,all,0.5,3,0.3,0.4,136,0.3476698353902673,0.18382352941176472
weighted,37,raw_temperature,all,0.5,4,0.4,0.5,135,0.44718569709367634,0.22962962962962963
weighted,37,raw_temperature,all,0.5,5,0.5,0.6,120,0.5486856579071235,0.425
weighted,37,raw_temperature,all,0.5,6,0.6,0.7,137,0.6544533524693479,0.41605839416058393
weighted,37,raw_temperature,all,0.5,7,0.7,0.8,152,0.7503534327718874,0.5526315789473685
weighted,37,raw_temperature,all,0.5,8,0.8,0.9,31,0.8166128400611584,0.6451612903225806
weighted,37,raw_temperature,all,0.5,9,0.9,1.0,0,,
weighted,37,raw_temperature,0,0.5,0,0.0,0.1,0,,
weighted,37,raw_temperature,0,0.5,1,0.1,0.2,113,0.16531369992428777,0.017699115044247787
weighted,37,raw_temperature,0,0.5,2,0.2,0.3,121,0.24754270674115064,0.14049586776859505
weighted,37,raw_temperature,0,0.5,3,0.3,0.4,92,0.3458725278390785,0.13043478260869565
weighted,37,raw_temperature,0,0.5,4,0.4,0.5,103,0.4454462601241888,0.2621359223300971
weighted,37,raw_temperature,0,0.5,5,0.5,0.6,82,0.5506695525114477,0.4024390243902439
weighted,37,raw_temperature,0,0.5,6,0.6,0.7,103,0.6554080662427593,0.3786407766990291
weighted,37,raw_temperature,0,0.5,7,0.7,0.8,101,0.749926236048402,0.49504950495049505
weighted,37,raw_temperature,0,0.5,8,0.8,0.9,16,0.8179271827533285,0.625
weighted,37,raw_temperature,0,0.5,9,0.9,1.0,0,,
weighted,37,raw_temperature,1,0.5,0,0.0,0.1,0,,
weighted,37,raw_temperature,1,0.5,1,0.1,0.2,17,0.15984796002175944,0.11764705882352941
weighted,37,raw_temperature,1,0.5,2,0.2,0.3,38,0.24411136982363288,0.13157894736842105
weighted,37,raw_temperature,1,0.5,3,0.3,0.4,44,0.3514278420882072,0.29545454545454547
weighted,37,raw_temperature,1,0.5,4,0.4,0.5,32,0.45278450983921426,0.125
weighted,37,raw_temperature,1,0.5,5,0.5,0.6,38,0.5444046221820028,0.47368421052631576
weighted,37,raw_temperature,1,0.5,6,0.6,0.7,34,0.6515611313322482,0.5294117647058824
weighted,37,raw_temperature,1,0.5,7,0.7,0.8,51,0.7511994498125153,0.6666666666666666
weighted,37,raw_temperature,1,0.5,8,0.8,0.9,15,0.8152108745228434,0.6666666666666666
weighted,37,raw_temperature,1,0.5,9,0.9,1.0,0,,
weighted,37,prior,all,0.5,0,0.0,0.1,218,0.06999701410311397,0.07339449541284404
weighted,37,prior,all,0.5,1,0.1,0.2,187,0.14719791844587293,0.16042780748663102
weighted,37,prior,all,0.5,2,0.2,0.3,145,0.24618641737372732,0.2413793103448276
weighted,37,prior,all,0.5,3,0.3,0.4,108,0.3472457196674036,0.37037037037037035
weighted,37,prior,all,0.5,4,0.4,0.5,93,0.4510080775262612,0.44086021505376344
weighted,37,prior,all,0.5,5,0.5,0.6,105,0.5488675224016449,0.5047619047619047
weighted,37,prior,all,0.5,6,0.6,0.7,100,0.6462047494507932,0.52
weighted,37,prior,all,0.5,7,0.7,0.8,44,0.7272613165232731,0.6136363636363636
weighted,37,prior,all,0.5,8,0.8,0.9,0,,
weighted,37,prior,all,0.5,9,0.9,1.0,0,,
weighted,37,prior,0,0.5,0,0.0,0.1,178,0.06894490341321942,0.06179775280898876
weighted,37,prior,0,0.5,1,0.1,0.2,136,0.14537822765608757,0.1323529411764706
weighted,37,prior,0,0.5,2,0.2,0.3,109,0.24675257205071188,0.25688073394495414
weighted,37,prior,0,0.5,3,0.3,0.4,73,0.3501695553354405,0.3561643835616438
weighted,37,prior,0,0.5,4,0.4,0.5,68,0.45276278413544696,0.4411764705882353
weighted,37,prior,0,0.5,5,0.5,0.6,79,0.5493981896824698,0.4050632911392405
weighted,37,prior,0,0.5,6,0.6,0.7,63,0.6478337231474022,0.47619047619047616
weighted,37,prior,0,0.5,7,0.7,0.8,25,0.7265773746631744,0.6
weighted,37,prior,0,0.5,8,0.8,0.9,0,,
weighted,37,prior,0,0.5,9,0.9,1.0,0,,
weighted,37,prior,1,0.5,0,0.0,0.1,40,0.07467890667314468,0.125
weighted,37,prior,1,0.5,1,0.1,0.2,51,0.1520504272186339,0.23529411764705882
weighted,37,prior,1,0.5,2,0.2,0.3,36,0.24447222682396857,0.19444444444444445
weighted,37,prior,1,0.5,3,0.3,0.4,35,0.3411474338454983,0.4
weighted,37,prior,1,0.5,4,0.4,0.5,25,0.4462352755492763,0.44
weighted,37,prior,1,0.5,5,0.5,0.6,26,0.547255110279139,0.8076923076923077
weighted,37,prior,1,0.5,6,0.6,0.7,37,0.6434310915349453,0.5945945945945946
weighted,37,prior,1,0.5,7,0.7,0.8,19,0.7281612400234029,0.631578947368421
weighted,37,prior,1,0.5,8,0.8,0.9,0,,
weighted,37,prior,1,0.5,9,0.9,1.0,0,,
weighted,37,prior_temperature,all,0.5,0,0.0,0.1,131,0.0793137076253828,0.030534351145038167
weighted,37,prior_temperature,all,0.5,1,0.1,0.2,229,0.14613260280045903,0.13973799126637554
weighted,37,prior_temperature,all,0.5,2,0.2,0.3,157,0.24760490748046837,0.25477707006369427
weighted,37,prior_temperature,all,0.5,3,0.3,0.4,128,0.3470340469851236,0.296875
weighted,37,prior_temperature,all,0.5,4,0.4,0.5,106,0.4508827051699511,0.4528301886792453
weighted,37,prior_temperature,all,0.5,5,0.5,0.6,121,0.5497653748917288,0.512396694214876
weighted,37,prior_temperature,all,0.5,6,0.6,0.7,108,0.6466044757338023,0.5277777777777778
weighted,37,prior_temperature,all,0.5,7,0.7,0.8,20,0.7220468530879511,0.65
weighted,37,prior_temperature,all,0.5,8,0.8,0.9,0,,
weighted,37,prior_temperature,all,0.5,9,0.9,1.0,0,,
weighted,37,prior_temperature,0,0.5,0,0.0,0.1,114,0.07974207570028108,0.017543859649122806
weighted,37,prior_temperature,0,0.5,1,0.1,0.2,171,0.14570375595253224,0.1286549707602339
weighted,37,prior_temperature,0,0.5,2,0.2,0.3,112,0.24924259396001974,0.25892857142857145
weighted,37,prior_temperature,0,0.5,3,0.3,0.4,89,0.34700188765909146,0.2808988764044944
weighted,37,prior_temperature,0,0.5,4,0.4,0.5,78,0.4518776806948755,0.44871794871794873
weighted,37,prior_temperature,0,0.5,5,0.5,0.6,87,0.5480487396753405,0.41379310344827586
weighted,37,prior_temperature,0,0.5,6,0.6,0.7,68,0.6448242351956966,0.5
weighted,37,prior_temperature,0,0.5,7,0.7,0.8,12,0.7209585655226073,0.5833333333333334
weighted,37,prior_temperature,0,0.5,8,0.8,0.9,0,,
weighted,37,prior_temperature,0,0.5,9,0.9,1.0,0,,
weighted,37,prior_temperature,1,0.5,0,0.0,0.1,17,0.07644112171135907,0.11764705882352941
weighted,37,prior_temperature,1,0.5,1,0.1,0.2,58,0.14739696161072602,0.1724137931034483
weighted,37,prior_temperature,1,0.5,2,0.2,0.3,45,0.2435288877980294,0.24444444444444444
weighted,37,prior_temperature,1,0.5,3,0.3,0.4,39,0.3471074362163252,0.3333333333333333
weighted,37,prior_temperature,1,0.5,4,0.4,0.5,28,0.448110987636233,0.4642857142857143
weighted,37,prior_temperature,1,0.5,5,0.5,0.6,34,0.5541579414748405,0.7647058823529411
weighted,37,prior_temperature,1,0.5,6,0.6,0.7,40,0.6496308846485815,0.575
weighted,37,prior_temperature,1,0.5,7,0.7,0.8,8,0.723679284435967,0.75
weighted,37,prior_temperature,1,0.5,8,0.8,0.9,0,,
weighted,37,prior_temperature,1,0.5,9,0.9,1.0,0,,
weighted,37,cost_theory,all,0.2,0,0.0,0.1,131,0.0793137076253828,0.030534351145038167
weighted,37,cost_theory,all,0.2,1,0.1,0.2,229,0.14613260280045903,0.13973799126637554
weighted,37,cost_theory,all,0.2,2,0.2,0.3,157,0.24760490748046837,0.25477707006369427
weighted,37,cost_theory,all,0.2,3,0.3,0.4,128,0.3470340469851236,0.296875
weighted,37,cost_theory,all,0.2,4,0.4,0.5,106,0.4508827051699511,0.4528301886792453
weighted,37,cost_theory,all,0.2,5,0.5,0.6,121,0.5497653748917288,0.512396694214876
weighted,37,cost_theory,all,0.2,6,0.6,0.7,108,0.6466044757338023,0.5277777777777778
weighted,37,cost_theory,all,0.2,7,0.7,0.8,20,0.7220468530879511,0.65
weighted,37,cost_theory,all,0.2,8,0.8,0.9,0,,
weighted,37,cost_theory,all,0.2,9,0.9,1.0,0,,
weighted,37,cost_theory,0,0.2,0,0.0,0.1,114,0.07974207570028108,0.017543859649122806
weighted,37,cost_theory,0,0.2,1,0.1,0.2,171,0.14570375595253224,0.1286549707602339
weighted,37,cost_theory,0,0.2,2,0.2,0.3,112,0.24924259396001974,0.25892857142857145
weighted,37,cost_theory,0,0.2,3,0.3,0.4,89,0.34700188765909146,0.2808988764044944
weighted,37,cost_theory,0,0.2,4,0.4,0.5,78,0.4518776806948755,0.44871794871794873
weighted,37,cost_theory,0,0.2,5,0.5,0.6,87,0.5480487396753405,0.41379310344827586
weighted,37,cost_theory,0,0.2,6,0.6,0.7,68,0.6448242351956966,0.5
weighted,37,cost_theory,0,0.2,7,0.7,0.8,12,0.7209585655226073,0.5833333333333334
weighted,37,cost_theory,0,0.2,8,0.8,0.9,0,,
weighted,37,cost_theory,0,0.2,9,0.9,1.0,0,,
weighted,37,cost_theory,1,0.2,0,0.0,0.1,17,0.07644112171135907,0.11764705882352941
weighted,37,cost_theory,1,0.2,1,0.1,0.2,58,0.14739696161072602,0.1724137931034483
weighted,37,cost_theory,1,0.2,2,0.2,0.3,45,0.2435288877980294,0.24444444444444444
weighted,37,cost_theory,1,0.2,3,0.3,0.4,39,0.3471074362163252,0.3333333333333333
weighted,37,cost_theory,1,0.2,4,0.4,0.5,28,0.448110987636233,0.4642857142857143
weighted,37,cost_theory,1,0.2,5,0.5,0.6,34,0.5541579414748405,0.7647058823529411
weighted,37,cost_theory,1,0.2,6,0.6,0.7,40,0.6496308846485815,0.575
weighted,37,cost_theory,1,0.2,7,0.7,0.8,8,0.723679284435967,0.75
weighted,37,cost_theory,1,0.2,8,0.8,0.9,0,,
weighted,37,cost_theory,1,0.2,9,0.9,1.0,0,,
weighted,37,cost_validation,all,0.2,0,0.0,0.1,131,0.0793137076253828,0.030534351145038167
weighted,37,cost_validation,all,0.2,1,0.1,0.2,229,0.14613260280045903,0.13973799126637554
weighted,37,cost_validation,all,0.2,2,0.2,0.3,157,0.24760490748046837,0.25477707006369427
weighted,37,cost_validation,all,0.2,3,0.3,0.4,128,0.3470340469851236,0.296875
weighted,37,cost_validation,all,0.2,4,0.4,0.5,106,0.4508827051699511,0.4528301886792453
weighted,37,cost_validation,all,0.2,5,0.5,0.6,121,0.5497653748917288,0.512396694214876
weighted,37,cost_validation,all,0.2,6,0.6,0.7,108,0.6466044757338023,0.5277777777777778
weighted,37,cost_validation,all,0.2,7,0.7,0.8,20,0.7220468530879511,0.65
weighted,37,cost_validation,all,0.2,8,0.8,0.9,0,,
weighted,37,cost_validation,all,0.2,9,0.9,1.0,0,,
weighted,37,cost_validation,0,0.2,0,0.0,0.1,114,0.07974207570028108,0.017543859649122806
weighted,37,cost_validation,0,0.2,1,0.1,0.2,171,0.14570375595253224,0.1286549707602339
weighted,37,cost_validation,0,0.2,2,0.2,0.3,112,0.24924259396001974,0.25892857142857145
weighted,37,cost_validation,0,0.2,3,0.3,0.4,89,0.34700188765909146,0.2808988764044944
weighted,37,cost_validation,0,0.2,4,0.4,0.5,78,0.4518776806948755,0.44871794871794873
weighted,37,cost_validation,0,0.2,5,0.5,0.6,87,0.5480487396753405,0.41379310344827586
weighted,37,cost_validation,0,0.2,6,0.6,0.7,68,0.6448242351956966,0.5
weighted,37,cost_validation,0,0.2,7,0.7,0.8,12,0.7209585655226073,0.5833333333333334
weighted,37,cost_validation,0,0.2,8,0.8,0.9,0,,
weighted,37,cost_validation,0,0.2,9,0.9,1.0,0,,
weighted,37,cost_validation,1,0.2,0,0.0,0.1,17,0.07644112171135907,0.11764705882352941
weighted,37,cost_validation,1,0.2,1,0.1,0.2,58,0.14739696161072602,0.1724137931034483
weighted,37,cost_validation,1,0.2,2,0.2,0.3,45,0.2435288877980294,0.24444444444444444
weighted,37,cost_validation,1,0.2,3,0.3,0.4,39,0.3471074362163252,0.3333333333333333
weighted,37,cost_validation,1,0.2,4,0.4,0.5,28,0.448110987636233,0.4642857142857143
weighted,37,cost_validation,1,0.2,5,0.5,0.6,34,0.5541579414748405,0.7647058823529411
weighted,37,cost_validation,1,0.2,6,0.6,0.7,40,0.6496308846485815,0.575
weighted,37,cost_validation,1,0.2,7,0.7,0.8,8,0.723679284435967,0.75
weighted,37,cost_validation,1,0.2,8,0.8,0.9,0,,
weighted,37,cost_validation,1,0.2,9,0.9,1.0,0,,
resampled,11,raw,all,0.5,0,0.0,0.1,39,0.08330728763610128,0.0
resampled,11,raw,all,0.5,1,0.1,0.2,143,0.15169568161393643,0.04195804195804196
resampled,11,raw,all,0.5,2,0.2,0.3,137,0.24511673126897063,0.16058394160583941
resampled,11,raw,all,0.5,3,0.3,0.4,138,0.34668753981699485,0.2391304347826087
resampled,11,raw,all,0.5,4,0.4,0.5,116,0.4480879873018068,0.20689655172413793
resampled,11,raw,all,0.5,5,0.5,0.6,103,0.5481871481014845,0.4368932038834951
resampled,11,raw,all,0.5,6,0.6,0.7,112,0.6525195777377435,0.42857142857142855
resampled,11,raw,all,0.5,7,0.7,0.8,108,0.7477979334935779,0.5555555555555556
resampled,11,raw,all,0.5,8,0.8,0.9,102,0.8404154769364655,0.5490196078431373
resampled,11,raw,all,0.5,9,0.9,1.0,2,0.9092910900222143,0.0
resampled,11,raw,0,0.5,0,0.0,0.1,32,0.08381976376385598,0.0
resampled,11,raw,0,0.5,1,0.1,0.2,119,0.14976254503754874,0.025210084033613446
resampled,11,raw,0,0.5,2,0.2,0.3,105,0.24512593316886558,0.17142857142857143
resampled,11,raw,0,0.5,3,0.3,0.4,96,0.34619825094307016,0.20833333333333334
resampled,11,raw,0,0.5,4,0.4,0.5,85,0.44540361310780724,0.21176470588235294
resampled,11,raw,0,0.5,5,0.5,0.6,71,0.5487351551281802,0.4225352112676056
resampled,11,raw,0,0.5,6,0.6,0.7,83,0.6531968996351322,0.3855421686746988
resampled,11,raw,0,0.5,7,0.7,0.8,74,0.7465883963651355,0.4864864864864865
resampled,11,raw,0,0.5,8,0.8,0.9,65,0.8378862486983079,0.5076923076923077
resampled,11,raw,0,0.5,9,0.9,1.0,1,0.9095803802235458,0.0
resampled,11,raw,1,0.5,0,0.0,0.1,7,0.08096453962350818,0.0
resampled,11,raw,1,0.5,1,0.1,0.2,24,0.16128081713852516,0.125
resampled,11,raw,1,0.5,2,0.2,0.3,32,0.24508653753494025,0.125
resampled,11,raw,1,0.5,3,0.3,0.4,42,0.3478059143859656,0.30952380952380953
resampled,11,raw,1,0.5,4,0.4,0.5,31,0.455448368156322,0.1935483870967742
resampled,11,raw,1,0.5,5,0.5,0.6,32,0.5469712575110036,0.46875
resampled,11,raw,1,0.5,6,0.6,0.7,29,0.6505810357555621,0.5517241379310345
resampled,11,raw,1,0.5,7,0.7,0.8,34,0.7504304554790119,0.7058823529411765
resampled,11,raw,1,0.5,8,0.8,0.9,37,0.8448587157332282,0.6216216216216216
resampled,11,raw,1,0.5,9,0.9,1.0,1,0.9090017998208828,0.0
resampled,11,raw_temperature,all,0.5,0,0.0,0.1,4,0.09828581571926462,0.0
resampled,11,raw_temperature,all,0.5,1,0.1,0.2,120,0.1566737609827405,0.03333333333333333
resampled,11,raw_temperature,all,0.5,2,0.2,0.3,153,0.24871254338486037,0.13725490196078433
resampled,11,raw_temperature,all,0.5,3,0.3,0.4,157,0.35062148311552116,0.18471337579617833
resampled,11,raw_temperature,all,0.5,4,0.4,0.5,139,0.44858434707847006,0.22302158273381295
resampled,11,raw_temperature,all,0.5,5,0.5,0.6,122,0.5483794286948904,0.4262295081967213
resampled,11,raw_temperature,all,0.5,6,0.6,0.7,134,0.6508433529893702,0.4626865671641791
resampled,11,raw_temperature,all,0.5,7,0.7,0.8,122,0.7511571756940693,0.5573770491803278
resampled,11,raw_temperature,all,0.5,8,0.8,0.9,49,0.8296299200518192,0.5510204081632653
resampled,11,raw_temperature,all,0.5,9,0.9,1.0,0,,
resampled,11,raw_temperature,0,0.5,0,0.0,0.1,4,0.09828581571926462,0.0
resampled,11,raw_temperature,0,0.5,1,0.1,0.2,101,0.15752989609468207,0.019801980198019802
resampled,11,raw_temperature,0,0.5,2,0.2,0.3,121,0.24882421226962673,0.1322314049586777
resampled,11,raw_temperature,0,0.5,3,0.3,0.4,111,0.3506146515945526,0.15315315315315314
resampled,11,raw_temperature,0,0.5,4,0.4,0.5,100,0.44734912401066035,0.24
resampled,11,raw_temperature,0,0.5,5,0.5,0.6,84,0.5489325148728933,0.42857142857142855
resampled,11,raw_temperature,0,0.5,6,0.6,0.7,101,0.6509676229090334,0.39603960396039606
resampled,11,raw_temperature,0,0.5,7,0.7,0.8,80,0.7513780873260951,0.5
resampled,11,raw_temperature,0,0.5,8,0.8,0.9,29,0.8289274938014908,0.5172413793103449
resampled,11,raw_temperature,0,0.5,9,0.9,1.0,0,,
resampled,11,raw_temperature,1,0.5,0,0.0,0.1,0,,
resampled,11,raw_temperature,1,0.5,1,0.1,0.2,19,0.1521227269666301,0.10526315789473684
resampled,11,raw_temperature,1,0.5,2,0.2,0.3,32,0.24829029541433736,0.15625
resampled,11,raw_temperature,1,0.5,3,0.3,0.4,46,0.35063796787264084,0.2608695652173913
resampled,11,raw_temperature,1,0.5,4,0.4,0.5,39,0.4517515857138795,0.1794871794871795
resampled,11,raw_temperature,1,0.5,5,0.5,0.6,38,0.5471568171435153,0.42105263157894735
resampled,11,raw_temperature,1,0.5,6,0.6,0.7,33,0.6504630117200979,0.6666666666666666
resampled,11,raw_temperature,1,0.5,7,0.7,0.8,42,0.750736391633068,0.6666666666666666
resampled,11,raw_temperature,1,0.5,8,0.8,0.9,20,0.8306484381147955,0.6
resampled,11,raw_temperature,1,0.5,9,0.9,1.0,0,,
resampled,11,prior,all,0.5,0,0.0,0.1,182,0.06656808990903258,0.03296703296703297
resampled,11,prior,all,0.5,1,0.1,0.2,224,0.14678861791294778,0.1875
resampled,11,prior,all,0.5,2,0.2,0.3,158,0.24734568512920266,0.21518987341772153
resampled,11,prior,all,0.5,3,0.3,0.4,112,0.3478955519005336,0.42857142857142855
resampled,11,prior,all,0.5,4,0.4,0.5,97,0.44882297520279063,0.422680412371134
resampled,11,prior,all,0.5,5,0.5,0.6,93,0.5438681071245431,0.5483870967741935
resampled,11,prior,all,0.5,6,0.6,0.7,85,0.6499009001818352,0.5294117647058824
resampled,11,prior,all,0.5,7,0.7,0.8,47,0.7455678062459299,0.574468085106383
resampled,11,prior,all,0.5,8,0.8,0.9,2,0.8171397786091126,0.0
resampled,11,prior,all,0.5,9,0.9,1.0,0,,
resampled,11,prior,0,0.5,0,0.0,0.1,151,0.06588187820908697,0.019867549668874173
resampled,11,prior,0,0.5,1,0.1,0.2,165,0.14531026733304855,0.1696969696969697
resampled,11,prior,0,0.5,2,0.2,0.3,115,0.24629389767450688,0.22608695652173913
resampled,11,prior,0,0.5,3,0.3,0.4,77,0.34845423844251255,0.4155844155844156
resampled,11,prior,0,0.5,4,0.4,0.5,73,0.45049370883294326,0.3972602739726027
resampled,11,prior,0,0.5,5,0.5,0.6,64,0.542404235490216,0.421875
resampled,11,prior,0,0.5,6,0.6,0.7,57,0.6491586819042541,0.5263157894736842
resampled,11,prior,0,0.5,7,0.7,0.8,28,0.744850199495511,0.5357142857142857
resampled,11,prior,0,0.5,8,0.8,0.9,1,0.817663857649824,0.0
resampled,11,prior,0,0.5,9,0.9,1.0,0,,
resampled,11,prior,1,0.5,0,0.0,0.1,31,0.06991060496360635,0.0967741935483871
resampled,11,prior,1,0.5,1,0.1,0.2,59,0.15092298817876756,0.23728813559322035
resampled,11,prior,1,0.5,2,0.2,0.3,43,0.2501586050661797,0.18604651162790697
resampled,11,prior,1,0.5,3,0.3,0.4,35,0.34666644150817993,0.45714285714285713
resampled,11,prior,1,0.5,4,0.4,0.5,24,0.4437411604110763,0.5
resampled,11,prior,1,0.5,5,0.5,0.6,29,0.5470987203865062,0.8275862068965517
resampled,11,prior,1,0.5,6,0.6,0.7,28,0.6514118445326254,0.5357142857142857
resampled,11,prior,1,0.5,7,0.7,0.8,19,0.7466253319833891,0.631578947368421
resampled,11,prior,1,0.5,8,0.8,0.9,1,0.8166156995684012,0.0
resampled,11,prior,1,0.5,9,0.9,1.0,0,,
resampled,11,prior_temperature,all,0.5,0,0.0,0.1,124,0.07505862234042607,0.03225806451612903
resampled,11,prior_temperature,all,0.5,1,0.1,0.2,235,0.15066242578374175,0.14042553191489363
resampled,11,prior_temperature,all,0.5,2,0.2,0.3,172,0.24874192493771582,0.2441860465116279
resampled,11,prior_temperature,all,0.5,3,0.3,0.4,134,0.34745022007627396,0.3208955223880597
resampled,11,prior_temperature,all,0.5,4,0.4,0.5,108,0.4494910871996713,0.4537037037037037
resampled,11,prior_temperature,all,0.5,5,0.5,0.6,102,0.5439214000908803,0.5196078431372549
resampled,11,prior_temperature,all,0.5,6,0.6,0.7,89,0.6455717564405969,0.550561797752809
resampled,11,prior_temperature,all,0.5,7,0.7,0.8,36,0.7372957162698465,0.5833333333333334
resampled,11,prior_temperature,all,0.5,8,0.8,0.9,0,,
resampled,11,prior_temperature,all,0.5,9,0.9,1.0,0,,
resampled,11,prior_temperature,0,0.5,0,0.0,0.1,105,0.07531354587563983,0.01904761904761905
resampled,11,prior_temperature,0,0.5,1,0.1,0.2,180,0.14953462601279785,0.13333333333333333
resampled,11,prior_temperature,0,0.5,2,0.2,0.3,126,0.2508606797891224,0.23809523809523808
resampled,11,prior_temperature,0,0.5,3,0.3,0.4,90,0.3492087236670181,0.3111111111111111
resampled,11,prior_temperature,0,0.5,4,0.4,0.5,80,0.4515739947992401,0.425
resampled,11,prior_temperature,0,0.5,5,0.5,0.6,69,0.541887744108116,0.4057971014492754
resampled,11,prior_temperature,0,0.5,6,0.6,0.7,60,0.6434626664473957,0.5333333333333333
resampled,11,prior_temperature,0,0.5,7,0.7,0.8,21,0.7365236672903795,0.5714285714285714
resampled,11,prior_temperature,0,0.5,8,0.8,0.9,0,,
resampled,11,prior_temperature,0,0.5,9,0.9,1.0,0,,
resampled,11,prior_temperature,1,0.5,0,0.0,0.1,19,0.07364983438266581,0.10526315789473684
resampled,11,prior_temperature,1,0.5,1,0.1,0.2,55,0.15435340685228563,0.16363636363636364
resampled,11,prior_temperature,1,0.5,2,0.2,0.3,46,0.24293837904038454,0.2608695652173913
resampled,11,prior_temperature,1,0.5,3,0.3,0.4,44,0.34385328091338824,0.3409090909090909
resampled,11,prior_temperature,1,0.5,4,0.4,0.5,28,0.4435399226294746,0.5357142857142857
resampled,11,prior_temperature,1,0.5,5,0.5,0.6,33,0.5481735898730238,0.7575757575757576
resampled,11,prior_temperature,1,0.5,6,0.6,0.7,29,0.6499353909092889,0.5862068965517241
resampled,11,prior_temperature,1,0.5,7,0.7,0.8,15,0.7383765848411004,0.6
resampled,11,prior_temperature,1,0.5,8,0.8,0.9,0,,
resampled,11,prior_temperature,1,0.5,9,0.9,1.0,0,,
resampled,11,cost_theory,all,0.2,0,0.0,0.1,124,0.07505862234042607,0.03225806451612903
resampled,11,cost_theory,all,0.2,1,0.1,0.2,235,0.15066242578374175,0.14042553191489363
resampled,11,cost_theory,all,0.2,2,0.2,0.3,172,0.24874192493771582,0.2441860465116279
resampled,11,cost_theory,all,0.2,3,0.3,0.4,134,0.34745022007627396,0.3208955223880597
resampled,11,cost_theory,all,0.2,4,0.4,0.5,108,0.4494910871996713,0.4537037037037037
resampled,11,cost_theory,all,0.2,5,0.5,0.6,102,0.5439214000908803,0.5196078431372549
resampled,11,cost_theory,all,0.2,6,0.6,0.7,89,0.6455717564405969,0.550561797752809
resampled,11,cost_theory,all,0.2,7,0.7,0.8,36,0.7372957162698465,0.5833333333333334
resampled,11,cost_theory,all,0.2,8,0.8,0.9,0,,
resampled,11,cost_theory,all,0.2,9,0.9,1.0,0,,
resampled,11,cost_theory,0,0.2,0,0.0,0.1,105,0.07531354587563983,0.01904761904761905
resampled,11,cost_theory,0,0.2,1,0.1,0.2,180,0.14953462601279785,0.13333333333333333
resampled,11,cost_theory,0,0.2,2,0.2,0.3,126,0.2508606797891224,0.23809523809523808
resampled,11,cost_theory,0,0.2,3,0.3,0.4,90,0.3492087236670181,0.3111111111111111
resampled,11,cost_theory,0,0.2,4,0.4,0.5,80,0.4515739947992401,0.425
resampled,11,cost_theory,0,0.2,5,0.5,0.6,69,0.541887744108116,0.4057971014492754
resampled,11,cost_theory,0,0.2,6,0.6,0.7,60,0.6434626664473957,0.5333333333333333
resampled,11,cost_theory,0,0.2,7,0.7,0.8,21,0.7365236672903795,0.5714285714285714
resampled,11,cost_theory,0,0.2,8,0.8,0.9,0,,
resampled,11,cost_theory,0,0.2,9,0.9,1.0,0,,
resampled,11,cost_theory,1,0.2,0,0.0,0.1,19,0.07364983438266581,0.10526315789473684
resampled,11,cost_theory,1,0.2,1,0.1,0.2,55,0.15435340685228563,0.16363636363636364
resampled,11,cost_theory,1,0.2,2,0.2,0.3,46,0.24293837904038454,0.2608695652173913
resampled,11,cost_theory,1,0.2,3,0.3,0.4,44,0.34385328091338824,0.3409090909090909
resampled,11,cost_theory,1,0.2,4,0.4,0.5,28,0.4435399226294746,0.5357142857142857
resampled,11,cost_theory,1,0.2,5,0.5,0.6,33,0.5481735898730238,0.7575757575757576
resampled,11,cost_theory,1,0.2,6,0.6,0.7,29,0.6499353909092889,0.5862068965517241
resampled,11,cost_theory,1,0.2,7,0.7,0.8,15,0.7383765848411004,0.6
resampled,11,cost_theory,1,0.2,8,0.8,0.9,0,,
resampled,11,cost_theory,1,0.2,9,0.9,1.0,0,,
resampled,11,cost_validation,all,0.2,0,0.0,0.1,124,0.07505862234042607,0.03225806451612903
resampled,11,cost_validation,all,0.2,1,0.1,0.2,235,0.15066242578374175,0.14042553191489363
resampled,11,cost_validation,all,0.2,2,0.2,0.3,172,0.24874192493771582,0.2441860465116279
resampled,11,cost_validation,all,0.2,3,0.3,0.4,134,0.34745022007627396,0.3208955223880597
resampled,11,cost_validation,all,0.2,4,0.4,0.5,108,0.4494910871996713,0.4537037037037037
resampled,11,cost_validation,all,0.2,5,0.5,0.6,102,0.5439214000908803,0.5196078431372549
resampled,11,cost_validation,all,0.2,6,0.6,0.7,89,0.6455717564405969,0.550561797752809
resampled,11,cost_validation,all,0.2,7,0.7,0.8,36,0.7372957162698465,0.5833333333333334
resampled,11,cost_validation,all,0.2,8,0.8,0.9,0,,
resampled,11,cost_validation,all,0.2,9,0.9,1.0,0,,
resampled,11,cost_validation,0,0.2,0,0.0,0.1,105,0.07531354587563983,0.01904761904761905
resampled,11,cost_validation,0,0.2,1,0.1,0.2,180,0.14953462601279785,0.13333333333333333
resampled,11,cost_validation,0,0.2,2,0.2,0.3,126,0.2508606797891224,0.23809523809523808
resampled,11,cost_validation,0,0.2,3,0.3,0.4,90,0.3492087236670181,0.3111111111111111
resampled,11,cost_validation,0,0.2,4,0.4,0.5,80,0.4515739947992401,0.425
resampled,11,cost_validation,0,0.2,5,0.5,0.6,69,0.541887744108116,0.4057971014492754
resampled,11,cost_validation,0,0.2,6,0.6,0.7,60,0.6434626664473957,0.5333333333333333
resampled,11,cost_validation,0,0.2,7,0.7,0.8,21,0.7365236672903795,0.5714285714285714
resampled,11,cost_validation,0,0.2,8,0.8,0.9,0,,
resampled,11,cost_validation,0,0.2,9,0.9,1.0,0,,
resampled,11,cost_validation,1,0.2,0,0.0,0.1,19,0.07364983438266581,0.10526315789473684
resampled,11,cost_validation,1,0.2,1,0.1,0.2,55,0.15435340685228563,0.16363636363636364
resampled,11,cost_validation,1,0.2,2,0.2,0.3,46,0.24293837904038454,0.2608695652173913
resampled,11,cost_validation,1,0.2,3,0.3,0.4,44,0.34385328091338824,0.3409090909090909
resampled,11,cost_validation,1,0.2,4,0.4,0.5,28,0.4435399226294746,0.5357142857142857
resampled,11,cost_validation,1,0.2,5,0.5,0.6,33,0.5481735898730238,0.7575757575757576
resampled,11,cost_validation,1,0.2,6,0.6,0.7,29,0.6499353909092889,0.5862068965517241
resampled,11,cost_validation,1,0.2,7,0.7,0.8,15,0.7383765848411004,0.6
resampled,11,cost_validation,1,0.2,8,0.8,0.9,0,,
resampled,11,cost_validation,1,0.2,9,0.9,1.0,0,,
resampled,23,raw,all,0.5,0,0.0,0.1,31,0.08505952636170136,0.0
resampled,23,raw,all,0.5,1,0.1,0.2,177,0.1519136639091544,0.07909604519774012
resampled,23,raw,all,0.5,2,0.2,0.3,123,0.24836468686231164,0.15447154471544716
resampled,23,raw,all,0.5,3,0.3,0.4,126,0.34890982752543004,0.21428571428571427
resampled,23,raw,all,0.5,4,0.4,0.5,98,0.4502132750872554,0.22448979591836735
resampled,23,raw,all,0.5,5,0.5,0.6,96,0.5519429113606082,0.3333333333333333
resampled,23,raw,all,0.5,6,0.6,0.7,107,0.6497419547216837,0.4766355140186916
resampled,23,raw,all,0.5,7,0.7,0.8,133,0.7483841421842072,0.5263157894736842
resampled,23,raw,all,0.5,8,0.8,0.9,108,0.8350706779031405,0.5462962962962963
resampled,23,raw,all,0.5,9,0.9,1.0,1,0.9046842435808792,0.0
resampled,23,raw,0,0.5,0,0.0,0.1,24,0.08551244091462172,0.0
resampled,23,raw,0,0.5,1,0.1,0.2,146,0.14935655707893838,0.0684931506849315
resampled,23,raw,0,0.5,2,0.2,0.3,96,0.247822109602956,0.14583333333333334
resampled,23,raw,0,0.5,3,0.3,0.4,85,0.3481411028953573,0.2
resampled,23,raw,0,0.5,4,0.4,0.5,75,0.4473898279382255,0.21333333333333335
resampled,23,raw,0,0.5,5,0.5,0.6,65,0.5542764949100255,0.3076923076923077
resampled,23,raw,0,0.5,6,0.6,0.7,78,0.6513087397195183,0.47435897435897434
resampled,23,raw,0,0.5,7,0.7,0.8,92,0.7461782982234987,0.44565217391304346
resampled,23,raw,0,0.5,8,0.8,0.9,69,0.8327187891586763,0.5072463768115942
resampled,23,raw,0,0.5,9,0.9,1.0,1,0.9046842435808792,0.0
resampled,23,raw,1,0.5,0,0.0,0.1,7,0.08350667646597443,0.0
resampled,23,raw,1,0.5,1,0.1,0.2,31,0.1639568122063007,0.12903225806451613
resampled,23,raw,1,0.5,2,0.2,0.3,27,0.25029385045113156,0.18518518518518517
resampled,23,raw,1,0.5,3,0.3,0.4,41,0.35050352492923914,0.24390243902439024
resampled,23,raw,1,0.5,4,0.4,0.5,23,0.45942016796452695,0.2608695652173913
resampled,23,raw,1,0.5,5,0.5,0.6,31,0.547049913595701,0.3870967741935484
resampled,23,raw,1,0.5,6,0.6,0.7,29,0.6455278433481972,0.4827586206896552
resampled,23,raw,1,0.5,7,0.7,0.8,41,0.7533338408277479,0.7073170731707317
resampled,23,raw,1,0.5,8,0.8,0.9,39,0.8392317118356549,0.6153846153846154
resampled,23,raw,1,0.5,9,0.9,1.0,0,,
resampled,23,raw_temperature,all,0.5,0,0.0,0.1,0,,
resampled,23,raw_temperature,all,0.5,1,0.1,0.2,123,0.16010040154823713,0.032520325203252036
resampled,23,raw_temperature,all,0.5,2,0.2,0.3,159,0.24646143788767674,0.13836477987421383
resampled,23,raw_temperature,all,0.5,3,0.3,0.4,146,0.3497872217848177,0.1917808219178082
resampled,23,raw_temperature,all,0.5,4,0.4,0.5,127,0.44802560948705844,0.2204724409448819
resampled,23,raw_temperature,all,0.5,5,0.5,0.6,115,0.5502057014952771,0.3739130434782609
resampled,23,raw_temperature,all,0.5,6,0.6,0.7,143,0.6502681013481615,0.4405594405594406
resampled,23,raw_temperature,all,0.5,7,0.7,0.8,144,0.7469255148350933,0.5694444444444444
resampled,23,raw_temperature,all,0.5,8,0.8,0.9,43,0.8177371203460466,0.5581395348837209
resampled,23,raw_temperature,all,0.5,9,0.9,1.0,0,,
resampled,23,raw_temperature,0,0.5,0,0.0,0.1,0,,
resampled,23,raw_temperature,0,0.5,1,0.1,0.2,104,0.1608487029324934,0.019230769230769232
resampled,23,raw_temperature,0,0.5,2,0.2,0.3,127,0.24690552178057457,0.13385826771653545
resampled,23,raw_temperature,0,0.5,3,0.3,0.4,102,0.3498046254970485,0.16666666666666666
resampled,23,raw_temperature,0,0.5,4,0.4,0.5,93,0.4479068514492031,0.22580645161290322
resampled,23,raw_temperature,0,0.5,5,0.5,0.6,77,0.551085229339875,0.36363636363636365
resampled,23,raw_temperature,0,0.5,6,0.6,0.7,107,0.6504802033969034,0.3925233644859813
resampled,23,raw_temperature,0,0.5,7,0.7,0.8,97,0.7473016685757903,0.5154639175257731
resampled,23,raw_temperature,0,0.5,8,0.8,0.9,24,0.8191582567585027,0.5416666666666666
resampled,23,raw_temperature,0,0.5,9,0.9,1.0,0,,
resampled,23,raw_temperature,1,0.5,0,0.0,0.1,0,,
resampled,23,raw_temperature,1,0.5,1,0.1,0.2,19,0.15600443607651848,0.10526315789473684
resampled,23,raw_temperature,1,0.5,2,0.2,0.3,32,0.2446989799377387,0.15625
resampled,23,raw_temperature,1,0.5,3,0.3,0.4,44,0.34974687681555533,0.25
resampled,23,raw_temperature,1,0.5,4,0.4,0.5,34,0.4483504476494272,0.20588235294117646
resampled,23,raw_temperature,1,0.5,5,0.5,0.6,38,0.5484235003364861,0.39473684210526316
resampled,23,raw_temperature,1,0.5,6,0.6,0.7,36,0.649637686925512,0.5833333333333334
resampled,23,raw_temperature,1,0.5,7,0.7,0.8,47,0.7461491975404634,0.6808510638297872
resampled,23,raw_temperature,1,0.5,8,0.8,0.9,19,0.8159420006671545,0.5789473684210527
resampled,23,raw_temperature,1,0.5,9,0.9,1.0,0,,
resampled,23,prior,all,0.5,0,0.0,0.1,207,0.06896940626953836,0.06280193236714976
resampled,23,prior,all,0.5,1,0.1,0.2,201,0.14806530933950518,0.1791044776119403
resampled,23,prior,all,0.5,2,0.2,0.3,140,0.24742268845530374,0.2357142857142857
resampled,23,prior,all,0.5,3,0.3,0.4,103,0.35159791416160846,0.3106796116504854
resampled,23,prior,all,0.5,4,0.4,0.5,99,0.4490578111860203,0.48484848484848486
resampled,23,prior,all,0.5,5,0.5,0.6,107,0.5502913983003108,0.48598130841121495
resampled,23,prior,all,0.5,6,0.6,0.7,98,0.6498915049051179,0.5612244897959183
resampled,23,prior,all,0.5,7,0.7,0.8,44,0.7360366704433674,0.5681818181818182
resampled,23,prior,all,0.5,8,0.8,0.9,1,0.8088365682118597,0.0
resampled,23,prior,all,0.5,9,0.9,1.0,0,,
resampled,23,prior,0,0.5,0,0.0,0.1,169,0.06805645541379009,0.05325443786982249
resampled,23,prior,0,0.5,1,0.1,0.2,151,0.14664097921135955,0.15894039735099338
resampled,23,prior,0,0.5,2,0.2,0.3,101,0.24814368448738752,0.2376237623762376
resampled,23,prior,0,0.5,3,0.3,0.4,70,0.35342883830956456,0.2857142857142857
resampled,23,prior,0,0.5,4,0.4,0.5,72,0.45080010136902565,0.5
resampled,23,prior,0,0.5,5,0.5,0.6,78,0.5492855200550004,0.3717948717948718
resampled,23,prior,0,0.5,6,0.6,0.7,64,0.6516874352441236,0.53125
resampled,23,prior,0,0.5,7,0.7,0.8,25,0.735857156348784,0.56
resampled,23,prior,0,0.5,8,0.8,0.9,1,0.8088365682118597,0.0
resampled,23,prior,0,0.5,9,0.9,1.0,0,,
resampled,23,prior,1,0.5,0,0.0,0.1,38,0.0730296350753662,0.10526315789473684
resampled,23,prior,1,0.5,1,0.1,0.2,50,0.1523667863265049,0.24
resampled,23,prior,1,0.5,2,0.2,0.3,39,0.2455554936029843,0.23076923076923078
resampled,23,prior,1,0.5,3,0.3,0.4,33,0.34771413566594395,0.36363636363636365
resampled,23,prior,1,0.5,4,0.4,0.5,27,0.4444117040313391,0.4444444444444444
resampled,23,prior,1,0.5,5,0.5,0.6,29,0.5529968639256285,0.7931034482758621
resampled,23,prior,1,0.5,6,0.6,0.7,34,0.6465109301493426,0.6176470588235294
resampled,23,prior,1,0.5,7,0.7,0.8,19,0.7362728731993985,0.5789473684210527
resampled,23,prior,1,0.5,8,0.8,0.9,0,,
resampled,23,prior,1,0.5,9,0.9,1.0,0,,
resampled,23,prior_temperature,all,0.5,0,0.0,0.1,127,0.07483798599144166,0.031496062992125984
resampled,23,prior_temperature,all,0.5,1,0.1,0.2,235,0.14558205931191084,0.13617021276595745
resampled,23,prior_temperature,all,0.5,2,0.2,0.3,161,0.24912514622305118,0.2422360248447205
resampled,23,prior_temperature,all,0.5,3,0.3,0.4,113,0.34913982313526865,0.3008849557522124
resampled,23,prior_temperature,all,0.5,4,0.4,0.5,114,0.448257714336338,0.4649122807017544
resampled,23,prior_temperature,all,0.5,5,0.5,0.6,117,0.548929987543753,0.49572649572649574
resampled,23,prior_temperature,all,0.5,6,0.6,0.7,105,0.6476121545141648,0.5619047619047619
resampled,23,prior_temperature,all,0.5,7,0.7,0.8,28,0.7272098739191667,0.5357142857142857
resampled,23,prior_temperature,all,0.5,8,0.8,0.9,0,,
resampled,23,prior_temperature,all,0.5,9,0.9,1.0,0,,
resampled,23,prior_temperature,0,0.5,0,0.0,0.1,108,0.07535555793825764,0.018518518518518517
resampled,23,prior_temperature,0,0.5,1,0.1,0.2,179,0.1444170029604812,0.1340782122905028
resampled,23,prior_temperature,0,0.5,2,0.2,0.3,119,0.2512397323974204,0.23529411764705882
resampled,23,prior_temperature,0,0.5,3,0.3,0.4,73,0.35064572593663623,0.273972602739726
resampled,23,prior_temperature,0,0.5,4,0.4,0.5,84,0.44902273833296696,0.4642857142857143
resampled,23,prior_temperature,0,0.5,5,0.5,0.6,82,0.5462850057572594,0.3780487804878049
resampled,23,prior_temperature,0,0.5,6,0.6,0.7,69,0.6454366697350202,0.5362318840579711
resampled,23,prior_temperature,0,0.5,7,0.7,0.8,17,0.7282236332376975,0.5294117647058824
resampled,23,prior_temperature,0,0.5,8,0.8,0.9,0,,
resampled,23,prior_temperature,0,0.5,9,0.9,1.0,0,,
resampled,23,prior_temperature,1,0.5,0,0.0,0.1,19,0.07189599808322442,0.10526315789473684
resampled,23,prior_temperature,1,0.5,1,0.1,0.2,56,0.14930607872094484,0.14285714285714285
resampled,23,prior_temperature,1,0.5,2,0.2,0.3,42,0.24313381872900486,0.2619047619047619
resampled,23,prior_temperature,1,0.5,3,0.3,0.4,40,0.34639155052277293,0.35
resampled,23,prior_temperature,1,0.5,4,0.4,0.5,30,0.4461156471457771,0.4666666666666667
resampled,23,prior_temperature,1,0.5,5,0.5,0.6,35,0.5551268020149666,0.7714285714285715
resampled,23,prior_temperature,1,0.5,6,0.6,0.7,36,0.6517818336741915,0.6111111111111112
resampled,23,prior_temperature,1,0.5,7,0.7,0.8,11,0.7256431549723463,0.5454545454545454
resampled,23,prior_temperature,1,0.5,8,0.8,0.9,0,,
resampled,23,prior_temperature,1,0.5,9,0.9,1.0,0,,
resampled,23,cost_theory,all,0.2,0,0.0,0.1,127,0.07483798599144166,0.031496062992125984
resampled,23,cost_theory,all,0.2,1,0.1,0.2,235,0.14558205931191084,0.13617021276595745
resampled,23,cost_theory,all,0.2,2,0.2,0.3,161,0.24912514622305118,0.2422360248447205
resampled,23,cost_theory,all,0.2,3,0.3,0.4,113,0.34913982313526865,0.3008849557522124
resampled,23,cost_theory,all,0.2,4,0.4,0.5,114,0.448257714336338,0.4649122807017544
resampled,23,cost_theory,all,0.2,5,0.5,0.6,117,0.548929987543753,0.49572649572649574
resampled,23,cost_theory,all,0.2,6,0.6,0.7,105,0.6476121545141648,0.5619047619047619
resampled,23,cost_theory,all,0.2,7,0.7,0.8,28,0.7272098739191667,0.5357142857142857
resampled,23,cost_theory,all,0.2,8,0.8,0.9,0,,
resampled,23,cost_theory,all,0.2,9,0.9,1.0,0,,
resampled,23,cost_theory,0,0.2,0,0.0,0.1,108,0.07535555793825764,0.018518518518518517
resampled,23,cost_theory,0,0.2,1,0.1,0.2,179,0.1444170029604812,0.1340782122905028
resampled,23,cost_theory,0,0.2,2,0.2,0.3,119,0.2512397323974204,0.23529411764705882
resampled,23,cost_theory,0,0.2,3,0.3,0.4,73,0.35064572593663623,0.273972602739726
resampled,23,cost_theory,0,0.2,4,0.4,0.5,84,0.44902273833296696,0.4642857142857143
resampled,23,cost_theory,0,0.2,5,0.5,0.6,82,0.5462850057572594,0.3780487804878049
resampled,23,cost_theory,0,0.2,6,0.6,0.7,69,0.6454366697350202,0.5362318840579711
resampled,23,cost_theory,0,0.2,7,0.7,0.8,17,0.7282236332376975,0.5294117647058824
resampled,23,cost_theory,0,0.2,8,0.8,0.9,0,,
resampled,23,cost_theory,0,0.2,9,0.9,1.0,0,,
resampled,23,cost_theory,1,0.2,0,0.0,0.1,19,0.07189599808322442,0.10526315789473684
resampled,23,cost_theory,1,0.2,1,0.1,0.2,56,0.14930607872094484,0.14285714285714285
resampled,23,cost_theory,1,0.2,2,0.2,0.3,42,0.24313381872900486,0.2619047619047619
resampled,23,cost_theory,1,0.2,3,0.3,0.4,40,0.34639155052277293,0.35
resampled,23,cost_theory,1,0.2,4,0.4,0.5,30,0.4461156471457771,0.4666666666666667
resampled,23,cost_theory,1,0.2,5,0.5,0.6,35,0.5551268020149666,0.7714285714285715
resampled,23,cost_theory,1,0.2,6,0.6,0.7,36,0.6517818336741915,0.6111111111111112
resampled,23,cost_theory,1,0.2,7,0.7,0.8,11,0.7256431549723463,0.5454545454545454
resampled,23,cost_theory,1,0.2,8,0.8,0.9,0,,
resampled,23,cost_theory,1,0.2,9,0.9,1.0,0,,
resampled,23,cost_validation,all,0.2,0,0.0,0.1,127,0.07483798599144166,0.031496062992125984
resampled,23,cost_validation,all,0.2,1,0.1,0.2,235,0.14558205931191084,0.13617021276595745
resampled,23,cost_validation,all,0.2,2,0.2,0.3,161,0.24912514622305118,0.2422360248447205
resampled,23,cost_validation,all,0.2,3,0.3,0.4,113,0.34913982313526865,0.3008849557522124
resampled,23,cost_validation,all,0.2,4,0.4,0.5,114,0.448257714336338,0.4649122807017544
resampled,23,cost_validation,all,0.2,5,0.5,0.6,117,0.548929987543753,0.49572649572649574
resampled,23,cost_validation,all,0.2,6,0.6,0.7,105,0.6476121545141648,0.5619047619047619
resampled,23,cost_validation,all,0.2,7,0.7,0.8,28,0.7272098739191667,0.5357142857142857
resampled,23,cost_validation,all,0.2,8,0.8,0.9,0,,
resampled,23,cost_validation,all,0.2,9,0.9,1.0,0,,
resampled,23,cost_validation,0,0.2,0,0.0,0.1,108,0.07535555793825764,0.018518518518518517
resampled,23,cost_validation,0,0.2,1,0.1,0.2,179,0.1444170029604812,0.1340782122905028
resampled,23,cost_validation,0,0.2,2,0.2,0.3,119,0.2512397323974204,0.23529411764705882
resampled,23,cost_validation,0,0.2,3,0.3,0.4,73,0.35064572593663623,0.273972602739726
resampled,23,cost_validation,0,0.2,4,0.4,0.5,84,0.44902273833296696,0.4642857142857143
resampled,23,cost_validation,0,0.2,5,0.5,0.6,82,0.5462850057572594,0.3780487804878049
resampled,23,cost_validation,0,0.2,6,0.6,0.7,69,0.6454366697350202,0.5362318840579711
resampled,23,cost_validation,0,0.2,7,0.7,0.8,17,0.7282236332376975,0.5294117647058824
resampled,23,cost_validation,0,0.2,8,0.8,0.9,0,,
resampled,23,cost_validation,0,0.2,9,0.9,1.0,0,,
resampled,23,cost_validation,1,0.2,0,0.0,0.1,19,0.07189599808322442,0.10526315789473684
resampled,23,cost_validation,1,0.2,1,0.1,0.2,56,0.14930607872094484,0.14285714285714285
resampled,23,cost_validation,1,0.2,2,0.2,0.3,42,0.24313381872900486,0.2619047619047619
resampled,23,cost_validation,1,0.2,3,0.3,0.4,40,0.34639155052277293,0.35
resampled,23,cost_validation,1,0.2,4,0.4,0.5,30,0.4461156471457771,0.4666666666666667
resampled,23,cost_validation,1,0.2,5,0.5,0.6,35,0.5551268020149666,0.7714285714285715
resampled,23,cost_validation,1,0.2,6,0.6,0.7,36,0.6517818336741915,0.6111111111111112
resampled,23,cost_validation,1,0.2,7,0.7,0.8,11,0.7256431549723463,0.5454545454545454
resampled,23,cost_validation,1,0.2,8,0.8,0.9,0,,
resampled,23,cost_validation,1,0.2,9,0.9,1.0,0,,
resampled,37,raw,all,0.5,0,0.0,0.1,37,0.0872832473887402,0.0
resampled,37,raw,all,0.5,1,0.1,0.2,184,0.15043148396219852,0.09239130434782608
resampled,37,raw,all,0.5,2,0.2,0.3,127,0.250942399315345,0.11811023622047244
resampled,37,raw,all,0.5,3,0.3,0.4,107,0.35014298354300294,0.2616822429906542
resampled,37,raw,all,0.5,4,0.4,0.5,104,0.44683442724597044,0.21153846153846154
resampled,37,raw,all,0.5,5,0.5,0.6,97,0.5467248200565583,0.3917525773195876
resampled,37,raw,all,0.5,6,0.6,0.7,100,0.6531684322190381,0.43
resampled,37,raw,all,0.5,7,0.7,0.8,132,0.7505604482654052,0.5151515151515151
resampled,37,raw,all,0.5,8,0.8,0.9,112,0.8363002084117974,0.5625
resampled,37,raw,all,0.5,9,0.9,1.0,0,,
resampled,37,raw,0,0.5,0,0.0,0.1,32,0.08765476875786807,0.0
resampled,37,raw,0,0.5,1,0.1,0.2,149,0.14903887841765776,0.08053691275167785
resampled,37,raw,0,0.5,2,0.2,0.3,96,0.25035628450220626,0.10416666666666667
resampled,37,raw,0,0.5,3,0.3,0.4,77,0.3547977461052871,0.23376623376623376
resampled,37,raw,0,0.5,4,0.4,0.5,76,0.44982250920956257,0.23684210526315788
resampled,37,raw,0,0.5,5,0.5,0.6,65,0.5513414191720183,0.38461538461538464
resampled,37,raw,0,0.5,6,0.6,0.7,73,0.6556407511749555,0.410958904109589
resampled,37,raw,0,0.5,7,0.7,0.8,94,0.7493252799153297,0.43617021276595747
resampled,37,raw,0,0.5,8,0.8,0.9,69,0.8352326788103482,0.5217391304347826
resampled,37,raw,0,0.5,9,0.9,1.0,0,,
resampled,37,raw,1,0.5,0,0.0,0.1,5,0.08490551062632176,0.0
resampled,37,raw,1,0.5,1,0.1,0.2,35,0.1563600047089577,0.14285714285714285
resampled,37,raw,1,0.5,2,0.2,0.3,31,0.2527574645431298,0.16129032258064516
resampled,37,raw,1,0.5,3,0.3,0.4,30,0.3381957596331407,0.3333333333333333
resampled,37,raw,1,0.5,4,0.4,0.5,28,0.43872391905907765,0.14285714285714285
resampled,37,raw,1,0.5,5,0.5,0.6,32,0.5373473531032804,0.40625
resampled,37,raw,1,0.5,6,0.6,0.7,27,0.6464840143011878,0.48148148148148145
resampled,37,raw,1,0.5,7,0.7,0.8,38,0.7536158647103285,0.7105263157894737
resampled,37,raw,1,0.5,8,0.8,0.9,43,0.8380132210280761,0.627906976744186
resampled,37,raw,1,0.5,9,0.9,1.0,0,,
resampled,37,raw_temperature,all,0.5,0,0.0,0.1,0,,
resampled,37,raw_temperature,all,0.5,1,0.1,0.2,128,0.16603167983905778,0.03125
resampled,37,raw_temperature,all,0.5,2,0.2,0.3,162,0.24801476739194925,0.12962962962962962
resampled,37,raw_temperature,all,0.5,3,0.3,0.4,134,0.34763767198259876,0.20149253731343283
resampled,37,raw_temperature,all,0.5,4,0.4,0.5,135,0.44687184640567007,0.2222222222222222
resampled,37,raw_temperature,all,0.5,5,0.5,0.6,122,0.5477711384608971,0.4262295081967213
resampled,37,raw_temperature,all,0.5,6,0.6,0.7,139,0.6556728259191813,0.4172661870503597
resampled,37,raw_temperature,all,0.5,7,0.7,0.8,150,0.7512755847644966,0.5533333333333333
resampled,37,raw_temperature,all,0.5,8,0.8,0.9,30,0.8156374357467812,0.6333333333333333
resampled,37,raw_temperature,all,0.5,9,0.9,1.0,0,,
resampled,37,raw_temperature,0,0.5,0,0.0,0.1,0,,
resampled,37,raw_temperature,0,0.5,1,0.1,0.2,111,0.1667256093878452,0.018018018018018018
resampled,37,raw_temperature,0,0.5,2,0.2,0.3,123,0.2484652457668422,0.13008130081300814
resampled,37,raw_temperature,0,0.5,3,0.3,0.4,93,0.34669980325635213,0.16129032258064516
resampled,37,raw_temperature,0,0.5,4,0.4,0.5,103,0.4471614787353855,0.24271844660194175
resampled,37,raw_temperature,0,0.5,5,0.5,0.6,82,0.5509814712434544,0.4146341463414634
resampled,37,raw_temperature,0,0.5,6,0.6,0.7,103,0.6563702047212303,0.36893203883495146
resampled,37,raw_temperature,0,0.5,7,0.7,0.8,101,0.7506960751928304,0.504950495049505
resampled,37,raw_temperature,0,0.5,8,0.8,0.9,15,0.8174055431233664,0.6
resampled,37,raw_temperature,0,0.5,9,0.9,1.0,0,,
resampled,37,raw_temperature,1,0.5,0,0.0,0.1,0,,
resampled,37,raw_temperature,1,0.5,1,0.1,0.2,17,0.16150072807932828,0.11764705882352941
resampled,37,raw_temperature,1,0.5,2,0.2,0.3,39,0.24659402790190255,0.1282051282051282
resampled,37,raw_temperature,1,0.5,3,0.3,0.4,41,0.34976503275188986,0.2926829268292683
resampled,37,raw_temperature,1,0.5,4,0.4,0.5,32,0.4459395923443984,0.15625
resampled,37,raw_temperature,1,0.5,5,0.5,0.6,40,0.5411899562566547,0.45
resampled,37,raw_temperature,1,0.5,6,0.6,0.7,36,0.6536775476799854,0.5555555555555556
resampled,37,raw_temperature,1,0.5,7,0.7,0.8,49,0.7524700840856863,0.6530612244897959
resampled,37,raw_temperature,1,0.5,8,0.8,0.9,15,0.8138693283701959,0.6666666666666666
resampled,37,raw_temperature,1,0.5,9,0.9,1.0,0,,
resampled,37,prior,all,0.5,0,0.0,0.1,221,0.06796622937943435,0.07692307692307693
resampled,37,prior,all,0.5,1,0.1,0.2,187,0.14571043239623177,0.16042780748663102
resampled,37,prior,all,0.5,2,0.2,0.3,141,0.24547054383301106,0.24113475177304963
resampled,37,prior,all,0.5,3,0.3,0.4,107,0.3460312084089564,0.3644859813084112
resampled,37,prior,all,0.5,4,0.4,0.5,88,0.45051534031390084,0.45454545454545453
resampled,37,prior,all,0.5,5,0.5,0.6,103,0.5478295625605433,0.49514563106796117
resampled,37,prior,all,0.5,6,0.6,0.7,100,0.6463310498777407,0.53
resampled,37,prior,all,0.5,7,0.7,0.8,53,0.7302423487735463,0.5660377358490566
resampled,37,prior,all,0.5,8,0.8,0.9,0,,
resampled,37,prior,all,0.5,9,0.9,1.0,0,,
resampled,37,prior,0,0.5,0,0.0,0.1,181,0.06708225314562186,0.06629834254143646
resampled,37,prior,0,0.5,1,0.1,0.2,135,0.14426526250358726,0.1259259259259259
resampled,37,prior,0,0.5,2,0.2,0.3,105,0.2456092257872562,0.26666666666666666
resampled,37,prior,0,0.5,3,0.3,0.4,74,0.34844490622934376,0.35135135135135137
resampled,37,prior,0,0.5,4,0.4,0.5,62,0.45166701882835036,0.45161290322580644
resampled,37,prior,0,0.5,5,0.5,0.6,78,0.5467035315461142,0.3974358974358974
resampled,37,prior,0,0.5,6,0.6,0.7,63,0.6446440417066384,0.49206349206349204
resampled,37,prior,0,0.5,7,0.7,0.8,33,0.7273758275194013,0.5151515151515151
resampled,37,prior,0,0.5,8,0.8,0.9,0,,
resampled,37,prior,0,0.5,9,0.9,1.0,0,,
resampled,37,prior,1,0.5,0,0.0,0.1,40,0.07196622183743584,0.125
resampled,37,prior,1,0.5,1,0.1,0.2,52,0.14946231577136654,0.25
resampled,37,prior,1,0.5,2,0.2,0.3,36,0.24506605479979615,0.16666666666666666
resampled,37,prior,1,0.5,3,0.3,0.4,33,0.3406186739026333,0.3939393939393939
resampled,37,prior,1,0.5,4,0.4,0.5,26,0.44776903001021373,0.46153846153846156
resampled,37,prior,1,0.5,5,0.5,0.6,25,0.5513427793255619,0.8
resampled,37,prior,1,0.5,6,0.6,0.7,37,0.6492035232501582,0.5945945945945946
resampled,37,prior,1,0.5,7,0.7,0.8,20,0.7349721088428852,0.65
resampled,37,prior,1,0.5,8,0.8,0.9,0,,
resampled,37,prior,1,0.5,9,0.9,1.0,0,,
resampled,37,prior_temperature,all,0.5,0,0.0,0.1,128,0.08020764365673458,0.03125
resampled,37,prior_temperature,all,0.5,1,0.1,0.2,228,0.1461978468797901,0.13596491228070176
resampled,37,prior_temperature,all,0.5,2,0.2,0.3,159,0.24858810223639435,0.24528301886792453
resampled,37,prior_temperature,all,0.5,3,0.3,0.4,127,0.34828048105340276,0.30708661417322836
resampled,37,prior_temperature,all,0.5,4,0.4,0.5,102,0.4506331381104632,0.46078431372549017
resampled,37,prior_temperature,all,0.5,5,0.5,0.6,118,0.5475297185100825,0.5
resampled,37,prior_temperature,all,0.5,6,0.6,0.7,115,0.6460445752803143,0.5217391304347826
resampled,37,prior_temperature,all,0.5,7,0.7,0.8,23,0.7219675401371941,0.6521739130434783
resampled,37,prior_temperature,all,0.5,8,0.8,0.9,0,,
resampled,37,prior_temperature,all,0.5,9,0.9,1.0,0,,
resampled,37,prior_temperature,0,0.5,0,0.0,0.1,111,0.08060927441178278,0.018018018018018018
resampled,37,prior_temperature,0,0.5,1,0.1,0.2,170,0.14540986647679,0.12352941176470589
resampled,37,prior_temperature,0,0.5,2,0.2,0.3,114,0.24955775556546653,0.24561403508771928
resampled,37,prior_temperature,0,0.5,3,0.3,0.4,89,0.3482677674531943,0.29213483146067415
resampled,37,prior_temperature,0,0.5,4,0.4,0.5,73,0.4507850922238904,0.4657534246575342
resampled,37,prior_temperature,0,0.5,5,0.5,0.6,88,0.5458363557020424,0.3977272727272727
resampled,37,prior_temperature,0,0.5,6,0.6,0.7,74,0.6461645257925831,0.5
resampled,37,prior_temperature,0,0.5,7,0.7,0.8,12,0.7237923911459653,0.5833333333333334
resampled,37,prior_temperature,0,0.5,8,0.8,0.9,0,,
resampled,37,prior_temperature,0,0.5,9,0.9,1.0,0,,
resampled,37,prior_temperature,1,0.5,0,0.0,0.1,17,0.07758523107965526,0.11764705882352941
resampled,37,prior_temperature,1,0.5,1,0.1,0.2,58,0.14850744461272128,0.1724137931034483
resampled,37,prior_temperature,1,0.5,2,0.2,0.3,45,0.24613164713607819,0.24444444444444444
resampled,37,prior_temperature,1,0.5,3,0.3,0.4,38,0.3483102576433646,0.34210526315789475
resampled,37,prior_temperature,1,0.5,4,0.4,0.5,29,0.45025063292838796,0.4482758620689655
resampled,37,prior_temperature,1,0.5,5,0.5,0.6,30,0.5524969160803337,0.8
resampled,37,prior_temperature,1,0.5,6,0.6,0.7,41,0.6458280792337803,0.5609756097560976
resampled,37,prior_temperature,1,0.5,7,0.7,0.8,11,0.7199767935821707,0.7272727272727273
resampled,37,prior_temperature,1,0.5,8,0.8,0.9,0,,
resampled,37,prior_temperature,1,0.5,9,0.9,1.0,0,,
resampled,37,cost_theory,all,0.2,0,0.0,0.1,128,0.08020764365673458,0.03125
resampled,37,cost_theory,all,0.2,1,0.1,0.2,228,0.1461978468797901,0.13596491228070176
resampled,37,cost_theory,all,0.2,2,0.2,0.3,159,0.24858810223639435,0.24528301886792453
resampled,37,cost_theory,all,0.2,3,0.3,0.4,127,0.34828048105340276,0.30708661417322836
resampled,37,cost_theory,all,0.2,4,0.4,0.5,102,0.4506331381104632,0.46078431372549017
resampled,37,cost_theory,all,0.2,5,0.5,0.6,118,0.5475297185100825,0.5
resampled,37,cost_theory,all,0.2,6,0.6,0.7,115,0.6460445752803143,0.5217391304347826
resampled,37,cost_theory,all,0.2,7,0.7,0.8,23,0.7219675401371941,0.6521739130434783
resampled,37,cost_theory,all,0.2,8,0.8,0.9,0,,
resampled,37,cost_theory,all,0.2,9,0.9,1.0,0,,
resampled,37,cost_theory,0,0.2,0,0.0,0.1,111,0.08060927441178278,0.018018018018018018
resampled,37,cost_theory,0,0.2,1,0.1,0.2,170,0.14540986647679,0.12352941176470589
resampled,37,cost_theory,0,0.2,2,0.2,0.3,114,0.24955775556546653,0.24561403508771928
resampled,37,cost_theory,0,0.2,3,0.3,0.4,89,0.3482677674531943,0.29213483146067415
resampled,37,cost_theory,0,0.2,4,0.4,0.5,73,0.4507850922238904,0.4657534246575342
resampled,37,cost_theory,0,0.2,5,0.5,0.6,88,0.5458363557020424,0.3977272727272727
resampled,37,cost_theory,0,0.2,6,0.6,0.7,74,0.6461645257925831,0.5
resampled,37,cost_theory,0,0.2,7,0.7,0.8,12,0.7237923911459653,0.5833333333333334
resampled,37,cost_theory,0,0.2,8,0.8,0.9,0,,
resampled,37,cost_theory,0,0.2,9,0.9,1.0,0,,
resampled,37,cost_theory,1,0.2,0,0.0,0.1,17,0.07758523107965526,0.11764705882352941
resampled,37,cost_theory,1,0.2,1,0.1,0.2,58,0.14850744461272128,0.1724137931034483
resampled,37,cost_theory,1,0.2,2,0.2,0.3,45,0.24613164713607819,0.24444444444444444
resampled,37,cost_theory,1,0.2,3,0.3,0.4,38,0.3483102576433646,0.34210526315789475
resampled,37,cost_theory,1,0.2,4,0.4,0.5,29,0.45025063292838796,0.4482758620689655
resampled,37,cost_theory,1,0.2,5,0.5,0.6,30,0.5524969160803337,0.8
resampled,37,cost_theory,1,0.2,6,0.6,0.7,41,0.6458280792337803,0.5609756097560976
resampled,37,cost_theory,1,0.2,7,0.7,0.8,11,0.7199767935821707,0.7272727272727273
resampled,37,cost_theory,1,0.2,8,0.8,0.9,0,,
resampled,37,cost_theory,1,0.2,9,0.9,1.0,0,,
resampled,37,cost_validation,all,0.2,0,0.0,0.1,128,0.08020764365673458,0.03125
resampled,37,cost_validation,all,0.2,1,0.1,0.2,228,0.1461978468797901,0.13596491228070176
resampled,37,cost_validation,all,0.2,2,0.2,0.3,159,0.24858810223639435,0.24528301886792453
resampled,37,cost_validation,all,0.2,3,0.3,0.4,127,0.34828048105340276,0.30708661417322836
resampled,37,cost_validation,all,0.2,4,0.4,0.5,102,0.4506331381104632,0.46078431372549017
resampled,37,cost_validation,all,0.2,5,0.5,0.6,118,0.5475297185100825,0.5
resampled,37,cost_validation,all,0.2,6,0.6,0.7,115,0.6460445752803143,0.5217391304347826
resampled,37,cost_validation,all,0.2,7,0.7,0.8,23,0.7219675401371941,0.6521739130434783
resampled,37,cost_validation,all,0.2,8,0.8,0.9,0,,
resampled,37,cost_validation,all,0.2,9,0.9,1.0,0,,
resampled,37,cost_validation,0,0.2,0,0.0,0.1,111,0.08060927441178278,0.018018018018018018
resampled,37,cost_validation,0,0.2,1,0.1,0.2,170,0.14540986647679,0.12352941176470589
resampled,37,cost_validation,0,0.2,2,0.2,0.3,114,0.24955775556546653,0.24561403508771928
resampled,37,cost_validation,0,0.2,3,0.3,0.4,89,0.3482677674531943,0.29213483146067415
resampled,37,cost_validation,0,0.2,4,0.4,0.5,73,0.4507850922238904,0.4657534246575342
resampled,37,cost_validation,0,0.2,5,0.5,0.6,88,0.5458363557020424,0.3977272727272727
resampled,37,cost_validation,0,0.2,6,0.6,0.7,74,0.6461645257925831,0.5
resampled,37,cost_validation,0,0.2,7,0.7,0.8,12,0.7237923911459653,0.5833333333333334
resampled,37,cost_validation,0,0.2,8,0.8,0.9,0,,
resampled,37,cost_validation,0,0.2,9,0.9,1.0,0,,
resampled,37,cost_validation,1,0.2,0,0.0,0.1,17,0.07758523107965526,0.11764705882352941
resampled,37,cost_validation,1,0.2,1,0.1,0.2,58,0.14850744461272128,0.1724137931034483
resampled,37,cost_validation,1,0.2,2,0.2,0.3,45,0.24613164713607819,0.24444444444444444
resampled,37,cost_validation,1,0.2,3,0.3,0.4,38,0.3483102576433646,0.34210526315789475
resampled,37,cost_validation,1,0.2,4,0.4,0.5,29,0.45025063292838796,0.4482758620689655
resampled,37,cost_validation,1,0.2,5,0.5,0.6,30,0.5524969160803337,0.8
resampled,37,cost_validation,1,0.2,6,0.6,0.7,41,0.6458280792337803,0.5609756097560976
resampled,37,cost_validation,1,0.2,7,0.7,0.8,11,0.7199767935821707,0.7272727272727273
resampled,37,cost_validation,1,0.2,8,0.8,0.9,0,,
resampled,37,cost_validation,1,0.2,9,0.9,1.0,0,,
