seed,p,sigma,ridge,rank,train_mse,clean_risk,noisy_risk,norm2,smallest_singular,largest_singular,noise_amplification,signal_error,realized_noise_norm2,cross_term,conditional_noise_mean_risk
3800,1,0.0,0.0,1,1.4703833009726077,1.265981086392801,1.265981086392801,1.2688137297978885,4.974223334674358,4.974223334674358,0.0404156380049478,1.265981086392801,0.0,0.0,1.265981086392801
3800,1,0.0,0.01,1,1.4705040195336558,1.2633622785818508,1.2633622785818508,1.2445529235643056,4.974223334674358,4.974223334674358,0.03964285635905494,1.2633622785818508,0.0,0.0,1.2633622785818508
3800,1,0.0,0.1,1,1.4806102772794028,1.250719181200564,1.250719181200564,1.0543542891267768,4.974223334674358,4.974223334674358,0.03358444212697768,1.250719181200564,0.0,0.0,1.250719181200564
3800,1,0.2,0.0,1,1.5939006446810169,1.281934665024309,1.3219346650243091,1.389340121190323,4.974223334674358,4.974223334674358,0.0404156380049478,1.265981086392801,0.002733868292182924,0.013219710339325104,1.2675977119129989
3800,1,0.2,0.01,1,1.5940328304670768,1.2780158755144686,1.3180158755144686,1.3627747470292866,4.974223334674358,4.974223334674358,0.03964285635905494,1.2633622785818508,0.0026815943867647104,0.011972002545852985,1.264947992836213
3800,1,0.2,0.1,1,1.6050990957757705,1.2555473818487544,1.2955473818487544,1.154508878199381,4.974223334674358,4.974223334674358,0.03358444212697768,1.250719181200564,0.002271780082510547,0.0025564205656797515,1.252062558885643
3800,1,0.8,0.0,1,2.3065536115882534,1.3626018204250285,2.0026018204250287,1.783725714873821,4.974223334674358,4.974223334674358,0.0404156380049478,1.265981086392801,0.043741892674926786,0.052878841357300414,1.2918470947159675
3800,1,0.8,0.01,1,2.3067233203457707,1.3541557989534985,1.9941557989534986,1.7496193500654056,4.974223334674358,4.974223334674358,0.03964285635905494,1.2633622785818508,0.042905510188235366,0.04788801018341194,1.288733706651646
3800,1,0.8,0.1,1,2.320930915518234,1.297293344783452,1.9372933447834522,1.4822340064073203,4.974223334674358,4.974223334674358,0.03358444212697768,1.250719181200564,0.036348481320168755,0.010225682262719006,1.2722132241618298
3800,2,0.0,0.0,2,0.2465812671635752,0.25108867674784985,0.25108867674784985,2.0901475461600154,4.821438081824749,5.43243151776709,0.0769029742197622,0.25108867674784985,0.0,0.0,0.25108867674784985
3800,2,0.0,0.01,2,0.24675161065328757,0.25049602769879115,0.25049602769879115,2.055937069907026,4.821438081824749,5.43243151776709,0.07548380193894198,0.25049602769879115,0.0,0.0,0.25049602769879115
3800,2,0.0,0.1,2,0.2613423629836195,0.2565170159815989,0.2565170159815989,1.7826489054701264,4.821438081824749,5.43243151776709,0.06432317799836812,0.2565170159815989,0.0,0.0,0.2565170159815989
3800,2,0.2,0.0,2,0.3018502421899472,0.25747473899088974,0.2974747389908897,2.2516126864802395,4.821438081824749,5.43243151776709,0.0769029742197622,0.25108867674784985,0.0032250177058582735,0.0031610445371816147,0.25416479571664036
3800,2,0.2,0.01,2,0.3020339944330565,0.25548799421532764,0.2954879942153277,2.2147090421464193,4.821438081824749,5.43243151776709,0.07548380193894198,0.25049602769879115,0.0031695817579220557,0.001822384758614424,0.2535153797763488
3800,2,0.2,0.1,2,0.3177696862494404,0.2508247542406298,0.2908247542406298,1.9199620541567017,4.821438081824749,5.43243151776709,0.06432317799836812,0.2565170159815989,0.002729648056650187,-0.008421909797619259,0.2590899431015336
3800,2,0.8,0.0,2,0.7986476810095556,0.3153331381903086,0.9553331381903087,2.774708319911211,4.821438081824749,5.43243151776709,0.0769029742197622,0.25108867674784985,0.051600283293732375,0.012644178148726459,0.30030658024849766
3800,2,0.8,0.01,2,0.7988749710768293,0.30849887486000177,0.9484988748600018,2.729059939959666,4.821438081824749,5.43243151776709,0.07548380193894198,0.25049602769879115,0.05071330812675289,0.007289539034457696,0.298805660939714
3800,2,0.8,0.1,2,0.8183268696012744,0.2665037456975249,0.906503745697525,2.3646572768962284,4.821438081824749,5.43243151776709,0.06432317799836812,0.2565170159815989,0.04367436890640299,-0.033687639190477035,0.29768384990055446
3800,3,0.0,0.0,3,7.720752220494618e-31,7.518830502887769e-31,7.518830502887769e-31,2.2500000000000018,4.814035521794558,5.487417216488261,0.1193312913347313,7.518830502887769e-31,0.0,0.0,7.518830502887769e-31
3800,3,0.0,0.01,3,0.0001800407604236179,0.00014720789358975425,0.00014720789358975425,2.213844640021685,4.814035521794558,5.487417216488261,0.11705531756361198,0.00014720789358975425,0.0,0.0,0.00014720789358975425
3800,3,0.0,0.1,3,0.01563942173420593,0.012776186552644873,0.012776186552644873,1.924435378763235,4.814035521794558,5.487417216488261,0.09923140905493777,0.012776186552644873,0.0,0.0,0.012776186552644873
3800,3,0.2,0.0,3,0.02680537658817955,0.0038389273420890145,0.043838927342089024,2.43198848008897,4.814035521794558,5.487417216488261,0.1193312913347313,7.518830502887769e-31,0.003838927342088991,6.66935284654863e-17,0.004773251653389253
3800,3,0.2,0.01,3,0.027000278870164086,0.0024672398517617904,0.0424672398517618,2.3928483562806537,4.814035521794558,5.487417216488261,0.11705531756361198,0.00014720789358975425,0.003773724237123695,-0.0014536922789516204,0.004829420596134234
3800,3,0.2,0.1,3,0.043731454001072416,0.003444758911393207,0.04344475891139322,2.0796137232218475,4.814035521794558,5.487417216488261,0.09923140905493777,0.012776186552644873,0.0032556701538135396,-0.012587097795065248,0.016745442914842385
3800,3,0.8,0.0,3,0.4288860254108727,0.061422837473424,0.7014228374734242,3.0240210484609467,4.814035521794558,5.487417216488261,0.1193312913347313,7.518830502887769e-31,0.06142283747342386,2.667741138619452e-16,0.07637202645422805
3800,3,0.8,0.01,3,0.42912940744279676,0.05471202657176241,0.6947120265717626,2.975144195903051,4.814035521794558,5.487417216488261,0.11705531756361198,0.00014720789358975425,0.06037958779397912,-0.005814769115806482,0.07506261113430143
3800,3,0.8,0.1,3,0.4500074206499897,0.01451851783340052,0.6545185178334006,2.584216798443451,4.814035521794558,5.487417216488261,0.09923140905493777,0.012776186552644873,0.052090722461016634,-0.05034839118026099,0.07628428834780505
3800,4,0.0,0.0,4,1.8508527815655656e-30,1.7035198804311742e-30,1.7035198804311742e-30,2.2499999999999964,3.889416383798039,5.509904666113906,0.18213093953054246,1.7035198804311742e-30,0.0,0.0,1.7035198804311742e-30
3800,4,0.0,0.01,4,0.00018287945696757583,0.00015680946919251266,0.00015680946919251266,2.213267299137296,3.889416383798039,5.509904666113906,0.17793301322951893,0.00015680946919251266,0.0,0.0,0.00015680946919251266
3800,4,0.0,0.1,4,0.015795749364011836,0.01343169690522695,0.01343169690522695,1.9206533158145402,3.889416383798039,5.509904666113906,0.14621933794599018,0.01343169690522695,0.0,0.0,0.01343169690522695
3800,4,0.2,0.0,4,0.026788377089561166,0.003942434505861889,0.043942434505861896,2.4335280665726065,3.889416383798039,5.509904666113906,0.18213093953054246,1.7035198804311742e-30,0.003942434505862011,-1.5603286135973336e-16,0.0072852375812217
3800,4,0.2,0.01,4,0.026986789664066407,0.002510064486504497,0.042510064486504504,2.3936745332486753,3.889416383798039,5.509904666113906,0.17793301322951893,0.00015680946919251266,0.0038710522370773983,-0.0015177972197654532,0.007274129998373272
3800,4,0.2,0.1,4,0.04391405415044733,0.0037451565857791716,0.04374515658577918,2.0763820598541036,3.889416383798039,5.509904666113906,0.14621933794599018,0.01343169690522695,0.0033124180351873597,-0.0129989583546351,0.01928047042306656
3800,4,0.8,0.0,4,0.4286140334329784,0.06307895209379166,0.7030789520937918,3.031421480360775,3.889416383798039,5.509904666113906,0.18213093953054246,1.7035198804311742e-30,0.06307895209379218,-6.241314454389334e-16,0.1165638012995472
3800,4,0.8,0.01,4,0.42886330710417725,0.05602245638336918,0.6960224563833693,2.981348862427738,3.889416383798039,5.509904666113906,0.17793301322951893,0.00015680946919251266,0.06193683579323837,-0.006071188879061813,0.11403393793608466
3800,4,0.8,0.1,4,0.4500898759214192,0.014434552049684291,0.6544345520496844,2.5833173083950394,3.889416383798039,5.509904666113906,0.14621933794599018,0.01343169690522695,0.052998688562997755,-0.0519958334185404,0.1070120731906607
3800,8,0.0,0.0,8,1.1871432177202922e-30,1.040194762963546e-30,1.040194762963546e-30,2.250000000000001,2.574126875220867,6.611471512332403,0.5411569107798783,1.040194762963546e-30,0.0,0.0,1.040194762963546e-30
3800,8,0.0,0.01,8,0.0001954382223578233,0.0002010818705378846,0.0002010818705378846,2.2107112736578958,2.574126875220867,6.611471512332403,0.5160868004106451,0.0002010818705378846,0.0,0.0,0.0002010818705378846
3800,8,0.0,0.1,8,0.016487866409304473,0.016301526712377678,0.016301526712377678,1.9039411451015325,2.574126875220867,6.611471512332403,0.3605253900904344,0.016301526712377678,0.0,0.0,0.016301526712377678
3800,8,0.2,0.0,8,0.025822026190173177,0.004197902559940776,0.044197902559940785,2.41180162552476,2.574126875220867,6.611471512332403,0.5411569107798783,1.040194762963546e-30,0.004197902559940743,3.810222716366299e-17,0.021646276431195134
3800,8,0.2,0.01,8,0.026029290070489278,0.003172553468385771,0.04317255346838578,2.3701403009975404,2.574126875220867,6.611471512332403,0.5160868004106451,0.0002010818705378846,0.0041109766004797646,-0.0011395050026318755,0.020844553886963692
3800,8,0.2,0.1,8,0.04335887430256071,0.009629240442280003,0.04962924044228001,2.044026685988182,2.574126875220867,6.611471512332403,0.3605253900904344,0.016301526712377678,0.0034897255798857292,-0.010162011849983396,0.030722542315995055
3800,8,0.8,0.0,8,0.4131524190427706,0.06716644095905203,0.7071664409590521,2.9475813328183254,2.574126875220867,6.611471512332403,0.5411569107798783,1.040194762963546e-30,0.06716644095905189,1.5240890865465195e-16,0.34634042289912215
3800,8,0.8,0.01,8,0.4134003271921452,0.06141868746768651,0.7014186874676867,2.897759102222228,2.574126875220867,6.611471512332403,0.5160868004106451,0.0002010818705378846,0.06577562560767623,-0.004558020010527502,0.33049663413335084
3800,8,0.8,0.1,8,0.43422957848142457,0.03148908859061572,0.6714890885906158,2.5061600156067594,2.574126875220867,6.611471512332403,0.3605253900904344,0.016301526712377678,0.05583560927817167,-0.040648047399933586,0.24703777637025573
3800,12,0.0,0.0,12,1.7622258991143208e-30,2.8679084867972053e-30,2.8679084867972053e-30,2.249999999999999,2.153783712703762,7.552797312506541,0.8896862712308554,2.8679084867972053e-30,0.0,0.0,2.8679084867972053e-30
3800,12,0.0,0.01,12,0.00022754255900785063,0.00032290439289836065,0.00032290439289836065,2.2041685838055343,2.153783712703762,7.552797312506541,0.8406827572345891,0.00032290439289836065,0.0,0.0,0.00032290439289836065
3800,12,0.0,0.1,12,0.01819609290020163,0.023894358584682817,0.023894358584682817,1.862183783411286,2.153783712703762,7.552797312506541,0.5592980101591861,0.023894358584682817,0.0,0.0,0.023894358584682817
3800,12,0.2,0.0,12,0.024622826365172667,0.005882573215944352,0.04588257321594436,2.3894672312967313,2.153783712703762,7.552797312506541,0.8896862712308554,2.8679084867972053e-30,0.005882573215944408,-7.996866286906812e-17,0.035587450849234224
3800,12,0.2,0.01,12,0.024857625242519586,0.0053936104372688766,0.04539361043726888,2.342189581922085,2.153783712703762,7.552797312506541,0.8406827572345891,0.00032290439289836065,0.0057124427630356215,-0.0006417367186651489,0.033950214682281925
3800,12,0.2,0.1,12,0.04355365202356837,0.021725299916861052,0.06172529991686106,1.9869312125455199,2.153783712703762,7.552797312506541,0.5592980101591861,0.023894358584682817,0.004607285339294727,-0.006776344007116568,0.046266278991050264
3800,12,0.8,0.0,12,0.3939652218427625,0.09412117145511027,0.7341211714551104,2.878459803778259,2.153783712703762,7.552797312506541,0.8896862712308554,2.8679084867972053e-30,0.09412117145511052,-3.198746514762725e-16,0.5693992135877476
3800,12,0.8,0.01,12,0.39423185708895603,0.08915504172680781,0.7291550417268079,2.824801889428166,2.153783712703762,7.552797312506541,0.8406827572345891,0.00032290439289836065,0.09139908420856994,-0.0025669468746605958,0.5383598690230355
3800,12,0.8,0.1,12,0.4157854260655292,0.07050554798493228,0.7105055479849324,2.41646092401976,2.153783712703762,7.552797312506541,0.5592980101591861,0.023894358584682817,0.07371656542871563,-0.02710537602846627,0.381845085086562
3800,16,0.0,0.0,16,2.2447676466805427e-30,3.7926134688602594e-30,3.7926134688602594e-30,2.25,1.5449146561155171,8.560496473196173,1.640811659217427,3.7926134688602594e-30,0.0,0.0,3.7926134688602594e-30
3800,16,0.0,0.01,16,0.00028358430961763836,0.0007995502100665481,0.0007995502100665481,2.1924835878664064,1.5449146561155171,8.560496473196173,1.4825174983328306,0.0007995502100665481,0.0,0.0,0.0007995502100665481
3800,16,0.0,0.1,16,0.020044250984963607,0.04083649208110822,0.04083649208110822,1.8082784882196203,1.5449146561155171,8.560496473196173,0.8064054582942517,0.04083649208110822,0.0,0.0,0.04083649208110822
3800,16,0.2,0.0,16,0.018242028330072258,0.025586802458661316,0.06558680245866133,2.41741324909254,1.5449146561155171,8.560496473196173,1.640811659217427,3.7926134688602594e-30,0.02558680245866138,-6.043419355011471e-17,0.0656324663686971
3800,16,0.2,0.01,16,0.01852947860549,0.024992345182144757,0.06499234518214476,2.3592106120882295,1.5449146561155171,8.560496473196173,1.4825174983328306,0.0007995502100665481,0.023628229176654626,0.000564565795423581,0.06010025014337979
3800,16,0.2,0.1,16,0.03926512557417338,0.049819623182720235,0.08981962318272024,1.9585672670384326,1.5449146561155171,8.560496473196173,0.8064054582942517,0.04083649208110822,0.014306569139541533,-0.0053234380379295265,0.07309271041287829
3800,16,0.8,0.0,16,0.2918724532811559,0.4093888393385817,1.0493888393385817,3.2266946258740994,1.5449146561155171,8.560496473196173,1.640811659217427,3.7926134688602594e-30,0.40938883933858206,-2.4173677420045885e-16,1.0501194618991536
3800,16,0.8,0.01,16,0.29228564093902626,0.3811094802182351,1.0211094802182352,3.1429304348735565,1.5449146561155171,8.560496473196173,1.4825174983328306,0.0007995502100665481,0.378051666826474,0.002258263181694324,0.9496107491430783
3800,16,0.8,0.1,16,0.3211901187668041,0.2484478461620546,0.8884478461620547,2.5811124331693702,1.5449146561155171,8.560496473196173,0.8064054582942517,0.04083649208110822,0.22890510623266452,-0.021293752151718106,0.5569359853894293
3800,20,0.0,0.0,20,3.586518100569761e-29,1.760367376717987e-29,1.760367376717987e-29,2.250000000000004,1.1268460223328125,8.90263342639282,2.919961110651249,1.760367376717987e-29,0.0,0.0,1.760367376717987e-29
3800,20,0.0,0.01,20,0.00038568378094380366,0.0028139440433010993,0.0028139440433010993,2.170049299767935,1.1268460223328125,8.90263342639282,2.423900002992961,0.0028139440433010993,0.0,0.0,0.0028139440433010993
3800,20,0.0,0.1,20,0.021033666047243365,0.07668532011747717,0.07668532011747717,1.7526413589376526,1.1268460223328125,8.90263342639282,1.0323145056005192,0.07668532011747717,0.0,0.0,0.07668532011747717
3800,20,0.2,0.0,20,0.01800752410420606,0.027949917479085956,0.06794991747908596,2.413964536696795,1.1268460223328125,8.90263342639282,2.919961110651249,1.760367376717987e-29,0.027949917479085557,3.121824123526206e-16,0.11679844442604997
3800,20,0.2,0.01,20,0.018392404672824218,0.029170543235849614,0.06917054323584962,2.3344706502406387,1.1268460223328125,8.90263342639282,2.423900002992961,0.0028139440433010993,0.024769036131217653,0.0015875630613307779,0.09976994416301957
3800,20,0.2,0.1,20,0.04016507038963022,0.08414031345271655,0.12414031345271656,1.8983012342411465,1.1268460223328125,8.90263342639282,1.0323145056005192,0.07668532011747717,0.013694829085329766,-0.006239835750090482,0.11797790034149794
3800,20,0.8,0.0,20,0.288120385667297,0.44719867966537014,1.0871986796653703,3.2412571565361903,1.1268460223328125,8.90263342639282,2.919961110651249,1.760367376717987e-29,0.4471986796653689,1.2487296494104824e-15,1.8687751108167996
3800,20,0.8,0.01,20,0.28868372561839006,0.4054687743881064,1.0454687743881066,3.124963135233366,1.1268460223328125,8.90263342639282,2.423900002992961,0.0028139440433010993,0.39630457809948244,0.0063502522453231115,1.5541099459587966
3800,20,0.8,0.1,20,0.3196483326253244,0.27084324248239133,0.9108432424823915,2.499618809175583,1.1268460223328125,8.90263342639282,1.0323145056005192,0.07668532011747717,0.21911726536527626,-0.024959343000361928,0.7373666037018096
3800,22,0.0,0.0,22,5.1383189001373575e-30,1.8502555690786775e-29,1.8502555690786775e-29,2.249999999999997,0.19776970491329504,8.928215539872335,30.879362580401267,1.8502555690786775e-29,0.0,0.0,1.8502555690786775e-29
3800,22,0.0,0.01,22,0.0004235529239089563,0.006657601274847481,0.006657601274847481,2.158631813943364,0.19776970491329504,8.928215539872335,3.6010269257267637,0.006657601274847481,0.0,0.0,0.006657601274847481
3800,22,0.0,0.1,22,0.02155125434635215,0.08983094466279287,0.08983094466279287,1.7291439684101662,0.19776970491329504,8.928215539872335,1.045938327861159,0.08983094466279287,0.0,0.0,0.08983094466279287
3800,22,0.2,0.0,22,0.0037978043380477618,5.601060730526344,5.641060730526344,8.041894175225663,0.19776970491329504,8.928215539872335,30.879362580401267,1.8502555690786775e-29,5.601060730526351,-8.017679315342437e-15,1.2351745032160508
3800,22,0.2,0.01,22,0.011168281272863697,0.2574253311013385,0.2974253311013385,2.506553039547387,0.19776970491329504,8.928215539872335,3.6010269257267637,0.006657601274847481,0.2361039919716291,0.014663737854861636,0.15069867830391806
3800,22,0.2,0.1,22,0.03755185685535355,0.11104391286160024,0.15104391286160024,1.8838272266483953,0.19776970491329504,8.928215539872335,1.045938327861159,0.08983094466279287,0.021317642726421376,-0.00010467452761400516,0.13166847777723922
3800,22,0.8,0.0,22,0.06076486940876391,89.61697168842157,90.25697168842157,92.63030546721886,0.19776970491329504,8.928215539872335,30.879362580401267,1.8502555690786775e-29,89.61697168842161,-3.207071726136975e-14,19.762792051456813
3800,22,0.8,0.01,22,0.1740988550497684,3.8429764242403595,4.482976424240359,6.383564620019004,0.19776970491329504,8.928215539872335,3.6010269257267637,0.006657601274847481,3.7776638715460655,0.058654951419446544,2.3113148337399765
3800,22,0.8,0.1,22,0.2774352850572378,0.43049453017507855,1.0704945301750786,2.603688714080138,0.19776970491329504,8.928215539872335,1.045938327861159,0.08983094466279287,0.341082283622742,-0.00041869811045602064,0.7592314744939347
3800,23,0.0,0.0,23,4.40070378085325e-30,1.69289365516035e-29,1.69289365516035e-29,2.249999999999999,0.17659384424175925,9.0317202695187,38.470401157749855,1.69289365516035e-29,0.0,0.0,1.69289365516035e-29
3800,23,0.0,0.01,23,0.0005092073992006476,0.009507496365988377,0.009507496365988377,2.138651023793883,0.17659384424175925,9.0317202695187,4.059088276023361,0.009507496365988377,0.0,0.0,0.009507496365988377
3800,23,0.0,0.1,23,0.022081151839764362,0.11784225778606262,0.11784225778606262,1.6905347054186508,0.17659384424175925,9.0317202695187,1.0833428391509152,0.11784225778606262,0.0,0.0,0.11784225778606262
3800,23,0.2,0.0,23,0.003273668085073032,7.02376299432904,7.06376299432904,9.417669181711423,0.17659384424175925,9.0317202695187,38.470401157749855,1.69289365516035e-29,7.023762994329038,-1.461792889645546e-14,1.5388160463099945
3800,23,0.2,0.01,23,0.011057489156482797,0.24834497855398466,0.28834497855398467,2.512612431274608,0.17659384424175925,9.0317202695187,4.059088276023361,0.009507496365988377,0.21807024726056787,0.020767234927428078,0.17187102740692284
3800,23,0.2,0.1,23,0.039303575972215954,0.12503260987593903,0.16503260987593904,1.8467008407149477,0.17659384424175925,9.0317202695187,1.0833428391509152,0.11784225778606262,0.023593690260470507,-0.01640333817059413,0.16117597135209924
3800,23,0.8,0.0,23,0.05237868936116843,112.3802079092646,113.0202079092646,115.20583265879412,0.17659384424175925,9.0317202695187,38.470401157749855,1.69289365516035e-29,112.38020790926461,-5.847171558582184e-14,24.62105674095991
3800,23,0.8,0.01,23,0.17177378370700636,3.5817003922447865,4.221700392244786,6.251339620843596,0.17659384424175925,9.0317202695187,4.059088276023361,0.009507496365988377,3.489123956169086,0.08306893970971231,2.6073239930209398
3800,23,0.8,0.1,23,0.2779559321542763,0.4297279492712141,1.0697279492712142,2.598323529729486,0.17659384424175925,9.0317202695187,1.0833428391509152,0.11784225778606262,0.3774990441675281,-0.06561335268237652,0.8111816748426485
3800,24,0.0,0.0,24,8.193876973103596e-30,2.282576961680956e-29,2.282576961680956e-29,2.2500000000000018,0.15931657046985984,9.07641945982954,53.40687182559775,2.282576961680956e-29,0.0,0.0,2.282576961680956e-29
3800,24,0.0,0.01,24,0.000590203448549247,0.029899255998090728,0.029899255998090728,2.1020600542920582,0.15931657046985984,9.07641945982954,4.727400909425287,0.029899255998090728,0.0,0.0,0.029899255998090728
3800,24,0.0,0.1,24,0.02053539214583559,0.1523802462465497,0.1523802462465497,1.6869119108367392,0.15931657046985984,9.07641945982954,1.079367143774034,0.1523802462465497,0.0,0.0,0.1523802462465497
3800,24,0.2,0.0,24,8.846927718412902e-30,11.60723504270774,11.64723504270774,13.652420345433077,0.15931657046985984,9.07641945982954,53.40687182559775,2.282576961680956e-29,11.607235042707737,2.061083261961553e-15,2.1362748730239103
3800,24,0.2,0.01,24,0.010464688689783555,0.31747088373633625,0.3574708837363363,2.4786584963274265,0.15931657046985984,9.07641945982954,4.727400909425287,0.029899255998090728,0.2324869747164154,0.0550846530218301,0.21899529237510226
3800,24,0.2,0.1,24,0.036894354747147314,0.16750877876001108,0.2075087787600111,1.8437256160668214,0.15931657046985984,9.07641945982954,1.079367143774034,0.1523802462465497,0.023808584908786568,-0.008680052395325126,0.19555493199751106
3800,24,0.8,0.0,24,6.658280065370183e-29,185.71576068332382,186.3557606833238,187.14650189422514,0.15931657046985984,9.07641945982954,53.40687182559775,2.282576961680956e-29,185.7157606833238,8.244333047846212e-15,34.180397968382564
3800,24,0.8,0.01,24,0.16519212567091776,3.970029463548057,4.610029463548058,6.398297519030517,0.15931657046985984,9.07641945982954,4.727400909425287,0.029899255998090728,3.7197915954626466,0.2203386120873204,3.055435838030275
3800,24,0.8,0.1,24,0.27186273089243324,0.4985973952058342,1.1385973952058344,2.599869750662506,0.15931657046985984,9.07641945982954,1.079367143774034,0.1523802462465497,0.3809373585405851,-0.0347202095813005,0.8431752182619315
3800,25,0.0,0.0,24,6.514642805793865e-29,0.0012339251699176447,0.0012339251699176447,2.2487660748300855,0.17396133810943543,9.407902823660669,44.043706616337275,0.0012339251699176447,0.0,0.0,0.0012339251699176447
3800,25,0.0,0.01,24,0.0005884330973325438,0.031219009552749737,0.031219009552749737,2.1010943709807406,0.17396133810943543,9.407902823660669,4.1491066665031715,0.031219009552749737,0.0,0.0,0.031219009552749737
3800,25,0.0,0.1,24,0.020531421933160102,0.15355979098676856,0.15355979098676856,1.6858117703500282,0.17396133810943543,9.407902823660669,1.088530764609655,0.15355979098676856,0.0,0.0,0.15355979098676856
3800,25,0.2,0.0,24,8.309152707454084e-29,8.415987925957085,8.455987925957084,10.584232789087983,0.17396133810943543,9.407902823660669,44.043706616337275,0.0012339251699176447,8.414754000787168,8.697270062468101e-16,1.762982189823409
3800,25,0.2,0.01,24,0.00858652237515664,0.255999685227409,0.29599968522740905,2.4487350756295507,0.17396133810943543,9.407902823660669,4.1491066665031715,0.031219009552749737,0.18609998173063905,0.03868069394402012,0.19718327621287662
3800,25,0.2,0.1,24,0.03451409424415697,0.16944390849439472,0.20944390849439473,1.853623076269286,0.17396133810943543,9.407902823660669,1.088530764609655,0.15355979098676856,0.03159713818096561,-0.01571302067333952,0.19710102157115478
3800,25,0.8,0.0,24,1.9852736237636398e-28,134.63729793776463,135.27729793776462,136.5676809413077,0.17396133810943543,9.407902823660669,44.043706616337275,0.0012339251699176447,134.6360640125947,3.4789080249872405e-15,28.18920615962578
3800,25,0.8,0.01,24,0.1331995448158008,3.163541493019055,3.803541493019055,5.724856970343649,0.17396133810943543,9.407902823660669,4.1491066665031715,0.031219009552749737,2.9775997076902248,0.15472277577608048,2.68664727611478
3800,25,0.8,0.1,24,0.2253985541011018,0.5962619191888602,1.2362619191888604,2.73622265219865,0.17396133810943543,9.407902823660669,1.088530764609655,0.15355979098676856,0.5055542108954497,-0.06285208269335808,0.8502194803369478
3800,26,0.0,0.0,24,6.931696716102143e-30,0.0025096294730478754,0.0025096294730478754,2.2474903705269558,0.17751304814863159,9.461253829054371,38.67366537941826,0.0025096294730478754,0.0,0.0,0.0025096294730478754
3800,26,0.0,0.01,24,0.0006838869401175526,0.04116879177731522,0.04116879177731522,2.072053820199173,0.17751304814863159,9.461253829054371,3.8628460792581674,0.04116879177731522,0.0,0.0,0.04116879177731522
3800,26,0.0,0.1,24,0.020251248521075293,0.18195127678619438,0.18195127678619438,1.6630237527922986,0.17751304814863159,9.461253829054371,1.099963034747761,0.18195127678619438,0.0,0.0,0.18195127678619438
3800,26,0.2,0.0,24,8.80693257323446e-30,7.993067124707177,8.033067124707177,10.112235347045107,0.17751304814863159,9.461253829054371,38.67366537941826,0.0025096294730478754,7.9905574952341265,6.936398210465832e-15,1.5494562446497784
3800,26,0.2,0.01,24,0.008380241418481668,0.28970778903446687,0.32970778903446685,2.421086391151187,0.17751304814863159,9.461253829054371,3.8628460792581674,0.04116879177731522,0.19268002920642424,0.055858968050727556,0.19568263494764196
3800,26,0.2,0.1,24,0.033904452702783784,0.20112778582647525,0.24112778582647526,1.8346115758298756,0.17751304814863159,9.461253829054371,1.099963034747761,0.18195127678619438,0.03156313211483414,-0.012386623074553354,0.22594979817610483
3800,26,0.8,0.0,24,4.1791203246912323e-29,127.85142955321903,128.49142955321904,129.59316021940904,0.17751304814863159,9.461253829054371,38.67366537941826,0.0025096294730478754,127.84891992374602,2.7745592841863327e-14,24.75365547230074
3800,26,0.8,0.01,24,0.13052863476003082,3.3474851312830127,3.987485131283013,5.780344454484319,0.17751304814863159,9.461253829054371,3.8628460792581674,0.04116879177731522,3.082880467302788,0.22343587220291022,2.513390282502543
3800,26,0.8,0.1,24,0.22383856773894606,0.6374148983253273,1.2774148983253273,2.728132630320619,0.17751304814863159,9.461253829054371,1.099963034747761,0.18195127678619438,0.5050101138373463,-0.04954649229821342,0.8859276190247615
3800,28,0.0,0.0,24,6.087500433077942e-29,0.0031368580429244793,0.0031368580429244793,2.2468631419570775,0.4934975579236968,9.737092723952864,7.406673907213744,0.0031368580429244793,0.0,0.0,0.0031368580429244793
3800,28,0.0,0.01,24,0.000840350952665216,0.037387496724910124,0.037387496724910124,2.044542312742044,0.4934975579236968,9.737092723952864,3.7506513705561444,0.037387496724910124,0.0,0.0,0.037387496724910124
3800,28,0.0,0.1,24,0.02213048941570607,0.23916765461766043,0.23916765461766043,1.5682225570682164,0.4934975579236968,9.737092723952864,1.141633518428344,0.23916765461766043,0.0,0.0,0.23916765461766043
3800,28,0.2,0.0,24,6.775053210252432e-29,0.24855664365569705,0.28855664365569705,2.384137127846035,0.4934975579236968,9.737092723952864,7.406673907213744,0.0031368580429244793,0.24541978561277192,6.818782786455081e-16,0.2994038143314743
3800,28,0.2,0.01,24,0.000888408465522067,0.2424388511685743,0.2824388511685743,2.1544765863525903,0.4934975579236968,9.737092723952864,3.7506513705561444,0.037387496724910124,0.1814891786810305,0.023562175762633655,0.18741355154715592
3800,28,0.2,0.1,24,0.021524357164895636,0.34783026330330014,0.38783026330330017,1.704728575149715,0.4934975579236968,9.737092723952864,1.141633518428344,0.23916765461766043,0.04930217322885545,0.05936043545678432,0.2848329953547942
3800,28,0.8,0.0,24,8.026306623467325e-29,3.929853427847277,4.569853427847278,5.740996512866171,0.4934975579236968,9.737092723952864,7.406673907213744,0.0031368580429244793,3.9267165698043507,2.7275131145820326e-15,4.743408158659721
3800,28,0.8,0.01,24,0.004436732249890788,3.0354630586719327,3.675463058671933,4.662149551356595,0.4934975579236968,9.737092723952864,3.7506513705561444,0.037387496724910124,2.903826858896488,0.09424870305053462,2.4378043738808426
3800,28,0.8,0.1,24,0.08366489595088024,1.265444168106485,1.905444168106485,2.7058727081404745,0.4934975579236968,9.737092723952864,1.141633518428344,0.23916765461766043,0.7888347716616873,0.2374417418271373,0.9698131064118007
3800,32,0.0,0.0,24,5.469159559573653e-30,0.297148986159367,0.297148986159367,1.952851013840636,0.5651393929470436,10.083289791981263,5.279077767970967,0.297148986159367,0.0,0.0,0.297148986159367
3800,32,0.0,0.01,24,0.00042694995592990146,0.31435946805603865,0.31435946805603865,1.8502505407579783,0.5651393929470436,10.083289791981263,2.912724304627954,0.31435946805603865,0.0,0.0,0.31435946805603865
3800,32,0.0,0.1,24,0.015884420396910636,0.3956375865984913,0.3956375865984913,1.536674005463294,0.5651393929470436,10.083289791981263,1.0236039542152344,0.3956375865984913,0.0,0.0,0.3956375865984913
3800,32,0.2,0.0,24,5.580036951413646e-30,0.45695493592340297,0.496954935923403,2.288463151974745,0.5651393929470436,10.083289791981263,5.279077767970967,0.297148986159367,0.15980594976403623,-3.469446951953614e-17,0.5083120968782058
3800,32,0.2,0.01,24,0.0008708561110871267,0.4044100878918535,0.44441008789185354,2.069143776623382,0.5651393929470436,10.083289791981263,2.912724304627954,0.31435946805603865,0.116530073387404,-0.026479453551589305,0.43086844024115684
3800,32,0.2,0.1,24,0.019855224112697804,0.4296261882532633,0.4696261882532633,1.6534747018916303,0.5651393929470436,10.083289791981263,1.0236039542152344,0.3956375865984913,0.04262481845875263,-0.008636216803980794,0.43658174476710065
3800,32,0.8,0.0,24,9.050907773647815e-30,2.8540441823839453,3.4940441823839454,5.212970963545508,0.5651393929470436,10.083289791981263,5.279077767970967,0.297148986159367,2.5568951962245796,-1.3877787807814457e-16,3.6757587576607866
3800,32,0.8,0.01,24,0.004351914012254665,2.072922828048145,2.712922828048145,4.124184364868444,0.5651393929470436,10.083289791981263,2.912724304627954,0.31435946805603865,1.864481174198464,-0.10591781420635722,2.1785030230179294
3800,32,0.8,0.1,24,0.06905381968472797,1.04308981472261,1.68308981472261,2.515374612681672,0.5651393929470436,10.083289791981263,1.0236039542152344,0.3956375865984913,0.681997095340042,-0.034544867215923175,1.0507441172962415
3800,48,0.0,0.0,24,2.7263496391578115e-29,0.9578289344832538,0.9578289344832538,1.2921710655167469,2.097197376503137,11.737728528139193,0.9628734227151639,0.9578289344832538,0.0,0.0,0.9578289344832538
3800,48,0.0,0.01,24,8.228462237977486e-05,0.9579199766115927,0.9579199766115927,1.2756230989124528,2.097197376503137,11.737728528139193,0.9221128360362943,0.9579199766115927,0.0,0.0,0.9579199766115927
3800,48,0.0,0.1,24,0.006968058540199411,0.9644270173769217,0.9644270173769217,1.1462118118190898,2.097197376503137,11.737728528139193,0.684274499923941,0.9644270173769217,0.0,0.0,0.9644270173769217
3800,48,0.2,0.0,24,2.624988748655522e-29,1.0042715905526638,1.0442715905526638,1.4402150801942837,2.097197376503137,11.737728528139193,0.9628734227151639,0.9578289344832538,0.04644265606941065,-5.759281940243e-16,0.9963438713918603
3800,48,0.2,0.01,24,0.00011479877452875601,0.999481523308202,1.039481523308202,1.4170072299990077,2.097197376503137,11.737728528139193,0.9221128360362943,0.9579199766115927,0.04325796456109596,-0.0016964178644865366,0.9948044900530445
3800,48,0.2,0.1,24,0.008666071176809198,0.9822612634989615,1.0222612634989614,1.2528876085848228,2.097197376503137,11.737728528139193,0.684274499923941,0.9644270173769217,0.026802176926621395,-0.008967930804581678,0.9917979973738793
3800,48,0.8,0.0,24,2.832455539560586e-29,1.7009114315938214,2.3409114315938213,2.4416589970598235,2.097197376503137,11.737728528139193,0.9628734227151639,0.9578289344832538,0.7430824971105704,-2.3037127760972e-15,1.5740679250209588
3800,48,0.8,0.01,24,0.00039894091302518754,1.6432617381311811,2.2832617381311815,2.3602551979918234,2.097197376503137,11.737728528139193,0.9221128360362943,0.9579199766115927,0.6921274329775353,-0.006785671457946146,1.5480721916748212
3800,48,0.8,0.1,24,0.023374743760458127,1.357390124984537,1.9973901249845372,1.8945411220014794,2.097197376503137,11.737728528139193,0.684274499923941,0.9644270173769217,0.4288348308259423,-0.03587172321832671,1.4023626973282441
3800,72,0.0,0.0,24,9.540222374851798e-30,1.245606574049373,1.245606574049373,1.0043934259506266,3.955541678965033,12.684701071885964,0.4784857377147768,1.245606574049373,0.0,0.0,1.245606574049373
3800,72,0.0,0.01,24,4.80064818853157e-05,1.2456363898033405,1.2456363898033405,0.9947623138195975,3.955541678965033,12.684701071885964,0.47184910556638865,1.2456363898033405,0.0,0.0,1.2456363898033405
3800,72,0.0,0.1,24,0.004316183697171132,1.24823196566308,1.24823196566308,0.9154443603934987,3.955541678965033,12.684701071885964,0.4194710946529655,1.24823196566308,0.0,0.0,1.24823196566308
3800,72,0.2,0.0,24,1.1339145264114798e-29,1.2643125758669065,1.3043125758669065,1.0753543986703853,3.955541678965033,12.684701071885964,0.4784857377147768,1.245606574049373,0.018706001817533777,-5.597662634978907e-17,1.264746003557964
3800,72,0.2,0.01,24,5.0840803434512836e-05,1.263872947978071,1.303872947978071,1.0651548338871384,3.955541678965033,12.684701071885964,0.47184910556638865,1.2456363898033405,0.018336370120027572,-9.981194529694282e-05,1.264510354025996
3800,72,0.2,0.1,24,0.004573356033741646,1.2626971722777662,1.3026971722777663,0.9811190356639318,3.955541678965033,12.684701071885964,0.4194710946529655,1.24823196566308,0.01555638437863484,-0.001091177763948786,1.2650108094491987
3800,72,0.8,0.0,24,1.594698882901797e-29,1.5449026031299131,2.1849026031299132,1.5127093386400676,3.955541678965033,12.684701071885964,0.4784857377147768,1.245606574049373,0.2992960290805404,-2.239065053991563e-16,1.55183744618683
3800,72,0.8,0.01,24,8.137819323688628e-05,1.538619063942594,2.178619063942594,1.496368835530091,3.955541678965033,12.684701071885964,0.47184910556638865,1.2456363898033405,0.29338192192044116,-0.0003992477811877713,1.5476198173658293
3800,72,0.8,0.1,24,0.007121527765561302,1.492769404665442,2.132769404665442,1.3648196740188483,3.955541678965033,12.684701071885964,0.4194710946529655,1.24823196566308,0.24890215005815744,-0.004364711055795144,1.516693466240978
3800,96,0.0,0.0,24,8.378437234732606e-30,1.4562307068852673,1.4562307068852673,0.7937692931147318,5.75159215132224,13.887821500939822,0.3172386023341712,1.4562307068852673,0.0,0.0,1.4562307068852673
3800,96,0.0,0.01,24,2.8381462192025092e-05,1.4562431025657967,1.4562431025657967,0.7880806049957985,5.75159215132224,13.887821500939822,0.314662859160211,1.4562431025657967,0.0,0.0,1.4562431025657967
3800,96,0.0,0.1,24,0.002630065978325898,1.4573672859420257,1.4573672859420257,0.7400313944914574,5.75159215132224,13.887821500939822,0.2930779132708524,1.4573672859420257,0.0,0.0,1.4573672859420257
3800,96,0.2,0.0,24,8.984246523447712e-30,1.4678004557204511,1.5078004557204512,0.8673611101477993,5.75159215132224,13.887821500939822,0.3172386023341712,1.4562307068852673,0.011569748835183795,-1.8214596497756474e-16,1.468920250978634
3800,96,0.2,0.01,24,3.1409082818203145e-05,1.4674546605489485,1.5074546605489485,0.8610653081411004,5.75159215132224,13.887821500939822,0.314662859160211,1.4562431025657967,0.011459207928994727,-0.000247649945843067,1.468829616932205
3800,96,0.2,0.1,24,0.0029064930088850763,1.4656454514531108,1.5056454514531108,0.8079512904551007,5.75159215132224,13.887821500939822,0.2930779132708524,1.4573672859420257,0.010543495035402018,-0.0022653295243168217,1.4690904024728597
3800,96,0.8,0.0,24,1.2232511942943123e-29,1.6413466882482075,2.281346688248208,1.226973547269208,5.75159215132224,13.887821500939822,0.3172386023341712,1.4562307068852673,0.18511598136294072,-7.28583859910259e-16,1.659263412379137
3800,96,0.8,0.01,24,4.710539870969821e-05,1.6385998296463404,2.278599829646341,1.217529912724944,5.75159215132224,13.887821500939822,0.314662859160211,1.4562431025657967,0.18334732686391564,-0.000990599783372268,1.6576273324283317
3800,96,0.8,0.1,24,0.004334503038092401,1.6170018884111903,2.2570018884111906,1.1382329187708562,5.75159215132224,13.887821500939822,0.2930779132708524,1.4573672859420257,0.1686959205664323,-0.009061318097267287,1.6449371504353714
3801,1,0.0,0.0,1,0.9166453797379326,1.324835044493421,1.324835044493421,1.6219549380941596,5.061256820859699,5.061256820859699,0.03903761259681041,1.324835044493421,0.0,0.0,1.324835044493421
3801,1,0.0,0.01,1,0.916794533196331,1.3185071381698004,1.3185071381698004,1.5919845041362781,5.061256820859699,5.061256820859699,0.03831627677993451,1.3185071381698004,0.0,0.0,1.3185071381698004
3801,1,0.0,0.1,1,0.9293494994882868,1.2770475050410708,1.2770475050410708,1.3559700189623336,5.061256820859699,5.061256820859699,0.03263582177895763,1.2770475050410708,0.0,0.0,1.2770475050410708
3801,1,0.2,0.0,1,1.0815567210888006,1.3562876927970815,1.3962876927970815,1.7583235592862847,5.061256820859699,5.061256820859699,0.03903761259681041,1.324835044493421,0.00275184034178326,0.028700807961877368,1.3263965489972933
3801,1,0.2,0.01,1,1.0817184148779997,1.348413807926434,1.388413807926434,1.7258333100984147,5.061256820859699,5.061256820859699,0.03831627677993451,1.3185071381698004,0.0027009919197408102,0.027205677836892664,1.3200397892409979
3801,1,0.2,0.1,1,1.0953289613233472,1.295124577711279,1.335124577711279,1.4699755055025638,5.061256820859699,5.061256820859699,0.03263582177895763,1.2770475050410708,0.0023005651469045576,0.015776507523303486,1.2783529379122291
3801,1,0.8,0.0,1,2.141604535543276,1.483667721809463,2.123667721809463,2.2004515069640607,5.061256820859699,5.061256820859699,0.03903761259681041,1.324835044493421,0.04402944546853216,0.11480323184750947,1.3498191165553797
3801,1,0.8,0.01,1,2.1418068870048317,1.4705457202332244,2.1105457202332243,2.1597916310217133,5.061256820859699,5.061256820859699,0.03831627677993451,1.3185071381698004,0.043215870715852964,0.10882271134757066,1.3430295553089584
3801,1,0.8,0.1,1,2.1588397859147603,1.376962577484758,2.016962577484758,1.8395987468861092,5.061256820859699,5.061256820859699,0.03263582177895763,1.2770475050410708,0.03680904235047292,0.06310603009321394,1.2979344309796037
3801,2,0.0,0.0,2,0.29869554598583664,0.28341491529302426,0.28341491529302426,2.1124457926535487,4.1868432709757055,5.2189078055405504,0.09376094795610279,0.28341491529302426,0.0,0.0,0.28341491529302426
3801,2,0.0,0.01,2,0.2988840100350871,0.28283804874229584,0.28283804874229584,2.0745791655380197,4.1868432709757055,5.2189078055405504,0.09159182833845907,0.28283804874229584,0.0,0.0,0.28283804874229584
3801,2,0.0,0.1,2,0.31479237360483475,0.2907293277243678,0.2907293277243678,1.7757092307053368,4.1868432709757055,5.2189078055405504,0.07514326706169083,0.2907293277243678,0.0,0.0,0.2907293277243678
3801,2,0.2,0.0,2,0.31771690000803765,0.28461243492223404,0.324612434922234,2.389818572983299,4.1868432709757055,5.2189078055405504,0.09376094795610279,0.28341491529302426,0.011416508783242975,-0.010218989154033185,0.28716535321126835
3801,2,0.2,0.01,2,0.3179320720786482,0.28144141497637004,0.32144141497637,2.346583055965925,4.1868432709757055,5.2189078055405504,0.09159182833845907,0.28283804874229584,0.011164373434450365,-0.012561007200376005,0.2865017218758342
3801,2,0.2,0.1,2,0.33605976893864464,0.27008953002564484,0.3100895300256449,2.005883818318499,4.1868432709757055,5.2189078055405504,0.07514326706169083,0.2907293277243678,0.00923965038315261,-0.029879448081875627,0.29373505840683545
3801,2,0.8,0.0,2,0.8474169616322422,0.42520309920877886,1.0652030992087789,3.3589350193714664,4.1868432709757055,5.2189078055405504,0.09376094795610279,0.28341491529302426,0.1826641405318876,-0.04087595661613274,0.34342192198493005
3801,2,0.8,0.01,2,0.8477272974832148,0.4112239948919976,1.0512239948919977,3.2965672084630513,4.1868432709757055,5.2189078055405504,0.09159182833845907,0.28283804874229584,0.17862997495120583,-0.05024402880150402,0.34145681887890966
3801,2,0.8,0.1,2,0.873732092817144,0.3190459415273071,0.9590459415273072,2.8072833857558175,4.1868432709757055,5.2189078055405504,0.07514326706169083,0.2907293277243678,0.14783440613044177,-0.11951779232750251,0.33882101864384995
3801,3,0.0,0.0,3,1.3685036269937822e-30,2.0214560696288428e-30,2.0214560696288428e-30,2.2500000000000027,3.9131371230491565,5.98748687425398,0.13329603631806988,2.0214560696288428e-30,0.0,0.0,2.0214560696288428e-30
3801,3,0.0,0.01,3,0.00019956810302231367,0.0001937592955980785,0.0001937592955980785,2.2098926200999367,3.9131371230491565,5.98748687425398,0.13016559688319462,0.0001937592955980785,0.0,0.0,0.0001937592955980785
3801,3,0.0,0.1,3,0.016932287156269085,0.016228463292102393,0.016228463292102393,1.8951257935825143,3.9131371230491565,5.98748687425398,0.10667637886550854,0.016228463292102393,0.0,0.0,0.016228463292102393
3801,3,0.2,0.0,3,0.039039213640336294,0.011397506614310823,0.051397506614310834,2.5232219884484266,3.9131371230491565,5.98748687425398,0.13329603631806988,2.0214560696288428e-30,0.011397506614310701,2.2149765827400353e-16,0.005331841452722796
3801,3,0.2,0.01,3,0.03926676001241065,0.00867237731092993,0.04867237731092994,2.4774882638951023,3.9131371230491565,5.98748687425398,0.13016559688319462,0.0001937592955980785,0.011156729718269828,-0.0026781117029379495,0.005400383170925864
3801,3,0.2,0.1,3,0.05829692971096747,0.0032707235921466647,0.043270723592146676,2.119313443174735,3.9131371230491565,5.98748687425398,0.10667637886550854,0.016228463292102393,0.009305907621812224,-0.02226364732176793,0.020495518446722736
3801,3,0.8,0.0,3,0.6246274182453808,0.18236010582897225,0.8223601058289723,3.479658033165432,3.9131371230491565,5.98748687425398,0.13329603631806988,2.0214560696288428e-30,0.18236010582897122,8.859906330960141e-16,0.08530946324356474
3801,3,0.8,0.01,3,0.6249532652488832,0.16798898797616363,0.8079889879761637,3.414155951899837,3.9131371230491565,5.98748687425398,0.13016559688319462,0.0001937592955980785,0.17850767549231725,-0.010712446811751798,0.08349974130084264
3801,3,0.8,0.1,3,0.6520501912453216,0.07606839595402631,0.7160683959540264,2.9035472834131446,3.9131371230491565,5.98748687425398,0.10667637886550854,0.016228463292102393,0.14889452194899558,-0.08905458928707172,0.08450134576602787
3801,4,0.0,0.0,4,3.3780811224552117e-31,2.825277597549916e-31,2.825277597549916e-31,2.2500000000000013,3.0766991192233837,6.014219636872421,0.22202221350757334,2.825277597549916e-31,0.0,0.0,2.825277597549916e-31
3801,4,0.0,0.01,4,0.0002317845839423698,0.00033921153048219736,0.00033921153048219736,2.203303871681043,3.0766991192233837,6.014219636872421,0.2145778761037266,0.00033921153048219736,0.0,0.0,0.00033921153048219736
3801,4,0.0,0.1,4,0.01840945151540918,0.02495130264454186,0.02495130264454186,1.856859667047274,3.0766991192233837,6.014219636872421,0.16361317660861785,0.02495130264454186,0.0,0.0,0.02495130264454186
3801,4,0.2,0.0,4,0.03846628051828418,0.014956543036219561,0.054956543036219566,2.5551719118720193,3.0766991192233837,6.014219636872421,0.22202221350757334,2.825277597549916e-31,0.014956543036219478,7.443237261954282e-17,0.008880888540302936
3801,4,0.2,0.01,4,0.0387413662131598,0.010717622474034893,0.0507176224740349,2.499733018306657,3.0766991192233837,6.014219636872421,0.2145778761037266,0.00033921153048219736,0.014465569790348222,-0.004087158846795596,0.008922326574631264
3801,4,0.2,0.1,4,0.06008716248979484,0.005692232591302932,0.045692232591302936,2.0920078160898825,3.0766991192233837,6.014219636872421,0.16361317660861785,0.02495130264454186,0.011104211293326973,-0.03036328134656588,0.03149582970888658
3801,4,0.8,0.0,4,0.6154604882925473,0.23930468857951187,0.8793046885795119,3.6501661639227057,3.0766991192233837,6.014219636872421,0.22202221350757334,2.825277597549916e-31,0.23930468857951165,2.977294904781713e-16,0.14209421664484698
3801,4,0.8,0.01,4,0.6158946315898062,0.2154396927888715,0.8554396927888717,3.5626072956676746,3.0766991192233837,6.014219636872421,0.2145778761037266,0.00033921153048219736,0.23144911664557155,-0.016348635387182384,0.13766905223686726
3801,4,0.8,0.1,4,0.6488168894897016,0.08116555795150984,0.7211655579515099,2.9307027987376304,3.0766991192233837,6.014219636872421,0.16361317660861785,0.02495130264454186,0.17766738069323157,-0.12145312538626352,0.1296637356740573
3801,8,0.0,0.0,8,1.4216572872818445e-31,1.8334853070566485e-31,1.8334853070566485e-31,2.25,2.462378257339695,6.640199769639205,0.5071602851803998,1.8334853070566485e-31,0.0,0.0,1.8334853070566485e-31
3801,8,0.0,0.01,8,0.0002719897135959154,0.0005990218961094318,0.0005990218961094318,2.1950030353847083,2.462378257339695,6.640199769639205,0.4852782470514958,0.0005990218961094318,0.0,0.0,0.0005990218961094318
3801,8,0.0,0.1,8,0.01981873542355148,0.037388480048655116,0.037388480048655116,1.8162368114803145,2.462378257339695,6.640199769639205,0.34848721553712514,0.037388480048655116,0.0,0.0,0.037388480048655116
3801,8,0.2,0.0,8,0.03346837701072701,0.02328106591722385,0.06328106591722385,2.5916446848980734,2.462378257339695,6.640199769639205,0.5071602851803998,1.8334853070566485e-31,0.02328106591722385,-4.2715695550004836e-17,0.020286411407215994
3801,8,0.2,0.01,8,0.03380440320717292,0.01695329657765998,0.05695329657765999,2.5236491080949275,2.462378257339695,6.640199769639205,0.4852782470514958,0.0005990218961094318,0.022250737275978896,-0.0058964625944284066,0.02001015177816927
3801,8,0.2,0.1,8,0.057443808095855774,0.014969395677548403,0.05496939567754841,2.063522439506368,2.462378257339695,6.640199769639205,0.34848721553712514,0.037388480048655116,0.015951299100028647,-0.038370383471135354,0.051327968670140126
3801,8,0.8,0.0,8,0.5354940321716324,0.3724970546755817,1.0124970546755818,3.8959515305989756,2.462378257339695,6.640199769639205,0.5071602851803998,1.8334853070566485e-31,0.3724970546755816,-1.7086278220001934e-16,0.3245825825154559
3801,8,0.8,0.01,8,0.5360830300994969,0.3330249679340583,0.9730249679340583,3.7765961735373295,2.462378257339695,6.640199769639205,0.4852782470514958,0.0005990218961094318,0.35601179641566233,-0.023585850377713626,0.31117710000906684
3801,8,0.8,0.1,8,0.5757754380150576,0.13912773176457202,0.7791277317645722,2.9967949127848716,2.462378257339695,6.640199769639205,0.34848721553712514,0.037388480048655116,0.25522078560045836,-0.15348153388454142,0.26042029799241523
3801,12,0.0,0.0,12,6.068733650093806e-30,5.3924024115723035e-30,5.3924024115723035e-30,2.2499999999999996,1.9195986469999908,7.3632398094146225,1.0696780037156541,5.3924024115723035e-30,0.0,0.0,5.3924024115723035e-30
3801,12,0.0,0.01,12,0.00032599519040408154,0.0009029052861192188,0.0009029052861192188,2.1838980566330655,1.9195986469999908,7.3632398094146225,0.9909380346990246,0.0009029052861192188,0.0,0.0,0.0009029052861192188
3801,12,0.0,0.1,12,0.022086002940015687,0.052490910852010686,0.052490910852010686,1.755789030347676,1.9195986469999908,7.3632398094146225,0.5916717229469012,0.052490910852010686,0.0,0.0,0.052490910852010686
3801,12,0.2,0.0,12,0.026102868615996245,0.050324416339465966,0.09032441633946597,2.5959619215436747,1.9195986469999908,7.3632398094146225,1.0696780037156541,5.3924024115723035e-30,0.05032441633946558,2.915870790422491e-16,0.04278712014862617
3801,12,0.2,0.01,12,0.026507121934354422,0.04155596970504951,0.08155596970504952,2.5138795866986507,1.9195986469999908,7.3632398094146225,0.9909380346990246,0.0009029052861192188,0.04672325846050604,-0.006070194041575791,0.04054042667408021
3801,12,0.2,0.1,12,0.05270161869571144,0.04467825041799969,0.0846782504179997,1.9955499779506416,1.9195986469999908,7.3632398094146225,0.5916717229469012,0.052490910852010686,0.028413368893020517,-0.03622602932703146,0.07615777976988673
3801,12,0.8,0.0,12,0.41764589785594014,0.8051906614314509,1.4451906614314511,4.237740682248284,1.9195986469999908,7.3632398094146225,1.0696780037156541,5.3924024115723035e-30,0.8051906614314492,1.1663483161689964e-15,0.6845939223780187
3801,12,0.8,0.01,12,0.4184955998086209,0.7241942644879128,1.3641942644879128,4.064503278421481,1.9195986469999908,7.3632398094146225,0.9909380346990246,0.0009029052861192188,0.7475721353680966,-0.024280776166303163,0.6351032474934951
3801,12,0.8,0.1,12,0.46846461983871207,0.3622006958322134,1.0022006958322136,3.0557932474757794,1.9195986469999908,7.3632398094146225,0.5916717229469012,0.052490910852010686,0.45461390228832826,-0.14490411730812583,0.4311608135380275
3801,16,0.0,0.0,16,2.3958889496501277e-30,2.0958090025443425e-30,2.0958090025443425e-30,2.2499999999999996,1.361142116503241,7.794449385410271,2.006098119124893,2.0958090025443425e-30,0.0,0.0,2.0958090025443425e-30
3801,16,0.0,0.01,16,0.0004718553629216897,0.002006354927603253,0.002006354927603253,2.1536225724880596,1.361142116503241,7.794449385410271,1.752134134114435,0.002006354927603253,0.0,0.0,0.002006354927603253
3801,16,0.0,0.1,16,0.027099089074584276,0.09679460336629192,0.09679460336629192,1.6112236151420238,1.361142116503241,7.794449385410271,0.8378886249374079,0.09679460336629192,0.0,0.0,0.09679460336629192
3801,16,0.2,0.0,16,0.021659623170435308,0.053586276710931274,0.09358627671093128,2.4845862285366644,1.361142116503241,7.794449385410271,2.006098119124893,2.0958090025443425e-30,0.053586276710931316,-1.274979981050073e-16,0.08024392476499574
3801,16,0.2,0.01,16,0.0221945042272661,0.046439725633575436,0.08643972563357544,2.375222107666774,1.361142116503241,7.794449385410271,1.752134134114435,0.002006354927603253,0.04813077593366975,-0.00369740522769766,0.07209172029218067
3801,16,0.2,0.1,16,0.05183629700702805,0.10281392151663152,0.14281392151663153,1.769358210551078,1.361142116503241,7.794449385410271,0.8378886249374079,0.09679460336629192,0.02709970053121913,-0.021080382380879392,0.13031014836378824
3801,16,0.8,0.0,16,0.34655397072696487,0.8573804273749004,1.4973804273749005,3.831380234677832,1.361142116503241,7.794449385410271,2.006098119124893,2.0958090025443425e-30,0.857380427374901,-5.099919924200292e-16,1.2839027962399319
3801,16,0.8,0.01,16,0.3475905485651088,0.7573091489555284,1.3973091489555285,3.617590024406952,1.361142116503241,7.794449385410271,1.752134134114435,0.002006354927603253,0.770092414938716,-0.01478962091079064,1.1233722007608418
3801,16,0.8,0.1,16,0.39759795713662993,0.4460682823422801,1.0860682823422803,2.568958403152868,1.361142116503241,7.794449385410271,0.8378886249374079,0.09679460336629192,0.43359520849950606,-0.08432152952351757,0.6330433233262331
3801,20,0.0,0.0,20,3.295298233678967e-30,3.643618713537602e-30,3.643618713537602e-30,2.25,1.19010617972833,8.474335491177907,3.0944312186023186,3.643618713537602e-30,0.0,0.0,3.643618713537602e-30
3801,20,0.0,0.01,20,0.0008099270630588301,0.00868855935169218,0.00868855935169218,2.0793260280365424,1.19010617972833,8.474335491177907,2.6077155267016825,0.00868855935169218,0.0,0.0,0.00868855935169218
3801,20,0.0,0.1,20,0.0286831682804666,0.22108507242348263,0.22108507242348263,1.455251561967185,1.19010617972833,8.474335491177907,1.1075167235742993,0.22108507242348263,0.0,0.0,0.22108507242348263
3801,20,0.2,0.0,20,0.0045742629655493965,0.1368506591130761,0.1768506591130761,2.568536392103967,1.19010617972833,8.474335491177907,3.0944312186023186,3.643618713537602e-30,0.13685065911307556,5.581653028866038e-16,0.12377724874409277
3801,20,0.2,0.01,20,0.00557063244528391,0.11851190832176611,0.15851190832176612,2.358234135082361,1.19010617972833,8.474335491177907,2.6077155267016825,0.00868855935169218,0.12075734540068078,-0.01093399643060676,0.11299718041975951
3801,20,0.2,0.1,20,0.03844744416959732,0.255924780807407,0.29592478080740703,1.6141091631000244,1.19010617972833,8.474335491177907,1.1075167235742993,0.22108507242348263,0.05805782121109807,-0.023218112827173797,0.2653857413664546
3801,20,0.8,0.0,20,0.07318820744879038,2.1896105458092117,2.829610545809212,5.166353477772773,1.19010617972833,8.474335491177907,3.0944312186023186,3.643618713537602e-30,2.189610545809209,2.232661211546415e-15,1.9804359799054843
3801,20,0.8,0.01,20,0.0756691336069875,1.8970701000401584,2.5370701000401583,4.6440466010279815,1.19010617972833,8.474335491177907,2.6077155267016825,0.00868855935169218,1.9321175264108925,-0.04373598572242704,1.6776264964407692
3801,20,0.8,0.1,20,0.1570498471139494,1.0571377604923569,1.697137760492357,2.78737582103172,1.19010617972833,8.474335491177907,1.1075167235742993,0.22108507242348263,0.9289251393775692,-0.09287245130869519,0.9298957755110343
3801,22,0.0,0.0,22,5.221846080590027e-30,8.495564831811468e-30,8.495564831811468e-30,2.25,0.532800361645987,8.503092714397313,6.687072167191723,8.495564831811468e-30,0.0,0.0,8.495564831811468e-30
3801,22,0.0,0.01,22,0.0009433838617008806,0.03545136767178102,0.03545136767178102,2.025871859988043,0.532800361645987,8.503092714397313,3.701425408941687,0.03545136767178102,0.0,0.0,0.03545136767178102
3801,22,0.0,0.1,22,0.0268443265352596,0.26209210173682684,0.26209210173682684,1.4510213675579813,0.532800361645987,8.503092714397313,1.1815078984376348,0.26209210173682684,0.0,0.0,0.26209210173682684
3801,22,0.2,0.0,22,0.0039315041157488104,0.17193680824015925,0.21193680824015926,2.4690951673631174,0.532800361645987,8.503092714397313,6.687072167191723,8.495564831811468e-30,0.1719368082401591,-9.727192461604882e-17,0.267482886687669
3801,22,0.2,0.01,22,0.004788104308403852,0.19299882906230226,0.23299882906230227,2.2828420696975544,0.532800361645987,8.503092714397313,3.701425408941687,0.03545136767178102,0.13312206557742912,0.02442539581309199,0.18350838402944852
3801,22,0.2,0.1,22,0.035295295994875596,0.30883021894744084,0.3488302189474408,1.6119026827893348,0.532800361645987,8.503092714397313,1.1815078984376348,0.26209210173682684,0.0590969147750865,-0.012358797564472687,0.30935241767433225
3801,22,0.8,0.0,22,0.06290406585198109,2.750988931842546,3.390988931842546,5.189622368334379,0.532800361645987,8.503092714397313,6.687072167191723,8.495564831811468e-30,2.750988931842546,-3.890876984641953e-16,4.279726187002704
3801,22,0.8,0.01,22,0.0653899585065195,2.2631060001630154,2.9031060001630156,4.6512174857552395,0.532800361645987,8.503092714397313,3.701425408941687,0.03545136767178102,2.129953049238866,0.09770158325236795,2.4043636293944615
3801,22,0.8,0.1,22,0.14722928081174785,1.1582075478803209,1.798207547880321,2.8037096057844315,0.532800361645987,8.503092714397313,1.1815078984376348,0.26209210173682684,0.945550636401384,-0.04943519025789075,1.0182571567369134
3801,23,0.0,0.0,23,1.844384866835665e-30,8.127177283563643e-30,8.127177283563643e-30,2.2499999999999982,0.4402175683720584,8.620430900601091,10.279944219739104,8.127177283563643e-30,0.0,0.0,8.127177283563643e-30
3801,23,0.0,0.01,23,0.0009295176435526083,0.043994158745974836,0.043994158745974836,2.020102312543505,0.4402175683720584,8.620430900601091,4.496655214370131,0.043994158745974836,0.0,0.0,0.043994158745974836
3801,23,0.0,0.1,23,0.026735396815076695,0.2633232677215672,0.2633232677215672,1.4519687959768994,0.4402175683720584,8.620430900601091,1.195494708244965,0.2633232677215672,0.0,0.0,0.2633232677215672
3801,23,0.2,0.0,23,0.00045772059761899726,0.48671944666619976,0.5267194466661997,2.559627987584212,0.4402175683720584,8.620430900601091,10.279944219739104,8.127177283563643e-30,0.48671944666619904,7.06757536782755e-16,0.4111977687895642
3801,23,0.2,0.01,23,0.0014955756916529839,0.3222868942753088,0.3622868942753088,2.320819285033075,0.4402175683720584,8.620430900601091,4.496655214370131,0.043994158745974836,0.19618602890196812,0.08210670662736591,0.22386036732078013
3801,23,0.2,0.1,23,0.03278147622291813,0.324491466464363,0.36449146646436303,1.6249438621623473,0.4402175683720584,8.620430900601091,1.195494708244965,0.2633232677215672,0.06292456912615577,-0.0017563703833600624,0.31114305605136583
3801,23,0.8,0.0,23,0.00732352956190399,7.787511146659189,8.427511146659189,9.329145310331237,0.4402175683720584,8.620430900601091,10.279944219739104,8.127177283563643e-30,7.787511146659185,2.82703014713102e-15,6.579164300633027
3801,23,0.8,0.01,23,0.019839251208442456,3.5113974476869285,4.151397447686929,5.577202549325407,0.4402175683720584,8.620430900601091,4.496655214370131,0.043994158745974836,3.13897646243149,0.32842682650946364,2.9218534959428593
3801,23,0.8,0.1,23,0.12136502288050773,1.2630908922066193,1.9030908922066194,2.8989638902325616,0.4402175683720584,8.620430900601091,1.195494708244965,0.2633232677215672,1.0067931060184923,-0.0070254815334402495,1.028439880998345
3801,24,0.0,0.0,24,3.211167193941651e-30,3.3809350464148556e-30,3.3809350464148556e-30,2.250000000000001,0.44017548537504947,8.6333171514431,14.421925184468812,3.3809350464148556e-30,0.0,0.0,3.3809350464148556e-30
3801,24,0.0,0.01,24,0.0009642291960899515,0.050181493413506875,0.050181493413506875,2.0069726673685024,0.44017548537504947,8.6333171514431,5.325593969407951,0.050181493413506875,0.0,0.0,0.050181493413506875
3801,24,0.0,0.1,24,0.026041144842399777,0.27583493764747263,0.27583493764747263,1.4533421655045309,0.44017548537504947,8.6333171514431,1.1883618085420693,0.27583493764747263,0.0,0.0,0.27583493764747263
3801,24,0.2,0.0,24,4.3611399637352695e-30,0.49590212107372217,0.5359021210737221,2.6335887796229795,0.44017548537504947,8.6333171514431,14.421925184468812,3.3809350464148556e-30,0.4959021210737224,-4.6303497332983e-16,0.5768770073787526
3801,24,0.2,0.01,24,0.0012316356778702185,0.3132234418276255,0.35322344182762555,2.3341881946764054,0.44017548537504947,8.6333171514431,5.325593969407951,0.050181493413506875,0.19269038987387746,0.07035155854024117,0.26320525218982493
3801,24,0.2,0.1,24,0.032872404938523614,0.31987546798658845,0.3598754679865884,1.6235643559506892,0.44017548537504947,8.6333171514431,1.1883618085420693,0.27583493764747263,0.05856996367254287,-0.014529433333426952,0.3233694099891554
3801,24,0.8,0.0,24,8.577449995652619e-30,7.934433937179559,8.57443393717956,9.735180571376585,0.44017548537504947,8.6333171514431,14.421925184468812,3.3809350464148556e-30,7.934433937179558,-1.85213989331932e-15,9.230032118060041
3801,24,0.8,0.01,24,0.013684919929403287,3.41463396555651,4.05463396555651,5.628119455086643,0.44017548537504947,8.6333171514431,5.325593969407951,0.050181493413506875,3.0830462379820394,0.28140623416096466,3.458561633834596
3801,24,0.8,0.1,24,0.11790598638026883,1.1548366230744505,1.7948366230744506,2.8370704913596763,0.44017548537504947,8.6333171514431,1.1883618085420693,0.27583493764747263,0.9371194187606859,-0.05811773333370781,1.036386495114397
3801,25,0.0,0.0,24,5.023924679971832e-30,0.004747202540765464,0.004747202540765464,2.2452527974592336,0.46356724441192804,8.671887698068913,11.877747953392296,0.004747202540765464,0.0,0.0,0.004747202540765464
3801,25,0.0,0.01,24,0.0009957709126379743,0.048089718819542625,0.048089718819542625,2.0027560986528625,0.46356724441192804,8.671887698068913,4.879197181895696,0.048089718819542625,0.0,0.0,0.048089718819542625
3801,25,0.0,0.1,24,0.0263089084165503,0.28465425771574754,0.28465425771574754,1.4391675739532475,0.46356724441192804,8.671887698068913,1.16772319894346,0.28465425771574754,0.0,0.0,0.28465425771574754
3801,25,0.2,0.0,24,5.871390028458927e-30,0.2770659689650815,0.31706596896508155,2.4704163522176463,0.46356724441192804,8.671887698068913,11.877747953392296,0.004747202540765464,0.2723187664243159,8.166652215974331e-16,0.47985712067645736
3801,25,0.2,0.01,24,0.0011372888877871042,0.19561848784057925,0.23561848784057926,2.191126475350578,0.46356724441192804,8.671887698068913,4.879197181895696,0.048089718819542625,0.10787093208939184,0.03965783693164492,0.24325760609537053
3801,25,0.2,0.1,24,0.029480389264856896,0.31998322628336023,0.3599832262833602,1.5550308744003645,0.46356724441192804,8.671887698068913,1.16772319894346,0.28465425771574754,0.041133581161768046,-0.005804612594155215,0.33136318567348594
3801,25,0.8,0.0,24,1.144519178167762e-29,4.361847465329822,5.001847465329822,6.413732213584671,0.46356724441192804,8.671887698068913,11.877747953392296,0.004747202540765464,4.3571002627890545,3.2666608863897323e-15,7.606505892711836
3801,25,0.8,0.01,24,0.008018998946821357,1.9326559799763916,2.5726559799763917,4.050688790516426,0.46356724441192804,8.671887698068913,4.879197181895696,0.048089718819542625,1.7259349134302695,0.1586313477265797,3.170775915232789
3801,25,0.8,0.1,24,0.07008706687646839,0.9195731059274153,1.5595731059274154,2.396223749682935,0.46356724441192804,8.671887698068913,1.16772319894346,0.28465425771574754,0.6581372985882887,-0.02321845037662086,1.031997105039562
3801,26,0.0,0.0,24,7.851601104622502e-30,0.11126342325999353,0.11126342325999353,2.138736576740005,0.47893844829459137,8.7039697497856,8.539009887468586,0.11126342325999353,0.0,0.0,0.11126342325999353
3801,26,0.0,0.01,24,0.0006763844338920881,0.11973471690891739,0.11973471690891739,1.9949883963126676,0.47893844829459137,8.7039697497856,4.259475588795879,0.11973471690891739,0.0,0.0,0.11973471690891739
3801,26,0.0,0.1,24,0.026082373080216558,0.28773121284941483,0.28773121284941483,1.440621325546257,0.47893844829459137,8.7039697497856,1.1965375263835158,0.28773121284941483,0.0,0.0,0.28773121284941483
3801,26,0.2,0.0,24,7.421571040696213e-30,0.3076775770244141,0.34767757702441415,2.4678295809701303,0.47893844829459137,8.7039697497856,8.539009887468586,0.11126342325999353,0.19641415376442142,-6.651004933976674e-16,0.452823818758737
3801,26,0.2,0.01,24,0.0011269976654419108,0.21019520367487404,0.250195203674874,2.190747259254472,0.47893844829459137,8.7039697497856,4.259475588795879,0.11973471690891739,0.10320047238352124,-0.012739985617564542,0.29011374046075256
3801,26,0.2,0.1,24,0.02947982478489017,0.32041324957919715,0.3604132495791972,1.55495889189871,0.47893844829459137,8.7039697497856,1.1965375263835158,0.28773121284941483,0.04229850141410874,-0.009616464684326462,0.3355927139047555
3801,26,0.8,0.0,24,1.260148802145531e-29,3.2538898834907304,3.8938898834907305,5.812078438833564,0.47893844829459137,8.7039697497856,8.539009887468586,0.11126342325999353,3.1426264602307428,-2.6604019735906697e-15,5.5762297512398895
3801,26,0.8,0.01,24,0.00635739786458159,1.7199823325749986,2.3599823325749987,4.016429516682141,0.47893844829459137,8.7039697497856,4.259475588795879,0.11973471690891739,1.65120755813634,-0.05095994247025817,2.84579909373828
3801,26,0.8,0.1,24,0.06890184273380325,0.9260413767378488,1.566041376737849,2.4055536079253725,0.47893844829459137,8.7039697497856,1.1965375263835158,0.28773121284941483,0.6767760226257399,-0.03846585873730585,1.053515229734865
3801,28,0.0,0.0,24,1.7654622638917016e-29,0.15739560051206689,0.15739560051206689,2.0926043994879318,0.8010708826254024,8.927817832733293,4.6298031768220005,0.15739560051206689,0.0,0.0,0.15739560051206689
3801,28,0.0,0.01,24,0.0006719294029539771,0.1648637460401192,0.1648637460401192,1.9507503733690854,0.8010708826254024,8.927817832733293,3.4099610229908706,0.1648637460401192,0.0,0.0,0.1648637460401192
3801,28,0.0,0.1,24,0.02503654918249273,0.3336431388015931,0.3336431388015931,1.415625877548554,0.8010708826254024,8.927817832733293,1.2048889672051146,0.3336431388015931,0.0,0.0,0.3336431388015931
3801,28,0.2,0.0,24,2.004398750088053e-29,0.3082752617474699,0.3482752617474699,2.394311319899168,0.8010708826254024,8.927817832733293,4.6298031768220005,0.15739560051206689,0.15087966123540236,1.9358686237001577e-16,0.34258772758494693
3801,28,0.2,0.01,24,0.0009964660343185475,0.25585845996034795,0.295858459960348,2.177859406105658,0.8010708826254024,8.927817832733293,3.4099610229908706,0.1648637460401192,0.10311375965670502,-0.012119045736476437,0.30126218695975404
3801,28,0.2,0.1,24,0.029532923179418382,0.35331470767743894,0.3933147076774389,1.5264685615364757,0.8010708826254024,8.927817832733293,1.2048889672051146,0.3336431388015931,0.040963606625763885,-0.021292037749917957,0.38183869748979765
3801,28,0.8,0.0,24,2.735911881331694e-29,2.5714701802785065,3.2114701802785066,5.1099880159577,0.8010708826254024,8.927817832733293,4.6298031768220005,0.15739560051206689,2.414074579766438,7.743474494800631e-16,3.1204696336781477
3801,28,0.8,0.01,24,0.004410230016409905,1.7662077176014936,2.406207717601494,4.096551620195837,0.8010708826254024,8.927817832733293,3.4099610229908706,0.1648637460401192,1.6498201545072804,-0.04847618294590575,2.3472388007542766
3801,28,0.8,0.1,24,0.07142808783340161,0.9038926938141436,1.5438926938141437,2.350559893009408,0.8010708826254024,8.927817832733293,1.2048889672051146,0.3336431388015931,0.6554177060122222,-0.08516815099967183,1.1047720778128667
3801,32,0.0,0.0,24,3.869353752435989e-30,0.5040086187360031,0.5040086187360031,1.745991381263994,1.232905341056218,9.37878907012463,2.837799377664994,0.5040086187360031,0.0,0.0,0.5040086187360031
3801,32,0.0,0.01,24,0.0003685656835814613,0.5068487880740461,0.5068487880740461,1.6694380752096651,1.232905341056218,9.37878907012463,2.430426916334412,0.5068487880740461,0.0,0.0,0.5068487880740461
3801,32,0.0,0.1,24,0.017459277911701872,0.5890323306519335,0.5890323306519335,1.3117821111140309,1.232905341056218,9.37878907012463,1.114094121829941,0.5890323306519335,0.0,0.0,0.5890323306519335
3801,32,0.2,0.0,24,3.979645340584565e-30,0.5771299128140142,0.6171299128140142,1.9807794454054295,1.232905341056218,9.37878907012463,2.837799377664994,0.5040086187360031,0.07312129407801167,-5.689893001203927e-16,0.6175205938426029
3801,32,0.2,0.01,24,0.0004957133147255603,0.5636932635106089,0.6036932635106089,1.877208019235613,1.232905341056218,9.37878907012463,2.430426916334412,0.5068487880740461,0.06633759622381878,-0.009493120787255976,0.6040658647274226
3801,32,0.2,0.1,24,0.02103071337713631,0.606121173137818,0.646121173137818,1.4372346961217553,1.232905341056218,9.37878907012463,1.114094121829941,0.5890323306519335,0.04124594350791333,-0.024157101022028782,0.6335960955251312
3801,32,0.8,0.0,24,6.2351339972888634e-30,1.6739493239841883,2.3139493239841884,3.5625991667658763,1.232905341056218,9.37878907012463,2.837799377664994,0.5040086187360031,1.1699407052481867,-2.275957200481571e-15,2.3202002204415995
3801,32,0.8,0.01,24,0.001263753287416313,1.530277844506123,2.1702778445061233,3.2965690059992827,1.232905341056218,9.37878907012463,2.430426916334412,0.5068487880740461,1.0614015395811005,-0.037972483149023906,2.0623220145280703
3801,32,0.8,0.1,24,0.04561372413221789,1.1523390226904322,1.7923390226904323,2.3085437732398875,1.232905341056218,9.37878907012463,1.114094121829941,0.5890323306519335,0.6599350961266133,-0.09662840408811513,1.302052568623096
3801,48,0.0,0.0,24,6.1058399003556665e-30,1.0107984817635212,1.0107984817635212,1.2392015182364797,2.4013512316079644,11.629796600488788,1.0586661119857812,1.0107984817635212,0.0,0.0,1.0107984817635212
3801,48,0.0,0.01,24,0.00014214750438240275,1.0111175287097294,1.0111175287097294,1.2104529704137894,2.4013512316079644,11.629796600488788,1.0162044628418383,1.0111175287097294,0.0,0.0,1.0111175287097294
3801,48,0.0,0.1,24,0.010178334626211741,1.0313649358672397,1.0313649358672397,1.0150683716085256,2.4013512316079644,11.629796600488788,0.750700669421285,1.0313649358672397,0.0,0.0,1.0313649358672397
3801,48,0.2,0.0,24,6.803572220374755e-30,1.0507267784968202,1.0907267784968202,1.4475678983680105,2.4013512316079644,11.629796600488788,1.0586661119857812,1.0107984817635212,0.03992829673329926,-2.1510571102112408e-16,1.0531451262429523
3801,48,0.2,0.01,24,0.00018475789661763202,1.0461213484002383,1.0861213484002383,1.4101717720679607,2.4013512316079644,11.629796600488788,1.0162044628418383,1.0111175287097294,0.03861870639519241,-0.0036148867046837466,1.051765707223403
3801,48,0.2,0.1,24,0.012914677073063147,1.038516289696678,1.078516289696678,1.1610274838250771,2.4013512316079644,11.629796600488788,0.750700669421285,1.0313649358672397,0.030170049581826144,-0.023018695752387915,1.061392962644091
3801,48,0.8,0.0,24,1.2100649939417409e-29,1.6496512294963082,2.2896512294963083,2.551806599562193,2.4013512316079644,11.629796600488788,1.0586661119857812,1.0107984817635212,0.6388527477327881,-8.604228440844963e-16,1.6883447934344211
3801,48,0.8,0.01,24,0.0003901273755839674,1.6145572842140732,2.2545572842140733,2.472752653772784,2.4013512316079644,11.629796600488788,1.0162044628418383,1.0111175287097294,0.6178993023230785,-0.014459546818734986,1.661488384928506
3801,48,0.8,0.1,24,0.02633737887296907,1.4220109461669064,2.0620109461669065,1.9609454154566457,2.4013512316079644,11.629796600488788,0.750700669421285,1.0313649358672397,0.4827207933092183,-0.09207478300955166,1.511813364296862
3801,72,0.0,0.0,24,1.1485122729191248e-29,1.4077485586937817,1.4077485586937817,0.8422514413062195,3.8354721894872377,12.887313266852768,0.5289232427599759,1.4077485586937817,0.0,0.0,1.4077485586937817
3801,72,0.0,0.01,24,4.976423381632336e-05,1.4077964322298155,1.4077964322298155,0.8322507210069195,3.8354721894872377,12.887313266852768,0.5205467806193051,1.4077964322298155,0.0,0.0,1.4077964322298155
3801,72,0.0,0.1,24,0.004243665270280625,1.4116618122649034,1.4116618122649034,0.7534648823294834,3.8354721894872377,12.887313266852768,0.4554896918969684,1.4116618122649034,0.0,0.0,1.4116618122649034
3801,72,0.2,0.0,24,1.1975881777853523e-29,1.4291821845716388,1.4691821845716388,0.9845139105112379,3.8354721894872377,12.887313266852768,0.5289232427599759,1.4077485586937817,0.021433625877857326,1.8596866923658472e-17,1.4289054884041807
3801,72,0.2,0.01,24,6.055086293186503e-05,1.4280270301930644,1.4680270301930645,0.972345108176817,3.8354721894872377,12.887313266852768,0.5205467806193051,1.4077964322298155,0.02118584891955162,-0.0009552509563026855,1.4286183034545878
3801,72,0.2,0.1,24,0.005156780604134922,1.4227996236534046,1.4627996236534047,0.876579758050064,3.8354721894872377,12.887313266852768,0.4554896918969684,1.4116618122649034,0.019185225437857573,-0.008047414049356993,1.4298813999407822
3801,72,0.8,0.0,24,2.0615924496698727e-29,1.750686572739499,2.390686572739499,1.6685048286605815,3.8354721894872377,12.887313266852768,0.5289232427599759,1.4077485586937817,0.3429380140457172,7.438746769463389e-17,1.7462594340601663
3801,72,0.8,0.01,24,0.00010772018490867253,1.7429490111174308,2.382949011117431,1.6468584567211286,3.8354721894872377,12.887313266852768,0.5205467806193051,1.4077964322298155,0.3389735827128259,-0.003821003825210742,1.7409463718261708
3801,72,0.8,0.1,24,0.009196613752720866,1.6864357630731968,2.3264357630731967,1.4761470904660974,3.8354721894872377,12.887313266852768,0.4554896918969684,1.4116618122649034,0.3069636070057212,-0.032189656197427974,1.7031752150789632
3801,96,0.0,0.0,24,7.244449683477401e-30,1.632557175767872,1.632557175767872,0.6174428242321286,5.012372456838767,14.187914637892204,0.35245852284773294,1.632557175767872,0.0,0.0,1.632557175767872
3801,96,0.0,0.01,24,2.2790002886300615e-05,1.6325700931287346,1.6325700931287346,0.6128719062940049,5.012372456838767,14.187914637892204,0.3491007571408482,1.6325700931287346,0.0,0.0,1.6325700931287346
3801,96,0.0,0.1,24,0.002068603024952827,1.6336980398308953,1.6336980398308953,0.5749298996700476,5.012372456838767,14.187914637892204,0.3213956562912464,1.6336980398308953,0.0,0.0,1.6336980398308953
3801,96,0.2,0.0,24,7.047009765345302e-30,1.6479753510201098,1.6879753510201099,0.7083204225569288,5.012372456838767,14.187914637892204,0.35245852284773294,1.632557175767872,0.015418175252237779,-6.591949208711867e-17,1.6466555166817813
3801,96,0.2,0.01,24,2.6551631375369867e-05,1.6475552059376868,1.6875552059376868,0.7029952432296018,5.012372456838767,14.187914637892204,0.3491007571408482,1.6325700931287346,0.015304615450972331,-0.0003195026420206547,1.6465341234143684
3801,96,0.2,0.1,24,0.0024126572398207604,1.645127358997156,1.685127358997156,0.6587515345856162,5.012372456838767,14.187914637892204,0.3213956562912464,1.6336980398308953,0.014343610332607795,-0.0029142911663470016,1.6465538660825452
3801,96,0.8,0.0,24,1.0529861476775179e-29,1.8792479798036759,2.519247979803676,1.1659713205581834,5.012372456838767,14.187914637892204,0.35245852284773294,1.632557175767872,0.24669080403580446,-2.636779683484747e-16,1.8581306303904213
3801,96,0.8,0.01,24,4.4635741668899366e-05,1.8761659297762097,2.51616592977621,1.1570206394480613,5.012372456838767,14.187914637892204,0.3491007571408482,1.6325700931287346,0.2448738472155573,-0.0012780105680826187,1.8559945776988775
3801,96,0.8,0.1,24,0.004076321063223045,1.851538640487232,2.4915386404872324,1.0823397633236158,5.012372456838767,14.187914637892204,0.3213956562912464,1.6336980398308953,0.22949776532172472,-0.011657164665388006,1.839391259857293
3802,1,0.0,0.0,1,1.064952283816403,1.3583709136582378,1.3583709136582378,0.4499761577306477,5.295733253484646,5.295733253484646,0.03565724597413412,1.3583709136582378,0.0,0.0,1.3583709136582378
3802,1,0.0,0.01,1,1.0649901408873692,1.362150791297646,1.362150791297646,0.44237234644398854,5.295733253484646,5.295733253484646,0.03505470078428074,1.362150791297646,0.0,0.0,1.362150791297646
3802,1,0.0,0.1,1,1.0682198693340705,1.3959832673533024,1.3959832673533024,0.38182813296421136,5.295733253484646,5.295733253484646,0.030257024562397077,1.3959832673533024,0.0,0.0,1.3959832673533024
3802,1,0.2,0.0,1,0.9264517434401661,1.366884535923904,1.406884535923904,0.43311692650121736,5.295733253484646,5.295733253484646,0.03565724597413412,1.3583709136582378,0.00016094542362090925,0.00835267684204532,1.3597972034972032
3802,1,0.2,0.01,1,0.9264881821223976,1.3707340132830443,1.4107340132830444,0.42579800678159857,5.295733253484646,5.295733253484646,0.03505470078428074,1.362150791297646,0.00015822572701556736,0.008424996258382837,1.3635529793290173
3802,1,0.2,0.1,1,0.9295969025162151,1.4050500148033505,1.4450500148033505,0.3675221999209796,5.295733253484646,5.295733253484646,0.030257024562397077,1.3959832673533024,0.00013657054836023434,0.008930176901687717,1.3971935483357982
3802,1,0.8,0.0,1,1.2102603952435442,1.3943567478043535,2.0343567478043534,0.38447057789637723,5.295733253484646,5.295733253484646,0.03565724597413412,1.3583709136582378,0.002575126777934548,0.03341070736818128,1.3811915510816837
3802,1,0.8,0.01,1,1.2102927412461084,1.3983823879634263,2.038382387963426,0.3779736965186158,5.295733253484646,5.295733253484646,0.03505470078428074,1.362150791297646,0.0025316116322490778,0.033699985033531346,1.3845857997995856
3802,1,0.8,0.1,1,1.213052299816087,1.4338891037338168,2.073889103733817,0.32624324737160737,5.295733253484646,5.295733253484646,0.030257024562397077,1.3959832673533024,0.0021851287737637494,0.03572070760675087,1.4153477630732365
3802,2,0.0,0.0,2,0.3340860487039832,0.317198349694992,0.317198349694992,1.3355499138675313,4.7455155555128705,5.637715293711016,0.07586767085664939,0.317198349694992,0.0,0.0,0.317198349694992
3802,2,0.0,0.01,2,0.33422512446753005,0.32362000889524667,0.32362000889524667,1.3075867538931762,4.7455155555128705,5.637715293711016,0.07446629748579611,0.32362000889524667,0.0,0.0,0.32362000889524667
3802,2,0.0,0.1,2,0.34569008500380854,0.3868593752651528,0.3868593752651528,1.0911208396457859,4.7455155555128705,5.637715293711016,0.06346356273884736,0.3868593752651528,0.0,0.0,0.3868593752651528
3802,2,0.2,0.0,2,0.33424429282397455,0.36320700911294285,0.4032070091129428,1.1638124731286648,4.7455155555128705,5.637715293711016,0.07586767085664939,0.317198349694992,0.007532486460716766,0.038476172957233934,0.320233056529258
3802,2,0.2,0.01,2,0.3343652338089625,0.37095192101945496,0.410951921019455,1.1394957623462545,4.7455155555128705,5.637715293711016,0.07446629748579611,0.32362000889524667,0.007380824127487119,0.03995108799672098,0.32659866079467853
3802,2,0.2,0.1,2,0.34433793665428264,0.4434975498066246,0.4834975498066246,0.9512155495173168,4.7455155555128705,5.637715293711016,0.06346356273884736,0.3868593752651528,0.0062017924445006275,0.05043638209697092,0.38939791777470667
3802,2,0.8,0.0,2,0.9465995117000539,0.5916228248953961,1.2316228248953962,0.7389899884406675,4.7455155555128705,5.637715293711016,0.07586767085664939,0.317198349694992,0.12051978337146825,0.15390469182893574,0.36575365904324764
3802,2,0.8,0.01,2,0.9466751013074957,0.6015175469219247,1.2415175469219248,0.7237926772353367,4.7455155555128705,5.637715293711016,0.07446629748579611,0.32362000889524667,0.11809318603979391,0.15980435198688392,0.37127843928615617
3802,2,0.8,0.1,2,0.9529212170597631,0.6878335827650467,1.327833582765047,0.6059211884659191,4.7455155555128705,5.637715293711016,0.06346356273884736,0.3868593752651528,0.09922867911201004,0.20174552838788368,0.4274760554180151
3802,3,0.0,0.0,3,1.0350990733190216e-30,1.2818989709841442e-30,1.2818989709841442e-30,2.2500000000000036,4.039765813944228,6.687169623479941,0.11542813126865714,1.2818989709841442e-30,0.0,0.0,1.2818989709841442e-30
3802,3,0.0,0.01,3,0.00031674463757812093,0.00046324547473187294,0.00046324547473187294,2.186187827009641,4.039765813944228,6.687169623479941,0.11294714842991946,0.00046324547473187294,0.0,0.0,0.00046324547473187294
3802,3,0.0,0.1,3,0.024821663801464573,0.03626979604336294,0.03626979604336294,1.717296927927343,4.039765813944228,6.687169623479941,0.09415597002658385,0.03626979604336294,0.0,0.0,0.03626979604336294
3802,3,0.2,0.0,3,0.049056503107358096,0.012295395254077416,0.05229539525407742,1.9508505267745802,4.039765813944228,6.687169623479941,0.11542813126865714,1.2818989709841442e-30,0.012295395254077518,-2.415525859594646e-16,0.004617125250746286
3802,3,0.2,0.01,3,0.049330818943868204,0.016834630695992957,0.05683463069599297,1.8955863394860537,4.039765813944228,6.687169623479941,0.11294714842991946,0.00046324547473187294,0.01196394905610052,0.0044074361651604615,0.004981131411928652
3802,3,0.2,0.1,3,0.07055560642143438,0.08030814992002447,0.12030814992002448,1.4894693765991558,4.039765813944228,6.687169623479941,0.09415597002658385,0.03626979604336294,0.009513617752566116,0.034524736124095075,0.04003603484442629
3802,3,0.8,0.0,3,0.784904049717729,0.19672632406523982,0.83672632406524,1.2009468501472467,4.039765813944228,6.687169623479941,0.11542813126865714,1.2818989709841442e-30,0.1967263240652403,-9.662103438378583e-16,0.07387400401194058
3802,3,0.8,0.01,3,0.7850708258780381,0.2095161750329823,0.8495161750329825,1.1673492655885016,4.039765813944228,6.687169623479941,0.11294714842991946,0.00046324547473187294,0.19142318489760832,0.017629744660641846,0.07274942046988035
3802,3,0.8,0.1,3,0.7979944290698929,0.32658662458080157,0.9665866245808017,0.920150135645393,4.039765813944228,6.687169623479941,0.09415597002658385,0.03626979604336294,0.15221788404105785,0.1380989444963803,0.09652961686037662
3802,4,0.0,0.0,4,2.8494133527209154e-31,4.6915372662287815e-31,4.6915372662287815e-31,2.250000000000002,3.238415044964192,7.041522161680639,0.20539639421559736,4.6915372662287815e-31,0.0,0.0,4.6915372662287815e-31
3802,4,0.0,0.01,4,0.0003169090474767902,0.00046358194863734404,0.00046358194863734404,2.186154608556003,3.238415044964192,7.041522161680639,0.1988323098406622,0.00046358194863734404,0.0,0.0,0.00046358194863734404
3802,4,0.0,0.1,4,0.024833101884758194,0.036296290147865756,0.036296290147865756,1.717041672156969,3.238415044964192,7.041522161680639,0.15311170994644807,0.036296290147865756,0.0,0.0,0.036296290147865756
3802,4,0.2,0.0,4,0.042202624172774816,0.024353522741644613,0.06435352274164462,1.956057992619578,3.238415044964192,7.041522161680639,0.20539639421559736,4.6915372662287815e-31,0.02435352274164475,-1.7732915396092153e-16,0.008215855768623897
3802,4,0.2,0.01,4,0.042478277415434494,0.02852794356904258,0.06852794356904258,1.9005227280162726,3.238415044964192,7.041522161680639,0.1988323098406622,0.00046358194863734404,0.02353177390462021,0.004532587715785012,0.008416874342263833
3802,4,0.2,0.1,4,0.06378827868885618,0.08956837348875123,0.12956837348875122,1.4927037120490045,3.238415044964192,7.041522161680639,0.15311170994644807,0.036296290147865756,0.017800719961125675,0.035471363379759806,0.04242075854572368
3802,4,0.8,0.0,4,0.6752419867643967,0.3896563638663153,1.0296563638663154,1.3664742433780455,3.238415044964192,7.041522161680639,0.20539639421559736,4.6915372662287815e-31,0.389656363866316,-7.093166158436861e-16,0.13145369229798234
3802,4,0.8,0.01,4,0.6754427134606935,0.3951023152857008,1.0351023152857008,1.3260083732525247,3.238415044964192,7.041522161680639,0.1988323098406622,0.00046358194863734404,0.3765083824739234,0.01813035086314005,0.1277162602466612
3802,4,0.8,0.1,4,0.6906815668060377,0.46299326304491556,1.1029932630449157,1.0332984712586188,3.238415044964192,7.041522161680639,0.15311170994644807,0.036296290147865756,0.2848115193780108,0.14188545351903922,0.13428778451359252
3802,8,0.0,0.0,8,1.138128300635637e-30,1.5347735726821883e-30,1.5347735726821883e-30,2.250000000000003,2.384929103648131,7.563692041201588,0.572234850262048,1.5347735726821883e-30,0.0,0.0,1.5347735726821883e-30
3802,8,0.0,0.01,8,0.0003856548374579793,0.0008765986960494352,0.0008765986960494352,2.1719924338123517,2.384929103648131,7.563692041201588,0.5444155855156934,0.0008765986960494352,0.0,0.0,0.0008765986960494352
3802,8,0.0,0.1,8,0.027332574148186933,0.05744761359166046,0.05744761359166046,1.6459009034445988,2.384929103648131,7.563692041201588,0.37533427848639644,0.05744761359166046,0.0,0.0,0.05744761359166046
3802,8,0.2,0.0,8,0.033353188891992416,0.0507324783653658,0.0907324783653658,1.9184285458577734,2.384929103648131,7.563692041201588,0.572234850262048,1.5347735726821883e-30,0.050732478365366256,-3.985757716523147e-16,0.022889394010481925
3802,8,0.2,0.01,8,0.03365966463712557,0.05797280799314874,0.09797280799314875,1.8565254682936367,2.384929103648131,7.563692041201588,0.5444155855156934,0.0008765986960494352,0.04768152947851719,0.009414679818582116,0.022653222116677176
3802,8,0.2,0.1,8,0.05584008783286553,0.1449202781436533,0.1849202781436533,1.4264791739863774,2.384929103648131,7.563692041201588,0.37533427848639644,0.05744761359166046,0.030451760538725673,0.05702090401326705,0.07246098473111631
3802,8,0.8,0.0,8,0.5336510222718786,0.8117196538458582,1.4517196538458583,1.5325039238154805,2.384929103648131,7.563692041201588,0.572234850262048,1.5347735726821883e-30,0.8117196538458601,-1.5943030866092588e-15,0.3662303041677108
3802,8,0.8,0.01,8,0.5338995732103691,0.8014397896266531,1.4414397896266533,1.4823029254796967,2.384929103648131,7.563692041201588,0.5444155855156934,0.0008765986960494352,0.7629044716562751,0.03765871927432846,0.3493025734260933
3802,8,0.8,0.1,8,0.5518778779189639,0.7727593982643394,1.4127593982643396,1.1336351120764214,2.384929103648131,7.563692041201588,0.37533427848639644,0.05744761359166046,0.48722816861961077,0.2280836160530682,0.29766155182295423
3802,12,0.0,0.0,12,1.0344843806784379e-29,1.6492941820003143e-29,1.6492941820003143e-29,2.250000000000004,1.7788459568745836,7.609701474771611,1.1135438483533318,1.6492941820003143e-29,0.0,0.0,1.6492941820003143e-29
3802,12,0.0,0.01,12,0.0005051826399736238,0.002139892142610755,0.002139892142610755,2.1468235798626605,1.7788459568745836,7.609701474771611,1.027629518056157,0.002139892142610755,0.0,0.0,0.002139892142610755
3802,12,0.0,0.1,12,0.02958688721976646,0.1002245934840542,0.1002245934840542,1.5580376621206145,1.7788459568745836,7.609701474771611,0.607438832918477,0.1002245934840542,0.0,0.0,0.1002245934840542
3802,12,0.2,0.0,12,0.0294025967653042,0.09026022680743524,0.13026022680743526,1.8339696121106195,1.7788459568745836,7.609701474771611,1.1135438483533318,1.6492941820003143e-29,0.09026022680743498,3.378653718612614e-16,0.04454175393413328
3802,12,0.2,0.01,12,0.029729909123565712,0.1052017183956433,0.1452017183956433,1.7675219031038965,1.7788459568745836,7.609701474771611,1.027629518056157,0.002139892142610755,0.08061052482154853,0.02245130143148415,0.04324507286485704
3802,12,0.2,0.1,12,0.05125158541261634,0.236093708748822,0.276093708748822,1.3431227091978037,1.7788459568745836,7.609701474771611,0.607438832918477,0.1002245934840542,0.039334634012577266,0.09653448125219066,0.12452214680079329
3802,12,0.8,0.0,12,0.47044154824486695,1.444163628918961,2.084163628918961,1.6690011701316851,1.7788459568745836,7.609701474771611,1.1135438483533318,1.6492941820003143e-29,1.4441636289189597,1.3514614874450456e-15,0.7126680629461325
3802,12,0.8,0.01,12,0.47079496254922476,1.3817134950133239,2.0217134950133238,1.5969431706861852,1.7788459568745836,7.609701474771611,1.027629518056157,0.002139892142610755,1.2897683971447764,0.0898052057259366,0.6598227836985514
3802,12,0.8,0.1,12,0.49206343580799267,1.1157166626940527,1.7557166626940528,1.1703934585802993,1.7788459568745836,7.609701474771611,0.607438832918477,0.1002245934840542,0.6293541442012363,0.38613792500876265,0.4889854465518796
3802,16,0.0,0.0,16,5.437574308485702e-30,2.00910845127289e-29,2.00910845127289e-29,2.2500000000000027,1.046136424091902,8.195112994665893,2.1976870927787004,2.00910845127289e-29,0.0,0.0,2.00910845127289e-29
3802,16,0.0,0.01,16,0.000730600988280928,0.007472906887378857,0.007472906887378857,2.0964068954564343,1.046136424091902,8.195112994665893,1.799011717420087,0.007472906887378857,0.0,0.0,0.007472906887378857
3802,16,0.0,0.1,16,0.03203621759560807,0.1747911967609766,0.1747911967609766,1.434484451326861,1.046136424091902,8.195112994665893,0.7900265239365192,0.1747911967609766,0.0,0.0,0.1747911967609766
3802,16,0.2,0.0,16,0.021310745750605004,0.13621429173425725,0.17621429173425726,1.7177614053778683,1.046136424091902,8.195112994665893,2.1976870927787004,2.00910845127289e-29,0.1362142917342576,-4.059698436875231e-16,0.08790748371114804
3802,16,0.2,0.01,16,0.021699248873123873,0.16673469357171394,0.20673469357171395,1.637367044380579,1.046136424091902,8.195112994665893,1.799011717420087,0.007472906887378857,0.11524677336956705,0.04401501331476795,0.07943337558418234
3802,16,0.2,0.1,16,0.04300716255698488,0.35710791992262403,0.39710791992262406,1.2069297485312322,1.046136424091902,8.195112994665893,0.7900265239365192,0.1747911967609766,0.05017754216328288,0.1321391809983643,0.20639225771843736
3802,16,0.8,0.0,16,0.34097193200967996,2.1794286677481196,2.8194286677481197,1.755617122322558,1.046136424091902,8.195112994665893,2.1976870927787004,2.00910845127289e-29,2.1794286677481214,-1.6238793747500924e-15,1.4065197393783686
3802,16,0.8,0.01,16,0.34151076874354014,2.027481334059524,2.667481334059524,1.6432087715878179,1.046136424091902,8.195112994665893,1.799011717420087,0.007472906887378857,1.8439483739130729,0.1760600532590718,1.1588404060362347
3802,16,0.8,0.1,16,0.3661383541756729,1.50618859536696,2.14618859536696,1.126396146103741,1.046136424091902,8.195112994665893,0.7900265239365192,0.1747911967609766,0.8028406746125261,0.5285567239934572,0.680408172080349
3802,20,0.0,0.0,20,5.824044250659408e-30,1.0144222844206376e-29,1.0144222844206376e-29,2.2500000000000018,0.7435878382977243,9.070524197548954,4.89079242889873,1.0144222844206376e-29,0.0,0.0,1.0144222844206376e-29
3802,20,0.0,0.01,20,0.0011608411123603516,0.02146149374506272,0.02146149374506272,1.9963702837828654,0.7435878382977243,9.070524197548954,3.3717959361791117,0.02146149374506272,0.0,0.0,0.02146149374506272
3802,20,0.0,0.1,20,0.034893023134209625,0.3234710795910616,0.3234710795910616,1.228668457724745,0.7435878382977243,9.070524197548954,1.0456845358058153,0.3234710795910616,0.0,0.0,0.3234710795910616
3802,20,0.2,0.0,20,0.011374418827016545,0.38394933037293694,0.4239493303729369,1.7054098521552994,0.7435878382977243,9.070524197548954,4.89079242889873,1.0144222844206376e-29,0.3839493303729367,2.005641926367928e-17,0.19563169715594925
3802,20,0.2,0.01,20,0.012043281013812796,0.3663060356664501,0.40630603566645007,1.5638102041708144,0.7435878382977243,9.070524197548954,3.3717959361791117,0.02146149374506272,0.23262814543964755,0.11221639648173963,0.15633333119222723
3802,20,0.2,0.1,20,0.03628173995983477,0.5495859021470535,0.5895859021470535,1.0292936870190108,0.7435878382977243,9.070524197548954,1.0456845358058153,0.3234710795910616,0.06333973083926614,0.16277509171672574,0.3652984610232942
3802,20,0.8,0.0,20,0.18199070123226446,6.1431892859669865,6.783189285966987,4.679031373096432,0.7435878382977243,9.070524197548954,4.89079242889873,1.0144222844206376e-29,6.143189285966987,8.022567705471712e-17,3.130107154495188
3802,20,0.8,0.01,20,0.18874584711340817,4.192377406706382,4.832377406706382,3.057667710610434,0.7435878382977243,9.070524197548954,3.3717959361791117,0.02146149374506272,3.722050327034361,0.4488655859269585,2.1794108928996945
3802,20,0.8,0.1,20,0.25244260240428273,1.9880071398862231,2.6280071398862233,1.1912461449730016,0.7435878382977243,9.070524197548954,1.0456845358058153,0.3234710795910616,1.0134356934282582,0.651100366866903,0.9927091825067835
3802,22,0.0,0.0,22,3.1267873882531856e-30,2.7207014383366665e-29,2.7207014383366665e-29,2.249999999999999,0.5611736234590571,9.271769578587817,7.962397745411026,2.7207014383366665e-29,0.0,0.0,2.7207014383366665e-29
3802,22,0.0,0.01,22,0.0017329150032427576,0.07033474536676562,0.07033474536676562,1.8330822539846812,0.5611736234590571,9.271769578587817,4.508371655361997,0.07033474536676562,0.0,0.0,0.07033474536676562
3802,22,0.0,0.1,22,0.030471729274544543,0.5181157666517948,0.5181157666517948,1.1224496478573132,0.5611736234590571,9.271769578587817,1.1187722368066855,0.5181157666517948,0.0,0.0,0.5181157666517948
3802,22,0.2,0.0,22,0.005470519479525835,0.8908653714128998,0.9308653714128998,1.5788178798467831,0.5611736234590571,9.271769578587817,7.962397745411026,2.7207014383366665e-29,0.890865371412895,4.224794085160763e-15,0.3184959098164411
3802,22,0.2,0.01,22,0.0061503412831221725,0.7636154577189445,0.8036154577189445,1.4256454397044733,0.5611736234590571,9.271769578587817,4.508371655361997,0.07033474536676562,0.40353047074899895,0.28975024160317964,0.25066961158124557
3802,22,0.2,0.1,22,0.026269264077717208,0.7997615635170191,0.8397615635170191,0.977674729379065,0.5611736234590571,9.271769578587817,1.1187722368066855,0.5181157666517948,0.06491250999474014,0.21673328687048396,0.5628666561240623
3802,22,0.8,0.0,22,0.08752831167241337,14.253845942606334,14.893845942606335,10.255655976341874,0.5611736234590571,9.271769578587817,7.962397745411026,2.7207014383366665e-29,14.25384594260632,1.6899176340643053e-14,5.095934557063058
3802,22,0.8,0.01,22,0.10718176447369494,7.685823243763465,8.325823243763464,5.045700645851834,0.5611736234590571,9.271769578587817,4.508371655361997,0.07033474536676562,6.456487531983983,1.1590009664127185,2.955692604798444
3802,22,0.8,0.1,22,0.22331223036988637,2.423649074049573,3.063649074049573,1.3223000938812017,0.5611736234590571,9.271769578587817,1.1187722368066855,0.5181157666517948,1.0386001599158423,0.8669331474819358,1.2341299982080738
3802,23,0.0,0.0,23,2.4387256439673508e-29,1.3188273542957619e-29,1.3188273542957619e-29,2.2499999999999973,0.3519833828247929,9.30438661744572,13.708586005862546,1.3188273542957619e-29,0.0,0.0,1.3188273542957619e-29
3802,23,0.0,0.01,23,0.001611673513335193,0.1645887314604215,0.1645887314604215,1.763076565872543,0.3519833828247929,9.30438661744572,4.807139727085836,0.1645887314604215,0.0,0.0,0.1645887314604215
3802,23,0.0,0.1,23,0.028687748758248505,0.5428559572028866,0.5428559572028866,1.1333890676321472,0.3519833828247929,9.30438661744572,1.1423622853982902,0.5428559572028866,0.0,0.0,0.5428559572028866
3802,23,0.2,0.0,23,0.005468090474795282,0.9205467852797713,0.9605467852797713,1.588019086850061,0.3519833828247929,9.30438661744572,13.708586005862546,1.3188273542957619e-29,0.9205467852797714,-8.058792416561285e-16,0.548343440234502
3802,23,0.2,0.01,23,0.006186414528773163,0.6713730405713791,0.7113730405713792,1.4059968546198316,0.3519833828247929,9.30438661744572,4.807139727085836,0.1645887314604215,0.2384782058664362,0.26830610324452125,0.356874320543855
3802,23,0.2,0.1,23,0.025962523984698328,0.7679313943206643,0.8079313943206643,0.9660097724769916,0.3519833828247929,9.30438661744572,1.1423622853982902,0.5428559572028866,0.0721879546833974,0.15288748243438,0.5885504486188182
3802,23,0.8,0.0,23,0.08748944759672449,14.728748564476327,15.368748564476327,10.648637770757503,0.3519833828247929,9.30438661744572,13.708586005862546,1.3188273542957619e-29,14.728748564476343,-3.223516966624514e-15,8.773495043752032
3802,23,0.8,0.01,23,0.10700426214968528,5.053464438301485,5.6934644383014845,3.1964961912589303,0.3519833828247929,9.30438661744572,4.807139727085836,0.1645887314604215,3.815651293862979,1.073224412978085,3.241158156795357
3802,23,0.8,0.1,23,0.16854913130270185,2.3094131618747644,2.9494131618747645,1.3301273432122935,0.3519833828247929,9.30438661744572,1.1423622853982902,0.5428559572028866,1.1550072749343585,0.61154992973752,1.2739678198577926
3802,24,0.0,0.0,24,2.1058118011930037e-30,1.6167486742791543e-29,1.6167486742791543e-29,2.2499999999999973,0.34884838795786766,9.607762747177546,17.29343050693154,1.6167486742791543e-29,0.0,0.0,1.6167486742791543e-29
3802,24,0.0,0.01,24,0.002186064439599,0.26638785042392604,0.26638785042392604,1.5463992616562745,0.34884838795786766,9.607762747177546,5.562562317442447,0.26638785042392604,0.0,0.0,0.26638785042392604
3802,24,0.0,0.1,24,0.022408792544127785,0.7556315830356337,0.7556315830356337,1.0461925660818108,0.34884838795786766,9.607762747177546,1.143788889073456,0.7556315830356337,0.0,0.0,0.7556315830356337
3802,24,0.2,0.0,24,1.2372675506999955e-30,0.9104844731521025,0.9504844731521025,2.521377185173496,0.34884838795786766,9.607762747177546,17.29343050693154,1.6167486742791543e-29,0.9104844731520969,5.6367675369019885e-15,0.6917372202772617
3802,24,0.2,0.01,24,0.0033040206613096285,0.5957151286794469,0.6357151286794469,1.5891082664112721,0.34884838795786766,9.607762747177546,5.562562317442447,0.26638785042392604,0.2542186796956395,0.07510859855988164,0.48889034312162394
3802,24,0.2,0.1,24,0.027038180905530607,0.8541933916568714,0.8941933916568714,0.930562217309679,0.34884838795786766,9.607762747177546,1.143788889073456,0.7556315830356337,0.07228869011787319,0.026273118503364678,0.8013831385985719
3802,24,0.8,0.0,24,5.551428867031395e-30,14.567751570433565,15.207751570433565,14.261322418519145,0.34884838795786766,9.607762747177546,17.29343050693154,1.6167486742791543e-29,14.56775157043355,2.2547070147607954e-14,11.067795524436187
3802,24,0.8,0.01,24,0.029086395814154967,4.634321119793683,5.274321119793683,4.7678594370239376,0.34884838795786766,9.607762747177546,5.562562317442447,0.26638785042392604,4.067498875130232,0.30043439423952656,3.8264277335870926
3802,24,0.8,0.1,24,0.1280067485306113,2.017343098935063,2.6573430989350633,1.4511354524077607,0.34884838795786766,9.607762747177546,1.143788889073456,0.7556315830356337,1.156619041885971,0.10509247401345871,1.4876564720426457
3802,25,0.0,0.0,24,2.8106058643415126e-30,0.08735395427470902,0.08735395427470902,2.1626460457252943,0.38079828201396937,9.713968400776984,13.569341248326383,0.08735395427470902,0.0,0.0,0.08735395427470902
3802,25,0.0,0.01,24,0.0022804556807126015,0.2579289836225543,0.2579289836225543,1.5359798802349232,0.38079828201396937,9.713968400776984,5.087595943672454,0.2579289836225543,0.0,0.0,0.2579289836225543
3802,25,0.0,0.1,24,0.023795681484905556,0.8097545893438013,0.8097545893438013,0.9643317809580879,0.38079828201396937,9.713968400776984,1.1414280876780192,0.8097545893438013,0.0,0.0,0.8097545893438013
3802,25,0.2,0.0,24,2.0686814768068382e-30,0.9970403835138612,1.037040383513861,2.449923964363852,0.38079828201396937,9.713968400776984,13.569341248326383,0.08735395427470902,0.909686429239154,-2.426240268015422e-15,0.6301276042077645
3802,25,0.2,0.01,24,0.0032059151663334645,0.6020174723503325,0.6420174723503326,1.5976452587726542,0.38079828201396937,9.713968400776984,5.087595943672454,0.2579289836225543,0.24794971442118557,0.09613877430659247,0.4614328213694525
3802,25,0.2,0.1,24,0.028471360712925928,0.9042312640746308,0.9442312640746309,0.8760030445242185,0.38079828201396937,9.713968400776984,1.1414280876780192,0.8097545893438013,0.06976593838927007,0.024710736341559437,0.8554117128509221
3802,25,0.8,0.0,24,5.132999521754501e-30,14.642336822101162,15.282336822101163,14.22799487114937,0.38079828201396937,9.713968400776984,13.569341248326383,0.08735395427470902,14.554982867826464,-9.704961072061688e-15,8.771732353203596
3802,25,0.8,0.01,24,0.02862446036743746,4.609679511587894,5.249679511587894,4.758037967440072,0.38079828201396937,9.713968400776984,5.087595943672454,0.2579289836225543,3.967195430738969,0.3845550972263699,3.5139903875729255
3802,25,0.8,0.1,24,0.1282594327431026,2.0248525489383606,2.6648525489383608,1.4482080958938508,0.38079828201396937,9.713968400776984,1.1414280876780192,0.8097545893438013,1.1162550142283212,0.09884294536623775,1.5402685654577337
3802,26,0.0,0.0,24,3.647783537042339e-30,0.446160521881324,0.446160521881324,1.8038394781186833,0.6260648729101487,10.090038874968808,7.819335589337992,0.446160521881324,0.0,0.0,0.446160521881324
3802,26,0.0,0.01,24,0.0016495506649124199,0.5307767621484318,0.5307767621484318,1.3893131048690812,0.6260648729101487,10.090038874968808,4.623316325776304,0.5307767621484318,0.0,0.0,0.5307767621484318
3802,26,0.0,0.1,24,0.01959626348020512,0.9410680984892749,0.9410680984892749,0.9170066319066207,0.6260648729101487,10.090038874968808,1.1472563758738294,0.9410680984892749,0.0,0.0,0.9410680984892749
3802,26,0.2,0.0,24,3.676987456001136e-30,0.822554264884388,0.862554264884388,2.43269365677101,0.6260648729101487,10.090038874968808,7.819335589337992,0.446160521881324,0.376393743003059,4.723243743138806e-15,0.7589339454548437
3802,26,0.2,0.01,24,0.003348973019252072,0.6490539380458528,0.6890539380458528,1.5780474998831457,0.6260648729101487,10.090038874968808,4.623316325776304,0.5307767621484318,0.22836443612559076,-0.11008726022817002,0.715709415179484
3802,26,0.2,0.1,24,0.02832404733739338,0.9861676335107183,1.0261676335107184,0.8355509227854473,0.6260648729101487,10.090038874968808,1.1472563758738294,0.9410680984892749,0.07345601531882195,-0.028356480297378674,0.986958353524228
3802,26,0.8,0.0,24,7.267825658177401e-30,6.46846040993029,7.10846040993029,8.835981108764699,0.6260648729101487,10.090038874968808,7.819335589337992,0.446160521881324,6.022299888048944,1.8892974972555223e-14,5.4505352990576394
3802,26,0.8,0.01,24,0.015629837106966287,3.7442586992452047,4.384258699245205,4.884623918432428,0.6260648729101487,10.090038874968808,4.623316325776304,0.5307767621484318,3.6538309780094522,-0.44034904091268007,3.489699210645267
3802,26,0.8,0.1,24,0.12521302883836205,2.0029384224009115,2.6429384224009116,1.472655979247791,0.6260648729101487,10.090038874968808,1.1472563758738294,0.9410680984892749,1.1752962451011513,-0.1134259211895147,1.6753121790485257
3802,28,0.0,0.0,24,2.485637285058573e-30,0.6738625614003281,0.6738625614003281,1.576137438599675,0.656829044365949,10.170721553605944,5.945670082156603,0.6738625614003281,0.0,0.0,0.6738625614003281
3802,28,0.0,0.01,24,0.0012084206866416574,0.7313310951177437,0.7313310951177437,1.2769847675539252,0.656829044365949,10.170721553605944,3.7563208055960944,0.7313310951177437,0.0,0.0,0.7313310951177437
3802,28,0.0,0.1,24,0.016379104594235867,1.0296600139602408,1.0296600139602408,0.8927578941550418,0.656829044365949,10.170721553605944,1.1054703737060887,1.0296600139602408,0.0,0.0,1.0296600139602408
3802,28,0.2,0.0,24,2.4656256692301743e-30,1.0347910608909519,1.0747910608909519,2.299339384500421,0.656829044365949,10.170721553605944,5.945670082156603,0.6738625614003281,0.36092849949062317,5.522182498255042e-16,0.9116893646865922
3802,28,0.2,0.01,24,0.003167195355073503,0.8081629085026818,0.8481629085026818,1.499346109437189,0.656829044365949,10.170721553605944,3.7563208055960944,0.7313310951177437,0.2141145654415239,-0.13728275205658574,0.8815839273415875
3802,28,0.2,0.1,24,0.026493967113662892,1.0551131400505829,1.095113140050583,0.7975413786602231,0.656829044365949,10.170721553605944,1.1054703737060887,1.0296600139602408,0.07262796349802472,-0.04717483740768305,1.0738788289084844
3802,28,0.8,0.0,24,9.056621365816163e-30,6.448718553250299,7.088718553250299,8.80008721609014,0.656829044365949,10.170721553605944,5.945670082156603,0.6738625614003281,5.774855991849971,2.208872999302017e-15,4.479091413980555
3802,28,0.8,0.01,24,0.016074885134760828,3.608033133955783,4.248033133955783,4.73580492038527,0.656829044365949,10.170721553605944,3.7563208055960944,0.7313310951177437,3.4258330470643825,-0.549131008226343,3.1353764106992448
3802,28,0.8,0.1,24,0.1216071000158479,2.0030080802979042,2.6430080802979043,1.3834273941520645,0.656829044365949,10.170721553605944,1.1054703737060887,1.0296600139602408,1.1620474159683956,-0.1886993496307322,1.7371610531321378
3802,32,0.0,0.0,24,6.551788978978532e-30,1.1119514102932924,1.1119514102932924,1.138048589706706,0.8682752301374387,10.340191573830474,3.4432645297417466,1.1119514102932924,0.0,0.0,1.1119514102932924
3802,32,0.0,0.01,24,0.00033921976893660735,1.1186476381345363,1.1186476381345363,1.0635084080781434,0.8682752301374387,10.340191573830474,2.618814462302823,1.1186476381345363,0.0,0.0,1.1186476381345363
3802,32,0.0,0.1,24,0.010886851166181244,1.1992881310289238,1.1992881310289238,0.8329748456474522,0.8682752301374387,10.340191573830474,1.027320575925907,1.1992881310289238,0.0,0.0,1.1992881310289238
3802,32,0.2,0.0,24,5.8161017958158355e-30,1.398164322867014,1.438164322867014,1.4454585753271405,0.8682752301374387,10.340191573830474,3.4432645297417466,1.1119514102932924,0.28621291257372394,-2.275957200481571e-15,1.2496819914829622
3802,32,0.2,0.01,24,0.0011439606489450777,1.2779978979716988,1.3179978979716989,1.1843705617568383,0.8682752301374387,10.340191573830474,2.618814462302823,1.1186476381345363,0.20381523384219274,-0.04446497400503027,1.2234002166266493
3802,32,0.2,0.1,24,0.01807093908127647,1.251424426553603,1.291424426553603,0.7386321623417366,0.8682752301374387,10.340191573830474,1.027320575925907,1.1992881310289238,0.07259917868725863,-0.02046288316257945,1.24038095406596
3802,32,0.8,0.0,24,1.235753689516626e-29,5.691358011472865,6.331358011472865,5.802243483073131,0.8682752301374387,10.340191573830474,3.4432645297417466,1.1119514102932924,4.579406601179583,-9.103828801926284e-15,3.3156407093280107
3802,32,0.8,0.01,24,0.007879276968468575,4.2018314835894985,4.841831483589498,3.992739828899234,0.8682752301374387,10.340191573830474,2.618814462302823,1.1186476381345363,3.261043741475084,-0.1778598960201211,2.7946888940083436
3802,32,0.8,0.1,24,0.10127679801260979,2.279023457374744,2.919023457374744,1.326794256671693,0.8682752301374387,10.340191573830474,1.027320575925907,1.1992881310289238,1.161586858996138,-0.0818515326503178,1.8567732996215045
3802,48,0.0,0.0,24,4.4023227657127504e-30,1.6120550111573055,1.6120550111573055,0.6379449888426951,2.4782838009032955,11.612604498715104,0.9268472808162015,1.6120550111573055,0.0,0.0,1.6120550111573055
3802,48,0.0,0.01,24,5.487849260613918e-05,1.612149527781932,1.612149527781932,0.6268747736968401,2.4782838009032955,11.612604498715104,0.8946215644089883,1.612149527781932,0.0,0.0,1.612149527781932
3802,48,0.0,0.1,24,0.004210556929931001,1.6186713226580505,1.6186713226580505,0.547117538743329,2.4782838009032955,11.612604498715104,0.6853252128230441,1.6186713226580505,0.0,0.0,1.6186713226580505
3802,48,0.2,0.0,24,3.4666277578254405e-30,1.6574205753559983,1.6974205753559983,0.5859778406650338,2.4782838009032955,11.612604498715104,0.9268472808162015,1.6120550111573055,0.045365564198692615,3.7990444123892075e-16,1.6491289023899536
3802,48,0.2,0.01,24,5.11688940825171e-05,1.6572616759846623,1.6972616759846624,0.5756533115597451,2.4782838009032955,11.612604498715104,0.8946215644089883,1.612149527781932,0.044128698033100766,0.0009834501696297706,1.6479343903582915
3802,48,0.2,0.1,24,0.003911205306111283,1.6616797731115758,1.7016797731115758,0.5015315982117949,2.4782838009032955,11.612604498715104,0.6853252128230441,1.6186713226580505,0.035495417706917984,0.00751303274660726,1.6460843311709723
3802,48,0.8,0.0,24,3.0197377821776616e-30,2.3379040383363887,2.977904038336389,0.9744631665163612,2.4782838009032955,11.612604498715104,0.9268472808162015,1.6120550111573055,0.7258490271790818,1.519617764955683e-15,2.2052372708796746
3802,48,0.8,0.01,24,0.00011353893658375732,2.322142496990063,2.962142496990063,0.9515333015456697,2.4782838009032955,11.612604498715104,0.8946215644089883,1.612149527781932,0.7060591685296123,0.003933800678519082,2.1847073290036847
3802,48,0.8,0.1,24,0.008436570244743886,2.2166501369551677,2.856650136955168,0.7907187891002089,2.4782838009032955,11.612604498715104,0.6853252128230441,1.6186713226580505,0.5679266833106877,0.03005213098642904,2.057279458864799
3802,72,0.0,0.0,24,9.249406953249326e-30,1.8402001388677467,1.8402001388677467,0.40979986113225375,4.400169219058822,12.619217884708585,0.47013379205597006,1.8402001388677467,0.0,0.0,1.8402001388677467
3802,72,0.0,0.01,24,1.4544658240002505e-05,1.8402075897144425,1.8402075897144425,0.40688347863755636,4.400169219058822,12.619217884708585,0.46396640670900047,1.8402075897144425,0.0,0.0,1.8402075897144425
3802,72,0.0,0.1,24,0.0013320626054873178,1.8408652619235357,1.8408652619235357,0.382493485966718,4.400169219058822,12.619217884708585,0.41465016695911205,1.8408652619235357,0.0,0.0,1.8408652619235357
3802,72,0.2,0.0,24,1.0204349223518355e-29,1.8650653031361706,1.9050653031361706,0.39019756348460477,4.400169219058822,12.619217884708585,0.47013379205597006,1.8402001388677467,0.024865164268423945,2.940089674726409e-17,1.8590054905499855
3802,72,0.2,0.01,24,1.5141116686629802e-05,1.8648559427839093,1.9048559427839094,0.387160771922767,4.400169219058822,12.619217884708585,0.46396640670900047,1.8402075897144425,0.02455211123780442,9.624183166162223e-05,1.8587662459828025
3802,72,0.2,0.1,24,0.0013744344083276396,1.863841306798148,1.9038413067981481,0.36195132865326335,4.400169219058822,12.619217884708585,0.41465016695911205,1.8408652619235357,0.022043488743880478,0.0009325561307322979,1.8574512686019002
3802,72,0.8,0.0,24,1.7337004692255154e-29,2.23804276716253,2.87804276716253,0.6297726417627451,4.400169219058822,12.619217884708585,0.47013379205597006,1.8402001388677467,0.3978426282947831,1.1760358698905637e-16,2.1410857657835676
3802,72,0.8,0.01,24,3.5637013185420676e-05,2.2334263368459606,2.8734263368459607,0.6226179866320521,4.400169219058822,12.619217884708585,0.46396640670900047,1.8402075897144425,0.3928337798048707,0.00038496732664648894,2.137146090008203
3802,72,0.8,0.1,24,0.003129078807811272,2.197291306348552,2.8372913063485523,0.5648467216394651,4.400169219058822,12.619217884708585,0.41465016695911205,1.8408652619235357,0.35269581990208765,0.0037302245229291916,2.1062413687773676
3802,96,0.0,0.0,24,4.543525529468741e-30,1.9353667995197217,1.9353667995197217,0.31463320048027843,5.599284111654029,13.943516551159732,0.3155629345477645,1.9353667995197217,0.0,0.0,1.9353667995197217
3802,96,0.0,0.01,24,7.842233056421789e-06,1.9353695398990953,1.9353695398990953,0.3130620134896201,5.599284111654029,13.943516551159732,0.3130013615662549,1.9353695398990953,0.0,0.0,1.9353695398990953
3802,96,0.0,0.1,24,0.0007381206875021346,1.9356187803126468,1.9356187803126468,0.2996188059373104,5.599284111654029,13.943516551159732,0.29156859654355005,1.9356187803126468,0.0,0.0,1.9356187803126468
3802,96,0.2,0.0,24,4.662357413214459e-30,1.9523821280513813,1.9923821280513814,0.2930840228617197,5.599284111654029,13.943516551159732,0.3155629345477645,1.9353667995197217,0.017015328531659556,4.163336342344337e-17,1.9479893169016322
3802,96,0.2,0.01,24,7.683311914679445e-06,1.9523359930063293,1.9923359930063294,0.29154451872753895,5.599284111654029,13.943516551159732,0.3130013615662549,1.9353695398990953,0.01688610071142592,8.035239580822789e-05,1.9478895943617456
3802,96,0.2,0.1,24,0.000720667858219887,1.9521873157804919,1.992187315780492,0.27841034819269284,5.599284111654029,13.943516551159732,0.29156859654355005,1.9356187803126468,0.015800598726616953,0.0007679367412282067,1.9472815241743888
3802,96,0.8,0.0,24,4.685434467537674e-30,2.2076120560262753,2.8476120560262754,0.43262043238595815,5.599284111654029,13.943516551159732,0.3155629345477645,1.9353667995197217,0.2722452565065529,1.6653345369377348e-16,2.137327077630291
3802,96,0.8,0.01,24,1.4941782285545307e-05,2.2058685608651434,2.8458685608651435,0.42962524297840643,5.599284111654029,13.943516551159732,0.3130013615662549,1.9353695398990953,0.2701776113828147,0.00032140958323291155,2.1356904113014985
3802,96,0.8,0.1,24,0.0013803995084601015,2.1915001069034306,2.8315001069034307,0.4043921596782435,5.599284111654029,13.943516551159732,0.29156859654355005,1.9356187803126468,0.25280957962587125,0.003071746964912827,2.122222682100519
3803,1,0.0,0.0,1,1.3365216213346747,1.2864124459381976,1.2864124459381976,0.6547715365052719,4.221270843322086,4.221270843322086,0.05611947039303417,1.2864124459381976,0.0,0.0,1.2864124459381976
3803,1,0.0,0.01,1,1.3366074819387934,1.2906321543851258,1.2906321543851258,0.6374837728424202,4.221270843322086,4.221270843322086,0.054637762519449226,1.2906321543851258,0.0,0.0,1.2906321543851258
3803,1,0.0,0.1,1,1.343371180898097,1.3322941955188128,1.3322941955188128,0.5085548975138292,4.221270843322086,4.221270843322086,0.04358746512804483,1.3322941955188128,0.0,0.0,1.3322941955188128
3803,1,0.2,0.0,1,1.5450884575909207,1.2818024096344793,1.3218024096344794,0.6751378073287312,4.221270843322086,4.221270843322086,0.05611947039303417,1.2864124459381976,0.00015595397942777303,-0.0047659902831460235,1.288657224753919
3803,1,0.2,0.01,1,1.545176988836964,1.2858163197895598,1.3258163197895598,0.6573123182806729,4.221270843322086,4.221270843322086,0.054637762519449226,1.2906321543851258,0.0001518363668128165,-0.0049676709623786225,1.2928176648859038
3803,1,0.2,0.1,1,1.5521510685429762,1.3261008542580797,1.3661008542580797,0.5243731886183018,4.221270843322086,4.221270843322086,0.04358746512804483,1.3322941955188128,0.00012112798984524332,-0.006314469250578462,1.3340376941239345
3803,1,0.8,0.0,1,2.889112063112586,1.269843748476458,1.909843748476458,0.7381080675522418,4.221270843322086,4.221270843322086,0.05611947039303417,1.2864124459381976,0.0024952636708443685,-0.019063961132584094,1.3223289069897395
3803,1,0.8,0.01,1,2.8892088516885273,1.2731908524046163,1.9131908524046164,0.7186199909971844,4.221270843322086,4.221270843322086,0.054637762519449226,1.2906321543851258,0.002429381869005064,-0.01987068384951449,1.3256003223975732
3803,1,0.8,0.1,1,2.8968334054298253,1.3089743663540228,1.9489743663540229,0.5732815978098625,4.221270843322086,4.221270843322086,0.04358746512804483,1.3322941955188128,0.0019380478375238932,-0.02525787700231385,1.3601901732007615
3803,2,0.0,0.0,2,0.1506656514476786,0.2527973276006213,0.2527973276006213,1.8546857912588701,4.148171435805934,5.668526741785693,0.08923621518781473,0.2527973276006213,0.0,0.0,0.2527973276006213
3803,2,0.0,0.01,2,0.15088310331454138,0.25470572549807535,0.25470572549807535,1.8109183625994791,4.148171435805934,5.668526741785693,0.08718865012725903,0.25470572549807535,0.0,0.0,0.25470572549807535
3803,2,0.0,0.1,2,0.1682360557154485,0.2896974704467143,0.2896974704467143,1.4810770167787577,4.148171435805934,5.668526741785693,0.07170447348691292,0.2896974704467143,0.0,0.0,0.2896974704467143
3803,2,0.2,0.0,2,0.1796868893838672,0.25082425851452356,0.29082425851452354,2.0408167156951174,4.148171435805934,5.668526741785693,0.08923621518781473,0.2527973276006213,0.005473705010671465,-0.007446774096769154,0.25636677620813386
3803,2,0.2,0.01,2,0.1799234818893826,0.2508431810500787,0.29084318105007867,1.9931991557177857,4.148171435805934,5.668526741785693,0.08718865012725903,0.25470572549807535,0.005374944253072865,-0.009237488701069507,0.25819327150316573
3803,2,0.2,0.1,2,0.1988358921828238,0.27215863434090615,0.3121586343409062,1.6338466312400857,4.148171435805934,5.668526741785693,0.07170447348691292,0.2896974704467143,0.0046028608374705,-0.022141696943278628,0.2925656493861908
3803,2,0.8,0.0,2,0.9091661092263856,0.31058951138428825,0.9505895113842884,2.664893949131918,4.148171435805934,5.668526741785693,0.08923621518781473,0.2527973276006213,0.08757928017074344,-0.029787096387076616,0.3099085053208227
3803,2,0.8,0.01,2,0.9094660197522795,0.3037548787429633,0.9437548787429635,2.6045408661095797,4.148171435805934,5.668526741785693,0.08718865012725903,0.25470572549807535,0.08599910804916584,-0.036949954804278026,0.31050646157952116
3803,2,0.8,0.1,2,0.9335488619734179,0.2747764560731278,0.914776456073128,2.147389804673716,4.148171435805934,5.668526741785693,0.07170447348691292,0.2896974704467143,0.073645773399528,-0.08856678777311451,0.33558833347833855
3803,3,0.0,0.0,3,4.233354511925177e-31,5.700752635386218e-31,5.700752635386218e-31,2.2500000000000013,3.726987342508336,5.69383207274686,0.15914745163852673,5.700752635386218e-31,0.0,0.0,5.700752635386218e-31
3803,3,0.0,0.01,3,0.0003005822396916541,0.0004451990751681477,0.0004451990751681477,2.1894383529864987,3.726987342508336,5.69383207274686,0.15477935018075473,0.0004451990751681477,0.0,0.0,0.0004451990751681477
3803,3,0.0,0.1,3,0.02353540767850622,0.03444473129452444,0.03444473129452444,1.7448471151353497,3.726987342508336,5.69383207274686,0.12278209781242935,0.03444473129452444,0.0,0.0,0.03444473129452444
3803,3,0.2,0.0,3,0.05253753996239848,0.006540887402195786,0.046540887402195794,2.391920822308323,3.726987342508336,5.69383207274686,0.15914745163852673,5.700752635386218e-31,0.006540887402195726,8.078435684116611e-17,0.00636589806554107
3803,3,0.2,0.01,3,0.05284976281625444,0.005759640972603364,0.04575964097260337,2.3290219019632037,3.726987342508336,5.69383207274686,0.15477935018075473,0.0004451990751681477,0.006416779263041686,-0.001102337365606481,0.006636373082398338
3803,3,0.2,0.1,3,0.07708637545195503,0.030281287703812977,0.07028128770381298,1.8656812875124333,3.726987342508336,5.69383207274686,0.12278209781242935,0.03444473129452444,0.005454939373544903,-0.009618382964256378,0.039356015207021616
3803,3,0.8,0.0,3,0.8406006393983755,0.10465419843513209,0.7446541984351323,2.8961739380596394,3.726987342508336,5.69383207274686,0.15914745163852673,5.700752635386218e-31,0.10465419843513162,3.2313742736466443e-16,0.10185436904865712
3803,3,0.8,0.01,3,0.8409551909808233,0.09870431782140922,0.7387043178214093,2.824773900049816,3.726987342508336,5.69383207274686,0.15477935018075473,0.0004451990751681477,0.10266846820866697,-0.004409349462425924,0.09950398319085119
3803,3,0.8,0.1,3,0.8688088324965784,0.08325022941421743,0.7232502294142176,2.2936430771262244,3.726987342508336,5.69383207274686,0.12278209781242935,0.03444473129452444,0.08727902997671845,-0.03847353185702551,0.11302527389447924
3803,4,0.0,0.0,4,2.471353304637701e-30,2.4833299190222486e-30,2.4833299190222486e-30,2.2500000000000036,3.6883004822685717,5.699568363273696,0.20281717802960053,2.4833299190222486e-30,0.0,0.0,2.4833299190222486e-30
3803,4,0.0,0.01,4,0.0003006396856016413,0.00044569314303826455,0.00044569314303826455,2.1894263697366303,3.6883004822685717,5.699568363273696,0.19749074927316235,0.00044569314303826455,0.0,0.0,0.00044569314303826455
3803,4,0.0,0.1,4,0.02353627452775821,0.03446762918534508,0.03446762918534508,1.7448068802594876,3.6883004822685717,5.699568363273696,0.15821394609284573,0.03446762918534508,0.0,0.0,0.03446762918534508
3803,4,0.2,0.0,4,0.05216277555264671,0.006641916581007629,0.046641916581007636,2.3930281950993537,3.6883004822685717,5.699568363273696,0.20281717802960053,2.4833299190222486e-30,0.006641916581007425,2.141832996517718e-16,0.008112687121184023
3803,4,0.2,0.01,4,0.05247543174275637,0.005825642103580764,0.04582564210358077,2.3300411577258946,3.6883004822685717,5.699568363273696,0.19749074927316235,0.00044569314303826455,0.00652188465485583,-0.0011419356943132958,0.00834532311396476
3803,4,0.2,0.1,4,0.07673703953045968,0.03017582007887852,0.07017582007887853,1.8661897347828553,3.6883004822685717,5.699568363273696,0.15821394609284573,0.03446762918534508,0.005584187130190477,-0.00987599623665702,0.040796187029058906
3803,4,0.8,0.0,4,0.8346044088423469,0.1062706652961195,0.7462706652961196,2.9018157793694934,3.6883004822685717,5.699568363273696,0.20281717802960053,2.4833299190222486e-30,0.1062706652961188,8.567331986070872e-16,0.12980299393894437
3803,4,0.8,0.01,4,0.8349602803167597,0.10022810484347823,0.7402281048434783,2.830148137551961,3.6883004822685717,5.699568363273696,0.19749074927316235,0.00044569314303826455,0.10435015447769327,-0.004567742777253183,0.1268397726778622
3803,4,0.8,0.1,4,0.8628973190869936,0.08431063832176466,0.7243106383217648,2.2973485439152443,3.6883004822685717,5.699568363273696,0.15821394609284573,0.03446762918534508,0.08934699408304764,-0.03950398494662808,0.13572455468476635
3803,8,0.0,0.0,8,1.787134593061729e-30,2.9624654404564462e-30,2.9624654404564462e-30,2.2499999999999964,2.6734986334244817,7.612281158320932,0.447867681861315,2.9624654404564462e-30,0.0,0.0,2.9624654404564462e-30
3803,8,0.0,0.01,8,0.00038260581654844117,0.0008606927762994289,0.0008606927762994289,2.1726181439140158,2.6734986334244817,7.612281158320932,0.431117148903866,0.0008606927762994289,0.0,0.0,0.0008606927762994289
3803,8,0.0,0.1,8,0.027033044191244488,0.057616561338837004,0.057616561338837004,1.6517225548362746,2.6734986334244817,7.612281158320932,0.32121688015648725,0.057616561338837004,0.0,0.0,0.057616561338837004
3803,8,0.2,0.0,8,0.04309493748275764,0.016068525317307406,0.05606852531730741,2.4604444014843923,2.6734986334244817,7.612281158320932,0.447867681861315,2.9624654404564462e-30,0.01606852531730747,-7.972229234364191e-17,0.0179147072744526
3803,8,0.2,0.01,8,0.04351476248460945,0.012998747016244922,0.05299874701624493,2.375522711300952,2.6734986334244817,7.612281158320932,0.431117148903866,0.0008606927762994289,0.015655574650669985,-0.0035175204107244827,0.01810537873245407
3803,8,0.2,0.1,8,0.07265338430176708,0.04664810171478087,0.08664810171478088,1.8055910945602847,2.6734986334244817,7.612281158320932,0.32121688015648725,0.057616561338837004,0.01277635277845661,-0.023744812402512715,0.0704652365450965
3803,8,0.8,0.0,8,0.6895189997241223,0.25709640507691905,0.8970964050769192,3.284599909745269,2.6734986334244817,7.612281158320932,0.447867681861315,2.9624654404564462e-30,0.2570964050769195,-3.1888916937456765e-16,0.2866353163912416
3803,8,0.8,0.01,8,0.690075010056238,0.23727980554412118,0.8772798055441213,3.1721033092697972,2.6734986334244817,7.612281158320932,0.431117148903866,0.0008606927762994289,0.25048919441071976,-0.014070081642897931,0.2767756680747737
3803,8,0.8,0.1,8,0.7284647110765912,0.16705895618409178,0.807058956184092,2.420512947073792,2.6734986334244817,7.612281158320932,0.32121688015648725,0.057616561338837004,0.20442164445530575,-0.09497924961005086,0.2631953646389889
3803,12,0.0,0.0,12,1.3597065407373885e-30,1.8535390526025806e-30,1.8535390526025806e-30,2.2499999999999973,1.5836805991575618,8.81575188164155,1.0329669461991926,1.8535390526025806e-30,0.0,0.0,1.8535390526025806e-30
3803,12,0.0,0.01,12,0.0006705714653482275,0.00469848201817032,0.00469848201817032,2.111187224912187,1.5836805991575618,8.81575188164155,0.9423256190367986,0.00469848201817032,0.0,0.0,0.00469848201817032
3803,12,0.0,0.1,12,0.030808110684713192,0.16285198504004114,0.16285198504004114,1.4709858012656956,1.5836805991575618,8.81575188164155,0.5554064276931246,0.16285198504004114,0.0,0.0,0.16285198504004114
3803,12,0.2,0.0,12,0.02767858407625913,0.04683048614432778,0.08683048614432778,2.462427205465027,1.5836805991575618,8.81575188164155,1.0329669461991926,1.8535390526025806e-30,0.046830486144327846,-5.1134881609870334e-17,0.041318677847967715
3803,12,0.2,0.01,12,0.028378429717589342,0.047767506604278705,0.0877675066042787,2.317719351670233,1.5836805991575618,8.81575188164155,0.9423256190367986,0.00469848201817032,0.045179920239334995,-0.002110895653226661,0.04239150677964226
3803,12,0.2,0.1,12,0.06075477905601181,0.17996409148786868,0.2199640914878687,1.634520217270889,1.5836805991575618,8.81575188164155,0.5554064276931246,0.16285198504004114,0.03395503585176613,-0.01684292940393863,0.18506824214776613
3803,12,0.8,0.0,12,0.4428573452201463,0.7492877783092453,1.3892877783092454,3.661674655592053,1.5836805991575618,8.81575188164155,1.0329669461991926,1.8535390526025806e-30,0.7492877783092455,-2.0453952643948134e-16,0.6610988455674834
3803,12,0.8,0.01,12,0.44374299602281936,0.7191336232346236,1.3591336232346238,3.4794747748163934,1.5836805991575618,8.81575188164155,0.9423256190367986,0.00469848201817032,0.7228787238293599,-0.008443582612906644,0.6077868782017215
3803,12,0.8,0.1,12,0.4897432893407636,0.6387608410525448,1.278760841052545,2.532583895507662,1.5836805991575618,8.81575188164155,0.5554064276931246,0.16285198504004114,0.5432805736282581,-0.06737171761575451,0.518312098763641
3803,16,0.0,0.0,16,3.662733568235645e-30,3.596589911708096e-30,3.596589911708096e-30,2.2500000000000013,0.9276346845027704,8.978775330235338,2.689611670086452,3.596589911708096e-30,0.0,0.0,3.596589911708096e-30
3803,16,0.0,0.01,16,0.0011050163791567274,0.020825282789561993,0.020825282789561993,2.0081714413790914,0.9276346845027704,8.978775330235338,2.0597316176290112,0.020825282789561993,0.0,0.0,0.020825282789561993
3803,16,0.0,0.1,16,0.030250835461410785,0.3090566446822809,0.3090566446822809,1.3359266460895034,0.9276346845027704,8.978775330235338,0.7915073264992697,0.3090566446822809,0.0,0.0,0.3090566446822809
3803,16,0.2,0.0,16,0.020988933127545076,0.1334879546890892,0.1734879546890892,2.4421725661753406,0.9276346845027704,8.978775330235338,2.689611670086452,3.596589911708096e-30,0.13348795468908925,-1.3854369112189025e-16,0.1075844668034581
3803,16,0.2,0.01,16,0.021922199336256137,0.15442174032601344,0.19442174032601345,2.243438379579497,0.9276346845027704,8.978775330235338,2.0597316176290112,0.020825282789561993,0.10263668635332138,0.030959771183129998,0.10321454749472245
3803,16,0.2,0.1,16,0.05440341413105646,0.3448810921300427,0.38488109213004273,1.527686051748815,0.9276346845027704,8.978775330235338,0.7915073264992697,0.3090566446822809,0.043702253906505936,-0.007877806458744155,0.3407169377422517
3803,16,0.8,0.0,16,0.33582293004072145,2.135807275025428,2.775807275025428,4.6205457209704335,0.9276346845027704,8.978775330235338,2.689611670086452,3.596589911708096e-30,2.135807275025428,-5.54174764487561e-16,1.7213514688553295
3803,16,0.8,0.01,16,0.3378951162347228,1.7868513491752238,2.426851349175224,4.180879430420572,0.9276346845027704,8.978775330235338,2.0597316176290112,0.020825282789561993,1.642186981653142,0.12383908473251999,1.3390535180721295
3803,16,0.8,0.1,16,0.4072387264252489,0.9767814813513995,1.6167814813513997,2.6273913156048208,0.9276346845027704,8.978775330235338,0.7915073264992697,0.3090566446822809,0.699236062504095,-0.03151122583497662,0.8156213336418136
3803,20,0.0,0.0,20,3.0830607538074935e-30,1.0705414755876512e-29,1.0705414755876512e-29,2.2500000000000013,0.6400268564709474,9.149752448784941,5.452181670882832,1.0705414755876512e-29,0.0,0.0,1.0705414755876512e-29
3803,20,0.0,0.01,20,0.0011998032224905403,0.04145139001178817,0.04145139001178817,1.9685879654901028,0.6400268564709474,9.149752448784941,3.413651203541385,0.04145139001178817,0.0,0.0,0.04145139001178817
3803,20,0.0,0.1,20,0.028865233710899333,0.3337375731453866,0.3337375731453866,1.3389577526366272,0.6400268564709474,9.149752448784941,1.0174602702555013,0.3337375731453866,0.0,0.0,0.3337375731453866
3803,20,0.2,0.0,20,0.012322735998780159,0.23030546619972886,0.27030546619972884,2.3770642910496464,0.6400268564709474,9.149752448784941,5.452181670882832,1.0705414755876512e-29,0.23030546619972805,1.878443272023089e-16,0.21808726683531335
3803,20,0.2,0.01,20,0.013104617896732819,0.2542261049203777,0.2942261049203777,2.2115994646598627,0.6400268564709474,9.149752448784941,3.413651203541385,0.04145139001178817,0.1325076748341346,0.08026704007445461,0.1779974381534436
3803,20,0.2,0.1,20,0.0444942586056102,0.3803482603451817,0.4203482603451817,1.5389498858909436,0.6400268564709474,9.149752448784941,1.0174602702555013,0.3337375731453866,0.04797720962178906,-0.0013665224219942562,0.3744359839556067
3803,20,0.8,0.0,20,0.1971637759804826,3.6848874591956493,4.324887459195649,5.52192275859532,0.6400268564709474,9.149752448784941,5.452181670882832,1.0705414755876512e-29,3.684887459195649,7.513773088092356e-16,3.4893962693650136
3803,20,0.8,0.01,20,0.2013088828193017,2.4826423476557604,3.1226423476557605,4.530726060178756,0.6400268564709474,9.149752448784941,3.413651203541385,0.04145139001178817,2.1201227973461534,0.32106816029781843,2.2261881602782747
3803,20,0.8,0.1,20,0.2772898051198805,1.0959068374060346,1.7359068374060347,2.7146528011153643,0.6400268564709474,9.149752448784941,1.0174602702555013,0.3337375731453866,0.7676353539486249,-0.005466089687977025,0.9849121461089076
3803,22,0.0,0.0,22,2.6286536328455285e-30,5.9801371381134194e-30,5.9801371381134194e-30,2.2499999999999982,0.41386751934373694,9.285940068457277,10.442273503364044,5.9801371381134194e-30,0.0,0.0,5.9801371381134194e-30
3803,22,0.0,0.01,22,0.0013472592460389832,0.07600959635567177,0.07600959635567177,1.9045385544365327,0.41386751934373694,9.285940068457277,4.205024095008838,0.07600959635567177,0.0,0.0,0.07600959635567177
3803,22,0.0,0.1,22,0.028539781584868418,0.4026178175678164,0.4026178175678164,1.2765865507348146,0.41386751934373694,9.285940068457277,1.0926174720622623,0.4026178175678164,0.0,0.0,0.4026178175678164
3803,22,0.2,0.0,22,0.0061912811990266,0.9087577464647907,0.9487577464647907,2.488250195330845,0.41386751934373694,9.285940068457277,10.442273503364044,5.9801371381134194e-30,0.908757746464788,1.9829351468547795e-15,0.4176909401345618
3803,22,0.2,0.01,22,0.0075191697953683545,0.5181613860690182,0.5581613860690182,2.136198186013279,0.41386751934373694,9.285940068457277,4.205024095008838,0.07600959635567177,0.23877521193584728,0.20337657777749873,0.24421056015602532
3803,22,0.2,0.1,22,0.03750396827582088,0.4998596428358738,0.5398596428358738,1.4655309433249044,0.41386751934373694,9.285940068457277,1.0926174720622623,0.4026178175678164,0.054855534109762905,0.04238629115829428,0.4463225164503069
3803,22,0.8,0.0,22,0.09906049918442554,14.540123943436617,15.180123943436618,14.10809373890084,0.41386751934373694,9.285940068457277,10.442273503364044,5.9801371381134194e-30,14.540123943436608,7.931740587419118e-15,6.683055042152989
3803,22,0.8,0.01,22,0.12450301736860873,4.709919298439224,5.349919298439223,5.696479623973685,0.41386751934373694,9.285940068457277,4.205024095008838,0.07600959635567177,3.8204033909735564,0.8135063111099949,2.7672250171613286
3803,22,0.8,0.1,22,0.22283031803006134,1.4498515279572002,2.0898515279572,2.690630530412328,0.41386751934373694,9.285940068457277,1.0926174720622623,0.4026178175678164,0.8776885457562065,0.16954516463317712,1.1018929996876645
3803,23,0.0,0.0,23,1.4010500374946036e-29,1.7059138756652933e-29,1.7059138756652933e-29,2.2500000000000044,0.24702482236202794,9.330929139682143,21.98617214198959,1.7059138756652933e-29,0.0,0.0,1.7059138756652933e-29
3803,23,0.0,0.01,23,0.0014133061077922521,0.1542916068233105,0.1542916068233105,1.813047171618237,0.24702482236202794,9.330929139682143,4.282588078923391,0.1542916068233105,0.0,0.0,0.1542916068233105
3803,23,0.0,0.1,23,0.02667223467766407,0.5004034263460517,0.5004034263460517,1.2161518801006648,0.24702482236202794,9.330929139682143,1.1251550691867334,0.5004034263460517,0.0,0.0,0.5004034263460517
3803,23,0.2,0.0,23,0.0039267953105272075,2.6194670277493985,2.6594670277493986,3.468982907019762,0.24702482236202794,9.330929139682143,21.98617214198959,1.7059138756652933e-29,2.6194670277494043,-4.106250874888564e-15,0.8794468856795838
3803,23,0.2,0.01,23,0.006861405917523648,0.6683578219876849,0.7083578219876849,2.104033575901749,0.24702482236202794,9.330929139682143,4.282588078923391,0.1542916068233105,0.24333854092578355,0.2707276742385913,0.3255951299802462
3803,23,0.2,0.1,23,0.03677529236472923,0.586208560629527,0.626208560629527,1.3975561368353973,0.24702482236202794,9.330929139682143,1.1251550691867334,0.5004034263460517,0.05508349640074586,0.03072163788272939,0.5454096291135211
3803,23,0.8,0.0,23,0.0628287249684354,41.91147244399046,42.55147244399046,38.559535961071894,0.24702482236202794,9.330929139682143,21.98617214198959,1.7059138756652933e-29,41.91147244399047,-1.6425003499554255e-14,14.071150170873342
3803,23,0.8,0.01,23,0.1210702239721258,5.130618958590212,5.770618958590212,5.897055279861685,0.24702482236202794,9.330929139682143,4.282588078923391,0.1542916068233105,3.893416654812537,1.0829106969543651,2.895147977334281
3803,23,0.8,0.1,23,0.22518712312998224,1.5046259202889032,2.1446259202889033,2.6027708638485425,0.24702482236202794,9.330929139682143,1.1251550691867334,0.5004034263460517,0.8813359424119338,0.12288655153091756,1.220502670625561
3803,24,0.0,0.0,24,2.6265832581553123e-30,1.7178199731278274e-29,1.7178199731278274e-29,2.249999999999998,0.2452977324410785,9.331257257419823,24.017674642526902,1.7178199731278274e-29,0.0,0.0,1.7178199731278274e-29
3803,24,0.0,0.01,24,0.001498273425380817,0.16171719240281657,0.16171719240281657,1.78862812252102,0.2452977324410785,9.331257257419823,4.8683562741190585,0.16171719240281657,0.0,0.0,0.16171719240281657
3803,24,0.0,0.1,24,0.025889593321574284,0.5253636601341827,0.5253636601341827,1.2068444734343327,0.2452977324410785,9.331257257419823,1.163920444917105,0.5253636601341827,0.0,0.0,0.5253636601341827
3803,24,0.2,0.0,24,3.6450230374553844e-30,3.052108396954565,3.092108396954565,4.048683422480109,0.2452977324410785,9.331257257419823,24.017674642526902,1.7178199731278274e-29,3.0521083969545733,-7.034542010372918e-15,0.9607069857010763
3803,24,0.2,0.01,24,0.003962812025588624,0.6658025141303755,0.7058025141303755,2.2097684226281546,0.2452977324410785,9.331257257419823,4.8683562741190585,0.16171719240281657,0.2727086659309623,0.2313766557965966,0.35645144336757895
3803,24,0.2,0.1,24,0.036894041023463456,0.587112378843694,0.6271123788436941,1.3963006160182334,0.2452977324410785,9.331257257419823,1.163920444917105,0.5253636601341827,0.06503155852626569,-0.003282839816754148,0.5719204779308669
3803,24,0.8,0.0,24,4.857921555827805e-29,48.83373435127313,49.47373435127313,46.07003445337531,0.2452977324410785,9.331257257419823,24.017674642526902,1.7178199731278274e-29,48.83373435127317,-2.8138168041491672e-14,15.37131177121722
3803,24,0.8,0.01,24,0.06869608972429742,5.4505624704845985,6.090562470484599,6.745693314121105,0.2452977324410785,9.331257257419823,4.8683562741190585,0.16171719240281657,4.363338654895397,0.9255066231863864,3.2774652078390147
3803,24,0.8,0.1,24,0.19802134877169686,1.5527372372874162,2.1927372372874165,2.7450477460851253,0.2452977324410785,9.331257257419823,1.163920444917105,0.5253636601341827,1.040504936420251,-0.013131359267016592,1.27027274488113
3803,25,0.0,0.0,24,4.5323170184278126e-30,0.029309855685883825,0.029309855685883825,2.2206901443141143,0.24843507187780015,9.338117089047673,22.895538248322293,0.029309855685883825,0.0,0.0,0.029309855685883825
3803,25,0.0,0.01,24,0.0014453344018112583,0.17372815325096583,0.17372815325096583,1.787204966386782,0.24843507187780015,9.338117089047673,4.601497995246528,0.17372815325096583,0.0,0.0,0.17372815325096583
3803,25,0.0,0.1,24,0.025816356940730773,0.5264467498980518,0.5264467498980518,1.2072261112873313,0.24843507187780015,9.338117089047673,1.1653447984711243,0.5264467498980518,0.0,0.0,0.5264467498980518
3803,25,0.2,0.0,24,6.662451153476147e-30,2.889452527843951,2.929452527843951,3.977427676558655,0.24843507187780015,9.338117089047673,22.895538248322293,0.029309855685883825,2.8601426721580525,1.5341494729472197e-14,0.9451313856187757
3803,25,0.2,0.01,24,0.003872828426676971,0.6477128657085856,0.6877128657085856,2.2083823818243653,0.24843507187780015,9.338117089047673,4.601497995246528,0.17372815325096583,0.26701521293871233,0.2069694995189075,0.357788073060827
3803,25,0.2,0.1,24,0.036833140706751005,0.5871813648073139,0.6271813648073139,1.3967860172285056,0.24843507187780015,9.338117089047673,1.1653447984711243,0.5264467498980518,0.06694281482427526,-0.006208199915013109,0.5730605418368968
3803,25,0.8,0.0,24,2.529254181620975e-29,45.7915926102148,46.4315926102148,43.56935233918892,0.24843507187780015,9.338117089047673,22.895538248322293,0.029309855685883825,45.76228275452884,6.136597891788879e-14,14.682454334612155
3803,25,0.8,0.01,24,0.06512157874193156,5.273849558345995,5.913849558345994,6.676097183401664,0.24843507187780015,9.338117089047673,4.601497995246528,0.17372815325096583,4.272243407019397,0.82787799807563,3.1186868702087445
3803,25,0.8,0.1,24,0.19463505729903888,1.5726989874264037,2.212698987426404,2.768779512943333,0.24843507187780015,9.338117089047673,1.1653447984711243,0.5264467498980518,1.0710850371884042,-0.024832799660052435,1.2722674209195715
3803,26,0.0,0.0,24,2.6348647569161774e-30,0.10528078459868889,0.10528078459868889,2.1447192154013095,0.28992565775612983,9.462660763706332,17.566169285871634,0.10528078459868889,0.0,0.0,0.10528078459868889
3803,26,0.0,0.01,24,0.001304764798837348,0.3545448379620343,0.3545448379620343,1.6345022022704976,0.28992565775612983,9.462660763706332,4.37636905670932,0.3545448379620343,0.0,0.0,0.3545448379620343
3803,26,0.0,0.1,24,0.021274195306194284,0.6293755840805976,0.6293755840805976,1.1951405097955183,0.28992565775612983,9.462660763706332,1.1571012281811675,0.6293755840805976,0.0,0.0,0.6293755840805976
3803,26,0.2,0.0,24,4.6067361551851506e-30,2.0342019472489543,2.0742019472489543,2.438273724113245,0.28992565775612983,9.462660763706332,17.566169285871634,0.10528078459868889,1.92892116265027,-1.0487423451495812e-15,0.8079275560335544
3803,26,0.2,0.01,24,0.0014149201956580343,0.9523382562265191,0.9923382562265192,1.9111782831643924,0.28992565775612983,9.462660763706332,4.37636905670932,0.3545448379620343,0.2573609513510726,0.340432466913413,0.5295996002304071
3803,26,0.2,0.1,24,0.026159793505164914,0.7342713149271555,0.7742713149271555,1.3660509807798633,0.28992565775612983,9.462660763706332,1.1571012281811675,0.6293755840805976,0.06268679160337247,0.04220893924318561,0.6756596332078443
3803,26,0.8,0.0,24,2.4799630139599222e-29,30.96801938700299,31.60801938700299,26.465991202052283,0.28992565775612983,9.462660763706332,17.566169285871634,0.10528078459868889,30.86273860240432,-4.194969380598325e-15,11.347629127556537
3803,26,0.8,0.01,24,0.04391914717757766,5.834049927232846,6.474049927232846,5.8295379420589475,0.28992565775612983,9.462660763706332,4.37636905670932,0.3545448379620343,4.117775221617162,1.361729867653652,3.155421034256
3803,26,0.8,0.1,24,0.15009449358154725,1.8012000067073,2.4412000067073,2.631023892973367,0.28992565775612983,9.462660763706332,1.1571012281811675,0.6293755840805976,1.0029886656539595,0.16883575697274245,1.369920370116545
3803,28,0.0,0.0,24,3.20230791619747e-30,0.7725007506879429,0.7725007506879429,1.477499249312059,0.5675023678868526,9.662493335535759,6.603563837772322,0.7725007506879429,0.0,0.0,0.7725007506879429
3803,28,0.0,0.01,24,0.0002915419842997613,0.7773883649835858,0.7773883649835858,1.4143032381564606,0.5675023678868526,9.662493335535759,3.8088453746037767,0.7773883649835858,0.0,0.0,0.7773883649835858
3803,28,0.0,0.1,24,0.014250125528015712,0.834350455480263,0.834350455480263,1.1306470339594223,0.5675023678868526,9.662493335535759,1.1541017606303652,0.834350455480263,0.0,0.0,0.834350455480263
3803,28,0.2,0.0,24,4.080539995546151e-30,1.2343588261038447,1.2743588261038448,1.9421029756280181,0.5675023678868526,9.662493335535759,6.603563837772322,0.7725007506879429,0.4618580754159028,-8.563664949091537e-16,1.0366433041988359
3803,28,0.2,0.01,24,0.0007262880320100632,1.0778329698306628,1.1178329698306628,1.7745404021204305,0.5675023678868526,9.662493335535759,3.8088453746037767,0.7773883649835858,0.2669474654887328,0.033497139358344634,0.9297421799677369
3803,28,0.2,0.1,24,0.021767229778791877,0.9038170446682217,0.9438170446682217,1.312837598428196,0.5675023678868526,9.662493335535759,1.1541017606303652,0.834350455480263,0.07016101829851747,-0.0006944291105589555,0.8805145259054776
3803,28,0.8,0.0,24,1.3577878330302927e-29,8.162229957342381,8.802229957342382,8.878211059566723,0.5675023678868526,9.662493335535759,6.603563837772322,0.7725007506879429,7.389729206654445,-3.4254659796366147e-15,4.99878160686223
3803,28,0.8,0.01,24,0.011267135470666071,5.182536370236687,5.822536370236687,6.058621479877133,0.5675023678868526,9.662493335535759,3.8088453746037767,0.7773883649835858,4.271159447819725,0.13398855743337854,3.2150494047300033
3803,28,0.8,0.1,24,0.13369047860776437,1.9541490318143067,2.5941490318143066,2.701341511416729,0.5675023678868526,9.662493335535759,1.1541017606303652,0.834350455480263,1.1225762927762795,-0.002777716442235822,1.5729755822836968
3803,32,0.0,0.0,24,7.12940746813267e-30,0.8747014954334645,0.8747014954334645,1.375298504566533,1.055004700595342,9.858228463944688,2.861801701107278,0.8747014954334645,0.0,0.0,0.8747014954334645
3803,32,0.0,0.01,24,0.0002949981901228326,0.8777073433224276,0.8777073433224276,1.3132930186530078,1.055004700595342,9.858228463944688,2.3926949748161634,0.8777073433224276,0.0,0.0,0.8777073433224276
3803,32,0.0,0.1,24,0.013721213817320388,0.9411543773308862,0.9411543773308862,1.0344213463227065,1.055004700595342,9.858228463944688,1.0987593670159828,0.9411543773308862,0.0,0.0,0.9411543773308862
3803,32,0.2,0.0,24,9.951673233345826e-30,1.0995930662138345,1.1395930662138345,1.6838647726956097,1.055004700595342,9.858228463944688,2.861801701107278,0.8747014954334645,0.22489157078036992,-1.3877787807814457e-17,0.9891735634777556
3803,32,0.2,0.01,24,0.00036416865949388696,1.0774402218390913,1.1174402218390913,1.6085303543059855,1.055004700595342,9.858228463944688,2.3926949748161634,0.8777073433224276,0.19023285425283779,0.009500024263825832,0.9734151423150742
3803,32,0.2,0.1,24,0.01860627291170606,1.0189225118957932,1.0589225118957932,1.2316043559393828,1.055004700595342,9.858228463944688,1.0987593670159828,0.9411543773308862,0.07724688817831285,0.0005212463865941035,0.9851047520115256
3803,32,0.8,0.0,24,2.2904515074322182e-29,4.4729666279193845,5.112966627919384,5.30826242644728,1.055004700595342,9.858228463944688,2.861801701107278,0.8747014954334645,3.5982651324859187,-5.551115123125783e-17,2.7062545841421226
3803,32,0.8,0.01,24,0.0025417286117188297,3.9594331084231347,4.599433108423135,4.777036612298971,1.055004700595342,9.858228463944688,2.3926949748161634,0.8777073433224276,3.0437256680454046,0.03800009705530333,2.4090321272047728
3803,32,0.8,0.1,24,0.09250765499140412,2.179189573730268,2.819189573730268,2.7501160429291662,1.055004700595342,9.858228463944688,1.0987593670159828,0.9411543773308862,1.2359502108530056,0.002084985546376414,1.6443603722211153
3803,48,0.0,0.0,24,5.004882047646703e-30,1.5293814162867396,1.5293814162867396,0.7206185837132597,2.62429397825119,11.474598151210806,0.9257626503710232,1.5293814162867396,0.0,0.0,1.5293814162867396
3803,48,0.0,0.01,24,4.31767812807239e-05,1.5294348571710694,1.5294348571710694,0.7119297865727863,2.62429397825119,11.474598151210806,0.8947396327317179,1.5294348571710694,0.0,0.0,1.5294348571710694
3803,48,0.0,0.1,24,0.003572487831413873,1.5332731923585392,1.5332731923585392,0.6452770510131842,2.62429397825119,11.474598151210806,0.6894445699837883,1.5332731923585392,0.0,0.0,1.5332731923585392
3803,48,0.2,0.0,24,5.2406238975478026e-30,1.5855018510566303,1.6255018510566304,0.8710856299157126,2.62429397825119,11.474598151210806,0.9257626503710232,1.5293814162867396,0.056120434769890926,-1.3877787807814457e-17,1.5664119223015807
3803,48,0.2,0.01,24,6.568707812459945e-05,1.5824066620474606,1.6224066620474606,0.8578438302577128,2.62429397825119,11.474598151210806,0.8947396327317179,1.5294348571710694,0.054343497074769556,-0.001371692198378377,1.565224442480338
3803,48,0.2,0.1,24,0.005152120009716766,1.5659934690288084,1.6059934690288085,0.7607003133773951,2.62429397825119,11.474598151210806,0.6894445699837883,1.5332731923585392,0.04218705183278296,-0.009466775162514013,1.5608509751578907
3803,48,0.8,0.0,24,7.461028530431847e-30,2.4273083726049944,3.0673083726049946,1.9959319857617626,2.62429397825119,11.474598151210806,0.9257626503710232,1.5293814162867396,0.8979269563182548,-5.551115123125783e-17,2.121869512524195
3803,48,0.8,0.01,24,0.00023873846697730457,2.393444041573869,3.033444041573869,1.947707926209727,2.62429397825119,11.474598151210806,0.8947396327317179,1.5294348571710694,0.8694959531963129,-0.005486768793513508,2.102068222119369
3803,48,0.8,0.1,24,0.017486472489243274,2.1703989210330104,2.8103989210330105,1.613214722463424,2.62429397825119,11.474598151210806,0.6894445699837883,1.5332731923585392,0.6749928293245273,-0.03786710065005605,1.9745177171481638
3803,72,0.0,0.0,24,3.2377771260066016e-30,1.7427489076291354,1.7427489076291354,0.5072510923708647,3.9378912279163067,13.111217723536965,0.4952561469696567,1.7427489076291354,0.0,0.0,1.7427489076291354
3803,72,0.0,0.01,24,1.8745118350763937e-05,1.7427589222603346,1.7427589222603346,0.5034920540695128,3.9378912279163067,13.111217723536965,0.48778027080374964,1.7427589222603346,0.0,0.0,1.7427589222603346
3803,72,0.0,0.1,24,0.0017115970656863112,1.7436321465200586,1.7436321465200586,0.47213591216621514,3.9378912279163067,13.111217723536965,0.4294315782393432,1.7436321465200586,0.0,0.0,1.7436321465200586
3803,72,0.2,0.0,24,4.029302234317349e-30,1.7749448382394728,1.8149448382394728,0.5775255392527134,3.9378912279163067,13.111217723536965,0.4952561469696567,1.7427489076291354,0.03219593061033747,-7.857784525480532e-17,1.7625591535079217
3803,72,0.2,0.01,24,2.1558429433569335e-05,1.7744112456024952,1.8144112456024952,0.5732021888407979,3.9378912279163067,13.111217723536965,0.48778027080374964,1.7427589222603346,0.031674239217211964,-2.1915875051555466e-05,1.7622701330924846
3803,72,0.2,0.1,24,0.0019668162542957174,1.7708844632051413,1.8108844632051413,0.5371652766713763,3.9378912279163067,13.111217723536965,0.4294315782393432,1.7436321465200586,0.02764422047748258,-0.0003919037924002909,1.7608094096496323
3803,72,0.8,0.0,24,9.840868063878748e-30,2.2578837973945336,2.8978837973945337,1.1747000472223097,3.9378912279163067,13.111217723536965,0.4952561469696567,1.7427489076291354,0.5151348897653996,-3.143113810192213e-16,2.0597128416897155
3803,72,0.8,0.01,24,6.11281906694561e-05,2.2494590862355195,2.8894590862355196,1.1624234637611968,3.9378912279163067,13.111217723536965,0.48778027080374964,1.7427589222603346,0.5067878274753914,-8.766350020622187e-05,2.0549382955747344
3803,72,0.8,0.1,24,0.005324819532556565,2.1843720589901787,2.824372058990179,1.06398401591665,3.9378912279163067,13.111217723536965,0.4294315782393432,1.7436321465200586,0.44230752763972125,-0.0015676151696011637,2.0184683565932384
3803,96,0.0,0.0,24,8.648452612935696e-30,1.880569999806494,1.880569999806494,0.369430000193505,4.939066774879091,14.321842791289964,0.3263792773425093,1.880569999806494,0.0,0.0,1.880569999806494
3803,96,0.0,0.01,24,1.0179403028707711e-05,1.8805744539306646,1.8805744539306646,0.36738966546359497,4.939066774879091,14.321842791289964,0.3233495190767388,1.8805744539306646,0.0,0.0,1.8805744539306646
3803,96,0.0,0.1,24,0.0009445003140869783,1.8809694418547558,1.8809694418547558,0.35014055186350584,4.939066774879091,14.321842791289964,0.2983971604313743,1.8809694418547558,0.0,0.0,1.8809694418547558
3803,96,0.2,0.0,24,1.0902248056230554e-29,1.902114995474083,1.942114995474083,0.43666225432704436,4.939066774879091,14.321842791289964,0.3263792773425093,1.880569999806494,0.02154499566758934,-1.9081958235744878e-16,1.8936251709001943
3803,96,0.2,0.01,24,1.305940587786279e-05,1.9017247818172263,1.9417247818172263,0.43404412881004556,4.939066774879091,14.321842791289964,0.3233495190767388,1.8805744539306646,0.021332313063136182,-0.00018198517657435492,1.893508434693734
3803,96,0.2,0.1,24,0.0012035759439308923,1.8989122801082237,1.9389122801082237,0.41203476102787184,4.939066774879091,14.321842791289964,0.2983971604313743,1.8809694418547558,0.01958002766983384,-0.0016371894163657273,1.8929053282720107
3803,96,0.8,0.0,24,2.050750266553783e-29,2.2252899304879232,2.8652899304879234,0.8968989647387345,4.939066774879091,14.321842791289964,0.3263792773425093,1.880569999806494,0.3447199306814294,-7.632783294297951e-16,2.0894527373057
3803,96,0.8,0.01,24,3.4421227426265565e-05,2.2211635222345456,2.8611635222345457,0.8899952756070311,4.939066774879091,14.321842791289964,0.3233495190767388,1.8805744539306646,0.3413170090101789,-0.0007279407062974197,2.0875181461397774
3803,96,0.8,0.1,24,0.003125083091950706,2.1877011269066338,2.827701126906634,0.8326777205589762,4.939066774879091,14.321842791289964,0.2983971604313743,1.8809694418547558,0.31328044271734146,-0.006548757665462909,2.0719436245308356
3804,1,0.0,0.0,1,1.169574764585836,1.2868246154957679,1.2868246154957679,0.6530297979394709,4.659520690085635,4.659520690085635,0.04605931883770876,1.2868246154957679,0.0,0.0,1.2868246154957679
3804,1,0.0,0.01,1,1.1696453821681423,1.2902936162758682,1.2902936162758682,0.6388282191325115,4.659520690085635,4.659520690085635,0.0450576569712326,1.2902936162758682,0.0,0.0,1.2902936162758682
3804,1,0.0,0.1,1,1.1754279393284757,1.3241664596143905,1.3241664596143905,0.5294960652862593,4.659520690085635,4.659520690085635,0.03734627144317938,1.3241664596143905,0.0,0.0,1.3241664596143905
3804,1,0.2,0.0,1,1.0942698958859947,1.2907096219537955,1.3307096219537955,0.6371771104814458,4.659520690085635,4.659520690085635,0.04605931883770876,1.2868246154957679,9.739414028094567e-05,0.0037876123177467327,1.2886669882492763
3804,1,0.2,0.01,1,1.0943387991844122,1.294307574884857,1.334307574884857,0.6233202834621497,4.659520690085635,4.659520690085635,0.0450576569712326,1.2902936162758682,9.527608906352766e-05,0.003918682519924898,1.2920959225547175
3804,1,0.2,0.1,1,1.0999809813240957,1.3290856491496115,1.3690856491496115,0.5166422327969564,4.659520690085635,4.659520690085635,0.03734627144317938,1.3241664596143905,7.897007797104946e-05,0.004840219457249891,1.3256603104721176
3804,1,0.8,0.0,1,1.2116589172274679,1.30353337101125,1.9435333710112501,0.590787777790742,4.659520690085635,4.659520690085635,0.04605931883770876,1.2868246154957679,0.0015583062444951307,0.01515044927098693,1.3163025795519014
3804,1,0.8,0.01,1,1.2117228040587504,1.3074927637805844,1.9474927637805846,0.5779397895198279,4.659520690085635,4.659520690085635,0.0450576569712326,1.2902936162758682,0.0015244174250164425,0.015674730079699592,1.3191305167374572
3804,1,0.8,0.1,1,1.2169542101989925,1.344790858690927,1.984790858690927,0.47902837626470124,4.659520690085635,4.659520690085635,0.03734627144317938,1.3241664596143905,0.0012635212475367913,0.019360877828999565,1.3480680733380253
3804,2,0.0,0.0,2,0.2675109183252651,0.2597101030478865,0.2597101030478865,1.7618187424986946,4.4888653246512185,4.97980369826377,0.08995311784090453,0.2597101030478865,0.0,0.0,0.2597101030478865
3804,2,0.0,0.01,2,0.2677143480984176,0.2626747116592489,0.2626747116592489,1.7208919795945097,4.4888653246512185,4.97980369826377,0.08802234963809774,0.2626747116592489,0.0,0.0,0.2626747116592489
3804,2,0.0,0.1,2,0.2841632947438831,0.3040220190783639,0.3040220190783639,1.4090634131385558,4.4888653246512185,4.97980369826377,0.07314878594189728,0.3040220190783639,0.0,0.0,0.3040220190783639
3804,2,0.2,0.0,2,0.21383803371376497,0.2627478298807256,0.30274782988072557,1.7193533043927136,4.4888653246512185,4.97980369826377,0.08995311784090453,0.2597101030478865,0.00025902703198639156,0.0027786998008527443,0.2633082277615227
3804,2,0.2,0.01,2,0.21403655921352463,0.26616672363498295,0.306166723634983,1.6794132025262516,4.4888653246512185,4.97980369826377,0.08802234963809774,0.2626747116592489,0.0002530075040414271,0.0032390044716927103,0.2661956056447728
3804,2,0.2,0.1,2,0.23008896852819827,0.31074763728048443,0.3507476372804844,1.375101988200566,4.4888653246512185,4.97980369826377,0.07314878594189728,0.3040220190783639,0.00020714603841808852,0.006518472163702498,0.3069479705160398
3804,2,0.8,0.0,2,0.3945478227159387,0.27496933476307966,0.9149693347630798,1.5950653144586049,4.4888653246512185,4.97980369826377,0.08995311784090453,0.2597101030478865,0.004144432511782265,0.011114799203410977,0.3172800984660654
3804,2,0.8,0.01,2,0.3947319944414061,0.27967884961068246,0.9196788496106826,1.5580129613699725,4.4888653246512185,4.97980369826377,0.08802234963809774,0.2626747116592489,0.004048120064662834,0.012956017886770841,0.31900901542763144
3804,2,0.8,0.1,2,0.4096238216540049,0.33341024434786326,0.9734102443478634,1.275703465847613,4.4888653246512185,4.97980369826377,0.07314878594189728,0.3040220190783639,0.0033143366146894163,0.02607388865480999,0.35083724208117817
3804,3,0.0,0.0,3,5.3585790819334195e-31,4.683861624749758e-31,4.683861624749758e-31,2.2500000000000004,4.2800562806160665,5.358386796047021,0.1304047538391946,4.683861624749758e-31,0.0,0.0,4.683861624749758e-31
3804,3,0.0,0.01,3,0.0002819220978070984,0.0003640240061432161,0.0003640240061432161,2.193251556432436,4.2800562806160665,5.358386796047021,0.12763233947751146,0.0003640240061432161,0.0,0.0,0.0003640240061432161
3804,3,0.0,0.1,3,0.0226904720205857,0.02927684181122584,0.02927684181122584,1.7669137177770595,4.2800562806160665,5.358386796047021,0.10631143309322913,0.02927684181122584,0.0,0.0,0.02927684181122584
3804,3,0.2,0.0,3,0.022170464696026158,0.00680867572357203,0.04680867572357204,2.096470074810234,4.2800562806160665,5.358386796047021,0.1304047538391946,4.683861624749758e-31,0.006808675723572122,-7.552621233826052e-17,0.005216190153567784
3804,3,0.2,0.01,3,0.022432171640802828,0.009120510520967606,0.049120510520967615,2.0437917317970435,4.2800562806160665,5.358386796047021,0.12763233947751146,0.0003640240061432161,0.006662100011660647,0.002094386503163749,0.005469317585243676
3804,3,0.2,0.1,3,0.043246704499616984,0.05155865005998524,0.09155865005998524,1.6478332266159479,4.2800562806160665,5.358386796047021,0.10631143309322913,0.02927684181122584,0.005538529921205795,0.016743278327553634,0.033529299134955004
3804,3,0.8,0.0,3,0.3547274351364185,0.10893881157715378,0.7489388115771539,1.7175844079237979,4.2800562806160665,5.358386796047021,0.1304047538391946,4.683861624749758e-31,0.10893881157715395,-3.021048493530421e-16,0.08345904245708455
3804,3,0.8,0.01,3,0.3549372411661185,0.11533517020536871,0.7553351702053688,1.6753574580307922,4.2800562806160665,5.358386796047021,0.12763233947751146,0.0003640240061432161,0.10659360018657035,0.008377546012654996,0.08204872127175057
3804,3,0.8,0.1,3,0.371682125678151,0.18486643386073345,0.8248664338607335,1.3570541121870805,4.2800562806160665,5.358386796047021,0.10631143309322913,0.02927684181122584,0.08861647873929272,0.06697311331021454,0.09731615899089249
3804,4,0.0,0.0,4,7.906584398357732e-31,7.008323960948423e-31,7.008323960948423e-31,2.2499999999999987,3.510461685088939,5.69670442940275,0.19741214014266023,7.008323960948423e-31,0.0,0.0,7.008323960948423e-31
3804,4,0.0,0.01,4,0.0003148008191650151,0.000502776968834221,0.000502776968834221,2.186537059198164,3.510461685088939,5.69670442940275,0.1921373936277967,0.000502776968834221,0.0,0.0,0.000502776968834221
3804,4,0.0,0.1,4,0.02425544372532701,0.037969466521404004,0.037969466521404004,1.7269216589720568,3.510461685088939,5.69670442940275,0.1536758410354093,0.037969466521404004,0.0,0.0,0.037969466521404004
3804,4,0.2,0.0,4,0.02174003693390301,0.0063966469898870644,0.046396646989887075,2.1208478490031517,3.510461685088939,5.69670442940275,0.19741214014266023,7.008323960948423e-31,0.006396646989887128,-4.769255029781352e-17,0.00789648560570641
3804,4,0.2,0.01,4,0.02203835764942588,0.008485025345954217,0.048485025345954225,2.060705014351007,3.510461685088939,5.69670442940275,0.1921373936277967,0.000502776968834221,0.006272491935480631,0.0017097564416393817,0.00818827271394609
3804,4,0.2,0.1,4,0.04469903264988024,0.056760517993994335,0.09676051799399435,1.6255535498059177,3.510461685088939,5.69670442940275,0.1536758410354093,0.037969466521404004,0.005310884792872863,0.013480166679717527,0.04411650016282038
3804,4,0.8,0.0,4,0.34784059094244824,0.10234635183819384,0.742346351838194,1.810151159891254,3.510461685088939,5.69670442940275,0.19741214014266023,7.008323960948423e-31,0.10234635183819404,-1.9077020119125408e-16,0.12634376969130257
3804,4,0.8,0.01,4,0.34809688087633567,0.10770167370308185,0.7477016737030819,1.7584787830353017,3.510461685088939,5.69670442940275,0.1921373936277967,0.000502776968834221,0.1003598709676901,0.006839025766557527,0.12347070889062413
3804,4,0.8,0.1,4,0.36752906653384015,0.17686428992623993,0.81686428992624,1.3851798398219737,3.510461685088939,5.69670442940275,0.1536758410354093,0.037969466521404004,0.08497415668596581,0.05392066671887011,0.13632200478406598
3804,8,0.0,0.0,8,9.361624471342288e-31,9.737501798821864e-31,9.737501798821864e-31,2.2499999999999996,1.8516305152519676,6.695922438824577,0.6710389554509665,9.737501798821864e-31,0.0,0.0,9.737501798821864e-31
3804,8,0.0,0.01,8,0.00042071832838834326,0.001170537874346775,0.001170537874346775,2.164685796447986,1.8516305152519676,6.695922438824577,0.6198349855722429,0.001170537874346775,0.0,0.0,0.001170537874346775
3804,8,0.0,0.1,8,0.028207380878810914,0.06968256642495044,0.06968256642495044,1.6161698159988318,1.8516305152519676,6.695922438824577,0.37221294283734657,0.06968256642495044,0.0,0.0,0.06968256642495044
3804,8,0.2,0.0,8,0.013305448495823225,0.0456477946989928,0.08564779469899281,2.2924110099174975,1.8516305152519676,6.695922438824577,0.6710389554509665,9.737501798821864e-31,0.04564779469899308,-1.9479905924858953e-16,0.026841558218038665
3804,8,0.2,0.01,8,0.013807796203053037,0.03613733483960279,0.0761373348396028,2.1901393508477995,1.8516305152519676,6.695922438824577,0.6198349855722429,0.001170537874346775,0.040771917322553405,-0.005805120357297337,0.025963937297236495
3804,8,0.2,0.1,8,0.044297156759769196,0.07140823144231476,0.11140823144231476,1.5783152087869186,1.8516305152519676,6.695922438824577,0.37221294283734657,0.06968256642495044,0.01987927527887285,-0.018153610261508576,0.0845710841384443
3804,8,0.8,0.0,8,0.2128871759331716,0.7303647151838882,1.3703647151838885,2.9674175760579105,1.8516305152519676,6.695922438824577,0.6710389554509665,9.737501798821864e-31,0.7303647151838892,-7.791962369943581e-16,0.42946493148861864
3804,8,0.8,0.01,8,0.21391734988014774,0.6303007336060119,1.2703007336060121,2.7557630219178804,1.8516305152519676,6.695922438824577,0.6198349855722429,0.001170537874346775,0.6523506771608545,-0.02322048142918935,0.3978649286405823
3804,8,0.8,0.1,8,0.2638594626603325,0.31513652984088175,0.9551365298408818,1.7033026904976536,1.8516305152519676,6.695922438824577,0.37221294283734657,0.06968256642495044,0.3180684044619656,-0.0726144410460343,0.30789884984085225
3804,12,0.0,0.0,12,1.713596168018543e-30,1.9174936565302545e-30,1.9174936565302545e-30,2.2499999999999996,1.7582208725157813,8.062935483770326,1.1039965688445292,1.9174936565302545e-30,0.0,0.0,1.9174936565302545e-30
3804,12,0.0,0.01,12,0.000537929966742264,0.002079631211141534,0.002079631211141534,2.140334375440406,1.7582208725157813,8.062935483770326,1.016429462374112,0.002079631211141534,0.0,0.0,0.002079631211141534
3804,12,0.0,0.1,12,0.031521681685807,0.10877511664725606,0.10877511664725606,1.5107912496366047,1.7582208725157813,8.062935483770326,0.595396595344875,0.10877511664725606,0.0,0.0,0.10877511664725606
3804,12,0.2,0.0,12,0.010727782559825141,0.0639704033933294,0.10397040339332941,2.350832768060329,1.7582208725157813,8.062935483770326,1.1039965688445292,1.9174936565302545e-30,0.06397040339332936,1.7111668622973662e-16,0.04415986275378118
3804,12,0.2,0.01,12,0.011376172219086761,0.05094625533674874,0.09094625533674874,2.2181906648530356,1.7582208725157813,8.062935483770326,1.016429462374112,0.002079631211141534,0.05613943662314364,-0.007272812497536335,0.042736809706106015
3804,12,0.2,0.1,12,0.0460888467896147,0.10938259099760726,0.14938259099760726,1.5022564303341561,1.7582208725157813,8.062935483770326,0.595396595344875,0.10877511664725606,0.02461379800402551,-0.024006323653674302,0.13259098046105106
3804,12,0.8,0.0,12,0.1716445209572024,1.0235264542932698,1.66352645429327,3.42097591296127,1.7582208725157813,8.062935483770326,1.1039965688445292,1.9174936565302545e-30,1.0235264542932698,6.844667449189465e-16,0.7065578040604988
3804,12,0.8,0.01,12,0.17307706850454993,0.8712193671912938,1.511219367191294,3.1254327725686446,1.7582208725157813,8.062935483770326,1.016429462374112,0.002079631211141534,0.8982309859702983,-0.02909124999014534,0.6525944871305732
3804,12,0.8,0.1,12,0.23578873496232133,0.40657059009696683,1.0465705900969668,1.7720175484751162,1.7582208725157813,8.062935483770326,0.595396595344875,0.10877511664725606,0.39382076806440813,-0.09602529461469721,0.4898289376679761
3804,16,0.0,0.0,16,3.542330847879036e-30,3.539400747967145e-30,3.539400747967145e-30,2.25,1.256146581269619,8.88121403855081,2.1385685584075644,3.539400747967145e-30,0.0,0.0,3.539400747967145e-30
3804,16,0.0,0.01,16,0.0008419589946098453,0.005828608762353631,0.005828608762353631,2.0757795923156777,1.256146581269619,8.88121403855081,1.8381796891658002,0.005828608762353631,0.0,0.0,0.005828608762353631
3804,16,0.0,0.1,16,0.03618162691420023,0.21867979966709283,0.21867979966709283,1.3076876620489024,1.256146581269619,8.88121403855081,0.8367980586736052,0.21867979966709283,0.0,0.0,0.21867979966709283
3804,16,0.2,0.0,16,0.007645217622677,0.10145746863718957,0.14145746863718958,2.2128205189040644,1.256146581269619,8.88121403855081,2.1385685584075644,3.539400747967145e-30,0.10145746863718975,-1.960242919414182e-16,0.08554274233630259
3804,16,0.2,0.01,16,0.008458657746315391,0.1006918754038174,0.1406918754038174,2.0447453997405134,1.256146581269619,8.88121403855081,1.8381796891658002,0.005828608762353631,0.0836150686741885,0.01124819796727521,0.07935579632898565
3804,16,0.2,0.1,16,0.04363247404000083,0.2736985092469608,0.31369850924696085,1.2850923506483283,1.256146581269619,8.88121403855081,0.8367980586736052,0.21867979966709283,0.030105019940606922,0.024913689639261057,0.25215172201403707
3804,16,0.8,0.0,16,0.12232348196283209,1.6233194981950356,2.2633194981950355,3.318771699262536,1.256146581269619,8.88121403855081,2.1385685584075644,3.539400747967145e-30,1.623319498195036,-7.840971677656728e-16,1.3686838773808414
3804,16,0.8,0.01,16,0.1240589227779717,1.3886624994184706,2.0286624994184708,2.955023646105287,1.256146581269619,8.88121403855081,1.8381796891658002,0.005828608762353631,1.337841098787016,0.04499279186910084,1.182263609828466
3804,16,0.8,0.1,16,0.1852916084941224,0.8000148772738478,1.440014877273848,1.578566655733889,1.256146581269619,8.88121403855081,0.8367980586736052,0.21867979966709283,0.48168031904971076,0.09965475855704423,0.7542305572182003
3804,20,0.0,0.0,20,2.494207673311096e-30,8.694014899359631e-30,8.694014899359631e-30,2.249999999999999,0.3509843030240492,8.942295603754426,11.178194445227563,8.694014899359631e-30,0.0,0.0,8.694014899359631e-30
3804,20,0.0,0.01,20,0.0009724755327439275,0.03671510268664472,0.03671510268664472,2.0187897907645698,0.3509843030240492,8.942295603754426,3.40782366347779,0.03671510268664472,0.0,0.0,0.03671510268664472
3804,20,0.0,0.1,20,0.03569609033810062,0.2736879888094079,0.2736879888094079,1.2623902044285793,0.3509843030240492,8.942295603754426,1.0232304629122104,0.2736879888094079,0.0,0.0,0.2736879888094079
3804,20,0.2,0.0,20,0.004939869890551456,0.22662907215017786,0.26662907215017784,2.2240180444137927,0.3509843030240492,8.942295603754426,11.178194445227563,8.694014899359631e-30,0.22662907215017664,1.7727148847433745e-15,0.4471277778091026
3804,20,0.2,0.01,20,0.005841572724697344,0.15836455759835605,0.19836455759835606,2.0286675416234106,0.3509843030240492,8.942295603754426,3.40782366347779,0.03671510268664472,0.07354671285714323,0.04810274205456817,0.17302804922575635
3804,20,0.2,0.1,20,0.04126874063842232,0.31313146973674655,0.3531314697367466,1.2583403509489515,0.3509843030240492,8.942295603754426,1.0232304629122104,0.2736879888094079,0.025018309984432115,0.014425170942906202,0.3146172073258964
3804,20,0.8,0.0,20,0.07903791824882317,3.626065154402831,4.266065154402831,4.865621043457295,0.3509843030240492,8.942295603754426,11.178194445227563,8.694014899359631e-30,3.626065154402826,7.090859538973498e-15,7.154044444945642
3804,20,0.8,0.01,20,0.08465035965054658,1.4058734766192085,2.0458734766192084,2.9408613484856554,0.3509843030240492,8.942295603754426,3.40782366347779,0.03671510268664472,1.1767474057142917,0.1924109682182727,2.2177222473124307
3804,20,0.8,0.1,20,0.14216870027473497,0.7316816323319466,1.3716816323319467,1.5464105103232562,0.3509843030240492,8.942295603754426,1.0232304629122104,0.2736879888094079,0.40029295975091383,0.05770068377162481,0.9285554850732227
3804,22,0.0,0.0,22,2.8297688672881656e-30,1.1906464673383806e-29,1.1906464673383806e-29,2.250000000000001,0.05872849356233779,9.166920661877384,295.50889173841045,1.1906464673383806e-29,0.0,0.0,1.1906464673383806e-29
3804,22,0.0,0.01,22,0.0015009187654874544,0.07407058082393757,0.07407058082393757,1.8757456660785727,0.05872849356233779,9.166920661877384,3.4402691058101382,0.07407058082393757,0.0,0.0,0.07407058082393757
3804,22,0.0,0.1,22,0.03407989470977132,0.45034366424582384,0.45034366424582384,1.1180584415587504,0.05872849356233779,9.166920661877384,1.1015642062757762,0.45034366424582384,0.0,0.0,0.45034366424582384
3804,22,0.2,0.0,22,0.004598145435273482,0.6901385644558587,0.7301385644558588,2.4446642598083947,0.05872849356233779,9.166920661877384,295.50889173841045,1.1906464673383806e-29,0.6901385644558513,4.032803398960002e-15,11.82035566953642
3804,22,0.2,0.01,22,0.005757986005266724,0.18644213732123635,0.22644213732123636,1.772653670104313,0.05872849356233779,9.166920661877384,3.4402691058101382,0.07407058082393757,0.06181785023761536,0.05055370625968346,0.21168134505634312
3804,22,0.2,0.1,22,0.035951085314976323,0.5201070300466811,0.5601070300466812,1.0962139598794518,0.05872849356233779,9.166920661877384,1.1015642062757762,0.45034366424582384,0.026490679690782108,0.04327268611007527,0.4944062324968549
3804,22,0.8,0.0,22,0.07357032696437575,11.042217031293625,11.682217031293625,11.310319812703765,0.05872849356233779,9.166920661877384,295.50889173841045,1.1906464673383806e-29,11.042217031293621,1.6131213595840007e-14,189.12569071258272
3804,22,0.8,0.01,22,0.0756804393531179,1.2653710096645168,1.905371009664517,2.205191885032916,0.05872849356233779,9.166920661877384,3.4402691058101382,0.07407058082393757,0.9890856038018457,0.20221482503873384,2.2758428085424267
3804,22,0.8,0.1,22,0.11594616772514181,1.0472852837386388,1.687285283738639,1.3485686711309413,0.05872849356233779,9.166920661877384,1.1015642062757762,0.45034366424582384,0.42385087505251373,0.1730907444403011,1.1553447562623207
3804,23,0.0,0.0,23,2.4841575288846354e-29,1.7047841405102963e-28,1.7047841405102963e-28,2.2499999999999964,0.057406176141052964,9.174512518730573,312.19122446374877,1.7047841405102963e-28,0.0,0.0,1.7047841405102963e-28
3804,23,0.0,0.01,23,0.002223569758071255,0.18019906917133383,0.18019906917133383,1.6250869792144147,0.057406176141052964,9.174512518730573,4.13357810667157,0.18019906917133383,0.0,0.0,0.18019906917133383
3804,23,0.0,0.1,23,0.027446333646692384,0.7046140817265192,0.7046140817265192,0.9964592453396321,0.057406176141052964,9.174512518730573,1.096485687146408,0.7046140817265192,0.0,0.0,0.7046140817265192
3804,23,0.2,0.0,23,0.0003269789785383648,0.6570275380169204,0.6970275380169204,1.8727070043289598,0.057406176141052964,9.174512518730573,312.19122446374877,1.7047841405102963e-28,0.6570275380169293,-4.681351335828561e-15,12.487648978549952
3804,23,0.2,0.01,23,0.0010798989244436355,0.6074098670653024,0.6474098670653025,1.435933228022528,0.057406176141052964,9.174512518730573,4.13357810667157,0.18019906917133383,0.16530601403700318,0.26190478385696586,0.3455421934381967
3804,23,0.2,0.1,23,0.0224126941518336,0.836011914875307,0.876011914875307,0.9615948970272021,0.057406176141052964,9.174512518730573,1.096485687146408,0.7046140817265192,0.028335294074550776,0.1030625390742371,0.7484735092123755
3804,23,0.8,0.0,23,0.005231663656613834,10.512440608270834,11.152440608270835,8.625158473519006,0.057406176141052964,9.174512518730573,312.19122446374877,1.7047841405102963e-28,10.512440608270868,-1.8725405343314244e-14,199.80238365679924
3804,23,0.8,0.01,23,0.015353410482865171,3.8727144291912463,4.512714429191247,2.8521441428909062,0.057406176141052964,9.174512518730573,4.13357810667157,0.18019906917133383,2.644896224592051,1.0476191354278634,2.8256890574411395
3804,23,0.8,0.1,23,0.0705831486180359,1.57022894321628,2.21022894321628,1.1970253809845206,0.057406176141052964,9.174512518730573,1.096485687146408,0.7046140817265192,0.4533647051928124,0.4122501562969484,1.4063649215002205
3804,24,0.0,0.0,24,2.9361058792842664e-29,4.954512489304835e-29,4.954512489304835e-29,2.2500000000000013,0.05739130164498375,9.183514923048849,320.202155174963,4.954512489304835e-29,0.0,0.0,4.954512489304835e-29
3804,24,0.0,0.01,24,0.0021614987444211193,0.19168959938598026,0.19168959938598026,1.6260106517297968,0.05739130164498375,9.183514923048849,4.22234544078896,0.19168959938598026,0.0,0.0,0.19168959938598026
3804,24,0.0,0.1,24,0.02765426556520381,0.7042935537614721,0.7042935537614721,0.9926211349344511,0.05739130164498375,9.183514923048849,1.1114166523053703,0.7042935537614721,0.0,0.0,0.7042935537614721
3804,24,0.2,0.0,24,3.0826177899202844e-29,0.7243971676332858,0.7643971676332858,1.8253604791983273,0.05739130164498375,9.183514923048849,320.202155174963,4.954512489304835e-29,0.7243971676332807,4.800500632596699e-15,12.808086206998523
3804,24,0.2,0.01,24,0.0006744372127607499,0.6442318875764916,0.6842318875764917,1.4483911584407854,0.05739130164498375,9.183514923048849,4.22234544078896,0.19168959938598026,0.17115481565405263,0.2813874725364589,0.3605834170175387
3804,24,0.2,0.1,24,0.022702523777253913,0.8348380464455705,0.8748380464455705,0.9573951291384233,0.05739130164498375,9.183514923048849,1.1114166523053703,0.7042935537614721,0.028481234760310517,0.10206325792378787,0.7487502198536868
3804,24,0.8,0.0,24,4.118511309341366e-29,11.590354682132498,12.230354682132498,9.244207928392655,0.05739130164498375,9.183514923048849,320.202155174963,4.954512489304835e-29,11.59035468213249,1.9202002530386795e-14,204.92937931197636
3804,24,0.8,0.01,24,0.012135010942230268,4.0557165399966575,4.695716539996658,2.9693904664223814,0.05739130164498375,9.183514923048849,4.22234544078896,0.19168959938598026,2.738477050464842,1.1255498901458356,2.893990681490915
3804,24,0.8,0.1,24,0.07090230646655057,1.568246341621592,2.2082463416215923,1.1934919288740664,0.05739130164498375,9.183514923048849,1.1114166523053703,0.7042935537614721,0.4556997561649683,0.4082530316951515,1.4156002112369093
3804,25,0.0,0.0,24,1.0099608727199071e-29,0.023711741811519273,0.023711741811519273,2.226288258188474,0.2158916408587393,9.235440799120786,30.943871048913405,0.023711741811519273,0.0,0.0,0.023711741811519273
3804,25,0.0,0.01,24,0.002387283885635217,0.1766852636732106,0.1766852636732106,1.5958579591997473,0.2158916408587393,9.235440799120786,4.548773719661182,0.1766852636732106,0.0,0.0,0.1766852636732106
3804,25,0.0,0.1,24,0.026677042860148426,0.7819866883954721,0.7819866883954721,0.9344724544015602,0.2158916408587393,9.235440799120786,1.1243162973766663,0.7819866883954721,0.0,0.0,0.7819866883954721
3804,25,0.2,0.0,24,1.0045395805441596e-29,0.689002775221013,0.7290027752210131,1.6676691260381546,0.2158916408587393,9.235440799120786,30.943871048913405,0.023711741811519273,0.6652910334094863,6.411516024446461e-15,1.2614665837680559
3804,25,0.2,0.01,24,0.0012273098576318414,0.5425314911937064,0.5825314911937064,1.2910993826015804,0.2158916408587393,9.235440799120786,4.548773719661182,0.1766852636732106,0.13722575494762615,0.2286204725728692,0.35863621245965793
3804,25,0.2,0.1,24,0.017528035793922484,0.947051428017513,0.987051428017513,0.8887700659514605,0.2158916408587393,9.235440799120786,1.1243162973766663,0.7819866883954721,0.030667126284212243,0.13439761333782813,0.8269593402905389
3804,25,0.8,0.0,24,1.1193834351355037e-29,10.668368276363324,11.308368276363325,7.975304130501026,0.2158916408587393,9.235440799120786,30.943871048913405,0.023711741811519273,10.64465653455178,2.5646064097785843e-14,19.8277892131161
3804,25,0.8,0.01,24,0.011262156146325442,3.286779233126708,3.926779233126708,2.0235327121785933,0.2158916408587393,9.235440799120786,4.548773719661182,0.1766852636732106,2.1956120791620184,0.9144818902914768,3.087900444256368
3804,25,0.8,0.1,24,0.04157006580592689,1.8102511622941813,2.4502511622941814,1.119668416011708,0.2158916408587393,9.235440799120786,1.1243162973766663,0.7819866883954721,0.4906740205473959,0.5375904533513125,1.5015491187165386
3804,26,0.0,0.0,24,3.581459324582504e-30,0.0629175829275867,0.0629175829275867,2.1870824170724075,0.22028386116857926,9.24793986193252,25.675211327120845,0.0629175829275867,0.0,0.0,0.0629175829275867
3804,26,0.0,0.01,24,0.00223627891491148,0.20926989670766138,0.20926989670766138,1.5934743203100452,0.22028386116857926,9.24793986193252,4.045397127278488,0.20926989670766138,0.0,0.0,0.20926989670766138
3804,26,0.0,0.1,24,0.026743517636796676,0.7813726515515033,0.7813726515515033,0.9337569957125633,0.22028386116857926,9.24793986193252,1.1561820763494284,0.7813726515515033,0.0,0.0,0.7813726515515033
3804,26,0.2,0.0,24,2.3770328917883615e-30,0.6533703118338883,0.6933703118338883,1.661959622629927,0.22028386116857926,9.24793986193252,25.675211327120845,0.0629175829275867,0.5904527289062956,6.236377930668499e-15,1.0899260360124208
3804,26,0.2,0.01,24,0.001227970566456671,0.5001888222146733,0.5401888222146733,1.278437178715432,0.22028386116857926,9.24793986193252,4.045397127278488,0.20926989670766138,0.10523864618921287,0.18568027931779924,0.3710857817988009
3804,26,0.2,0.1,24,0.017495490674249135,0.9361958981952506,0.9761958981952507,0.8763037177693329,0.22028386116857926,9.24793986193252,1.1561820763494284,0.7813726515515033,0.029633410438114856,0.12518983620563273,0.8276199346054804
3804,26,0.8,0.0,24,3.705932578123656e-30,9.510161245428344,10.150161245428345,7.172023986178033,0.22028386116857926,9.24793986193252,25.675211327120845,0.0629175829275867,9.44724366250073,2.4945511722673996e-14,16.49505283228493
3804,26,0.8,0.01,24,0.008384978857770462,2.635809353006265,3.2758093530062653,1.596189508202149,0.22028386116857926,9.24793986193252,4.045397127278488,0.20926989670766138,1.683818339027406,0.7427211172711969,2.798324058165894
3804,26,0.8,0.1,24,0.02900288968279526,1.7562665633838719,2.396266563383872,1.0595448091970192,0.22028386116857926,9.24793986193252,1.1561820763494284,0.7813726515515033,0.4741345670098377,0.5007593448225309,1.5213291804151376
3804,28,0.0,0.0,24,5.3962310123461894e-30,0.4884141726666734,0.4884141726666734,1.7615858273333291,0.374097781955294,9.289280451648054,11.187774371709374,0.4884141726666734,0.0,0.0,0.4884141726666734
3804,28,0.0,0.01,24,0.0013495355615897053,0.5464955777886845,0.5464955777886845,1.4335973098933736,0.374097781955294,9.289280451648054,3.9174078528907446,0.5464955777886845,0.0,0.0,0.5464955777886845
3804,28,0.0,0.1,24,0.021272659463795168,0.8932857328987179,0.8932857328987179,0.9312610778253778,0.374097781955294,9.289280451648054,1.13467684639366,0.8932857328987179,0.0,0.0,0.8932857328987179
3804,28,0.2,0.0,24,4.856103959442789e-30,0.6534461900575882,0.6934461900575882,1.575351389653308,0.374097781955294,9.289280451648054,11.187774371709374,0.4884141726666734,0.16503201739091175,3.4884743140815246e-15,0.9359251475350485
3804,28,0.2,0.01,24,0.0011675470402961166,0.6707215534642154,0.7107215534642154,1.2366083804763164,0.374097781955294,9.289280451648054,3.9174078528907446,0.5464955777886845,0.0782272808900084,0.04599869478552255,0.7031918919043143
3804,28,0.2,0.1,24,0.016012759176637022,0.993858098212833,1.033858098212833,0.8766729308086286,0.374097781955294,9.289280451648054,1.13467684639366,0.8932857328987179,0.02799247855209415,0.07257988676202086,0.9386728067544643
3804,28,0.8,0.0,24,5.010756133977084e-30,3.128926450921275,3.768926450921275,2.997032285304185,0.374097781955294,9.289280451648054,11.187774371709374,0.4884141726666734,2.640512278254588,1.3953897256326098e-14,7.648589770560674
3804,28,0.8,0.01,24,0.003957562595154924,1.982126851170909,2.622126851170909,1.5843689629052484,0.374097781955294,9.289280451648054,3.9174078528907446,0.5464955777886845,1.2516364942401343,0.1839947791420902,3.0536366036387617
3804,28,0.8,0.1,24,0.024210118983688977,1.6314849367803075,2.2714849367803076,1.0488182323835105,0.374097781955294,9.289280451648054,1.13467684639366,0.8932857328987179,0.4478796568335064,0.29031954704808344,1.6194789145906605
3804,32,0.0,0.0,24,2.6460993482584364e-30,0.9905261510761305,0.9905261510761305,1.2594738489238697,0.7743240108148153,9.36249123062275,4.161258352515642,0.9905261510761305,0.0,0.0,0.9905261510761305
3804,32,0.0,0.01,24,0.0003175296324397946,0.9952731530046415,0.9952731530046415,1.1912209205073996,0.7743240108148153,9.36249123062275,3.011163420117465,0.9952731530046415,0.0,0.0,0.9952731530046415
3804,32,0.0,0.1,24,0.013341112893774626,1.0652535270750947,1.0652535270750947,0.9179242150494126,0.7743240108148153,9.36249123062275,1.1188766030256014,1.0652535270750947,0.0,0.0,1.0652535270750947
3804,32,0.2,0.0,24,2.052431442901071e-30,1.079545757431814,1.119545757431814,1.1001360869879688,0.7743240108148153,9.36249123062275,4.161258352515642,0.9905261510761305,0.08901960635568375,-4.440892098500626e-16,1.1569764851767563
3804,32,0.2,0.01,24,0.00017361220804111297,1.0841902697432357,1.1241902697432358,1.0645613841106738,0.7743240108148153,9.36249123062275,3.011163420117465,0.9952731530046415,0.06372595800857839,0.02519115873001577,1.11571968980934
3804,32,0.2,0.1,24,0.010453405860738252,1.135454135622554,1.175454135622554,0.858955472137765,0.7743240108148153,9.36249123062275,1.1188766030256014,1.0652535270750947,0.02649809848021088,0.04370251006724851,1.1100085911961188
3804,32,0.8,0.0,24,2.7128649196638604e-30,2.4148398527670683,3.0548398527670684,1.690358077448472,0.7743240108148153,9.36249123062275,4.161258352515642,0.9905261510761305,1.42431370169094,-1.7763568394002505e-15,3.6537314966861416
3804,32,0.8,0.01,24,0.0010377898896628132,2.115653116061959,2.7556531160619593,1.4492942710234376,0.7743240108148153,9.36249123062275,3.011163420117465,0.9952731530046415,1.0196153281372542,0.10076463492006307,2.922417741879819
3804,32,0.8,0.1,24,0.019580812445890904,1.664033143027463,2.304033143027463,1.0000264251653528,0.7743240108148153,9.36249123062275,1.1188766030256014,1.0652535270750947,0.42396957568337407,0.17481004026899405,1.7813345530114797
3804,48,0.0,0.0,24,3.984139177121468e-30,1.4158897123651895,1.4158897123651895,0.8341102876348094,2.153057174318529,11.039104302796686,1.128275084642376,1.4158897123651895,0.0,0.0,1.4158897123651895
3804,48,0.0,0.01,24,8.948111995565884e-05,1.4161043482307556,1.4161043482307556,0.8159994277781137,2.153057174318529,11.039104302796686,1.0769054156643088,1.4161043482307556,0.0,0.0,1.4161043482307556
3804,48,0.0,0.1,24,0.0063920695891255585,1.4287451459524139,1.4287451459524139,0.6934134622650758,2.153057174318529,11.039104302796686,0.7734834894357228,1.4287451459524139,0.0,0.0,1.4287451459524139
3804,48,0.2,0.0,24,4.281406464037638e-30,1.4450180252583624,1.4850180252583625,0.7965642905968977,2.153057174318529,11.039104302796686,1.128275084642376,1.4158897123651895,0.029128312893173015,-2.42861286636753e-17,1.4610207157508845
3804,48,0.2,0.01,24,7.642635932802642e-05,1.4458235570931646,1.4858235570931646,0.7811364885702303,2.153057174318529,11.039104302796686,1.0769054156643088,1.4161043482307556,0.027727114709690685,0.0019920941527184002,1.459180564857328
3804,48,0.2,0.1,24,0.005796365481998658,1.4584793099731117,1.4984793099731117,0.6711564648006736,2.153057174318529,11.039104302796686,0.7734834894357228,1.4287451459524139,0.01985636504026592,0.009877798980431767,1.4596844855298428
3804,48,0.8,0.0,24,5.5694042131790086e-30,1.8819427186559572,2.521942718655957,1.0334660542012384,2.153057174318529,11.039104302796686,1.128275084642376,1.4158897123651895,0.46605300629076823,-9.71445146547012e-17,2.1379857665363105
3804,48,0.8,0.01,24,0.00011965624823975623,1.8677065601966805,2.507706560196681,1.0092730474628686,2.153057174318529,11.039104302796686,1.0769054156643088,1.4161043482307556,0.44363383535505096,0.007968376610873601,2.105323814255913
3804,48,0.8,0.1,24,0.008714162651613294,1.785958182518396,2.4259581825183965,0.8426618528906576,2.153057174318529,11.039104302796686,0.7734834894357228,1.4287451459524139,0.3177018406442547,0.03951119592172707,1.9237745791912766
3804,72,0.0,0.0,24,3.700899079966919e-30,1.7446275900884403,1.7446275900884403,0.5053724099115602,3.332734022916715,12.645321459049967,0.5528589621666884,1.7446275900884403,0.0,0.0,1.7446275900884403
3804,72,0.0,0.01,24,2.3814670968515716e-05,1.7446464148580976,1.7446464148580976,0.5005906509481983,3.332734022916715,12.645321459049967,0.5426852306379173,1.7446464148580976,0.0,0.0,1.7446464148580976
3804,72,0.0,0.1,24,0.0020894996884705335,1.746192500340934,1.746192500340934,0.46201750588965534,3.332734022916715,12.645321459049967,0.46651713431025776,1.746192500340934,0.0,0.0,1.746192500340934
3804,72,0.2,0.0,24,2.9911938954602223e-30,1.762039871404872,1.802039871404872,0.4828485244644367,3.332734022916715,12.645321459049967,0.5528589621666884,1.7446275900884403,0.017412281316431875,-2.0010241164808317e-17,1.766741948575108
3804,72,0.2,0.01,24,2.1431856582030792e-05,1.762101432444111,1.8021014324441111,0.47854827068920325,3.332734022916715,12.645321459049967,0.5426852306379173,1.7446464148580976,0.017024397152573412,0.00043062043343938193,1.7663538240836143
3804,72,0.2,0.1,24,0.0019190944936599182,1.763600134468931,1.803600134468931,0.4432541935466345,3.332734022916715,12.645321459049967,0.46651713431025776,1.746192500340934,0.01422966207127452,0.00317797205672307,1.7648531857133443
3804,72,0.8,0.0,24,3.648128599490709e-30,2.02322409115135,2.66322409115135,0.624224243920249,3.332734022916715,12.645321459049967,0.5528589621666884,1.7446275900884403,0.27859650106291,-8.004096465923327e-17,2.098457325875121
3804,72,0.8,0.01,24,3.736409279748654e-05,2.01875925103303,2.6587592510330302,0.6167138957430995,3.332734022916715,12.645321459049967,0.5426852306379173,1.7446464148580976,0.2723903544411746,0.0017224817337575277,2.0919649624663648
3804,72,0.8,0.1,24,0.0031765830395683588,1.9865789817082182,2.626578981708218,0.5577202013728658,3.332734022916715,12.645321459049967,0.46651713431025776,1.746192500340934,0.22767459314039232,0.01271188822689228,2.044763466299499
3804,96,0.0,0.0,24,1.8864162816948912e-30,1.8989874306172476,1.8989874306172476,0.3510125693827526,5.045644015226007,13.99468382163919,0.34863339171660834,1.8989874306172476,0.0,0.0,1.8989874306172476
3804,96,0.0,0.01,24,8.89647171823597e-06,1.8989905922959682,1.8989905922959682,0.3492301133603849,5.045644015226007,13.99468382163919,0.3453664212286506,1.8989905922959682,0.0,0.0,1.8989905922959682
3804,96,0.0,0.1,24,0.0008364279769600887,1.8992783397027948,1.8992783397027948,0.3339931007580037,5.045644015226007,13.99468382163919,0.3183616855284904,1.8992783397027948,0.0,0.0,1.8992783397027948
3804,96,0.2,0.0,24,1.4645734262092735e-30,1.909491471007578,1.9494914710075781,0.3548659840728352,5.045644015226007,13.99468382163919,0.34863339171660834,1.8989874306172476,0.010504040390330247,6.245004513516506e-17,1.912932766285912
3804,96,0.2,0.01,24,1.0202589606246098e-05,1.9093073060464005,1.9493073060464006,0.35282118471768964,5.045644015226007,13.99468382163919,0.3453664212286506,1.8989905922959682,0.010391015569760638,-7.430181932817359e-05,1.9128052491451142
3804,96,0.2,0.1,24,0.0009489652262931726,1.9081237963045066,1.9481237963045066,0.33549799466616553,5.045644015226007,13.99468382163919,0.3183616855284904,1.8992783397027948,0.009472748317053808,-0.0006272917153419162,1.9120128071239344
3804,96,0.8,0.0,24,1.5192377377974645e-30,2.0670520768625327,2.707052076862533,0.4924747128270458,5.045644015226007,13.99468382163919,0.34863339171660834,1.8989874306172476,0.16806464624528394,2.498001805406602e-16,2.122112801315877
3804,96,0.8,0.01,24,2.087813960700796e-05,2.0649496341348255,2.7049496341348256,0.4882865856267316,5.045644015226007,13.99468382163919,0.3453664212286506,1.8989905922959682,0.1662562491161702,-0.00029720727731269436,2.1200251018823044
3804,96,0.8,0.1,24,0.001884273907879051,2.048333145914288,2.6883331459142883,0.45368565619529655,5.045644015226007,13.99468382163919,0.3183616855284904,1.8992783397027948,0.15156397307286093,-0.002509166861367665,2.1030298184410285
3805,1,0.0,0.0,1,1.1012981684118393,1.2565534208968552,1.2565534208968552,1.168459824684417,4.802573949737695,4.802573949737695,0.04335626662260189,1.2565534208968552,0.0,0.0,1.2565534208968552
3805,1,0.0,0.01,1,1.101417261209632,1.2548749962557817,1.2548749962557817,1.1445173430676514,4.802573949737695,4.802573949737695,0.04246786926853488,1.2548749962557817,0.0,0.0,1.2548749962557817
3805,1,0.0,0.1,1,1.111272767648361,1.2504378361526953,1.2504378361526953,0.9585887667391331,4.802573949737695,4.802573949737695,0.03556889956691316,1.2504378361526953,0.0,0.0,1.2504378361526953
3805,1,0.2,0.0,1,1.2770075387891502,1.2662421790978926,1.3062421790978926,1.2711317951899779,4.802573949737695,4.802573949737695,0.04335626662260189,1.2565534208968552,0.002161469442617012,0.007527288758420361,1.2582876715617592
3805,1,0.2,0.01,1,1.2771370962105129,1.2634175139298178,1.3034175139298179,1.2450854998909142,4.802573949737695,4.802573949737695,0.04246786926853488,1.2548749962557817,0.0021171795652059205,0.006425338108830143,1.2565737110265232
3805,1,0.2,0.1,1,1.2878586009874116,1.2504488181225284,1.2904488181225284,1.0428194741254004,4.802573949737695,4.802573949737695,0.03556889956691316,1.2504378361526953,0.0017732405373048815,-0.0017622585674717485,1.2518605921353718
3805,1,0.8,0.0,1,2.1095213492564633,1.321246087012409,1.961246087012409,1.605085340018064,4.802573949737695,4.802573949737695,0.04335626662260189,1.2565534208968552,0.034583511081872194,0.030109155033681445,1.2843014315353205
3805,1,0.8,0.01,1,2.1096849441869874,1.3144512217343969,1.954451221734397,1.5721961251431733,4.802573949737695,4.802573949737695,0.04246786926853488,1.2548749962557817,0.03387487304329473,0.02570135243532057,1.282054432587644
3805,1,0.8,0.1,1,2.1232232178777664,1.2717606504796866,1.9117606504796867,1.3167904827318604,4.802573949737695,4.802573949737695,0.03556889956691316,1.2504378361526953,0.028371848596878104,-0.007049034269886994,1.2732019318755197
3805,2,0.0,0.0,2,0.18762924136107606,0.2570890427275504,0.2570890427275504,1.981927175096892,4.78061216774541,5.033940557440025,0.0832179635154178,0.2570890427275504,0.0,0.0,0.2570890427275504
3805,2,0.0,0.01,2,0.18781879930584688,0.2572738309413206,0.2572738309413206,1.943830324400881,4.78061216774541,5.033940557440025,0.08157624757087441,0.2572738309413206,0.0,0.0,0.2572738309413206
3805,2,0.0,0.1,2,0.20366968063951477,0.27283751855616695,0.27283751855616695,1.6454471975141292,4.78061216774541,5.033940557440025,0.06876377207402747,0.27283751855616695,0.0,0.0,0.27283751855616695
3805,2,0.2,0.0,2,0.22465171756715394,0.2594857337707757,0.2994857337707757,2.210041512043813,4.78061216774541,5.033940557440025,0.0832179635154178,0.2570890427275504,0.0066561174391343994,-0.004259426395909081,0.2604177612681671
3805,2,0.2,0.01,2,0.22486281103147399,0.25749078511756723,0.2974907851175672,2.167616803361648,4.78061216774541,5.033940557440025,0.08157624757087441,0.2572738309413206,0.006530783809219435,-0.006313829632972819,0.2605368808441556
3805,2,0.2,0.1,2,0.24251850627028093,0.2567321722415956,0.29673217224159565,1.8352748904546692,4.78061216774541,5.033940557440025,0.06876377207402747,0.27283751855616695,0.005546300433707091,-0.02165164674827845,0.27558806943912806
3805,2,0.8,0.0,2,0.5823323131654824,0.3465492161700646,0.9865492161700647,2.9742579321541873,4.78061216774541,5.033940557440025,0.0832179635154178,0.2570890427275504,0.10649787902615039,-0.017037705583636324,0.3103485393774178
3805,2,0.8,0.01,2,0.5826154974396315,0.3365110533569402,0.9765110533569403,2.917345645954581,4.78061216774541,5.033940557440025,0.08157624757087441,0.2572738309413206,0.10449254094751095,-0.025255318531891276,0.30948262938668025
3805,2,0.8,0.1,2,0.6063136734078549,0.27497173850236667,0.9149717385023668,2.4713135744807753,4.78061216774541,5.033940557440025,0.06876377207402747,0.27283751855616695,0.08874080693931345,-0.0866065869931138,0.31684633268354456
3805,3,0.0,0.0,3,9.88703302625635e-32,9.860761315262648e-32,9.860761315262648e-32,2.250000000000001,4.05617667511489,5.146443868190454,0.14030950942412224,9.860761315262648e-32,0.0,0.0,9.860761315262648e-32
3805,3,0.0,0.01,3,0.0002259930048050652,0.0002358080552234898,0.0002358080552234898,2.204565590983763,4.05617667511489,5.146443868190454,0.13707409354715594,0.0002358080552234898,0.0,0.0,0.0002358080552234898
3805,3,0.0,0.1,3,0.018928801360690563,0.01967794492728385,0.01967794492728385,1.8517460278589046,4.05617667511489,5.146443868190454,0.1125401998358884,0.01967794492728385,0.0,0.0,0.01967794492728385
3805,3,0.2,0.0,3,0.02018960465422147,0.007338394344383907,0.047338394344383916,2.5061071917454365,4.05617667511489,5.146443868190454,0.14030950942412224,9.860761315262648e-32,0.007338394344383947,4.1407623320070265e-17,0.005612380376964891
3805,3,0.2,0.01,3,0.020441310323588372,0.004928788742571704,0.04492878874257171,2.4555033121406176,4.05617667511489,5.146443868190454,0.13707409354715594,0.0002358080552234898,0.007190868582914778,-0.0024978878955665474,0.005718771797109728
3805,3,0.2,0.1,3,0.04127085624042555,0.004813484513873376,0.04481348451387338,2.062559513348562,4.05617667511489,5.146443868190454,0.1125401998358884,0.01967794492728385,0.00604569821655791,-0.020910158629968402,0.024179552920719386
3805,3,0.8,0.0,3,0.3230336744675435,0.11741430951014321,0.7574143095101433,3.3624894991143583,4.05617667511489,5.146443868190454,0.14030950942412224,9.860761315262648e-32,0.11741430951014316,1.6563049328028106e-16,0.08979808603143825
3805,3,0.8,0.01,3,0.3233713235578696,0.10529815379959366,0.7452981537995937,3.294606898606159,4.05617667511489,5.146443868190454,0.13707409354715594,0.0002358080552234898,0.11505389732663644,-0.00999155158226619,0.08796322792540331
3805,3,0.8,0.1,3,0.3513094890804876,0.032768481872336795,0.672768481872337,2.7675483484162307,4.05617667511489,5.146443868190454,0.1125401998358884,0.01967794492728385,0.09673117146492656,-0.08364063451987361,0.09170367282225243
3805,4,0.0,0.0,4,1.4535635266938597e-30,1.5264644323644092e-30,1.5264644323644092e-30,2.2499999999999973,3.3089124492216504,5.19348482807981,0.22292501252062888,1.5264644323644092e-30,0.0,0.0,1.5264644323644092e-30
3805,4,0.0,0.01,4,0.00025091440222149166,0.0003426363319523682,0.0003426363319523682,2.199474483223753,3.3089124492216504,5.19348482807981,0.21622030479562,0.0003426363319523682,0.0,0.0,0.0003426363319523682
3805,4,0.0,0.1,4,0.020106307742768736,0.02629580485350209,0.02629580485350209,1.8215780402911261,3.3089124492216504,5.19348482807981,0.16850063649420388,0.02629580485350209,0.0,0.0,0.02629580485350209
3805,4,0.2,0.0,4,0.020135465696098667,0.007862033062807689,0.047862033062807695,2.5142900368312406,3.3089124492216504,5.19348482807981,0.22292501252062888,1.5264644323644092e-30,0.007862033062807848,-1.2942666539787992e-16,0.008917000500825157
3805,4,0.2,0.01,4,0.020417266248790204,0.005019453469465275,0.04501945346946528,2.4575425023826405,3.3089124492216504,5.19348482807981,0.21622030479562,0.0003426363319523682,0.007670267316385657,-0.002993450178872782,0.00899144852377717
3805,4,0.2,0.1,4,0.042685731307324414,0.008864111199671938,0.04886411119967195,2.0335978235305445,3.3089124492216504,5.19348482807981,0.16850063649420388,0.02629580485350209,0.006261551241145015,-0.023693244894975155,0.033035830313270245
3805,4,0.8,0.0,4,0.32216745113757866,0.125792529004925,0.7657925290049251,3.401504544078668,3.3089124492216504,5.19348482807981,0.22292501252062888,1.5264644323644092e-30,0.12579252900492557,-5.177066615915197e-16,0.1426720080132025
3805,4,0.8,0.01,4,0.3225533299258561,0.1110931126786318,0.7510931126786319,3.3237897676559287,3.3089124492216504,5.19348482807981,0.21622030479562,0.0003426363319523682,0.12272427706217051,-0.011973800715491128,0.13872363140114918
3805,4,0.8,0.1,4,0.3529451909016899,0.031707645131921744,0.6717076451319218,2.744795788142538,3.3089124492216504,5.19348482807981,0.16850063649420388,0.02629580485350209,0.10018481985832024,-0.09477297957990062,0.1341362122097926
3805,8,0.0,0.0,8,8.745391086803186e-30,8.427484250649667e-30,8.427484250649667e-30,2.2500000000000004,2.3094250439527437,6.425718952623426,0.49423688857876075,8.427484250649667e-30,0.0,0.0,8.427484250649667e-30
3805,8,0.0,0.01,8,0.00030223024514936843,0.0006582538167924383,0.0006582538167924383,2.1888956971533338,2.3094250439527437,6.425718952623426,0.47125755399228886,0.0006582538167924383,0.0,0.0,0.0006582538167924383
3805,8,0.0,0.1,8,0.02205502729485263,0.04150168435068031,0.04150168435068031,1.767397769752267,2.3094250439527437,6.425718952623426,0.3349122719655752,0.04150168435068031,0.0,0.0,0.04150168435068031
3805,8,0.2,0.0,8,0.01884777382168239,0.013490812902551039,0.053490812902551046,2.560641229822124,2.3094250439527437,6.425718952623426,0.49423688857876075,8.427484250649667e-30,0.013490812902550928,1.074782405188321e-16,0.019769475543150433
3805,8,0.2,0.01,8,0.019207513499959538,0.008060189694788963,0.04806018969478897,2.4878613554267464,2.3094250439527437,6.425718952623426,0.47125755399228886,0.0006582538167924383,0.012826604041697205,-0.005424668163700683,0.019508555976483995
3805,8,0.2,0.1,8,0.04465021602927757,0.014915583757354155,0.05491558375735416,1.993116604542025,2.3094250439527437,6.425718952623426,0.3349122719655752,0.04150168435068031,0.008927128720263711,-0.03551322931358986,0.05489817522930332
3805,8,0.8,0.0,8,0.3015643811469182,0.21585300644081512,0.8558530064408152,3.654454674119105,2.3094250439527437,6.425718952623426,0.49423688857876075,8.427484250649667e-30,0.21585300644081484,4.299129620753284e-16,0.3163116086904069
3805,8,0.8,0.01,8,0.30213580214246777,0.18418524582914497,0.8241852458291451,3.5386775787473495,2.3094250439527437,6.425718952623426,0.47125755399228886,0.0006582538167924383,0.20522566466715528,-0.02169867265480273,0.3022630883718574
3805,8,0.8,0.1,8,0.34096217186934297,0.04228282662054019,0.6822828266205403,2.777398653554463,2.3094250439527437,6.425718952623426,0.3349122719655752,0.04150168435068031,0.14283405952421938,-0.14205291725435945,0.2558455384086485
3805,12,0.0,0.0,12,7.112587679951687e-30,1.0000415310355027e-29,1.0000415310355027e-29,2.250000000000003,1.7536844920389025,6.7583013664139635,1.0126392525380021,1.0000415310355027e-29,0.0,0.0,1.0000415310355027e-29
3805,12,0.0,0.01,12,0.00036459001724737256,0.0014257783508783474,0.0014257783508783474,2.175656218199644,1.7536844920389025,6.7583013664139635,0.9384932749261679,0.0014257783508783474,0.0,0.0,0.0014257783508783474
3805,12,0.0,0.1,12,0.02290511696397383,0.06458103775713013,0.06458103775713013,1.7273166229633914,1.7536844920389025,6.7583013664139635,0.5781713142409501,0.06458103775713013,0.0,0.0,0.06458103775713013
3805,12,0.2,0.0,12,0.016335607904598048,0.016195602459385946,0.05619560245938596,2.5515278893193014,1.7536844920389025,6.7583013664139635,1.0126392525380021,1.0000415310355027e-29,0.016195602459385967,-1.811916946631664e-17,0.040505570101520096
3805,12,0.2,0.01,12,0.01675475028048637,0.011814645535973105,0.05181464553597311,2.4660639053461564,1.7536844920389025,6.7583013664139635,0.9384932749261679,0.0014257783508783474,0.015504293214583065,-0.005115426029488279,0.03896550934792507
3805,12,0.2,0.1,12,0.04263989491438772,0.044030335622076706,0.08403033562207671,1.9509895086168627,1.7536844920389025,6.7583013664139635,0.5781713142409501,0.06458103775713013,0.011308210214104894,-0.031858912349158316,0.08770789032676814
3805,12,0.8,0.0,12,0.2613697264735685,0.2591296393501753,0.8991296393501754,3.6504587867898306,1.7536844920389025,6.7583013664139635,1.0126392525380021,1.0000415310355027e-29,0.25912963935017547,-7.247667786526656e-17,0.6480891216243215
3805,12,0.8,0.01,12,0.26199330310553237,0.2290327656662544,0.8690327656662545,3.5233384853606946,1.7536844920389025,6.7583013664139635,0.9384932749261679,0.0014257783508783474,0.24806869143332905,-0.020461704117953117,0.6020614743036259
3805,12,0.8,0.1,12,0.30043086935160584,0.1180767517861753,0.7580767517861754,2.7577066881465346,1.7536844920389025,6.7583013664139635,0.5781713142409501,0.06458103775713013,0.1809313634256783,-0.12743564939663327,0.4346106788713383
3805,16,0.0,0.0,16,2.703492060601176e-30,6.8351253726303e-30,6.8351253726303e-30,2.2499999999999947,0.8722274376233964,7.5849062673596,2.5306310791199107,6.8351253726303e-30,0.0,0.0,6.8351253726303e-30
3805,16,0.0,0.01,16,0.001103741009928512,0.02629115273285467,0.02629115273285467,2.002960645281447,0.8722274376233964,7.5849062673596,1.8942109631688784,0.02629115273285467,0.0,0.0,0.02629115273285467
3805,16,0.0,0.1,16,0.026726859472645664,0.30996816190127274,0.30996816190127274,1.4054946486458166,0.8722274376233964,7.5849062673596,0.7866775878725287,0.30996816190127274,0.0,0.0,0.30996816190127274
3805,16,0.2,0.0,16,0.010904786723448268,0.028228051244457476,0.06822805124445748,2.4971489228060215,0.8722274376233964,7.5849062673596,2.5306310791199107,6.8351253726303e-30,0.02822805124445773,-2.797791275072375e-16,0.10122524316479645
3805,16,0.2,0.01,16,0.01209360486336987,0.04511819648653734,0.08511819648653735,2.231127905639367,0.8722274376233964,7.5849062673596,1.8942109631688784,0.02629115273285467,0.026502507024393045,-0.007675463270710364,0.10205959125960981
3805,16,0.2,0.1,16,0.04009608484383486,0.3073526935640065,0.34735269356400655,1.5812179329889033,0.8722274376233964,7.5849062673596,0.7866775878725287,0.30996816190127274,0.017621953585956106,-0.02023742192322233,0.3414352654161739
3805,16,0.8,0.0,16,0.17447658757517223,0.45164881991132266,1.0916488199113228,3.5773323061575955,0.8722274376233964,7.5849062673596,2.5306310791199107,6.8351253726303e-30,0.45164881991132366,-1.11911651002895e-15,1.6196038906367431
3805,16,0.8,0.01,16,0.17602050707250472,0.41962941204030185,1.059629412040302,3.2336597710058443,0.8722274376233964,7.5849062673596,1.8942109631688784,0.02629115273285467,0.4240401123902887,-0.030701853082841457,1.238586169160937
3805,16,0.8,0.1,16,0.21634955910380496,0.5109697315836812,1.1509697315836813,2.319851229049638,0.8722274376233964,7.5849062673596,0.7866775878725287,0.30996816190127274,0.2819512573752977,-0.08094968769288932,0.8134418181396912
3805,20,0.0,0.0,20,1.7863513815510117e-29,3.438258007273806e-29,3.438258007273806e-29,2.2500000000000053,0.6949410025319325,8.312284454094035,5.1725062060838,3.438258007273806e-29,0.0,0.0,3.438258007273806e-29
3805,20,0.0,0.01,20,0.0015043728690675425,0.06044924130130862,0.06044924130130862,1.8886761848851776,0.6949410025319325,8.312284454094035,3.3988173804980013,0.06044924130130862,0.0,0.0,0.06044924130130862
3805,20,0.0,0.1,20,0.025180913354400133,0.43526802793147595,0.43526802793147595,1.3111137049805182,0.6949410025319325,8.312284454094035,1.0454678447501677,0.43526802793147595,0.0,0.0,0.43526802793147595
3805,20,0.2,0.0,20,0.006086176400927239,0.11926812246924125,0.15926812246924127,2.8452721232498916,0.6949410025319325,8.312284454094035,5.1725062060838,3.438258007273806e-29,0.11926812246924087,3.528399944779645e-16,0.20690024824335204
3805,20,0.2,0.01,20,0.00843848890321958,0.07475568088437061,0.11475568088437062,2.274660172813881,0.6949410025319325,8.312284454094035,3.3988173804980013,0.06044924130130862,0.08435265466359768,-0.07004621508053574,0.19640193652122867
3805,20,0.2,0.1,20,0.03886054209488096,0.4111841389073261,0.4511841389073261,1.4943625378099628,0.6949410025319325,8.312284454094035,1.0454678447501677,0.43526802793147595,0.029347662184084442,-0.05343155120823428,0.4770867417214827
3805,20,0.8,0.0,20,0.0973788224148359,1.9082899595078548,2.548289959507855,6.06230596263044,0.6949410025319325,8.312284454094035,5.1725062060838,3.438258007273806e-29,1.908289959507854,1.411359977911858e-15,3.3104039718936327
3805,20,0.8,0.01,20,0.1040446836058357,1.129906855596728,1.7699068555967281,4.444843992563164,0.6949410025319325,8.312284454094035,3.3988173804980013,0.06044924130130862,1.3496424746175628,-0.28018486032214296,2.2356923648200295
3805,20,0.8,0.1,20,0.1799371117522125,0.6911044180438899,1.33110441804389,2.396280982507309,0.6949410025319325,8.312284454094035,1.0454678447501677,0.43526802793147595,0.4695625949453511,-0.2137262048329371,1.1043674485715835
3805,22,0.0,0.0,22,5.076977412314933e-30,6.756673359041919e-30,6.756673359041919e-30,2.249999999999995,0.44141188305652046,9.001733279099039,10.972261957146275,6.756673359041919e-30,0.0,0.0,6.756673359041919e-30
3805,22,0.0,0.01,22,0.001440254505945154,0.08713588388757061,0.08713588388757061,1.874813214923401,0.44141188305652046,9.001733279099039,4.6036906535798865,0.08713588388757061,0.0,0.0,0.08713588388757061
3805,22,0.0,0.1,22,0.02514469669222392,0.43617471523724505,0.43617471523724505,1.3109313509182776,0.44141188305652046,9.001733279099039,1.0949815807615588,0.43617471523724505,0.0,0.0,0.43617471523724505
3805,22,0.2,0.0,22,0.003053176749877979,0.10762607869540212,0.14762607869540212,2.7424748303027133,0.44141188305652046,9.001733279099039,10.972261957146275,6.756673359041919e-30,0.10762607869540257,-1.6353334503620956e-16,0.4388904782858511
3805,22,0.2,0.01,22,0.005043137186348962,0.11960449718689521,0.15960449718689523,2.229270530939509,0.44141188305652046,9.001733279099039,4.6036906535798865,0.08713588388757061,0.07340680699670178,-0.04093819369737735,0.2712835100307661
3805,22,0.2,0.1,22,0.03535426754564716,0.4096406014819189,0.44964060148191887,1.4832281926478097,0.44141188305652046,9.001733279099039,1.0949815807615588,0.43617471523724505,0.026258312466321394,-0.052792426221647766,0.4799739784677074
3805,22,0.8,0.0,22,0.04885082799804771,1.7220172591264415,2.362017259126442,5.511412265555708,0.44141188305652046,9.001733279099039,10.972261957146275,6.756673359041919e-30,1.722017259126441,-6.541333801448382e-16,7.0222476525736175
3805,22,0.8,0.01,22,0.05417379414872061,1.0978920210452898,1.73789202104529,4.173524162948258,0.44141188305652046,9.001733279099039,4.6036906535798865,0.08713588388757061,1.1745089119472285,-0.1637527747895094,3.0334979021786985
3805,22,0.8,0.1,22,0.12514691888101728,0.6451380098117964,1.2851380098117966,2.315218467432265,0.44141188305652046,9.001733279099039,1.0949815807615588,0.43617471523724505,0.4201329994611423,-0.21116970488659106,1.1369629269246428
3805,23,0.0,0.0,23,1.0786431066681724e-29,2.2127127546759638e-29,2.2127127546759638e-29,2.2500000000000013,0.18014232630854268,9.533504037278604,38.629418123506284,2.2127127546759638e-29,0.0,0.0,2.2127127546759638e-29
3805,23,0.0,0.01,23,0.0010491996909759514,0.264245049826437,0.264245049826437,1.7759150119783702,0.18014232630854268,9.533504037278604,4.382092445284314,0.264245049826437,0.0,0.0,0.264245049826437
3805,23,0.0,0.1,23,0.02199769351996943,0.501821201821642,0.501821201821642,1.308224927778967,0.18014232630854268,9.533504037278604,1.0909920260177641,0.501821201821642,0.0,0.0,0.501821201821642
3805,23,0.2,0.0,23,0.00289248863746357,0.2060169752552045,0.2460169752552045,3.2050683734179257,0.18014232630854268,9.533504037278604,38.629418123506284,2.2127127546759638e-29,0.2060169752552051,-4.61426416076015e-16,1.5451767249402517
3805,23,0.2,0.01,23,0.005001765688795171,0.2572075208333307,0.2972075208333307,2.1409155443521746,0.18014232630854268,9.533504037278604,4.382092445284314,0.264245049826437,0.07504375450027151,-0.08208128349337791,0.4395287476378096
3805,23,0.2,0.1,23,0.03273493348979487,0.46987600215352276,0.5098760021535228,1.4793970041926865,0.18014232630854268,9.533504037278604,1.0909920260177641,0.501821201821642,0.026344918651094482,-0.05829011831921398,0.5454608828623526
3805,23,0.8,0.0,23,0.0462798181994171,3.2962716040832736,3.9362716040832737,8.54247719673415,0.18014232630854268,9.533504037278604,38.629418123506284,2.2127127546759638e-29,3.2962716040832816,-1.84570566430406e-15,24.722827599044027
3805,23,0.8,0.01,23,0.054440501636878,1.1366199878572691,1.7766199878572693,4.136442195476848,0.18014232630854268,9.533504037278604,4.382092445284314,0.264245049826437,1.2007000720043441,-0.32832513397351165,3.068784214808399
3805,23,0.8,0.1,23,0.12384539105411947,0.6901794269622978,1.330179426962298,2.3090522572469787,0.18014232630854268,9.533504037278604,1.0909920260177641,0.501821201821642,0.4215186984175117,-0.2331604732768559,1.200056098473011
3805,24,0.0,0.0,24,7.256518844462227e-30,7.792695107872288e-29,7.792695107872288e-29,2.2500000000000093,0.11165756373783169,9.62901921243442,96.63699140398585,7.792695107872288e-29,0.0,0.0,7.792695107872288e-29
3805,24,0.0,0.01,24,0.0008627720951853848,0.29731575632002616,0.29731575632002616,1.780129824642897,0.11165756373783169,9.62901921243442,4.197915926343313,0.29731575632002616,0.0,0.0,0.29731575632002616
3805,24,0.0,0.1,24,0.022401054234997966,0.4993188741380877,0.4993188741380877,1.3026600411619536,0.11165756373783169,9.62901921243442,1.1487479581332067,0.4993188741380877,0.0,0.0,0.4993188741380877
3805,24,0.2,0.0,24,1.279231558011168e-29,5.4751371405807046,5.515137140580705,10.484455477053933,0.11165756373783169,9.62901921243442,96.63699140398585,7.792695107872288e-29,5.475137140580674,3.099722931131538e-14,3.8654796561594345
3805,24,0.2,0.01,24,0.004989605015900235,0.2550839508356386,0.29508395083563865,2.1419579331677534,0.11165756373783169,9.62901921243442,4.197915926343313,0.29731575632002616,0.09026416375226713,-0.13249596923665452,0.4652323933737587
3805,24,0.2,0.1,24,0.03332364442606046,0.4646367724239096,0.5046367724239096,1.4687690753565057,0.11165756373783169,9.62901921243442,1.1487479581332067,0.4993188741380877,0.02598392130428413,-0.06066602301846211,0.545268792463416
3805,24,0.8,0.0,24,5.134644787533034e-29,87.60219424929092,88.24219424929092,100.8894675951838,0.11165756373783169,9.62901921243442,96.63699140398585,7.792695107872288e-29,87.60219424929079,1.2398891724526152e-13,61.84767449855095
3805,24,0.8,0.01,24,0.0509925825182245,1.2115584994096829,1.851558499409683,4.3106122237695255,0.11165756373783169,9.62901921243442,4.197915926343313,0.29731575632002616,1.4442266200362741,-0.5299838769466181,2.9839819491797472
3805,24,0.8,0.1,24,0.12436326966984355,0.6723975229327852,1.3123975229327853,2.2789032335915724,0.11165756373783169,9.62901921243442,1.1487479581332067,0.4993188741380877,0.41574274086854607,-0.24266409207384845,1.2345175673433402
3805,25,0.0,0.0,24,3.4391030580158375e-30,0.253364130720445,0.253364130720445,1.9966358692795514,0.12753876352968102,9.82983078709634,71.95947469769794,0.253364130720445,0.0,0.0,0.253364130720445
3805,25,0.0,0.01,24,0.0006660507106158393,0.3641669241831585,0.3641669241831585,1.7526229336936747,0.12753876352968102,9.82983078709634,4.2203232312168675,0.3641669241831585,0.0,0.0,0.3641669241831585
3805,25,0.0,0.1,24,0.021656108573072624,0.5225374142908834,0.5225374142908834,1.2943404142476649,0.12753876352968102,9.82983078709634,1.1240477676863683,0.5225374142908834,0.0,0.0,0.5225374142908834
3805,25,0.2,0.0,24,6.1787042499183174e-30,4.687345535280576,4.727345535280576,8.162722841697859,0.12753876352968102,9.82983078709634,71.95947469769794,0.253364130720445,4.433981404560155,-1.5831072557072925e-14,3.1317431186283633
3805,25,0.2,0.01,24,0.0045406423246019114,0.3396309553082973,0.37963095530829727,2.094454566243489,0.12753876352968102,9.82983078709634,4.2203232312168675,0.3641669241831585,0.08769277003500223,-0.11222873890986343,0.5329798534318332
3805,25,0.2,0.1,24,0.03171932761040425,0.4948585263918666,0.5348585263918666,1.45743653697053,0.12753876352968102,9.82983078709634,1.1240477676863683,0.5225374142908834,0.025894568237352387,-0.0535734561363692,0.5674993249983381
3805,25,0.8,0.0,24,2.3301954792470793e-29,71.19706660368283,71.83706660368283,79.86876061367464,0.12753876352968102,9.82983078709634,71.95947469769794,0.253364130720445,70.94370247296249,-6.33242902282917e-14,46.307427937247134
3805,25,0.8,0.01,24,0.04919206786520954,1.3183362891037407,1.9583362891037408,4.172262704312956,0.12753876352968102,9.82983078709634,4.2203232312168675,0.3641669241831585,1.4030843205600356,-0.4489149556394537,3.065173792161954
3805,25,0.8,0.1,24,0.11837946580673538,0.722556681543045,1.3625566815430452,2.257459723987357,0.12753876352968102,9.82983078709634,1.1240477676863683,0.5225374142908834,0.4143130917976382,-0.2142938245454768,1.2419279856101593
3805,26,0.0,0.0,24,3.434077660974335e-30,0.3012068542126515,0.3012068542126515,1.9487931457873517,0.14885057847628697,9.836772297110855,50.43641391228076,0.3012068542126515,0.0,0.0,0.3012068542126515
3805,26,0.0,0.01,24,0.0006796778940289608,0.37114042894797417,0.37114042894797417,1.7429239922462334,0.14885057847628697,9.836772297110855,4.022955728711027,0.37114042894797417,0.0,0.0,0.37114042894797417
3805,26,0.0,0.1,24,0.021723692201317823,0.5355705875611315,0.5355705875611315,1.2799555684125126,0.14885057847628697,9.836772297110855,1.1498366698957918,0.5355705875611315,0.0,0.0,0.5355705875611315
3805,26,0.2,0.0,24,5.5627918537032794e-30,3.872452287258542,3.912452287258542,6.845816010663712,0.14885057847628697,9.836772297110855,50.43641391228076,0.3012068542126515,3.5712454330458754,1.7761529039244417e-14,2.3186634107038824
3805,26,0.2,0.01,24,0.004491676020773181,0.3524057018181262,0.3924057018181262,2.094465258530029,0.14885057847628697,9.836772297110855,4.022955728711027,0.37114042894797417,0.08541584856021209,-0.10415057569006,0.5320586580964153
3805,26,0.2,0.1,24,0.032075048552762976,0.5044438374783119,0.5444438374783119,1.4451773390475309,0.14885057847628697,9.836772297110855,1.1498366698957918,0.5355705875611315,0.026098298840379442,-0.05722504892319937,0.5815640543569632
3805,26,0.8,0.0,24,3.751839926995961e-29,57.441133782946686,58.08113378294669,64.39182980184327,0.14885057847628697,9.836772297110855,50.43641391228076,0.3012068542126515,57.139926928734006,7.104611615697767e-14,32.58051175807235
3805,26,0.8,0.01,24,0.049173578839129255,1.3211917031511275,1.9611917031511277,4.174079240103964,0.14885057847628697,9.836772297110855,4.022955728711027,0.37114042894797417,1.3666535769633934,-0.41660230276024,2.945832095323032
3805,26,0.8,0.1,24,0.11867533511660126,0.7242431733144051,1.3642431733144051,2.2540222370371397,0.14885057847628697,9.836772297110855,1.1498366698957918,0.5355705875611315,0.4175727814460711,-0.2289001956927975,1.2714660562944384
3805,28,0.0,0.0,24,4.477530330041072e-30,0.42155655898198663,0.42155655898198663,1.8284434410180124,0.45783418199126297,9.94214995189508,8.396752084915267,0.42155655898198663,0.0,0.0,0.42155655898198663
3805,28,0.0,0.01,24,0.000614337748674402,0.43062245731879667,0.43062245731879667,1.6965099929463243,0.45783418199126297,9.94214995189508,3.9412265292167743,0.43062245731879667,0.0,0.0,0.43062245731879667
3805,28,0.0,0.1,24,0.02205757668227161,0.5812312606088417,0.5812312606088417,1.2276172057457275,0.45783418199126297,9.94214995189508,1.159557354722907,0.5812312606088417,0.0,0.0,0.5812312606088417
3805,28,0.2,0.0,24,4.507735331335545e-30,0.7350050291820216,0.7750050291820216,2.348720837638399,0.45783418199126297,9.94214995189508,8.396752084915267,0.42155655898198663,0.3134484702000335,1.6449122707910408e-15,0.7574266423785974
3805,28,0.2,0.01,24,0.0013614864588540165,0.5296485548885963,0.5696485548885963,2.0102224885577455,0.45783418199126297,9.94214995189508,3.9412265292167743,0.43062245731879667,0.10625040113933412,-0.007224303569534515,0.5882715184874676
3805,28,0.2,0.1,24,0.0289584465044783,0.5676393309906274,0.6076393309906274,1.363837781999245,0.45783418199126297,9.94214995189508,1.159557354722907,0.5812312606088417,0.024866484778915794,-0.038458414397130304,0.6276135547977579
3805,28,0.8,0.0,24,6.2016228162565255e-30,5.436732082182528,6.076732082182527,7.670934669899958,0.45783418199126297,9.94214995189508,8.396752084915267,0.42155655898198663,5.015175523200536,6.5796490831641634e-15,5.795477893327758
3805,28,0.8,0.01,24,0.01170180068320415,2.101731661270005,2.741731661270005,4.22636478906402,0.45783418199126297,9.94214995189508,3.9412265292167743,0.43062245731879667,1.700006418229346,-0.02889721427813806,2.9530074360175327
3805,28,0.8,0.1,24,0.08632139656102206,0.8252613594829734,1.4652613594829735,2.0708973281067875,0.45783418199126297,9.94214995189508,1.159557354722907,0.5812312606088417,0.3978637564626527,-0.15383365758852122,1.3233479676315023
3805,32,0.0,0.0,24,4.296878101257549e-30,0.5368887328034125,0.5368887328034125,1.7131112671965874,0.5031103239012946,10.310446000460866,6.630806019228445,0.5368887328034125,0.0,0.0,0.5368887328034125
3805,32,0.0,0.01,24,0.000463553130156018,0.5437049563762016,0.5437049563762016,1.6135844175925949,0.5031103239012946,10.310446000460866,3.3102535488919975,0.5437049563762016,0.0,0.0,0.5437049563762016
3805,32,0.0,0.1,24,0.020535333810620674,0.6476871272303281,0.6476871272303281,1.1916061965572589,0.5031103239012946,10.310446000460866,1.0829914355579144,0.6476871272303281,0.0,0.0,0.6476871272303281
3805,32,0.2,0.0,24,3.94266748565233e-30,0.7762456073073014,0.8162456073073014,2.070076020364517,0.5031103239012946,10.310446000460866,6.630806019228445,0.5368887328034125,0.23935687450388837,1.0200174038743626e-15,0.8021209735725504
3805,32,0.2,0.01,24,0.0008133173328200337,0.6539328619681201,0.6939328619681201,1.880160949937526,0.5031103239012946,10.310446000460866,3.3102535488919975,0.5437049563762016,0.09554076581392654,0.01468713977799204,0.6761150983318815
3805,32,0.2,0.1,24,0.025684123091029302,0.6478479386462097,0.6878479386462097,1.3357846486209972,0.5031103239012946,10.310446000460866,1.0829914355579144,0.6476871272303281,0.025327690250550823,-0.025166878834669164,0.6910067846526446
3805,32,0.8,0.0,24,5.909908627346672e-30,4.366598724865628,5.006598724865627,6.013252773914963,0.5031103239012946,10.310446000460866,6.630806019228445,0.5368887328034125,3.829709992062214,4.08006961549745e-15,4.780604585109619
3805,32,0.8,0.01,24,0.007822237146139306,2.1311057685109938,2.771105768510994,3.8263797367394368,0.5031103239012946,10.310446000460866,3.3102535488919975,0.5437049563762016,1.5286522530228246,0.05874855911196816,2.6622672276670807
3805,32,0.8,0.1,24,0.07271570769555612,0.9522626559004647,1.592262655900465,2.072252287818822,0.5031103239012946,10.310446000460866,1.0829914355579144,0.6476871272303281,0.40524304400881317,-0.10066751533867666,1.3408016459873935
3805,48,0.0,0.0,24,1.0440081042534328e-29,1.1597370490007775,1.1597370490007775,1.0902629509992225,2.1351236799763296,11.546336477480509,1.056231401695137,1.1597370490007775,0.0,0.0,1.1597370490007775
3805,48,0.0,0.01,24,0.00012614760150567793,1.1600897443078377,1.1600897443078377,1.0646807353910268,2.1351236799763296,11.546336477480509,1.0098851172932346,1.1600897443078377,0.0,0.0,1.1600897443078377
3805,48,0.0,0.1,24,0.008619720950261783,1.1795664494867952,1.1795664494867952,0.8980391315079693,2.1351236799763296,11.546336477480509,0.7350190116271096,1.1795664494867952,0.0,0.0,1.1795664494867952
3805,48,0.2,0.0,24,1.240070982475294e-29,1.1805549635315946,1.2205549635315946,1.2036889277762124,2.1351236799763296,11.546336477480509,1.056231401695137,1.1597370490007775,0.020817914530816845,2.237793284010081e-16,1.2019863050685828
3805,48,0.2,0.01,24,0.00012567976609158463,1.1806320725967554,1.2206320725967554,1.1782455979894366,2.1351236799763296,11.546336477480509,1.0098851172932346,1.1600897443078377,0.020181442356877237,0.00036088593204029393,1.2004851489995672
3805,48,0.2,0.1,24,0.008963920868668509,1.1942926552996285,1.2342926552996285,1.0063511091543242,2.1351236799763296,11.546336477480509,0.7350190116271096,1.1795664494867952,0.01601607463779901,-0.0012898688249658313,1.2089672099518796
3805,48,0.8,0.0,24,2.170510207791452e-29,1.4928236814938478,2.132823681493848,1.7937818324769832,2.1351236799763296,11.546336477480509,1.056231401695137,1.1597370490007775,0.3330866324930695,8.951173136040325e-16,1.8357251460856654
3805,48,0.8,0.01,24,0.00016196854672499665,1.4844363657460344,2.1244363657460346,1.7611174940671939,2.1351236799763296,11.546336477480509,1.0098851172932346,1.1600897443078377,0.3229030777100358,0.0014435437281611757,1.806416219375508
3805,48,0.8,0.1,24,0.012579077054810622,1.4306641683917163,2.0706641683917164,1.5234799377469777,2.1351236799763296,11.546336477480509,0.7350190116271096,1.1795664494867952,0.25625719420478416,-0.005159475299863325,1.6499786169281454
3805,72,0.0,0.0,24,3.468086248522908e-30,1.6727317282345024,1.6727317282345024,0.5772682717654973,3.2603530052806073,13.336416348080686,0.5153948935133061,1.6727317282345024,0.0,0.0,1.6727317282345024
3805,72,0.0,0.01,24,2.4164816155630246e-05,1.6727557418784713,1.6727557418784713,0.572411294890402,3.2603530052806073,13.336416348080686,0.506231530700909,1.6727557418784713,0.0,0.0,1.6727557418784713
3805,72,0.0,0.1,24,0.0020707292191680876,1.6745516402026623,1.6745516402026623,0.5340337754139758,3.2603530052806073,13.336416348080686,0.4380406877072125,1.6745516402026623,0.0,0.0,1.6745516402026623
3805,72,0.2,0.0,24,3.666392835129981e-30,1.68339505152118,1.72339505152118,0.6377271344700982,3.2603530052806073,13.336416348080686,0.5153948935133061,1.6727317282345024,0.010663323286677451,-1.2078687667219146e-16,1.6933475239750346
3805,72,0.2,0.01,24,2.4624736460786496e-05,1.6833057471684525,1.7233057471684525,0.6327814389010198,3.2603530052806073,13.336416348080686,0.506231530700909,1.6727557418784713,0.01052938210353333,2.0623186447685266e-05,1.6930050031065076
3805,72,0.2,0.1,24,0.002156566903979184,1.6837396207240676,1.7237396207240676,0.5929757341366156,3.2603530052806073,13.336416348080686,0.4380406877072125,1.6745516402026623,0.009484639420618533,-0.00029665889921308164,1.692073267710951
3805,72,0.8,0.0,24,6.693633719382652e-30,1.8433449008213412,2.4833449008213413,0.9470636020240307,3.2603530052806073,13.336416348080686,0.5153948935133061,1.6727317282345024,0.17061317258683922,-4.831475066887658e-16,2.0025844600830185
3805,72,0.8,0.01,24,3.39983234118278e-05,1.8413083482807955,2.4813083482807956,0.9402444561752741,3.2603530052806073,13.336416348080686,0.506231530700909,1.6727557418784713,0.16847011365653328,8.249274579074106e-05,1.996743921527053
3805,72,0.8,0.1,24,0.0030881414970896338,1.8251192353357062,2.465119235335706,0.8836172833519582,3.2603530052806073,13.336416348080686,0.4380406877072125,1.6745516402026623,0.15175423072989652,-0.0011866355968523266,1.9548976803352784
3805,96,0.0,0.0,24,3.3651452929954105e-30,1.7831181047398321,1.7831181047398321,0.46688189526016843,5.036667246962963,14.997600213388186,0.32971156324283146,1.7831181047398321,0.0,0.0,1.7831181047398321
3805,96,0.0,0.01,24,1.2814815764943587e-05,1.7831233821820427,1.7831233821820427,0.4643136546649684,5.036667246962963,14.997600213388186,0.32674327906785616,1.7831233821820427,0.0,0.0,1.7831233821820427
3805,96,0.0,0.1,24,0.0011941230936673532,1.783593726006706,1.783593726006706,0.44252381211994707,5.036667246962963,14.997600213388186,0.30217242422930496,1.783593726006706,0.0,0.0,1.783593726006706
3805,96,0.2,0.0,24,4.0655418161042355e-30,1.7906296116434504,1.8306296116434504,0.5224747058032406,5.036667246962963,14.997600213388186,0.32971156324283146,1.7831181047398321,0.007511506903617977,-1.734723475976807e-17,1.7963065672695453
3805,96,0.2,0.01,24,1.4225102219867445e-05,1.790466457899122,1.830466457899122,0.5196239673555144,5.036667246962963,14.997600213388186,0.32674327906785616,1.7831233821820427,0.007456825478102426,-0.00011374976102321126,1.7961931133447568
3805,96,0.2,0.1,24,0.0013275981848502082,1.7895070986091448,1.8295070986091448,0.4954056506303586,5.036667246962963,14.997600213388186,0.30217242422930496,1.783593726006706,0.006996048625988077,-0.001082676023549136,1.7956806229758784
3805,96,0.8,0.0,24,5.69548842687156e-30,1.9033022151977197,2.54330221519772,0.7793912202758728,5.036667246962963,14.997600213388186,0.32971156324283146,1.7831181047398321,0.12018411045788763,-6.938893903907228e-17,1.9941335052152442
3805,96,0.8,0.01,24,2.1729427720928142e-05,1.9019775907875884,2.541977590787589,0.7750368111643814,5.036667246962963,14.997600213388186,0.32674327906785616,1.7831233821820427,0.11930920764963882,-0.00045499904409284503,1.9922390807854706
3805,96,0.8,0.1,24,0.0020305133243342954,1.8911997999283185,2.5311997999283187,0.73800374967345,5.036667246962963,14.997600213388186,0.30217242422930496,1.783593726006706,0.11193677801580923,-0.004330704094196544,1.9769840775134613
3806,1,0.0,0.0,1,1.251708249719302,1.2510190208798022,1.2510190208798022,1.0648632337671802,5.449607420212699,5.449607420212699,0.033672050552806684,1.2510190208798022,0.0,0.0,1.2510190208798022
3806,1,0.0,0.01,1,1.2517929302417024,1.2505593080368484,1.2505593080368484,1.0478586964831478,5.449607420212699,5.449607420212699,0.03313434991586254,1.2505593080368484,0.0,0.0,1.2505593080368484
3806,1,0.0,0.1,1,1.259074959874205,1.2520462255141644,1.2520462255141644,0.9115757769872688,5.449607420212699,5.449607420212699,0.028824946408226134,1.2520462255141644,0.0,0.0,1.2520462255141644
3806,1,0.2,0.0,1,1.3253586716637187,1.2530586300346134,1.2930586300346134,0.8924488649211599,5.449607420212699,5.449607420212699,0.033672050552806684,1.2510190208798022,0.007608547610078656,-0.005568938455267521,1.2523659029019145
3806,1,0.2,0.01,1,1.325429641374852,1.2539536477744528,1.2939536477744529,0.8781975699976261,5.449607420212699,5.449607420212699,0.03313434991586254,1.2505593080368484,0.007487048597425915,-0.004092708859821545,1.251884682033483
3806,1,0.2,0.1,1,1.331532621432543,1.2658609359357313,1.3058609359357314,0.7639805203752412,5.449607420212699,5.449607420212699,0.028824946408226134,1.2520462255141644,0.006513294364446525,0.007301416057120375,1.2531992233704934
3806,1,0.8,0.0,1,2.0497324095108644,1.3504800288199905,1.9904800288199906,0.4665083297040423,5.449607420212699,5.449607420212699,0.033672050552806684,1.2510190208798022,0.1217367617612585,-0.022275753821070082,1.2725691332335984
3806,1,0.8,0.01,1,2.0497695073914284,1.353981250156377,1.9939812501563772,0.45905877371017045,5.449607420212699,5.449607420212699,0.03313434991586254,1.2505593080368484,0.11979277755881464,-0.01637083543928618,1.2717652919830005
3806,1,0.8,0.1,1,2.052959708135514,1.3854645995737904,2.0254645995737905,0.39935428291251607,5.449607420212699,5.449607420212699,0.028824946408226134,1.2520462255141644,0.1042127098311444,0.0292056642284815,1.2704941912154293
3806,2,0.0,0.0,2,0.30173902670138186,0.29323579116638504,0.29323579116638504,1.9814977429451877,4.0878665761670865,5.629236276172967,0.09139945313915787,0.29323579116638504,0.0,0.0,0.29323579116638504
3806,2,0.0,0.01,2,0.30192315053592833,0.2914481231021752,0.2914481231021752,1.9444805957782874,4.0878665761670865,5.629236276172967,0.089244231699042,0.2914481231021752,0.0,0.0,0.2914481231021752
3806,2,0.0,0.1,2,0.31718581990973943,0.29245240215605006,0.29245240215605006,1.656698778856235,4.0878665761670865,5.629236276172967,0.07302559576335652,0.29245240215605006,0.0,0.0,0.29245240215605006
3806,2,0.2,0.0,2,0.3716009197605204,0.32983160352582563,0.36983160352582567,1.847373498140065,4.0878665761670865,5.629236276172967,0.09139945313915787,0.29323579116638504,0.007681041353412361,0.02891477100602829,0.2968917692919514
3806,2,0.2,0.01,2,0.3717784184299213,0.32834197584249925,0.3683419758424993,1.8116814716192222,4.0878665761670865,5.629236276172967,0.089244231699042,0.2914481231021752,0.0075507813535278905,0.029343071386796152,0.29501789237013687
3806,2,0.2,0.1,2,0.3864007243915748,0.33219892186700223,0.3721989218670022,1.535616455206698,4.0878665761670865,5.629236276172967,0.07302559576335652,0.29245240215605006,0.006522242761992592,0.03322427694895963,0.29537342598658434
3806,2,0.8,0.0,2,1.084563834532384,0.5317915368450961,1.1717915368450962,1.537173259965644,4.0878665761670865,5.629236276172967,0.09139945313915787,0.29323579116638504,0.12289666165459777,0.11565908402411317,0.3517314411754461
3806,2,0.8,0.01,2,1.084729237260986,0.5296329103058062,1.1696329103058063,1.5038934753843587,4.0878665761670865,5.629236276172967,0.089244231699042,0.2914481231021752,0.12081250165644625,0.11737228554718461,0.3485644313895621
3806,2,0.8,0.1,2,1.0980875922438829,0.5297053941437699,1.16970539414377,1.2506363974019967,4.0878665761670865,5.629236276172967,0.07302559576335652,0.29245240215605006,0.10435588419188148,0.13289710779583852,0.33918878344459824
3806,3,0.0,0.0,3,1.3936154463650127e-30,1.4298103907130839e-30,1.4298103907130839e-30,2.2500000000000036,3.792180517299866,6.286310855961438,0.13189192141160921,1.4298103907130839e-30,0.0,0.0,1.4298103907130839e-30
3806,3,0.0,0.01,3,0.00019588075326330888,0.00017611202737557007,0.00017611202737557007,2.2106477373199596,3.792180517299866,6.286310855961438,0.12867294421672307,0.00017611202737557007,0.0,0.0,0.00017611202737557007
3806,3,0.0,0.1,3,0.016793378269770117,0.015054735249290107,0.015054735249290107,1.8990776993553042,3.792180517299866,6.286310855961438,0.10480515675831448,0.015054735249290107,0.0,0.0,0.015054735249290107
3806,3,0.2,0.0,3,0.041302528804095774,0.006970974192449951,0.04697097419244996,2.112234029217052,3.792180517299866,6.286310855961438,0.13189192141160921,1.4298103907130839e-30,0.006970974192450055,-1.1490935674619548e-16,0.00527567685646437
3806,3,0.2,0.01,3,0.04148818206129854,0.008117058948558924,0.04811705894855893,2.0749344836223567,3.792180517299866,6.286310855961438,0.12867294421672307,0.00017611202737557007,0.006865885401562384,0.001075061519620967,0.005323029796044493
3806,3,0.2,0.1,3,0.05719278745264772,0.030567378594357965,0.07056737859435797,1.7800251302951038,3.792180517299866,6.286310855961438,0.10480515675831448,0.015054735249290107,0.0060308058473585,0.009481837497709334,0.01924694151962269
3806,3,0.8,0.0,3,0.6608404608655324,0.11153558707920042,0.7515355870792005,1.782587807177597,3.792180517299866,6.286310855961438,0.13189192141160921,1.4298103907130839e-30,0.11153558707920087,-4.596374269847819e-16,0.08441082970342992
3806,3,0.8,0.01,3,0.6610017090641813,0.11433052453085767,0.7543305245308578,1.7501853473482947,3.792180517299866,6.286310855961438,0.12867294421672307,0.00017611202737557007,0.10985416642499815,0.004300246078483868,0.08252679632607834
3806,3,0.8,0.1,3,0.6745621301930621,0.14947497879786353,0.7894749787978637,1.495237093282805,3.792180517299866,6.286310855961438,0.10480515675831448,0.015054735249290107,0.096492893557736,0.037927349990837335,0.08213003557461138
3806,4,0.0,0.0,4,2.0730196340065703e-29,3.277902599048468e-29,3.277902599048468e-29,2.2500000000000027,3.1362160525831957,6.796401680842898,0.21779311301528723,3.277902599048468e-29,0.0,0.0,3.277902599048468e-29
3806,4,0.0,0.01,4,0.0002814764267132943,0.0005132930419230086,0.0005132930419230086,2.1931914216154156,3.1362160525831957,6.796401680842898,0.2104147000514237,0.0005132930419230086,0.0,0.0,0.0005132930419230086
3806,4,0.0,0.1,4,0.021143679936967415,0.036342514558678825,0.036342514558678825,1.7907838867019705,3.1362160525831957,6.796401680842898,0.1597697368996019,0.036342514558678825,0.0,0.0,0.036342514558678825
3806,4,0.2,0.0,4,0.04118348588677967,0.007993867649366555,0.04799386764936656,2.092277164150187,3.1362160525831957,6.796401680842898,0.21779311301528723,3.277902599048468e-29,0.00799386764936699,-4.733997995436826e-16,0.00871172452061149
3806,4,0.2,0.01,4,0.04144280563656287,0.010632348672518317,0.050632348672518326,2.039943895250986,3.1362160525831957,6.796401680842898,0.2104147000514237,0.0005132930419230086,0.007814330930249028,0.0023047247003462825,0.008929881043979957
3806,4,0.2,0.1,4,0.060707547801091465,0.05973741822406324,0.09973741822406325,1.668540014689508,3.1362160525831957,6.796401680842898,0.1597697368996019,0.036342514558678825,0.006508143209375179,0.016886760456009238,0.042733304034662904
3806,4,0.8,0.0,4,0.6589357741884746,0.12790188238987005,0.7679018823898702,1.715035068393145,3.1362160525831957,6.796401680842898,0.21779311301528723,3.277902599048468e-29,0.12790188238987185,-1.8935991981747305e-15,0.13938759232978384
3806,4,0.8,0.01,4,0.659139310748348,0.1347614867272925,0.7747614867272926,1.6739732873206858,3.1362160525831957,6.796401680842898,0.2104147000514237,0.0005132930419230086,0.12502929488398445,0.00921889880138513,0.1351787010748342
3806,4,0.8,0.1,4,0.674429678310163,0.2080198477327186,0.8480198477327188,1.3799061171646205,3.1362160525831957,6.796401680842898,0.1597697368996019,0.036342514558678825,0.10413029135000286,0.06754704182403695,0.13859514617442406
3806,8,0.0,0.0,8,1.3806349794663965e-30,2.0902870002819197e-30,2.0902870002819197e-30,2.250000000000001,2.193476252879388,8.01945115799223,0.5498954065472987,2.0902870002819197e-30,0.0,0.0,2.0902870002819197e-30
3806,8,0.0,0.01,8,0.0003216817017131152,0.0007159691959101727,0.0007159691959101727,2.184947690461466,2.193476252879388,8.01945115799223,0.5198201307708752,0.0007159691959101727,0.0,0.0,0.0007159691959101727
3806,8,0.0,0.1,8,0.022941085415321,0.04721889178332183,0.04721889178332183,1.7439593999102574,2.193476252879388,8.01945115799223,0.34923617706306437,0.04721889178332183,0.0,0.0,0.04721889178332183
3806,8,0.2,0.0,8,0.03002330869254019,0.01460984790007306,0.05460984790007307,2.1602434491952613,2.193476252879388,8.01945115799223,0.5498954065472987,2.0902870002819197e-30,0.01460984790007294,1.487833043783503e-16,0.021995816261891954
3806,8,0.2,0.01,8,0.03032916390535541,0.016613210909345658,0.056613210909345665,2.098417034941542,2.193476252879388,8.01945115799223,0.5198201307708752,0.0007159691959101727,0.014030985496080707,0.0018662562173547932,0.021508774426745186
3806,8,0.2,0.1,8,0.0520356562692292,0.06890850667679203,0.10890850667679204,1.6759733361451818,2.193476252879388,8.01945115799223,0.34923617706306437,0.04721889178332183,0.010785136759263372,0.01090447813420693,0.061188338865844405
3806,8,0.8,0.0,8,0.48037293908064305,0.23375756640116757,0.8737575664011676,2.066291971581917,2.193476252879388,8.01945115799223,0.5498954065472987,2.0902870002819197e-30,0.23375756640116704,5.951332175134012e-16,0.35193306019027126
3806,8,0.8,0.01,8,0.48066534770607255,0.23267676200262066,0.8726767620026208,2.007196894334736,2.193476252879388,8.01945115799223,0.5198201307708752,0.0007159691959101727,0.2244957679372913,0.007465024869419173,0.33340085288927035
3806,8,0.8,0.1,8,0.5015395928389011,0.2633989924683634,0.9033989924683635,1.6014367859611138,2.193476252879388,8.01945115799223,0.34923617706306437,0.04721889178332183,0.17256218814821395,0.04361791253682772,0.27073004510368304
3806,12,0.0,0.0,12,4.818676720856864e-30,4.287697835189303e-30,4.287697835189303e-30,2.2499999999999987,1.6402459681908999,8.395675807517279,1.0445649982899985,4.287697835189303e-30,0.0,0.0,4.287697835189303e-30
3806,12,0.0,0.01,12,0.0004216307032745105,0.0019926913697992242,0.0019926913697992242,2.163681167975301,1.6402459681908999,8.395675807517279,0.9521153270573608,0.0019926913697992242,0.0,0.0,0.0019926913697992242
3806,12,0.0,0.1,12,0.024344015591850118,0.08361470404873399,0.08361470404873399,1.6795049841142649,1.6402459681908999,8.395675807517279,0.5469368991906173,0.08361470404873399,0.0,0.0,0.08361470404873399
3806,12,0.2,0.0,12,0.021308262399178473,0.0474127871282005,0.0874127871282005,2.336835672775391,1.6402459681908999,8.395675807517279,1.0445649982899985,4.287697835189303e-30,0.047412787128200545,-1.080474947479331e-16,0.04178259993159995
3806,12,0.2,0.01,12,0.02186491231236891,0.03338348976242511,0.07338348976242512,2.2222690210458067,1.6402459681908999,8.395675807517279,0.9521153270573608,0.0019926913697992242,0.04255970425047891,-0.011168905857853071,0.04007730445209366
3806,12,0.2,0.1,12,0.04974282588693393,0.07480659506511632,0.11480659506511633,1.6428449164095629,1.6402459681908999,8.395675807517279,0.5469368991906173,0.08361470404873399,0.02326538283474447,-0.03207349181836211,0.10549218001635868
3806,12,0.8,0.0,12,0.34093219838685546,0.7586045940512084,1.3986045940512084,3.1662961366399696,1.6402459681908999,8.395675807517279,1.0445649982899985,4.287697835189303e-30,0.7586045940512087,-4.321899789917324e-16,0.6685215989055991
3806,12,0.8,0.01,12,0.3421738677458424,0.6382723359460497,1.27827233594605,2.9087490312630666,1.6402459681908999,8.395675807517279,0.9521153270573608,0.0019926913697992242,0.6809552680076626,-0.044675623431412285,0.6113465006865102
3806,12,0.8,0.1,12,0.3922367901311574,0.3275668621311972,0.9675668621311972,1.8120493073123887,1.6402459681908999,8.395675807517279,0.5469368991906173,0.08361470404873399,0.3722461253559115,-0.12829396727344844,0.43365431953072914
3806,16,0.0,0.0,16,4.680908532168364e-30,3.3276896544659696e-30,3.3276896544659696e-30,2.250000000000001,0.8544554125180844,8.524073395294463,2.608440574293374,3.3276896544659696e-30,0.0,0.0,3.3276896544659696e-30
3806,16,0.0,0.01,16,0.0005735881412834544,0.006692850013710543,0.006692850013710543,2.128589521729597,0.8544554125180844,8.524073395294463,1.9207347445898224,0.006692850013710543,0.0,0.0,0.006692850013710543
3806,16,0.0,0.1,16,0.026238490657316215,0.13177371948868355,0.13177371948868355,1.5934564673649914,0.8544554125180844,8.524073395294463,0.7641912570226237,0.13177371948868355,0.0,0.0,0.13177371948868355
3806,16,0.2,0.0,16,0.00995508040809356,0.11081590878955445,0.15081590878955448,2.4940219399002688,0.8544554125180844,8.524073395294463,2.608440574293374,3.3276896544659696e-30,0.11081590878955477,-3.959410501330523e-16,0.10433762297173499
3806,16,0.2,0.01,16,0.010876733786833006,0.0726581744396122,0.11265817443961221,2.2947034775699535,0.8544554125180844,8.524073395294463,1.9207347445898224,0.006692850013710543,0.09258143656780254,-0.026616112141900967,0.08352223979730346
3806,16,0.2,0.1,16,0.0432236554903632,0.12842952828846818,0.1684295282884682,1.591418554586705,0.8544554125180844,8.524073395294463,0.7641912570226237,0.13177371948868355,0.04643567967833409,-0.049779870878549515,0.16234136976958852
3806,16,0.8,0.0,16,0.1592812865294967,1.773054540632875,2.413054540632875,4.555878665075732,0.8544554125180844,8.524073395294463,2.608440574293374,3.3276896544659696e-30,1.7730545406328764,-1.5837642005322091e-15,1.6694019675477598
3806,16,0.8,0.01,16,0.162229985013048,1.3815313865309475,2.0215313865309477,3.9040225839046534,0.8544554125180844,8.524073395294463,1.9207347445898224,0.006692850013710543,1.4813029850848407,-0.10646444856760387,1.235963086551197
3806,16,0.8,0.1,16,0.23826528293180846,0.6756251108278309,1.3156251108278312,2.142532972391855,0.8544554125180844,8.524073395294463,0.7641912570226237,0.13177371948868355,0.7429708748533455,-0.19911948351419806,0.6208561239831628
3806,20,0.0,0.0,20,1.7681320842771082e-30,2.101987024694072e-30,2.101987024694072e-30,2.25,0.5766531043023224,8.849587734621036,5.410667045722884,2.101987024694072e-30,0.0,0.0,2.101987024694072e-30
3806,20,0.0,0.01,20,0.0007324788884832308,0.010851575260462445,0.010851575260462445,2.092652647042891,0.5766531043023224,8.849587734621036,3.106825374486678,0.010851575260462445,0.0,0.0,0.010851575260462445
3806,20,0.0,0.1,20,0.029207418256010993,0.1895430217037875,0.1895430217037875,1.4763086131759924,0.5766531043023224,8.849587734621036,1.0178619357443563,0.1895430217037875,0.0,0.0,0.1895430217037875
3806,20,0.2,0.0,20,0.004442668017885099,0.15211780413173495,0.19211780413173496,2.698298769772569,0.5766531043023224,8.849587734621036,5.410667045722884,2.101987024694072e-30,0.15211780413173515,-2.8051045235602595e-16,0.21642668182891542
3806,20,0.2,0.01,20,0.005772495373108048,0.07544171792997423,0.11544171792997424,2.394426219904166,0.5766531043023224,8.849587734621036,3.106825374486678,0.010851575260462445,0.10635679044999777,-0.04176664778048598,0.13512459023992957
3806,20,0.2,0.1,20,0.04444817998478436,0.1535514328017363,0.1935514328017363,1.5272051401110163,0.5766531043023224,8.849587734621036,1.0178619357443563,0.1895430217037875,0.04647406791070749,-0.08246565681275857,0.23025749913356178
3806,20,0.8,0.0,20,0.07108268828616153,2.433884866107761,3.073884866107761,5.868608728671097,0.5766531043023224,8.849587734621036,5.410667045722884,2.101987024694072e-30,2.4338848661077623,-1.1220418094241038e-15,3.4628269092626467
3806,20,0.8,0.01,20,0.0763607449088219,1.5454936313384828,2.185493631338483,4.576028423887962,0.5766531043023224,8.849587734621036,3.106825374486678,0.010851575260462445,1.7017086471999643,-0.1670665911219439,1.9992198149319367
3806,20,0.8,0.1,20,0.1741008177410751,0.603265481024073,1.243265481024073,2.2375835358445775,0.5766531043023224,8.849587734621036,1.0178619357443563,0.1895430217037875,0.7435850865713198,-0.32986262725103427,0.8409746605801758
3806,22,0.0,0.0,22,5.536970349209312e-30,4.755524244863695e-30,4.755524244863695e-30,2.25,0.54681443297047,9.134172969308729,6.721710956718724,4.755524244863695e-30,0.0,0.0,4.755524244863695e-30
3806,22,0.0,0.01,22,0.0007611162718684008,0.010564746236315137,0.010564746236315137,2.087211999390005,0.54681443297047,9.134172969308729,3.7555211543824987,0.010564746236315137,0.0,0.0,0.010564746236315137
3806,22,0.0,0.1,22,0.030206739840680424,0.1996001539614389,0.1996001539614389,1.446265049224953,0.54681443297047,9.134172969308729,1.13543005833846,0.1996001539614389,0.0,0.0,0.1996001539614389
3806,22,0.2,0.0,22,0.0015763511140716418,0.29686854346108454,0.3368685434610845,2.8420874415895594,0.54681443297047,9.134172969308729,6.721710956718724,4.755524244863695e-30,0.29686854346108466,-3.465328275456935e-16,0.268868438268749
3806,22,0.2,0.01,22,0.0033342812408450086,0.123913169531578,0.163913169531578,2.4180632617690336,0.54681443297047,9.134172969308729,3.7555211543824987,0.010564746236315137,0.16291123535304336,-0.04956281205778064,0.16078559241161514
3806,22,0.2,0.1,22,0.043358809241419695,0.1792898661328862,0.2192898661328862,1.495446640093173,0.54681443297047,9.134172969308729,1.13543005833846,0.1996001539614389,0.051774654834637564,-0.07208494266319032,0.2450173562949773
3806,22,0.8,0.0,22,0.025221617825146272,4.749896695377352,5.389896695377352,8.18077228789125,0.54681443297047,9.134172969308729,6.721710956718724,4.755524244863695e-30,4.7498966953773545,-1.386131310182774e-15,4.301895012299984
3806,22,0.8,0.01,22,0.035984218328560545,2.418893263653886,3.058893263653886,5.365551873142634,0.54681443297047,9.134172969308729,3.7555211543824987,0.010564746236315137,2.6065797656486938,-0.19825124823112256,2.414098285041115
3806,22,0.8,0.1,22,0.15413791905667978,0.7396548606628786,1.3796548606628787,2.2642872707134845,0.54681443297047,9.134172969308729,1.13543005833846,0.1996001539614389,0.828394477354201,-0.2883397706527613,0.9262753912980535
3806,23,0.0,0.0,23,3.5445837846785644e-30,1.0144233513383957e-27,1.0144233513383957e-27,2.2500000000000036,0.06963964846574795,9.13435107244602,212.22322767236363,1.0144233513383957e-27,0.0,0.0,1.0144233513383957e-27
3806,23,0.0,0.01,23,0.0007799750714170204,0.016911676538792306,0.016911676538792306,2.077093309177805,0.06963964846574795,9.13435107244602,3.621663391443443,0.016911676538792306,0.0,0.0,0.016911676538792306
3806,23,0.0,0.1,23,0.0299567146768972,0.20962522116480847,0.20962522116480847,1.4412404852972476,0.06963964846574795,9.13435107244602,1.1006401416345533,0.20962522116480847,0.0,0.0,0.20962522116480847
3806,23,0.2,0.0,23,0.0011480300334350136,3.038987705864817,3.078987705864817,5.381052362937311,0.06963964846574795,9.13435107244602,212.22322767236363,1.0144233513383957e-27,3.0389877058649235,-1.0776671633995777e-13,8.488929106894547
3806,23,0.2,0.01,23,0.0033245787998545857,0.11827002253521318,0.1582700225352132,2.418065664175425,0.06963964846574795,9.13435107244602,3.621663391443443,0.016911676538792306,0.14933257001436961,-0.04797422401794882,0.16177821219653005
3806,23,0.2,0.1,23,0.043395301369766826,0.18152812833030393,0.22152812833030394,1.4948064459127453,0.06963964846574795,9.13435107244602,1.1006401416345533,0.20962522116480847,0.05041808735943929,-0.07851518019394392,0.25365082683019063
3806,23,0.8,0.0,23,0.01836848053496024,48.62380329383841,49.26380329383841,51.24206192212837,0.06963964846574795,9.13435107244602,212.22322767236363,1.0144233513383957e-27,48.623803293838776,-4.3106686535983107e-13,135.82286571031275
3806,23,0.8,0.01,23,0.035736727844264175,2.2143359006969106,2.8543359006969107,5.232973569340717,0.06963964846574795,9.13435107244602,3.621663391443443,0.016911676538792306,2.389321120229914,-0.19189689607179528,2.3347762470625963
3806,23,0.8,0.1,23,0.15075588553007788,0.7022538981400616,1.3422538981400618,2.260521376072509,0.06963964846574795,9.13435107244602,1.1006401416345533,0.20962522116480847,0.8066893977510287,-0.3140607207757757,0.9140349118109228
3806,24,0.0,0.0,24,1.2445230905300693e-29,2.0899735198246006e-27,2.0899735198246006e-27,2.249999999999996,0.022385071274484723,9.150193122901076,2003.3878518909357,2.0899735198246006e-27,0.0,0.0,2.0899735198246006e-27
3806,24,0.0,0.01,24,0.0007917576474504518,0.01739386385010685,0.01739386385010685,2.0742546066598004,0.022385071274484723,9.150193122901076,4.082766780949493,0.01739386385010685,0.0,0.0,0.01739386385010685
3806,24,0.0,0.1,24,0.029790085443985426,0.2149424760098025,0.2149424760098025,1.4392558151104873,0.022385071274484723,9.150193122901076,1.138556745760107,0.2149424760098025,0.0,0.0,0.2149424760098025
3806,24,0.2,0.0,24,2.895295423762701e-29,29.034900427917034,29.074900427917033,32.385631383190216,0.022385071274484723,9.150193122901076,2003.3878518909357,2.0899735198246006e-27,29.034900427917467,-4.864786842952688e-13,80.13551407563745
3806,24,0.2,0.01,24,0.0024327451216157223,0.1410248005992439,0.18102480059924392,2.4587653081098053,0.022385071274484723,9.150193122901076,4.082766780949493,0.01739386385010685,0.17938611372776017,-0.05575517697862309,0.1807045350880866
3806,24,0.2,0.1,24,0.0435303575997825,0.1831820893032673,0.2231820893032673,1.492231021809167,0.022385071274484723,9.150193122901076,1.138556745760107,0.2149424760098025,0.0514539477313696,-0.08321433443790482,0.2604847458402068
3806,24,0.8,0.0,24,3.2295392816578094e-28,464.5584068466782,465.1984068466782,471.211330667771,0.022385071274484723,9.150193122901076,2003.3878518909357,2.0899735198246006e-27,464.5584068466795,-1.945914737181075e-12,1282.1682252101991
3806,24,0.8,0.01,24,0.02035693599665993,2.6645509755797776,3.3045509755797777,5.764930777192944,0.022385071274484723,9.150193122901076,4.082766780949493,0.01739386385010685,2.8701778196441627,-0.22302070791449236,2.6303646036577826
3806,24,0.8,0.1,24,0.14977723861125192,0.7053483019600969,1.345348301960097,2.268604014681643,0.022385071274484723,9.150193122901076,1.138556745760107,0.2149424760098025,0.8232631637019135,-0.3328573377516193,0.9436187932962711
3806,25,0.0,0.0,24,1.1615936003676932e-29,0.007628178523041721,0.007628178523041721,2.2423718214769597,0.27568058696019193,9.153933323909085,18.850313250155743,0.007628178523041721,0.0,0.0,0.007628178523041721
3806,25,0.0,0.01,24,0.0011685598846701282,0.04145937975184854,0.04145937975184854,1.9748286433141247,0.27568058696019193,9.153933323909085,4.441260313755121,0.04145937975184854,0.0,0.0,0.04145937975184854
3806,25,0.0,0.1,24,0.02906578013109931,0.3525705956940643,0.3525705956940643,1.3161138016839475,0.27568058696019193,9.153933323909085,1.155593659517775,0.3525705956940643,0.0,0.0,0.3525705956940643
3806,25,0.2,0.0,24,1.2238131244791276e-29,0.5794935862789526,0.6194935862789527,2.983043053518859,0.27568058696019193,9.153933323909085,18.850313250155743,0.007628178523041721,0.571865407755911,-6.021715299473231e-16,0.7616407085292717
3806,25,0.2,0.01,24,0.0023516578533822915,0.2065560145982531,0.2465560145982531,2.3681282976143936,0.27568058696019193,9.153933323909085,4.441260313755121,0.04145937975184854,0.18672999854079003,-0.02163336369438564,0.21910979230205344
3806,25,0.2,0.1,24,0.04271039049402663,0.32161067699299595,0.361610676992996,1.3608651496801658,0.27568058696019193,9.153933323909085,1.155593659517775,0.3525705956940643,0.05132141144478604,-0.08228133014585422,0.3987943420747753
3806,25,0.8,0.0,24,1.443244554545995e-29,9.157474702617614,9.797474702617615,12.067441642715483,0.27568058696019193,9.153933323909085,18.850313250155743,0.007628178523041721,9.149846524094576,-2.4086861197892925e-15,12.07182865862272
3806,25,0.8,0.01,24,0.017502123740738514,2.9426059016269464,3.5826059016269465,5.78878724300468,0.27568058696019193,9.153933323909085,4.441260313755121,0.04145937975184854,2.9876799766526405,-0.08653345477754255,2.8838659805551266
3806,25,0.8,0.1,24,0.14864194976291226,0.8445878582272245,1.4845878582272247,2.1109761310062516,0.27568058696019193,9.153933323909085,1.155593659517775,0.3525705956940643,0.8211425831165766,-0.32912532058341687,1.0921505377854404
3806,26,0.0,0.0,24,9.251240599050545e-30,0.011282418722187097,0.011282418722187097,2.2387175812778173,0.5663212209604493,9.260795483586687,7.1538200353327035,0.011282418722187097,0.0,0.0,0.011282418722187097
3806,26,0.0,0.01,24,0.0011730964213020041,0.041391846122485206,0.041391846122485206,1.9739888696171097,0.5663212209604493,9.260795483586687,4.064221406385719,0.041391846122485206,0.0,0.0,0.041391846122485206
3806,26,0.0,0.1,24,0.029329158597791605,0.35134250346745494,0.35134250346745494,1.3120743245767108,0.5663212209604493,9.260795483586687,1.1976645839717526,0.35134250346745494,0.0,0.0,0.35134250346745494
3806,26,0.2,0.0,24,8.823425354560301e-30,0.3509483543261251,0.39094835432612507,2.80544782193606,0.5663212209604493,9.260795483586687,7.1538200353327035,0.011282418722187097,0.33966593560393765,2.0202462578789577e-16,0.2974352201354953
3806,26,0.2,0.01,24,0.0019860958659411593,0.2069866374489763,0.2469866374489763,2.36027724705893,0.5663212209604493,9.260795483586687,4.064221406385719,0.041391846122485206,0.1877771791206444,-0.022182387794153373,0.20396070237791397
3806,26,0.2,0.1,24,0.04261368668252378,0.32199299037411905,0.36199299037411903,1.3617814716551995,0.5663212209604493,9.260795483586687,1.1976645839717526,0.35134250346745494,0.052255120561859686,-0.0816046336551955,0.39924908682632504
3806,26,0.8,0.0,24,1.1050319970121525e-29,5.445937388385186,6.085937388385187,8.581629771158033,0.5663212209604493,9.260795483586687,7.1538200353327035,0.011282418722187097,5.434654969663002,8.080985031515831e-16,4.589727241335118
3806,26,0.8,0.01,24,0.01151920100022998,2.957097160876182,3.597097160876182,5.772468528832119,0.5663212209604493,9.260795483586687,4.064221406385719,0.041391846122485206,3.0044348659303104,-0.08872955117661349,2.6424935462093457
3806,26,0.8,0.1,24,0.1439560475672721,0.8610058978364281,1.5010058978364282,2.1379643596329805,0.5663212209604493,9.260795483586687,1.1976645839717526,0.35134250346745494,0.836081928989755,-0.326418534620782,1.1178478372093767
3806,28,0.0,0.0,24,4.7069727840824044e-30,0.055940510468603634,0.055940510468603634,2.1940594895313965,0.9784654803793116,9.642427567096318,3.9946181488064054,0.055940510468603634,0.0,0.0,0.055940510468603634
3806,28,0.0,0.01,24,0.001029181348067564,0.0713181311256699,0.0713181311256699,1.9728455992608174,0.9784654803793116,9.642427567096318,3.1207629491401647,0.0713181311256699,0.0,0.0,0.0713181311256699
3806,28,0.0,0.1,24,0.02969345531874722,0.35213583481573874,0.35213583481573874,1.3039950588093168,0.9784654803793116,9.642427567096318,1.183613665994925,0.35213583481573874,0.0,0.0,0.35213583481573874
3806,28,0.2,0.0,24,5.315887634832836e-30,0.24814872756441989,0.2881487275644199,2.6009036338975164,0.9784654803793116,9.642427567096318,3.9946181488064054,0.055940510468603634,0.19220821709581473,1.4359254546728737e-15,0.21572523642085986
3806,28,0.2,0.01,24,0.0014246915297374061,0.20342713628094303,0.24342713628094304,2.2961550498242986,0.9784654803793116,9.642427567096318,3.1207629491401647,0.0713181311256699,0.1540621597644717,-0.02195315460919851,0.1961486490912765
3806,28,0.2,0.1,24,0.04120127906469021,0.33463144326049143,0.37463144326049147,1.3606872371445418,0.9784654803793116,9.642427567096318,1.183613665994925,0.35213583481573874,0.05650698865641758,-0.074011380211665,0.39948038145553577
3806,28,0.8,0.0,24,7.072528337108433e-30,3.1312719840016436,3.7712719840016438,6.127934672145652,0.9784654803793116,9.642427567096318,3.9946181488064054,0.055940510468603634,3.0753314735330357,5.743701818691495e-15,2.6124961257047032
3806,28,0.8,0.01,24,0.004722965701681162,2.4485000689204215,3.0885000689204216,5.114829318688399,0.9784654803793116,9.642427567096318,3.1207629491401647,0.0713181311256699,2.4649945562315474,-0.08781261843679404,2.0686064185753756
3806,28,0.8,0.1,24,0.1250049789998366,0.9602021324717599,1.6002021324717601,2.2088476360272282,0.9784654803793116,9.642427567096318,1.183613665994925,0.35213583481573874,0.9041118185026813,-0.29604552084666,1.109648581052491
3806,32,0.0,0.0,24,4.5829428956638664e-30,0.4147924900618909,0.4147924900618909,1.8352075099381073,1.1568739753162987,9.812211191306073,2.6348637585929304,0.4147924900618909,0.0,0.0,0.4147924900618909
3806,32,0.0,0.01,24,0.0006748379221841236,0.42278920545013227,0.42278920545013227,1.6922432101130447,1.1568739753162987,9.812211191306073,2.262299197445909,0.42278920545013227,0.0,0.0,0.42278920545013227
3806,32,0.0,0.1,24,0.022369073394987643,0.6027508625771705,0.6027508625771705,1.1998676695230777,1.1568739753162987,9.812211191306073,1.0910701106055611,0.6027508625771705,0.0,0.0,0.6027508625771705
3806,32,0.2,0.0,24,4.627688668038463e-30,0.5547378789796182,0.5947378789796183,2.2420618529882033,1.1568739753162987,9.812211191306073,2.6348637585929304,0.4147924900618909,0.1399453889177285,-1.1796119636642288e-15,0.5201870404056081
3806,32,0.2,0.01,24,0.0010118830193063817,0.5205132027798958,0.5605132027798958,2.028827019816001,1.1568739753162987,9.812211191306073,2.262299197445909,0.42278920545013227,0.12351353253715337,-0.025789535207389955,0.5132811733479686
3806,32,0.2,0.1,24,0.033970206846006976,0.5741857829771891,0.6141857829771892,1.276019761607103,1.1568739753162987,9.812211191306073,1.0910701106055611,0.6027508625771705,0.05696527657500315,-0.0855303561749847,0.6463936670013929
3806,32,0.8,0.0,24,7.070602407164046e-30,2.6539187127455417,3.293918712745542,5.141969549151233,1.1568739753162987,9.812211191306073,2.6348637585929304,0.4147924900618909,2.239126222683656,-4.718447854656915e-15,2.101105295561367
3806,32,0.8,0.01,24,0.0029728152512535338,2.295847585215027,2.935847585215027,4.520740839370708,1.1568739753162987,9.812211191306073,2.262299197445909,0.42278920545013227,1.976216520594454,-0.10315814082955982,1.8706606918155144
3806,32,0.8,0.1,24,0.10535078120131547,1.172073863077282,1.8120738630772821,2.1880593567592177,1.1568739753162987,9.812211191306073,1.0910701106055611,0.6027508625771705,0.9114444252000504,-0.3421214246999388,1.3010357333647298
3806,48,0.0,0.0,24,1.1892745801920807e-29,1.2395081263308423,1.2395081263308423,1.0104918736691584,2.2919764408120957,11.298843882530859,1.0047764677842088,1.2395081263308423,0.0,0.0,1.2395081263308423
3806,48,0.0,0.01,24,6.0260985982591636e-05,1.239576393504893,1.239576393504893,0.9983714092985878,2.2919764408120957,11.298843882530859,0.9649991669466813,1.239576393504893,0.0,0.0,1.239576393504893
3806,48,0.0,0.1,24,0.005075534502206879,1.2444827308313307,1.2444827308313307,0.9040065791245311,2.2919764408120957,11.298843882530859,0.7184629437746446,1.2444827308313307,0.0,0.0,1.2444827308313307
3806,48,0.2,0.0,24,1.0865262176590216e-29,1.28194160987278,1.32194160987278,0.9725336811538419,2.2919764408120957,11.298843882530859,1.0047764677842088,1.2395081263308423,0.042433483541937406,1.5612511283791264e-16,1.2796991850422106
3806,48,0.2,0.01,24,6.138964058162863e-05,1.2811726515000381,1.3211726515000382,0.960174504918363,2.2919764408120957,11.298843882530859,0.9649991669466813,1.239576393504893,0.04100250161014385,0.0005937563850012435,1.2781763601827603
3806,48,0.2,0.1,24,0.005061466687551595,1.2810836633370777,1.3210836633370777,0.8657286463739127,2.2919764408120957,11.298843882530859,0.7184629437746446,1.2444827308313307,0.03161630315013449,0.004984629355612462,1.2732212485823164
3806,48,0.8,0.0,24,1.0284594298357465e-29,1.9184438630018419,2.558443863001842,1.3678609061111406,2.2919764408120957,11.298843882530859,1.0047764677842088,1.2395081263308423,0.6789357366709985,6.245004513516506e-16,1.8825650657127362
3806,48,0.8,0.01,24,0.000149570225767361,1.8979914448071995,2.5379914448072,1.3376138110994145,2.2919764408120957,11.298843882530859,0.9649991669466813,1.239576393504893,0.6560400257623016,0.002375025540004974,1.857175860350769
3806,48,0.8,0.1,24,0.010832004694457678,1.7702820986559327,2.410282098655933,1.1302904859236707,2.2919764408120957,11.298843882530859,0.7184629437746446,1.2444827308313307,0.5058608504021518,0.01993851742244985,1.7042990148471033
3806,72,0.0,0.0,24,1.9114854698043316e-29,1.4458792037523978,1.4458792037523978,0.8041207962476025,3.8576482156128598,12.792399454856943,0.49520632537699033,1.4458792037523978,0.0,0.0,1.4458792037523978
3806,72,0.0,0.01,24,3.638691666372641e-05,1.4459023201683434,1.4459023201683434,0.7968202964989106,3.8576482156128598,12.792399454856943,0.48774158841475523,1.4459023201683434,0.0,0.0,1.4459023201683434
3806,72,0.0,0.1,24,0.0032648426977220147,1.4479028664979603,1.4479028664979603,0.7368002795475986,3.8576482156128598,12.792399454856943,0.42943814422928117,1.4479028664979603,0.0,0.0,1.4479028664979603
3806,72,0.2,0.0,24,1.6077213792090955e-29,1.467665551891569,1.5076655518915691,0.7630911686042258,3.8576482156128598,12.792399454856943,0.49520632537699033,1.4458792037523978,0.021786348139171133,-3.5077488959144366e-17,1.4656874567674774
3806,72,0.2,0.01,24,3.458083469182075e-05,1.4677202032530172,1.5077202032530173,0.7561527343878047,3.8576482156128598,12.792399454856943,0.48774158841475523,1.4459023201683434,0.02148959861356188,0.0003282844711124052,1.4654119837049335
3806,72,0.2,0.1,24,0.003099377411447489,1.469967688662824,1.509967688662824,0.699163672759999,3.8576482156128598,12.792399454856943,0.42943814422928117,1.4479028664979603,0.01915004080508976,0.0029147813597738127,1.4650803922671316
3806,72,0.8,0.0,24,1.1680516346757436e-29,1.7944607739791358,2.434460773979136,0.9014384633441496,3.8576482156128598,12.792399454856943,0.49520632537699033,1.4458792037523978,0.34858157022673814,-1.4030995583657746e-16,1.7628112519936716
3806,72,0.8,0.01,24,4.6883741646693926e-05,1.7910490358697828,2.431049035869783,0.8920252314172288,3.8576482156128598,12.792399454856943,0.48774158841475523,1.4459023201683434,0.3438335778169901,0.0013131378844496208,1.7580569367537868
3806,72,0.8,0.1,24,0.004115135749057861,1.7659626448184915,2.4059626448184916,0.816054342058277,3.8576482156128598,12.792399454856943,0.42943814422928117,1.4479028664979603,0.30640065288143614,0.01165912543909525,1.7227432788047004
3806,96,0.0,0.0,24,7.199703911102804e-30,1.6723894729730568,1.6723894729730568,0.5776105270269434,5.005889644200254,14.338087274006716,0.3303938874377198,1.6723894729730568,0.0,0.0,1.6723894729730568
3806,96,0.0,0.01,24,1.821013696959552e-05,1.6723974665932775,1.6723974665932775,0.5739605060128039,5.005889644200254,14.338087274006716,0.3273851445983492,1.6723974665932775,0.0,0.0,1.6723974665932775
3806,96,0.0,0.1,24,0.0016875910598701336,1.6731172618139394,1.6731172618139394,0.5431309169886587,5.005889644200254,14.338087274006716,0.3025102932029431,1.6731172618139394,0.0,0.0,1.6731172618139394
3806,96,0.2,0.0,24,6.037798400362086e-30,1.6891366156350613,1.7291366156350614,0.5302099712907247,5.005889644200254,14.338087274006716,0.3303938874377198,1.6723894729730568,0.016747142662005044,-2.0816681711721685e-17,1.6856052284705656
3806,96,0.2,0.01,24,1.614431416623217e-05,1.6892762654405662,1.7292762654405662,0.5269740825727977,5.005889644200254,14.338087274006716,0.3273851445983492,1.6723974665932775,0.016597709858763847,0.00028108898852483716,1.6854928723772113
3806,96,0.2,0.1,24,0.0014973674975197002,1.6910530577048832,1.7310530577048833,0.49962432701897685,5.005889644200254,14.338087274006716,0.3025102932029431,1.6731172618139394,0.01535746289148327,0.002578332999460623,1.6852176735420572
3806,96,0.8,0.0,24,7.600714624356632e-30,1.9403437555651373,2.5803437555651376,0.588974016026129,5.005889644200254,14.338087274006716,0.3303938874377198,1.6723894729730568,0.2679542825920807,-8.326672684688674e-17,1.8838415609331975
3806,96,0.8,0.01,24,1.8887650738767502e-05,1.9390851802875986,2.5790851802875987,0.5851873305579453,5.005889644200254,14.338087274006716,0.3273851445983492,1.6723974665932775,0.26556335774022155,0.0011243559540993486,1.8819239591362211
3806,96,0.8,0.1,24,0.0017380136616160539,1.9291500000755142,2.5691500000755143,0.5533941118077303,5.005889644200254,14.338087274006716,0.3025102932029431,1.6731172618139394,0.24571940626373232,0.010313331997842491,1.866723849463823
3807,1,0.0,0.0,1,1.0800289842505473,1.2503490601518468,1.2503490601518468,1.0377153632521916,5.153811389156862,5.153811389156862,0.03764809088082762,1.2503490601518468,0.0,0.0,1.2503490601518468
3807,1,0.0,0.01,1,1.0801210757445452,1.2500914169077186,1.2500914169077186,1.0192138547981713,5.153811389156862,5.153811389156862,0.03697686012104934,1.2500914169077186,0.0,0.0,1.2500914169077186
3807,1,0.0,0.1,1,1.087915701561843,1.254320819314986,1.254320819314986,0.8728549406241877,5.153811389156862,5.153811389156862,0.031666990095830995,1.254320819314986,0.0,0.0,1.254320819314986
3807,1,0.2,0.0,1,1.2375387244200553,1.2517355987820915,1.2917355987820915,1.0850566353116844,5.153811389156862,5.153811389156862,0.03764809088082762,1.2503490601518468,0.0005279593811383133,0.000858579249106417,1.2518549837870798
3807,1,0.2,0.01,1,1.237635017189881,1.2510454120121934,1.2910454120121935,1.0657110756117734,5.153811389156862,5.153811389156862,0.03697686012104934,1.2500914169077186,0.000518546351998129,0.0004354487524768268,1.2515704913125607
3807,1,0.2,0.1,1,1.2457852390737747,1.2519944850344726,1.2919944850344727,0.9126751694420969,5.153811389156862,5.153811389156862,0.031666990095830995,1.254320819314986,0.0004440831952523299,-0.002770417475765652,1.2555874989188192
3807,1,0.8,0.0,1,2.375307726242197,1.2622307272464854,1.9022307272464856,1.233415964063823,5.153811389156862,5.153811389156862,0.03764809088082762,1.2503490601518468,0.008447350098213013,0.003434316996425668,1.2744438383155765
3807,1,0.8,0.01,1,2.3754171850811745,1.260129953549596,1.9001299535495961,1.2114252942765582,5.153811389156862,5.153811389156862,0.03697686012104934,1.2500914169077186,0.008296741631970065,0.0017417950099073072,1.2737566073851903
3807,1,0.8,0.1,1,2.3846817833105285,1.2503444805359607,1.8903444805359608,1.0374648542388532,5.153811389156862,5.153811389156862,0.031666990095830995,1.254320819314986,0.007105331124037278,-0.011081669903062608,1.2745876929763178
3807,2,0.0,0.0,2,0.2890608966790328,0.2553256063158253,0.2553256063158253,1.9519101866687112,4.166234558270303,5.200013894627426,0.09459399967678409,0.2553256063158253,0.0,0.0,0.2553256063158253
3807,2,0.0,0.01,2,0.2892615698341961,0.25553734254533716,0.25553734254533716,1.911554567956475,4.166234558270303,5.200013894627426,0.09238541362359529,0.25553734254533716,0.0,0.0,0.25553734254533716
3807,2,0.0,0.1,2,0.3057257246538609,0.27382295652304084,0.27382295652304084,1.6004210524140194,4.166234558270303,5.200013894627426,0.07566365207280318,0.27382295652304084,0.0,0.0,0.27382295652304084
3807,2,0.2,0.0,2,0.33534438130142946,0.2635392629787491,0.3035392629787491,2.135902209382904,4.166234558270303,5.200013894627426,0.09459399967678409,0.2553256063158253,0.005270470089897051,0.0029431865730266855,0.25910936630289666
3807,2,0.2,0.01,2,0.33556622204664976,0.2615104690445071,0.30151046904450707,2.0912870741274134,4.166234558270303,5.200013894627426,0.09238541362359529,0.25553734254533716,0.005137888366540478,0.0008352381326294747,0.259232759090281
3807,2,0.2,0.1,2,0.3537315874349208,0.2637181124643452,0.3037181124643452,1.7478647461876315,4.166234558270303,5.200013894627426,0.07566365207280318,0.27382295652304084,0.0041442867312517185,-0.014249130789947335,0.276849502605953
3807,2,0.8,0.0,2,1.095547549712471,0.35142587404628484,0.9914258740462849,2.751123918604247,4.166234558270303,5.200013894627426,0.09459399967678409,0.2553256063158253,0.08432752143835281,0.011772746292106742,0.3158657661089671
3807,2,0.8,0.01,2,1.0958407962540322,0.3410845089405026,0.9810845089405027,2.6921392530387136,4.166234558270303,5.200013894627426,0.09238541362359529,0.25553734254533716,0.08220621386464765,0.0033409525305178986,0.31466400726443816
3807,2,0.8,0.1,2,1.1197361227968272,0.283135021063279,0.9231350210632792,2.2399272682834868,4.166234558270303,5.200013894627426,0.07566365207280318,0.27382295652304084,0.0663085877000275,-0.05699652315978934,0.32224769384963486
3807,3,0.0,0.0,3,2.6269684441441897e-31,2.711709361697228e-31,2.711709361697228e-31,2.2499999999999996,4.131579639638684,5.54300458092622,0.13139789481462733,2.711709361697228e-31,0.0,0.0,2.711709361697228e-31
3807,3,0.0,0.01,3,0.0002272207202494374,0.00024036343590483616,0.00024036343590483616,2.2043154925142088,4.131579639638684,5.54300458092622,0.1285149068050606,0.00024036343590483616,0.0,0.0,0.00024036343590483616
3807,3,0.0,0.1,3,0.018991337499935083,0.019986998675472267,0.019986998675472267,1.8501862513258278,4.131579639638684,5.54300458092622,0.10651531092207348,0.019986998675472267,0.0,0.0,0.019986998675472267
3807,3,0.2,0.0,3,0.05175326948397499,0.005321524083876418,0.04532152408387643,2.425838852739698,4.131579639638684,5.54300458092622,0.13139789481462733,2.711709361697228e-31,0.005321524083876426,2.3422704245168724e-17,0.005255915792585094
3807,3,0.2,0.01,3,0.05200037406697572,0.00350571691145801,0.04350571691145802,2.3761536425531684,4.131579639638684,5.54300458092622,0.1285149068050606,0.00024036343590483616,0.0051868409980285685,-0.0019214875224753843,0.0053809597081072615
3807,3,0.2,0.1,3,0.07236885541450888,0.008459384178662797,0.0484593841786628,1.99159893286103,4.131579639638684,5.54300458092622,0.10651531092207348,0.019986998675472267,0.004178876890693604,-0.015706491387503088,0.024247611112355207
3807,3,0.8,0.0,3,0.8280523117435997,0.08514438534202289,0.725144385342023,3.017213699965316,4.131579639638684,5.54300458092622,0.13139789481462733,2.711709361697228e-31,0.08514438534202282,9.36908169806749e-17,0.0840946526813615
3807,3,0.8,0.01,3,0.8283670957651731,0.0755438693144604,0.7155438693144606,2.9539101846463898,4.131579639638684,5.54300458092622,0.1285149068050606,0.00024036343590483616,0.0829894559684571,-0.007685950089901537,0.08248990379114364
3807,3,0.8,0.1,3,0.8541838344681114,0.024023063376557553,0.6640230633765577,2.46598350015496,4.131579639638684,5.54300458092622,0.10651531092207348,0.019986998675472267,0.06686203025109766,-0.06282596555001235,0.0881567976655993
3807,4,0.0,0.0,4,2.8876109632845955e-31,2.3122099975108044e-31,2.3122099975108044e-31,2.2499999999999996,3.4607631774747656,6.781549778705814,0.18651723581904317,2.3122099975108044e-31,0.0,0.0,2.3122099975108044e-31
3807,4,0.0,0.01,4,0.00022933627351206352,0.0002432151276387989,0.0002432151276387989,2.203889530169949,3.4607631774747656,6.781549778705814,0.18146157927536638,0.0002432151276387989,0.0,0.0,0.0002432151276387989
3807,4,0.0,0.1,4,0.019152485891637098,0.020264160432550506,0.020264160432550506,1.8466861217347081,3.4607631774747656,6.781549778705814,0.14492590932872257,0.020264160432550506,0.0,0.0,0.020264160432550506
3807,4,0.2,0.0,4,0.04654567622229718,0.014736668128996603,0.05473666812899661,2.4139809357433824,3.4607631774747656,6.781549778705814,0.18651723581904317,2.3122099975108044e-31,0.014736668128996527,2.959088967677243e-17,0.007460689432761728
3807,4,0.2,0.01,4,0.04679354884089878,0.012864979407470575,0.052864979407470584,2.3641387081518,3.4607631774747656,6.781549778705814,0.18146157927536638,0.0002432151276387989,0.014219045199991101,-0.0015972809201593564,0.007501678298653456
3807,4,0.2,0.1,4,0.06718934909074097,0.017853404129065338,0.057853404129065346,1.9789238567994938,3.4607631774747656,6.781549778705814,0.14492590932872257,0.020264160432550506,0.01062286413495581,-0.01303362043844104,0.026061196805699408
3807,4,0.8,0.0,4,0.7447308195567551,0.2357866900639446,0.8757866900639447,3.0827637605214906,3.4607631774747656,6.781549778705814,0.18651723581904317,2.3122099975108044e-31,0.23578669006394443,1.1836355870708973e-16,0.11937103092418765
3807,4,0.8,0.01,4,0.7450650636412807,0.2213588146468591,0.8613588146468593,3.0155147844972485,3.4607631774747656,6.781549778705814,0.18146157927536638,0.0002432151276387989,0.22750472319985762,-0.006389123680637426,0.1163786258638733
3807,4,0.8,0.1,4,0.7721019525511693,0.13809550483807942,0.7780955048380795,2.503111431613323,3.4607631774747656,6.781549778705814,0.14492590932872257,0.020264160432550506,0.16996582615929295,-0.05213448175376416,0.11301674240293297
3807,8,0.0,0.0,8,9.575723683493337e-31,7.665201178661199e-31,7.665201178661199e-31,2.2499999999999996,2.8776277394812633,7.113099593692519,0.4537064780966183,7.665201178661199e-31,0.0,0.0,7.665201178661199e-31
3807,8,0.0,0.01,8,0.0003074969557119926,0.0006017001153927298,0.0006017001153927298,2.18789890874221,2.8776277394812633,7.113099593692519,0.4375579584953248,0.0006017001153927298,0.0,0.0,0.0006017001153927298
3807,8,0.0,0.1,8,0.02271253486830555,0.041493616062206716,0.041493616062206716,1.7542556865716834,2.8776277394812633,7.113099593692519,0.32866041184359196,0.041493616062206716,0.0,0.0,0.041493616062206716
3807,8,0.2,0.0,8,0.0428281095307931,0.023072454243987725,0.06307245424398773,2.4667702246373038,2.8776277394812633,7.113099593692519,0.4537064780966183,7.665201178661199e-31,0.02307245424398783,-5.117565419696573e-17,0.018148259123864734
3807,8,0.2,0.01,8,0.0431774605103995,0.018996448854203714,0.05899644885420372,2.396191598026463,2.8776277394812633,7.113099593692519,0.4375579584953248,0.0006017001153927298,0.022099460662035216,-0.003704711923224264,0.018104018455205727
3807,8,0.2,0.1,8,0.06836593400765643,0.03224550785183324,0.07224550785183326,1.9075876232357425,2.8776277394812633,7.113099593692519,0.32866041184359196,0.041493616062206716,0.015715831751293378,-0.024963939961666865,0.0546400325359504
3807,8,0.8,0.0,8,0.68524975249269,0.369159267903805,1.009159267903805,3.393950349477075,2.8776277394812633,7.113099593692519,0.4537064780966183,7.665201178661199e-31,0.36915926790380527,-2.0470261678786292e-16,0.29037214598183575
3807,8,0.8,0.01,8,0.6857823483999249,0.33937422301505915,0.9793742230150593,3.2862631938236415,2.8776277394812633,7.113099593692519,0.4375579584953248,0.0006017001153927298,0.35359137059256346,-0.014818847692897055,0.2806387935524007
3807,8,0.8,0.1,8,0.7232101931439191,0.19309116423623318,0.8330911642362333,2.556173414243442,2.8776277394812633,7.113099593692519,0.32866041184359196,0.041493616062206716,0.25145330802069404,-0.09985575984666746,0.2518362796421056
3807,12,0.0,0.0,12,1.9577719861344383e-30,2.2252194577450123e-30,2.2252194577450123e-30,2.250000000000001,2.1931117192385683,7.84229425374669,0.854696505633161,2.2252194577450123e-30,0.0,0.0,2.2252194577450123e-30
3807,12,0.0,0.01,12,0.000390558976814608,0.0010414355403175974,0.0010414355403175974,2.1708467690967606,2.1931117192385683,7.84229425374669,0.8095496336867879,0.0010414355403175974,0.0,0.0,0.0010414355403175974
3807,12,0.0,0.1,12,0.026215979443286175,0.06493631028637455,0.06493631028637455,1.6607441008479018,2.1931117192385683,7.84229425374669,0.5460839141276913,0.06493631028637455,0.0,0.0,0.06493631028637455
3807,12,0.2,0.0,12,0.03805717323132931,0.046274702201136685,0.0862747022011367,2.5018711847773103,2.1931117192385683,7.84229425374669,0.854696505633161,2.2252194577450123e-30,0.04627470220113646,1.4865740547194598e-16,0.034187860225326445
3807,12,0.2,0.01,12,0.03850539413564744,0.039965939110822,0.079965939110822,2.4109860124594427,2.1931117192385683,7.84229425374669,0.8095496336867879,0.0010414355403175974,0.04317029517667818,-0.004245791606173889,0.033423420887789115
3807,12,0.2,0.1,12,0.06782008060007862,0.06403131071688274,0.10403131071688275,1.830729902099711,2.1931117192385683,7.84229425374669,0.5460839141276913,0.06493631028637455,0.02617766048910896,-0.02708266005860084,0.0867796668514822
3807,12,0.8,0.0,12,0.608914771701269,0.7403952352181847,1.380395235218185,3.812781165522877,2.1931117192385683,7.84229425374669,0.854696505633161,2.2252194577450123e-30,0.7403952352181834,5.946296218877839e-16,0.5470057636052231
3807,12,0.8,0.01,12,0.6097184265253992,0.6747829919424734,1.3147829919424736,3.6494472846676236,2.1931117192385683,7.84229425374669,0.8095496336867879,0.0010414355403175974,0.6907247228268509,-0.016983166424695557,0.5191532010998618
3807,12,0.8,0.1,12,0.6593824058816435,0.3754482378777145,1.0154482378777145,2.6548192317244483,2.1931117192385683,7.84229425374669,0.5460839141276913,0.06493631028637455,0.41884256782574336,-0.10833064023440336,0.41443001532809703
3807,16,0.0,0.0,16,1.4159436951134958e-30,1.6742590489044338e-30,1.6742590489044338e-30,2.25,1.1543771086308618,8.320099371771853,1.8773922568190886,1.6742590489044338e-30,0.0,0.0,1.6742590489044338e-30
3807,16,0.0,0.01,16,0.0004140676297247939,0.0013216303563796032,0.0013216303563796032,2.1658648436986616,1.1543771086308618,8.320099371771853,1.599846463350982,0.0013216303563796032,0.0,0.0,0.0013216303563796032
3807,16,0.0,0.1,16,0.02692003202944493,0.07194753822199265,0.07194753822199265,1.639651821189109,1.1543771086308618,8.320099371771853,0.7886982432593885,0.07194753822199265,0.0,0.0,0.07194753822199265
3807,16,0.2,0.0,16,0.02476780192439723,0.14184830154785066,0.18184830154785067,2.613161180671243,1.1543771086308618,8.320099371771853,1.8773922568190886,1.6742590489044338e-30,0.1418483015478508,-1.6622869543558388e-16,0.07509569027276355
3807,16,0.2,0.01,16,0.02536914934683976,0.11320132001469986,0.15320132001469988,2.489197786151334,1.1543771086308618,8.320099371771853,1.599846463350982,0.0013216303563796032,0.12064945489592335,-0.008769765237603044,0.06531548889041888
3807,16,0.2,0.1,16,0.05775710885451515,0.09419474125671372,0.1341947412567137,1.8291918489998125,1.1543771086308618,8.320099371771853,0.7886982432593885,0.07194753822199265,0.052819494570903715,-0.03057229153618262,0.10349546795236819
3807,16,0.8,0.0,16,0.396284830790356,2.269572824765613,2.909572824765613,5.404824341259184,1.1543771086308618,8.320099371771853,1.8773922568190886,1.6742590489044338e-30,2.269572824765613,-6.649147817423355e-16,1.2015310443642169
3807,16,0.8,0.01,16,0.3986430032750521,1.8966338477407416,2.5366338477407417,4.9069900722604345,1.1543771086308618,8.320099371771853,1.599846463350982,0.0013216303563796032,1.9303912783347736,-0.035079060950412175,1.0252233669010082
3807,16,0.8,0.1,16,0.4836265113871496,0.7947702852117217,1.4347702852117217,3.0316458672827666,1.1543771086308618,8.320099371771853,0.7886982432593885,0.07194753822199265,0.8451119131344594,-0.12228916614473048,0.5767144139080014
3807,20,0.0,0.0,20,3.722180605852398e-30,9.669174167830036e-30,9.669174167830036e-30,2.250000000000001,0.6260229278961236,8.755924311710425,5.210990997019946,9.669174167830036e-30,0.0,0.0,9.669174167830036e-30
3807,20,0.0,0.01,20,0.000527798330333383,0.003881106873531923,0.003881106873531923,2.140559227059791,0.6260229278961236,8.755924311710425,3.070552093855742,0.003881106873531923,0.0,0.0,0.003881106873531923
3807,20,0.0,0.1,20,0.02805047732853989,0.11235482042498751,0.11235482042498751,1.5766356330042153,0.6260229278961236,8.755924311710425,0.9632493723256862,0.11235482042498751,0.0,0.0,0.11235482042498751
3807,20,0.2,0.0,20,0.013684332269135154,0.12153505163584732,0.16153505163584733,2.4743801098461513,0.6260229278961236,8.755924311710425,5.210990997019946,9.669174167830036e-30,0.12153505163584759,-3.8276203135463077e-16,0.2084396398807979
3807,20,0.2,0.01,20,0.014218151075212898,0.11652077177911149,0.1565207717791115,2.3652882697564057,0.6260229278961236,8.755924311710425,3.070552093855742,0.003881106873531923,0.1062655710213878,0.006374093884191605,0.12670319062776164
3807,20,0.2,0.1,20,0.04462888263371199,0.1636098796251657,0.20360987962516572,1.7476608465508403,0.6260229278961236,8.755924311710425,0.9632493723256862,0.11235482042498751,0.05796261614438915,-0.006707556944211118,0.15088479531801496
3807,20,0.8,0.0,20,0.21894931630616243,1.9445608261735605,2.5845608261735604,4.605941059014777,0.6260229278961236,8.755924311710425,5.210990997019946,9.669174167830036e-30,1.9445608261735614,-1.531048125418523e-15,3.3350342380927662
3807,20,0.8,0.01,20,0.22033833351450852,1.7296266187525038,2.3696266187525037,4.314662250102907,0.6260229278961236,8.755924311710425,3.070552093855742,0.003881106873531923,1.7002491363422048,0.02549637553676642,1.969034446941207
3807,20,0.8,0.1,20,0.2852558938782405,1.0129264509583695,1.6529264509583697,2.956287880923388,0.6260229278961236,8.755924311710425,0.9632493723256862,0.11235482042498751,0.9274018583102264,-0.026830227776844472,0.7288344187134268
3807,22,0.0,0.0,22,4.207643347167607e-30,1.4786265201592298e-29,1.4786265201592298e-29,2.249999999999999,0.3731233809288194,8.981031287751565,11.331605082322813,1.4786265201592298e-29,0.0,0.0,1.4786265201592298e-29
3807,22,0.0,0.01,22,0.0005311728165830349,0.009369314447119952,0.009369314447119952,2.1343961222362755,0.3731233809288194,8.981031287751565,3.868972826688101,0.009369314447119952,0.0,0.0,0.009369314447119952
3807,22,0.0,0.1,22,0.027858483249961874,0.11569861782822638,0.11569861782822638,1.577131717172536,0.3731233809288194,8.981031287751565,1.0487072729935671,0.11569861782822638,0.0,0.0,0.11569861782822638
3807,22,0.2,0.0,22,0.006378187535932914,0.6031032100312657,0.6431032100312657,3.1386515469530734,0.3731233809288194,8.981031287751565,11.331605082322813,1.4786265201592298e-29,0.6031032100312641,1.5434871733900105e-15,0.4532642032929126
3807,22,0.2,0.01,22,0.008385925665826598,0.21036175078503971,0.25036175078503975,2.517706858878305,0.3731233809288194,8.981031287751565,3.868972826688101,0.009369314447119952,0.24090198767596083,-0.03990955133804117,0.164128227514644
3807,22,0.2,0.1,22,0.04265463322774537,0.17121080367600724,0.21121080367600725,1.757093666788792,0.3731233809288194,8.981031287751565,1.0487072729935671,0.11569861782822638,0.0701417218584283,-0.014629536010647565,0.15764690874796908
3807,22,0.8,0.0,22,0.10205100057492662,9.649651360500227,10.289651360500228,13.041844708187462,0.3731233809288194,8.981031287751565,11.331605082322813,1.4786265201592298e-29,9.649651360500226,6.173948693560042e-15,7.252227252686602
3807,22,0.8,0.01,22,0.12141807224391528,3.7041629119103283,4.344162911910328,6.5584629209159235,0.3731233809288194,8.981031287751565,3.868972826688101,0.009369314447119952,3.8544318028153732,-0.1596382053521647,2.485511923527505
3807,22,0.8,0.1,22,0.24704143968171946,1.179448023520489,1.819448023520489,3.138680177938702,0.3731233809288194,8.981031287751565,1.0487072729935671,0.11569861782822638,1.1222675497348529,-0.05851814404259026,0.7868712725441094
3807,23,0.0,0.0,23,2.8968554270176545e-30,3.208830958657927e-29,3.208830958657927e-29,2.2500000000000018,0.22878485252713596,9.155009974116282,24.94240534865938,3.208830958657927e-29,0.0,0.0,3.208830958657927e-29
3807,23,0.0,0.01,23,0.0007408444443210454,0.017690024181033978,0.017690024181033978,2.084141086954755,0.22878485252713596,9.155009974116282,4.2669281142635676,0.017690024181033978,0.0,0.0,0.017690024181033978
3807,23,0.0,0.1,23,0.026021129027021788,0.18322315418252821,0.18322315418252821,1.5463542652770355,0.22878485252713596,9.155009974116282,1.0557952111440194,0.18322315418252821,0.0,0.0,0.18322315418252821
3807,23,0.2,0.0,23,0.006367823025135218,0.6592488525506942,0.6992488525506942,3.1826422269589707,0.22878485252713596,9.155009974116282,24.94240534865938,3.208830958657927e-29,0.6592488525506888,5.435680337181894e-15,0.9976962139463754
3807,23,0.2,0.01,23,0.008480408607456644,0.21211743441312877,0.2521174344131288,2.5069145631505463,0.22878485252713596,9.155009974116282,4.2669281142635676,0.017690024181033978,0.2410001553188693,-0.04657274508677447,0.18836714875157673
3807,23,0.2,0.1,23,0.04221245319130603,0.22451972538478057,0.2645197253847806,1.70489793144098,0.22878485252713596,9.155009974116282,1.0557952111440194,0.18322315418252821,0.0688334749776786,-0.02753690377542628,0.225454962628289
3807,23,0.8,0.0,23,0.10188516840216373,10.547981640811038,11.187981640811039,13.891555138444142,0.22878485252713596,9.155009974116282,24.94240534865938,3.208830958657927e-29,10.54798164081102,2.1742721348727575e-14,15.963139423142007
3807,23,0.8,0.01,23,0.11898514164407752,3.687401528935845,4.3274015289358445,6.6672368555643535,0.22878485252713596,9.155009974116282,4.2669281142635676,0.017690024181033978,3.856002485101909,-0.18629098034709787,2.748524017309718
3807,23,0.8,0.1,23,0.25203803112505824,1.1744111387236809,1.814411138723681,3.006530629664958,0.22878485252713596,9.155009974116282,1.0557952111440194,0.18322315418252821,1.1013355996428575,-0.11014761510170512,0.8589320893147008
3807,24,0.0,0.0,24,2.191965067371926e-30,4.199234775900092e-29,4.199234775900092e-29,2.2500000000000004,0.1656716054142915,9.36886587291469,50.339793775644225,4.199234775900092e-29,0.0,0.0,4.199234775900092e-29
3807,24,0.0,0.01,24,0.0007139300008567979,0.021299174675439275,0.021299174675439275,2.0859148251532003,0.1656716054142915,9.36886587291469,4.21004967490941,0.021299174675439275,0.0,0.0,0.021299174675439275
3807,24,0.0,0.1,24,0.0282529738357812,0.18221600328533577,0.18221600328533577,1.5027245199990398,0.1656716054142915,9.36886587291469,1.0538832563576592,0.18221600328533577,0.0,0.0,0.18221600328533577
3807,24,0.2,0.0,24,2.8973690083361576e-30,5.1581940615712485,5.1981940615712485,7.295184042745126,0.1656716054142915,9.36886587291469,50.339793775644225,4.199234775900092e-29,5.158194061571226,2.6322698876855265e-14,2.0135917510257695
3807,24,0.2,0.01,24,0.005402399391453149,0.29437841422606537,0.3343784142260654,2.5585080946126504,0.1656716054142915,9.36886587291469,4.21004967490941,0.021299174675439275,0.2616426589740701,0.011436580576556178,0.1897011616718157
3807,24,0.2,0.1,24,0.04231576998952951,0.22444671204836902,0.264446712048369,1.7038536981035735,0.1656716054142915,9.36886587291469,1.0538832563576592,0.18221600328533577,0.07098049591715921,-0.02874978715412602,0.22437133353964214
3807,24,0.8,0.0,24,2.1044636502319326e-29,82.53110498513966,83.17110498513966,84.32906490983517,0.1656716054142915,9.36886587291469,50.339793775644225,4.199234775900092e-29,82.53110498513962,1.0529079550742106e-13,32.21746801641231
3807,24,0.8,0.01,24,0.07710182991958492,4.253328040566785,4.893328040566786,7.115999810679845,0.1656716054142915,9.36886587291469,4.21004967490941,0.021299174675439275,4.186282543585121,0.04574632230622471,2.7157309666174623
3807,24,0.8,0.1,24,0.21875796771080244,1.2029047893433789,1.842904789343379,3.1590071834230873,0.1656716054142915,9.36886587291469,1.0538832563576592,0.18221600328533577,1.1356879346745474,-0.11499914861650408,0.8567012873542379
3807,25,0.0,0.0,24,1.0495676220262306e-29,0.09140465743695037,0.09140465743695037,2.15859534256305,0.24670584701919182,9.420396983972463,24.02341558619829,0.09140465743695037,0.0,0.0,0.09140465743695037
3807,25,0.0,0.01,24,0.0012540704322869085,0.1828110736399542,0.1828110736399542,1.8163748399026631,0.24670584701919182,9.420396983972463,4.37297169352558,0.1828110736399542,0.0,0.0,0.1828110736399542
3807,25,0.0,0.1,24,0.022702391296451335,0.46522277282519964,0.46522277282519964,1.3307294012457727,0.24670584701919182,9.420396983972463,1.0536444932853501,0.46522277282519964,0.0,0.0,0.46522277282519964
3807,25,0.2,0.0,24,1.1138120307638304e-29,2.2382477642421903,2.2782477642421903,5.2417167654488654,0.24670584701919182,9.420396983972463,24.02341558619829,0.09140465743695037,2.1468431068052407,2.123654524695719e-15,1.0523412808848822
3807,25,0.2,0.01,24,0.006302267048865139,0.3269570657740311,0.3669570657740311,2.443127812689924,0.24670584701919182,9.420396983972463,4.37297169352558,0.1828110736399542,0.3053820366790559,-0.161236044544979,0.3577299413809774
3807,25,0.2,0.1,24,0.04033480136325293,0.46732303676382364,0.5073230367638236,1.5552516335476403,0.24670584701919182,9.420396983972463,1.0536444932853501,0.46522277282519964,0.07108101031200607,-0.06898074637338213,0.5073685525566136
3807,25,0.8,0.0,24,1.5038272889768285e-29,34.44089436632081,35.08089436632081,40.25319831576921,0.24670584701919182,9.420396983972463,24.02341558619829,0.09140465743695037,34.34948970888385,8.494618098782876e-15,15.466390632603858
3807,25,0.8,0.01,24,0.06267689095214113,4.423979482324932,5.063979482324932,7.987971171200382,0.24670584701919182,9.420396983972463,4.37297169352558,0.1828110736399542,4.886112586864894,-0.644944178179916,2.9815129574963257
3807,25,0.8,0.1,24,0.22204405671721816,1.3265959523237691,1.9665959523237693,3.081790454197315,0.24670584701919182,9.420396983972463,1.0536444932853501,0.46522277282519964,1.1372961649920972,-0.2759229854935285,1.1395552485278237
3807,26,0.0,0.0,24,5.387981612417731e-30,0.17677974571274618,0.17677974571274618,2.073220254287253,0.3901076608055622,9.426382825910812,11.457291884516911,0.17677974571274618,0.0,0.0,0.17677974571274618
3807,26,0.0,0.01,24,0.0009312651139915254,0.2465989783846389,0.2465989783846389,1.8171479988170571,0.3901076608055622,9.426382825910812,4.184896781460662,0.2465989783846389,0.0,0.0,0.2465989783846389
3807,26,0.0,0.1,24,0.025114687450086024,0.45181819709002097,0.45181819709002097,1.2958880539082602,0.3901076608055622,9.426382825910812,1.078894999208245,0.45181819709002097,0.0,0.0,0.45181819709002097
3807,26,0.2,0.0,24,6.582443363926695e-30,0.7078998454499345,0.7478998454499345,2.7978064613801785,0.3901076608055622,9.426382825910812,11.457291884516911,0.17677974571274618,0.5311200997371931,-4.756566850535692e-15,0.6350714210934227
3807,26,0.2,0.01,24,0.0015727433536157915,0.5655509914833023,0.6055509914833024,2.4356579998579186,0.3901076608055622,9.426382825910812,4.184896781460662,0.2465989783846389,0.2975792586712768,0.021372754427386766,0.41399484964306543
3807,26,0.2,0.1,24,0.03973873113381981,0.47019061967262127,0.5101906196726212,1.5610165395433147,0.3901076608055622,9.426382825910812,1.078894999208245,0.45181819709002097,0.07994902878493436,-0.061576606202334024,0.49497399705835077
3807,26,0.8,0.0,24,1.4144671488227988e-29,8.674701341507815,9.314701341507815,11.345006279505267,0.3901076608055622,9.426382825910812,11.457291884516911,0.17677974571274618,8.49792159579509,-1.902626740214277e-14,7.5094465518035705
3807,26,0.8,0.01,24,0.013759647479266335,5.093358134834612,5.733358134834612,7.862139107035823,0.3901076608055622,9.426382825910812,4.184896781460662,0.2465989783846389,4.761268138740429,0.08549101770954706,2.924932918519463
3807,26,0.8,0.1,24,0.18520745894702595,1.4846962328396345,2.124696232839635,3.315790341867689,0.3901076608055622,9.426382825910812,1.078894999208245,0.45181819709002097,1.2791844605589497,-0.2463064248093361,1.142310996583298
3807,28,0.0,0.0,24,2.9295962360722375e-30,0.36692739823534243,0.36692739823534243,1.883072601764659,0.6696186183427472,9.590684311694451,5.285801923107271,0.36692739823534243,0.0,0.0,0.36692739823534243
3807,28,0.0,0.01,24,0.000481572644851543,0.37094119621643207,0.37094119621643207,1.7827442748132576,0.6696186183427472,9.590684311694451,3.4498089779425474,0.37094119621643207,0.0,0.0,0.37094119621643207
3807,28,0.0,0.1,24,0.023868860985628192,0.4773807653983886,0.4773807653983886,1.2952420148890469,0.6696186183427472,9.590684311694451,1.1258506091444316,0.4773807653983886,0.0,0.0,0.4773807653983886
3807,28,0.2,0.0,24,3.933134132427613e-30,0.8034789847737258,0.8434789847737258,2.544439179131867,0.6696186183427472,9.590684311694451,5.285801923107271,0.36692739823534243,0.4365515865383834,2.289421894846064e-16,0.5783594751596333
3807,28,0.2,0.01,24,0.0009866464048958708,0.6660649745494682,0.7060649745494683,2.329201718162238,0.6696186183427472,9.590684311694451,3.4498089779425474,0.37094119621643207,0.28138407036193225,0.013739707971103915,0.508933555334134
3807,28,0.2,0.1,24,0.03629217959416064,0.5126244677199188,0.5526244677199188,1.5619855831551719,0.6696186183427472,9.590684311694451,1.1258506091444316,0.4773807653983886,0.08128286237258502,-0.04603916005105482,0.5224147897641659
3807,28,0.8,0.0,24,7.59702325862989e-30,7.351752782849477,7.991752782849478,9.767157949694088,0.6696186183427472,9.590684311694451,5.285801923107271,0.36692739823534243,6.984825384614134,9.157687579384255e-16,3.7498406290239963
3807,28,0.8,0.01,24,0.010211517762093386,4.928045153891764,5.568045153891765,7.345182892552365,0.6696186183427472,9.590684311694451,3.4498089779425474,0.37094119621643207,4.502145125790916,0.05495883188441566,2.578818942099663
3807,28,0.8,0.1,24,0.16739496666088147,1.5937499231555292,2.2337499231555293,3.337610636424567,0.6696186183427472,9.590684311694451,1.1258506091444316,0.4773807653983886,1.3005257979613603,-0.1841566402042193,1.197925155250825
3807,32,0.0,0.0,24,4.0911887831969924e-30,0.41210400868642644,0.41210400868642644,1.8378959913135717,1.024141725953758,9.730792749389154,3.0147980059723163,0.41210400868642644,0.0,0.0,0.41210400868642644
3807,32,0.0,0.01,24,0.00048065358355474185,0.41595708507751794,0.41595708507751794,1.737912198211535,1.024141725953758,9.730792749389154,2.4744204368288187,0.41595708507751794,0.0,0.0,0.41595708507751794
3807,32,0.0,0.1,24,0.02285304758613364,0.5238897893779406,0.5238897893779406,1.2690492588993878,1.024141725953758,9.730792749389154,1.0664249157743004,0.5238897893779406,0.0,0.0,0.5238897893779406
3807,32,0.2,0.0,24,4.965047396630294e-30,0.7148895203520866,0.7548895203520867,2.2639951303163715,1.024141725953758,9.730792749389154,3.0147980059723163,0.41210400868642644,0.30278551166566114,-8.326672684688674e-16,0.5326959289253191
3807,32,0.2,0.01,24,0.0006137459953157212,0.6663510153045713,0.7063510153045713,2.137129865676135,1.024141725953758,9.730792749389154,2.4744204368288187,0.41595708507751794,0.23097860820583943,0.019415322021213904,0.5149339025506707
3807,32,0.2,0.1,24,0.030193858727746936,0.5884182219375751,0.6284182219375751,1.5183175673413727,1.024141725953758,9.730792749389154,1.0664249157743004,0.5238897893779406,0.07476120850550327,-0.010232775945868834,0.5665467860089126
3807,32,0.8,0.0,24,9.814667391926979e-30,5.256672195337003,5.896672195337002,7.175718687312706,1.024141725953758,9.730792749389154,3.0147980059723163,0.41210400868642644,4.844568186650578,-3.3306690738754696e-15,2.3415747325087093
3807,32,0.8,0.01,24,0.004939970814276047,4.1892761044558045,4.829276104455804,6.106526166540009,1.024141725953758,9.730792749389154,2.4744204368288187,0.41595708507751794,3.695657731293431,0.07766128808485562,1.9995861646479622
3807,32,0.8,0.1,24,0.12802669471690342,1.679138021682518,2.319138021682518,3.1632569947333673,1.024141725953758,9.730792749389154,1.0664249157743004,0.5238897893779406,1.1961793360880524,-0.04093110378347534,1.206401735473493
3807,48,0.0,0.0,24,4.692592507164313e-30,1.0429784925608963,1.0429784925608963,1.2070215074391024,2.373299931897843,10.931846238019256,0.9216908513076424,1.0429784925608963,0.0,0.0,1.0429784925608963
3807,48,0.0,0.01,24,0.00011426972124761933,1.0431355444099433,1.0431355444099433,1.1840105113405341,2.373299931897843,10.931846238019256,0.8886578979110038,1.0431355444099433,0.0,0.0,1.0431355444099433
3807,48,0.0,0.1,24,0.009143331043719125,1.0550208726666694,1.0550208726666694,1.0121125064589491,2.373299931897843,10.931846238019256,0.6788149623241603,1.0550208726666694,0.0,0.0,1.0550208726666694
3807,48,0.2,0.0,24,5.078677263349141e-30,1.0952237660368627,1.1352237660368627,1.3689942063312381,2.373299931897843,10.931846238019256,0.9216908513076424,1.0429784925608963,0.05224527347596655,-1.474514954580286e-16,1.079846126613202
3807,48,0.2,0.01,24,0.00012497400988969028,1.0935472776259585,1.1335472776259585,1.3438437468652853,2.373299931897843,10.931846238019256,0.8886578979110038,1.0431355444099433,0.05073576943912507,-0.00032403622310963123,1.0786818603263835
3807,48,0.2,0.1,24,0.01018142857075533,1.0904575909104783,1.1304575909104784,1.1530847189370994,2.373299931897843,10.931846238019256,0.6788149623241603,1.0550208726666694,0.04046810436271209,-0.005031386118903251,1.0821734711596358
3807,48,0.8,0.0,24,8.297548177068342e-30,1.8789028681763607,2.5189028681763608,2.4818555847192436,2.373299931897843,10.931846238019256,0.9216908513076424,1.0429784925608963,0.8359243756154648,-5.898059818321144e-16,1.6328606373977874
3807,48,0.8,0.01,24,0.00024665399274761014,1.853611710543506,2.4936117105435063,2.4321726867090394,2.373299931897843,10.931846238019256,0.8886578979110038,1.0431355444099433,0.8117723110260011,-0.001296144892438525,1.611876599072986
3807,48,0.8,0.1,24,0.019715228133614444,1.68238499799445,2.32238499799445,2.0616186087240944,2.373299931897843,10.931846238019256,0.6788149623241603,1.0550208726666694,0.6474896698033934,-0.020125544475613003,1.4894624485541321
3807,72,0.0,0.0,24,3.7862498753356796e-30,1.4861733156657224,1.4861733156657224,0.7638266843342776,3.2363402248035875,12.847735885313002,0.5032518019534136,1.4861733156657224,0.0,0.0,1.4861733156657224
3807,72,0.0,0.01,24,3.647961235271172e-05,1.4861983004991801,1.4861983004991801,0.7565057770302772,3.2363402248035875,12.847735885313002,0.49434721022844,1.4861983004991801,0.0,0.0,1.4861983004991801
3807,72,0.0,0.1,24,0.00325475274501493,1.4882890336025392,1.4882890336025392,0.696615911497162,3.2363402248035875,12.847735885313002,0.4283987592098296,1.4882890336025392,0.0,0.0,1.4882890336025392
3807,72,0.2,0.0,24,4.3701918344738895e-30,1.512078596791233,1.552078596791233,0.862547678328154,3.2363402248035875,12.847735885313002,0.5032518019534136,1.4861733156657224,0.025905281125510733,5.510772620291171e-17,1.506303387743859
3807,72,0.2,0.01,24,4.030880574881983e-05,1.5115445615320773,1.5515445615320773,0.8544615048512312,3.2363402248035875,12.847735885313002,0.49434721022844,1.4861983004991801,0.025554875529719537,-0.00020861449682278935,1.5059721889083177
3807,72,0.2,0.1,24,0.0036363182638670306,1.5087614143127503,1.5487614143127504,0.7876851670187995,3.2363402248035875,12.847735885313002,0.4283987592098296,1.4882890336025392,0.02281330788942404,-0.0023409271792125563,1.5054249839709324
3807,72,0.8,0.0,24,8.227002968147057e-30,1.9006578136738945,2.540657813673895,1.4695740338159127,3.2363402248035875,12.847735885313002,0.5032518019534136,1.4861733156657224,0.4144844980081717,2.2043090481164684e-16,1.8082544689159072
3807,72,0.8,0.01,24,7.271296707168974e-05,1.8942418509874013,2.534241850987401,1.4549871946707273,3.2363402248035875,12.847735885313002,0.49434721022844,1.4861983004991801,0.4088780084755126,-0.0008344579872911574,1.8025805150453817
3807,72,0.8,0.1,24,0.0065506884315933165,1.8439382511164732,2.4839382511164736,1.3346526282568012,3.2363402248035875,12.847735885313002,0.4283987592098296,1.4882890336025392,0.36501292623078463,-0.009363708716850225,1.7624642394968302
3807,96,0.0,0.0,24,4.555979876442445e-30,1.7838762907092958,1.7838762907092958,0.4661237092907037,4.929566469073055,14.26904776064975,0.33155166348482756,1.7838762907092958,0.0,0.0,1.7838762907092958
3807,96,0.0,0.01,24,1.2379132095484175e-05,1.783880410096565,1.783880410096565,0.46364376348433856,4.929566469073055,14.26904776064975,0.3285363771013761,1.783880410096565,0.0,0.0,1.783880410096565
3807,96,0.0,0.1,24,0.0011678375457129149,1.7842603180287218,1.7842603180287218,0.44238293105702003,4.929566469073055,14.26904776064975,0.3036422086007883,1.7842603180287218,0.0,0.0,1.7842603180287218
3807,96,0.2,0.0,24,5.8891406827796965e-30,1.8020617273143245,1.8420617273143245,0.5431537085159365,4.929566469073055,14.26904776064975,0.33155166348482756,1.7838762907092958,0.018185436605028762,-3.469446951953614e-17,1.797138357248689
3807,96,0.2,0.01,24,1.5406408899497484e-05,1.801686293487934,1.8416862934879341,0.5400669665009336,4.929566469073055,14.26904776064975,0.3285363771013761,1.783880410096565,0.01803220085994794,-0.00022631746857867344,1.79702186518062
3807,96,0.2,0.1,24,0.001448039062242893,1.79891081252536,1.83891081252536,0.5136858340118384,4.929566469073055,14.26904776064975,0.3036422086007883,1.7842603180287218,0.016756698021623044,-0.002106203524984739,1.7964060063727534
3807,96,0.8,0.0,24,1.057444876116477e-29,2.074843276389756,2.714843276389756,0.9924689454519797,4.929566469073055,14.26904776064975,0.33155166348482756,1.7838762907092958,0.2909669856804602,-1.3877787807814457e-16,1.9960693553395854
3807,96,0.8,0.01,24,3.36574647302554e-05,2.0714903539814173,2.7114903539814175,0.985722985870094,4.929566469073055,14.26904776064975,0.3285363771013761,1.783880410096565,0.28851521375916706,-0.0009052698743146938,1.9941436914414459
3807,96,0.8,0.1,24,0.0031236175802108455,2.043942672274752,2.683942672274752,0.9286749191357703,4.929566469073055,14.26904776064975,0.3036422086007883,1.7842603180287218,0.2681071683459687,-0.008424814099938956,1.9785913315332264
3808,1,0.0,0.0,1,1.5788054072283482,1.5761401397293329,1.5761401397293329,2.4683137512776527,4.448256501498528,4.448256501498528,0.050538268177677446,1.5761401397293329,0.0,0.0,1.5761401397293329
3808,1,0.0,0.01,1,1.5790976609595901,1.5549901888003461,1.5549901888003461,2.4095085250905974,4.448256501498528,4.448256501498528,0.04933424203239828,1.5549901888003461,0.0,0.0,1.5549901888003461
3808,1,0.0,0.1,1,1.6026173392435539,1.4109132652529164,1.4109132652529164,1.9631931796292301,4.448256501498528,4.448256501498528,0.04019601776529939,1.4109132652529164,0.0,0.0,1.4109132652529164
3808,1,0.2,0.0,1,1.7143841400558568,1.5394747152301242,1.5794747152301243,2.3655318052214023,4.448256501498528,4.448256501498528,0.050538268177677446,1.5761401397293329,0.0010928486057006942,-0.037758273104909396,1.57816167045644
3808,1,0.2,0.01,1,1.714664224180531,1.51998111718212,1.55998111718212,2.309175261088099,4.448256501498528,4.448256501498528,0.04933424203239828,1.5549901888003461,0.0010668125276643533,-0.03607588414589035,1.5569635584816421
3808,1,0.2,0.1,1,1.7372045300879517,1.3881294153019261,1.4281294153019262,1.8814447327868444,4.448256501498528,4.448256501498528,0.04019601776529939,1.4109132652529164,0.0008692059216411903,-0.023653055872631296,1.4125211059635283
3808,1,0.8,0.0,1,2.706754213283871,1.4425926250009065,2.0825926250009066,2.0703001503210587,4.448256501498528,4.448256501498528,0.050538268177677446,1.5761401397293329,0.017485577691211108,-0.15103309241963758,1.6084846313630465
3808,1,0.8,0.01,1,2.7069993413367404,1.4277556526594144,2.0677556526594145,2.0209772194125764,4.448256501498528,4.448256501498528,0.04933424203239828,1.5549901888003461,0.017069000442629653,-0.1443035365835614,1.586564103701081
3808,1,0.8,0.1,1,2.726726490473105,1.3302083365086501,1.9702083365086502,1.6466298633193817,4.448256501498528,4.448256501498528,0.04019601776529939,1.4109132652529164,0.013907294746259045,-0.09461222349052519,1.436638716622708
3808,2,0.0,0.0,2,0.21115223834049024,0.2747906308047654,0.2747906308047654,2.3720734265821477,3.7253280801745614,5.915168683597339,0.10063636327993702,0.2747906308047654,0.0,0.0,0.2747906308047654
3808,2,0.0,0.01,2,0.21131901388972305,0.27256189500672934,0.27256189500672934,2.338592912987197,3.7253280801745614,5.915168683597339,0.09781927028689513,0.27256189500672934,0.0,0.0,0.27256189500672934
3808,2,0.0,0.1,2,0.22581547357006626,0.2630581967901961,0.2630581967901961,2.0679227802453157,3.7253280801745614,5.915168683597339,0.07740378874236514,0.2630581967901961,0.0,0.0,0.2630581967901961
3808,2,0.2,0.0,2,0.19108187362593446,0.3008160186127858,0.34081601861278576,2.3987101001262277,3.7253280801745614,5.915168683597339,0.10063636327993702,0.2747906308047654,0.008162470384137586,0.017862917423882747,0.27881608533596286
3808,2,0.2,0.01,2,0.19124682513177904,0.29839121796953694,0.338391217969537,2.3656020045987987,3.7253280801745614,5.915168683597339,0.09781927028689513,0.27256189500672934,0.007895876386210384,0.017933446576597317,0.2764746658182051
3808,2,0.2,0.1,2,0.20566578619585163,0.28656228312046417,0.3265622831204642,2.0966785952934472,3.7253280801745614,5.915168683597339,0.07740378874236514,0.2630581967901961,0.005996319891716918,0.017507766438551186,0.2661543483398907
3808,2,0.8,0.0,2,0.6661872605541583,0.4768418266464979,1.116841826646498,2.5765697653681188,3.7253280801745614,5.915168683597339,0.10063636327993702,0.2747906308047654,0.13059952614620138,0.07145166969553099,0.33919790330392513
3808,2,0.8,0.01,2,0.6663626002316346,0.47062970349248456,1.1106297034924846,2.541379796068129,3.7253280801745614,5.915168683597339,0.09781927028689513,0.27256189500672934,0.12633402217936615,0.07173378630638927,0.33516622799034224
3808,2,0.8,0.1,2,0.6817309308586855,0.4290303808118715,1.0690303808118715,2.254901879138444,3.7253280801745614,5.915168683597339,0.07740378874236514,0.2630581967901961,0.09594111826747069,0.07003106575420474,0.3125966215853098
3808,3,0.0,0.0,3,2.0816293433287915e-31,2.0954117794933126e-31,2.0954117794933126e-31,2.25,3.637941323441462,6.380462668860718,0.15486079256778743,2.0954117794933126e-31,0.0,0.0,2.0954117794933126e-31
3808,3,0.0,0.01,3,0.0001483043307630936,0.00011424831714394932,0.00011424831714394932,2.220224885530238,3.637941323441462,6.380462668860718,0.15049573869702987,0.00011424831714394932,0.0,0.0,0.00011424831714394932
3808,3,0.0,0.1,3,0.013021605289566916,0.009742684337681782,0.009742684337681782,1.9798252098709803,3.637941323441462,6.380462668860718,0.11881104375474102,0.009742684337681782,0.0,0.0,0.009742684337681782
3808,3,0.2,0.0,3,0.039656513175953,0.017344369621478253,0.057344369621478264,2.244565518076652,3.637941323441462,6.380462668860718,0.15486079256778743,2.0954117794933126e-31,0.01734436962147835,-1.1977191089595032e-16,0.006194431702711499
3808,3,0.2,0.01,3,0.03980146523029652,0.017496018933220718,0.057496018933220726,2.215469724311443,3.637941323441462,6.380462668860718,0.15049573869702987,0.00011424831714394932,0.016753877402429267,0.0006278932136474728,0.006134077865025145
3808,3,0.2,0.1,3,0.05246256514134814,0.026665807866411748,0.06666580786641176,1.9793200841768812,3.637941323441462,6.380462668860718,0.11881104375474102,0.009742684337681782,0.01257643439409452,0.004346689134635477,0.014495126087871422
3808,3,0.8,0.0,3,0.6345042108152478,0.2775099139436534,0.9175099139436536,2.436394507764348,3.637941323441462,6.380462668860718,0.15486079256778743,2.0954117794933126e-31,0.2775099139436536,-4.790876435838013e-16,0.09911090724338398
3808,3,0.8,0.01,3,0.6346742259089355,0.2706878596106025,0.9106878596106026,2.40225076948421,3.637941323441462,6.380462668860718,0.15049573869702987,0.00011424831714394932,0.2680620384388683,0.002511572854589891,0.09643152108324309
3808,3,0.8,0.1,3,0.649292989879629,0.22835239118173598,0.8683523911817361,2.1287219198237173,3.637941323441462,6.380462668860718,0.11881104375474102,0.009742684337681782,0.20122295030551232,0.01738675653854191,0.08578175234071606
3808,4,0.0,0.0,4,1.2255655201108175e-30,1.4783537519979945e-30,1.4783537519979945e-30,2.25,3.5124782419951317,6.388116673300388,0.2087737886282167,1.4783537519979945e-30,0.0,0.0,1.4783537519979945e-30
3808,4,0.0,0.01,4,0.0001493107699743675,0.00011803074581150804,0.00011803074581150804,2.2200198152593167,3.5124782419951317,6.388116673300388,0.2029045725697251,0.00011803074581150804,0.0,0.0,0.00011803074581150804
3808,4,0.0,0.1,4,0.013074357088495803,0.009985795861686662,0.009985795861686662,1.9785270623683975,3.5124782419951317,6.388116673300388,0.16032086603729911,0.009985795861686662,0.0,0.0,0.009985795861686662
3808,4,0.2,0.0,4,0.03849532405458488,0.02072961888484006,0.06072961888484007,2.2408579524085055,3.5124782419951317,6.388116673300388,0.2087737886282167,1.4783537519979945e-30,0.020729618884840047,-1.2659381379495218e-17,0.008350951545128668
3808,4,0.2,0.01,4,0.03863988348347789,0.02094065819564722,0.06094065819564723,2.2118407696733895,3.5124782419951317,6.388116673300388,0.2029045725697251,0.00011803074581150804,0.019972487377467135,0.0008501400723685624,0.008234213648600514
3808,4,0.2,0.1,4,0.05126492228531968,0.03048996569595537,0.07048996569595538,1.9763584619255434,3.5124782419951317,6.388116673300388,0.16032086603729911,0.009985795861686662,0.014704760514292044,0.005799409319976615,0.016398630503178628
3808,4,0.8,0.0,4,0.6159251848733582,0.3316739021574409,0.971673902157441,2.4621872362521064,3.5124782419951317,6.388116673300388,0.2087737886282167,1.4783537519979945e-30,0.33167390215744075,-5.063752551798087e-17,0.1336152247220587
3808,4,0.8,0.01,4,0.6161004909947151,0.3230783890747601,0.9630783890747603,2.4269734814452137,3.5124782419951317,6.388116673300388,0.2029045725697251,0.00011803074581150804,0.31955979803947415,0.0034005602894742496,0.12997695719043562
3808,4,0.8,0.1,4,0.6310826914216482,0.2684596013702659,0.908459601370266,2.1463097867684886,3.5124782419951317,6.388116673300388,0.16032086603729911,0.009985795861686662,0.2352761682286727,0.02319763727990646,0.1125911501255581
3808,8,0.0,0.0,8,2.4482421453050542e-30,2.139708168214219e-30,2.139708168214219e-30,2.249999999999999,2.7124840190754758,7.3490833145155,0.517938041088764,2.139708168214219e-30,0.0,0.0,2.139708168214219e-30
3808,8,0.0,0.01,8,0.00018954628519950558,0.0002451543652940813,0.0002451543652940813,2.2118455885948065,2.7124840190754758,7.3490833145155,0.4974131384293613,0.0002451543652940813,0.0,0.0,0.0002451543652940813
3808,8,0.0,0.1,8,0.015425356379695271,0.018570309056338694,0.018570309056338694,1.9229225633497575,2.7124840190754758,7.3490833145155,0.3622552318422533,0.018570309056338694,0.0,0.0,0.018570309056338694
3808,8,0.2,0.0,8,0.03212841755590307,0.029708969356828457,0.06970896935682847,2.2709946081457915,2.7124840190754758,7.3490833145155,0.517938041088764,2.139708168214219e-30,0.029708969356828846,-3.493840152955363e-16,0.020717521643550563
3808,8,0.2,0.01,8,0.0323164157049009,0.029563484931924632,0.06956348493192464,2.233164122409611,2.7124840190754758,7.3490833145155,0.4974131384293613,0.0002451543652940813,0.028628955175731385,0.0006893753908991933,0.020141679902468537
3808,8,0.2,0.1,8,0.04756601402681843,0.04352457926558708,0.0835245792655871,1.9444992699722774,2.7124840190754758,7.3490833145155,0.3622552318422533,0.018570309056338694,0.021212297127005102,0.0037419730822433176,0.03306051833002883
3808,8,0.8,0.0,8,0.5140546808944491,0.4753435097092605,1.1153435097092605,2.6904860648651163,2.7124840190754758,7.3490833145155,0.517938041088764,2.139708168214219e-30,0.47534350970926154,-1.3975360611821453e-15,0.331480346296809
3808,8,0.8,0.01,8,0.5143021820473299,0.4610659387405936,1.1010659387405937,2.6406671859627995,2.7124840190754758,7.3490833145155,0.4974131384293613,0.0002451543652940813,0.45806328281170217,0.0027575015635967733,0.3185895629600854
3808,8,0.8,0.1,8,0.5341662464323574,0.37293495541739374,1.0129349554173939,2.263776955363899,2.7124840190754758,7.3490833145155,0.3622552318422533,0.018570309056338694,0.33939675403208164,0.01496789232897327,0.25041365743538085
3808,12,0.0,0.0,12,2.5186027859400013e-30,2.6468055225713782e-30,2.6468055225713782e-30,2.25,1.6992637195095481,7.88016532511109,0.9974451806680895,2.6468055225713782e-30,0.0,0.0,2.6468055225713782e-30
3808,12,0.0,0.01,12,0.0002370438424710512,0.0005696679147108105,0.0005696679147108105,2.202021563591079,1.6992637195095481,7.88016532511109,0.9215512362894605,0.0005696679147108105,0.0,0.0,0.0005696679147108105
3808,12,0.0,0.1,12,0.017269020113252657,0.0321349216475952,0.0321349216475952,1.8724846760873515,1.6992637195095481,7.88016532511109,0.5654536820929448,0.0321349216475952,0.0,0.0,0.0321349216475952
3808,12,0.2,0.0,12,0.03016530693916473,0.03657304915827564,0.07657304915827565,2.3208338295543944,1.6992637195095481,7.88016532511109,0.9974451806680895,2.6468055225713782e-30,0.03657304915827572,6.969851719365266e-17,0.03989780722672359
3808,12,0.2,0.01,12,0.030423566916969933,0.03416866126070028,0.07416866126070029,2.2684877793654614,1.6992637195095481,7.88016532511109,0.9215512362894605,0.0005696679147108105,0.0348945401306712,-0.0012955467846817094,0.03743171736628924
3808,12,0.2,0.1,12,0.0485080408079088,0.05118732069761355,0.09118732069761357,1.9170289372572977,1.6992637195095481,7.88016532511109,0.5654536820929448,0.0321349216475952,0.02446159411135455,-0.005409195061336145,0.05475306893131299
3808,12,0.8,0.0,12,0.4826449110266356,0.5851687865324116,1.2251687865324117,2.972211908116886,1.6992637195095481,7.88016532511109,0.9974451806680895,2.6468055225713782e-30,0.5851687865324116,2.7879406877461063e-16,0.6383649156275775
3808,12,0.8,0.01,12,0.48306594742029113,0.5537001228667235,1.1937001228667237,2.886620908256664,1.6992637195095481,7.88016532511109,0.9215512362894605,0.0005696679147108105,0.5583126420907392,-0.005182187138726838,0.5903624591399657
3808,12,0.8,0.1,12,0.5106023171541475,0.40188364718392344,1.0418836471839237,2.344200850103393,1.6992637195095481,7.88016532511109,0.5654536820929448,0.0321349216475952,0.3913855057816728,-0.02163678024534458,0.3940252781870799
3808,16,0.0,0.0,16,5.64053522579171e-30,6.500928379030505e-30,6.500928379030505e-30,2.2500000000000018,1.3441931116464179,8.262582797094211,1.9650494783728345,6.500928379030505e-30,0.0,0.0,6.500928379030505e-30
3808,16,0.0,0.01,16,0.00036757626161813416,0.002298041536115592,0.002298041536115592,2.174186706140256,1.3441931116464179,8.262582797094211,1.7031756823651392,0.002298041536115592,0.0,0.0,0.002298041536115592
3808,16,0.0,0.1,16,0.020105404734522814,0.07479403643544201,0.07479403643544201,1.7730978688741015,1.3441931116464179,8.262582797094211,0.8220387399516652,0.07479403643544201,0.0,0.0,0.07479403643544201
3808,16,0.2,0.0,16,0.029196928583623338,0.04248639381706895,0.08248639381706896,2.277921845230252,1.3441931116464179,8.262582797094211,1.9650494783728345,6.500928379030505e-30,0.04248639381706895,-2.696338537239178e-18,0.0786019791349134
3808,16,0.2,0.01,16,0.02952478384140027,0.04730126840393728,0.08730126840393729,2.2106968358549404,1.3441931116464179,8.262582797094211,1.7031756823651392,0.002298041536115592,0.039669599178028814,0.0053336276897928475,0.07042506883072118
3808,16,0.2,0.1,16,0.04898270085984869,0.11063191556998658,0.1506319155699866,1.8223174237893605,1.3441931116464179,8.262582797094211,0.8220387399516652,0.07479403643544201,0.025884154137963362,0.009953724996581148,0.10767558603350863
3808,16,0.8,0.0,16,0.46715085733797346,0.6797823010731036,1.3197823010731038,2.871524106725828,1.3441931116464179,8.262582797094211,1.9650494783728345,6.500928379030505e-30,0.6797823010731032,-1.0785354148956712e-17,1.2576316661586144
3808,16,0.8,0.01,16,0.4675229328609072,0.6583461391437483,1.2983461391437485,2.7962624151353364,1.3441931116464179,8.262582797094211,1.7031756823651392,0.002298041536115592,0.634713586848461,0.02133451075917139,1.092330478249805
3808,16,0.8,0.1,16,0.4940866127356353,0.5287554026291809,1.168755402629181,2.280585938190697,1.3441931116464179,8.262582797094211,0.8220387399516652,0.07479403643544201,0.4141464662074138,0.03981489998632459,0.6008988300045078
3808,20,0.0,0.0,20,1.3669223582623594e-29,6.804931154537338e-30,6.804931154537338e-30,2.2499999999999982,0.6435298721121563,8.869699788356503,5.692338129925257,6.804931154537338e-30,0.0,0.0,6.804931154537338e-30
3808,20,0.0,0.01,20,0.0006921428166985085,0.016696949267731197,0.016696949267731197,2.09487448739257,0.6435298721121563,8.869699788356503,3.3763677799334717,0.016696949267731197,0.0,0.0,0.016696949267731197
3808,20,0.0,0.1,20,0.02072731738934856,0.18096556433228023,0.18096556433228023,1.6544880878807517,0.6435298721121563,8.869699788356503,0.982967258336397,0.18096556433228023,0.0,0.0,0.18096556433228023
3808,20,0.2,0.0,20,0.017934916397868577,0.26691215111999483,0.3069121511199948,2.6051246895662112,0.6435298721121563,8.869699788356503,5.692338129925257,6.804931154537338e-30,0.26691215111999517,-1.4927909201664537e-16,0.2276935251970103
3808,20,0.2,0.01,20,0.019265953330464745,0.16203422816983512,0.20203422816983513,2.299880956560497,0.6435298721121563,8.869699788356503,3.3763677799334717,0.016696949267731197,0.16887761571414278,-0.023540336812038824,0.15175166046507008
3808,20,0.2,0.1,20,0.04477260425504876,0.2156008742827528,0.2556008742827528,1.6850100461228812,0.6435298721121563,8.869699788356503,0.982967258336397,0.18096556433228023,0.0492836511117277,-0.01464834116125533,0.22028425466573612
3808,20,0.8,0.0,20,0.28695866236589695,4.270594417919923,4.910594417919922,6.873444571704793,0.6435298721121563,8.869699788356503,5.692338129925257,6.804931154537338e-30,4.270594417919923,-5.971163680665815e-16,3.643096403152165
3808,20,0.8,0.01,20,0.2950482706195138,2.6245774534458604,3.2645774534458605,4.941431752633993,0.6435298721121563,8.869699788356503,3.3763677799334717,0.016696949267731197,2.7020418514262845,-0.0941613472481553,2.1775723284251534
3808,20,0.8,0.1,20,0.3878738978470455,0.9109106174749022,1.5509106174749023,2.3679797341900017,0.6435298721121563,8.869699788356503,0.982967258336397,0.18096556433228023,0.7885384177876432,-0.05859336464502132,0.8100646096675743
3808,22,0.0,0.0,22,8.197560314122237e-30,1.2606623998610154e-29,1.2606623998610154e-29,2.2500000000000004,0.477499235571736,9.12588567670228,8.536143881669602,1.2606623998610154e-29,0.0,0.0,1.2606623998610154e-29
3808,22,0.0,0.01,22,0.0007696337160802975,0.028071193753481175,0.028071193753481175,2.0680020630304567,0.477499235571736,9.12588567670228,4.001460246698846,0.028071193753481175,0.0,0.0,0.028071193753481175
3808,22,0.0,0.1,22,0.02037436668441489,0.20927651537920317,0.20927651537920317,1.6332361509324962,0.477499235571736,9.12588567670228,1.113525278247441,0.20927651537920317,0.0,0.0,0.20927651537920317
3808,22,0.2,0.0,22,0.0036478958384461636,0.6404879692497548,0.6804879692497549,3.468435360427791,0.477499235571736,9.12588567670228,8.536143881669602,1.2606623998610154e-29,0.6404879692497599,-4.068095724008039e-15,0.34144575526678417
3808,22,0.2,0.01,22,0.0069396021140568365,0.21300482561555345,0.2530048256155535,2.6073220389065215,0.477499235571736,9.12588567670228,4.001460246698846,0.028071193753481175,0.3197446697513365,-0.134811037889264,0.18812960362143505
3808,22,0.2,0.1,22,0.04118889347339017,0.2049001009070362,0.2449001009070362,1.6900460827170944,0.477499235571736,9.12588567670228,1.113525278247441,0.20927651537920317,0.07356604898583126,-0.07794246345799843,0.25381752650910083
3808,22,0.8,0.0,22,0.0583663334151385,10.24780750799614,10.88780750799614,14.80959707270829,0.477499235571736,9.12588567670228,8.536143881669602,1.2606623998610154e-29,10.247807507996159,-1.6272382896032156e-14,5.463132084268547
3808,22,0.8,0.01,22,0.08331180353699275,4.604741758217809,5.24474175821781,8.062218003550763,0.477499235571736,9.12588567670228,4.001460246698846,0.028071193753481175,5.115914716021384,-0.539244151557056,2.5890057516407428
3808,22,0.8,0.1,22,0.2598758391584194,1.0745634453205102,1.7145634453205103,2.743268465900866,0.477499235571736,9.12588567670228,1.113525278247441,0.20927651537920317,1.1770567837733001,-0.31176985383199374,0.9219326934575656
3808,23,0.0,0.0,23,1.2570833636507146e-29,3.68117346998515e-29,3.68117346998515e-29,2.2500000000000018,0.22587639798585957,9.169632018720398,24.022620231181985,3.68117346998515e-29,0.0,0.0,3.68117346998515e-29
3808,23,0.0,0.01,23,0.0007475145522576936,0.07071829312229508,0.07071829312229508,2.029778796426166,0.22587639798585957,9.169632018720398,3.7464683888105554,0.07071829312229508,0.0,0.0,0.07071829312229508
3808,23,0.0,0.1,23,0.0196709498661255,0.24157962563309965,0.24157962563309965,1.6150013770443905,0.22587639798585957,9.169632018720398,1.124690741038187,0.24157962563309965,0.0,0.0,0.24157962563309965
3808,23,0.2,0.0,23,0.0025156659751480763,1.7882962589782696,1.8282962589782696,5.00311811845797,0.22587639798585957,9.169632018720398,24.022620231181985,3.68117346998515e-29,1.7882962589782627,1.1441379111601803e-14,0.9609048092472796
3808,23,0.2,0.01,23,0.00749580832529802,0.17985283809837538,0.21985283809837539,2.4393930731390276,0.22587639798585957,9.169632018720398,3.7464683888105554,0.07071829312229508,0.2780571761297696,-0.16892263115368944,0.22057702867471732
3808,23,0.2,0.1,23,0.03749917489361588,0.25331484390036857,0.29331484390036855,1.6506411525656002,0.22587639798585957,9.169632018720398,1.124690741038187,0.24157962563309965,0.07028939694465156,-0.058554178677382676,0.2865672552746271
3808,23,0.8,0.0,23,0.04025065560236926,28.61274014365227,29.25274014365227,34.72202758157106,0.22587639798585957,9.169632018720398,24.022620231181985,3.68117346998515e-29,28.612740143652204,4.576551644640721e-14,15.374476947956474
3808,23,0.8,0.01,23,0.08844949918246013,3.843942586583852,4.4839425865838525,7.004922016834845,0.22587639798585957,9.169632018720398,3.7464683888105554,0.07071829312229508,4.448914818076314,-0.6756905246147578,2.468458061961051
3808,23,0.8,0.1,23,0.23465753589311245,1.131993262037994,1.7719932620379941,2.601033242465047,0.22587639798585957,9.169632018720398,1.124690741038187,0.24157962563309965,1.1246303511144249,-0.2342167147095307,0.9613816998975395
3808,24,0.0,0.0,24,5.311201205301493e-30,8.432262964324177e-30,8.432262964324177e-30,2.249999999999999,0.21302064102774773,9.1906572090772,28.0502990727586,8.432262964324177e-30,0.0,0.0,8.432262964324177e-30
3808,24,0.0,0.01,24,0.0007338838904254089,0.0830468128581716,0.0830468128581716,2.0201764090567482,0.21302064102774773,9.1906572090772,4.3414438303607845,0.0830468128581716,0.0,0.0,0.0830468128581716
3808,24,0.0,0.1,24,0.01936651389856389,0.2460005752736922,0.2460005752736922,1.6166691467550314,0.21302064102774773,9.1906572090772,1.1684678518791183,0.2460005752736922,0.0,0.0,0.2460005752736922
3808,24,0.2,0.0,24,1.028979430920731e-29,3.005232404880191,3.045232404880191,6.5552522800397695,0.21302064102774773,9.1906572090772,28.0502990727586,8.432262964324177e-30,3.00523240488019,-1.8222077118908875e-15,1.1220119629103442
3808,24,0.2,0.01,24,0.0069838260293772075,0.18628456491315035,0.22628456491315035,2.4733358255993334,0.21302064102774773,9.1906572090772,4.3414438303607845,0.0830468128581716,0.31740998768846596,-0.21417223563348736,0.256704566072603
3808,24,0.2,0.1,24,0.03752386473507637,0.2526521790562866,0.2926521790562866,1.6503668614366693,0.21302064102774773,9.1906572090772,1.1684678518791183,0.2460005752736922,0.06997368840389152,-0.0633220846212971,0.29273928934885696
3808,24,0.8,0.0,24,3.893408617441386e-29,48.08371847808303,48.72371847808303,55.533797978721346,0.21302064102774773,9.1906572090772,28.0502990727586,8.432262964324177e-30,48.08371847808304,-7.28883084756355e-15,17.952191406565507
3808,24,0.8,0.01,24,0.07503228983763578,4.304917673339679,4.944917673339679,7.641733927488679,0.21302064102774773,9.1906572090772,4.3414438303607845,0.0830468128581716,5.078559803015455,-0.8566889425339494,2.861570864289074
3808,24,0.8,0.1,24,0.23389762573720674,1.1122912512507688,1.752291251250769,2.591144266328283,0.21302064102774773,9.1906572090772,1.1684678518791183,0.2460005752736922,1.1195790144622644,-0.2532883384851884,0.9938200004763281
3808,25,0.0,0.0,24,1.4997120180446186e-29,0.014485824552966525,0.014485824552966525,2.235514175447044,0.26888235045701614,9.19273016596614,18.82883423443112,0.014485824552966525,0.0,0.0,0.014485824552966525
3808,25,0.0,0.01,24,0.0007095133051731612,0.16077340326952475,0.16077340326952475,1.9473239356958367,0.26888235045701614,9.19273016596614,4.209873428465512,0.16077340326952475,0.0,0.0,0.16077340326952475
3808,25,0.0,0.1,24,0.016583348809474263,0.2958589904693089,0.2958589904693089,1.6224740333412009,0.26888235045701614,9.19273016596614,1.1467259480083194,0.2958589904693089,0.0,0.0,0.2958589904693089
3808,25,0.2,0.0,24,1.351387325848446e-29,2.389213721179539,2.429213721179539,6.1013993604878145,0.26888235045701614,9.19273016596614,18.82883423443112,0.014485824552966525,2.3747278966265712,1.1168178442227754e-14,0.7676391939302115
3808,25,0.2,0.01,24,0.007452969854339959,0.21327091917048757,0.2532709191704876,2.3701942026484946,0.26888235045701614,9.19273016596614,4.209873428465512,0.16077340326952475,0.32372531171515495,-0.271227795814192,0.32916834040814524
3808,25,0.2,0.1,24,0.03425974129894888,0.30724525047676327,0.34724525047676325,1.6634757658626016,0.26888235045701614,9.19273016596614,1.1467259480083194,0.2958589904693089,0.06950033789887783,-0.058114077891423525,0.34172802838964167
3808,25,0.8,0.0,24,1.9452213426635148e-29,38.010132170578125,38.650132170578125,46.195789675129,0.26888235045701614,9.19273016596614,18.82883423443112,0.014485824552966525,37.99564634602514,4.4672713768911015e-14,12.064939734588886
3808,25,0.8,0.01,24,0.07605748259413879,4.255467207455235,4.895467207455235,7.52350874408833,0.26888235045701614,9.19273016596614,4.209873428465512,0.16077340326952475,5.179604987442479,-1.084911183256768,2.8550923974874527
3808,25,0.8,0.1,24,0.22966873517136047,1.1754080852856603,1.8154080852856604,2.6204850182133375,0.26888235045701614,9.19273016596614,1.1467259480083194,0.2958589904693089,1.1120054063820453,-0.2324563115656941,1.0297635971946335
3808,26,0.0,0.0,24,1.229516886380052e-29,0.2672309353617269,0.2672309353617269,1.9827690646382716,0.7307179295641898,9.607704550548682,6.28577139662681,0.2672309353617269,0.0,0.0,0.2672309353617269
3808,26,0.0,0.01,24,0.00027606982186737964,0.26988281101070033,0.26988281101070033,1.9249032246158255,0.7307179295641898,9.607704550548682,4.072218941193089,0.26988281101070033,0.0,0.0,0.26988281101070033
3808,26,0.0,0.1,24,0.01547894500111978,0.31891454837547945,0.31891454837547945,1.6215065516021274,0.7307179295641898,9.607704550548682,1.1738719610273947,0.31891454837547945,0.0,0.0,0.31891454837547945
3808,26,0.2,0.0,24,1.2146101886104948e-29,0.6246275014204467,0.6646275014204467,2.4032183981711386,0.7307179295641898,9.607704550548682,6.28577139662681,0.2672309353617269,0.3573965660587192,5.677017279679446e-16,0.5186617912267993
3808,26,0.2,0.01,24,0.0008998510783695465,0.5096708095161211,0.5496708095161211,2.20082507036885,0.7307179295641898,9.607704550548682,4.072218941193089,0.26988281101070033,0.2591594968462972,-0.019371498340876512,0.4327715686584239
3808,26,0.2,0.1,24,0.023874492543545272,0.38863544093467434,0.4286354409346743,1.6801448609339487,0.7307179295641898,9.607704550548682,1.1738719610273947,0.31891454837547945,0.08162126938374792,-0.011900376824553074,0.36586942681657525
3808,26,0.8,0.0,24,1.4103560908623423e-29,5.985575992301237,6.625575992301236,7.953325191474368,0.7307179295641898,9.607704550548682,6.28577139662681,0.2672309353617269,5.718345056939508,2.2708069118717785e-15,4.290124629202887
3808,26,0.8,0.01,24,0.00793199012499682,4.338948767187951,4.978948767187951,6.1385045697834935,0.7307179295641898,9.607704550548682,4.072218941193089,0.26988281101070033,4.146551949540755,-0.07748599336350605,2.876102933374278
3808,26,0.8,0.1,24,0.13552725349046368,1.5772533512172342,2.2172533512172343,2.835515021534388,0.7307179295641898,9.607704550548682,1.1738719610273947,0.31891454837547945,1.3059403101399667,-0.047601507298212296,1.0701926034330123
3808,28,0.0,0.0,24,5.4342360299154314e-30,0.28773824769772666,0.28773824769772666,1.9622617523022716,0.8978578684915817,9.712709369926428,4.033714813695352,0.28773824769772666,0.0,0.0,0.28773824769772666
3808,28,0.0,0.01,24,0.0002911332765317837,0.29016771709878,0.29016771709878,1.901605627594865,0.8978578684915817,9.712709369926428,3.118672249766277,0.29016771709878,0.0,0.0,0.29016771709878
3808,28,0.0,0.1,24,0.015680015377023387,0.34567258830053693,0.34567258830053693,1.590727104158997,0.8978578684915817,9.712709369926428,1.1739560403279194,0.34567258830053693,0.0,0.0,0.34567258830053693
3808,28,0.2,0.0,24,5.3164012161513385e-30,0.5132318663536649,0.553231866353665,2.1541709716453212,0.8978578684915817,9.712709369926428,4.033714813695352,0.28773824769772666,0.22549361865593828,8.883586027322138e-18,0.4490868402455408
3808,28,0.2,0.01,24,0.000573099965896486,0.46570800294995024,0.5057080029499502,2.0300952465796387,0.8978578684915817,9.712709369926428,3.118672249766277,0.29016771709878,0.1852595592547013,-0.00971927340353088,0.41491460708943106
3808,28,0.2,0.1,24,0.01940712206249233,0.43234597448761186,0.47234597448761184,1.6179725841274792,0.8978578684915817,9.712709369926428,1.1739560403279194,0.34567258830053693,0.07701436745966111,0.009659018727413694,0.3926308299136537
3808,28,0.8,0.0,24,1.1920896477941268e-29,3.8956361461927402,4.53563614619274,5.43582205354573,0.8978578684915817,9.712709369926428,4.033714813695352,0.28773824769772666,3.6078978984950125,3.553434410928855e-17,2.8693157284627526
3808,28,0.8,0.01,24,0.0036362874979434094,3.2154435715598777,3.855443571559878,4.638678814590373,0.8978578684915817,9.712709369926428,3.118672249766277,0.29016771709878,2.964152948075221,-0.03887709361412352,2.2861179569491976
3808,28,0.8,0.1,24,0.0869045448174226,1.6165385425647696,2.25653854256477,2.6238814335488576,0.8978578684915817,9.712709369926428,1.1739560403279194,0.34567258830053693,1.2322298793545778,0.038636074909654775,1.0970044541104054
3808,32,0.0,0.0,24,1.2697945012836704e-29,0.34169348419802703,0.34169348419802703,1.9083065158019736,1.0715545870971876,10.092552062480536,2.932133070008663,0.34169348419802703,0.0,0.0,0.34169348419802703
3808,32,0.0,0.01,24,0.0003489056086297803,0.3455996862005914,0.3455996862005914,1.8346191920734518,1.0715545870971876,10.092552062480536,2.445291297992783,0.3455996862005914,0.0,0.0,0.3455996862005914
3808,32,0.0,0.1,24,0.015485074118572197,0.4213908527870457,0.4213908527870457,1.5189076648415099,1.0715545870971876,10.092552062480536,1.0921435644345436,0.4213908527870457,0.0,0.0,0.4213908527870457
3808,32,0.2,0.0,24,1.3443440395476596e-29,0.4663297947566343,0.5063297947566343,2.031171934723938,1.0715545870971876,10.092552062480536,2.932133070008663,0.34169348419802703,0.12463631055860758,-6.678685382510707e-16,0.45897880699837357
3808,32,0.2,0.01,24,0.0005243499224615283,0.44427477811463917,0.48427477811463915,1.9185348311082284,1.0715545870971876,10.092552062480536,2.445291297992783,0.3455996862005914,0.1088051472062058,-0.010130055292158007,0.44341133812030276
3808,32,0.2,0.1,24,0.017615681574689363,0.4808836841719514,0.5208836841719514,1.541590950815542,1.0715545870971876,10.092552062480536,1.0921435644345436,0.4213908527870457,0.057991315259852926,0.001501516125052971,0.46507659536442747
3808,32,0.8,0.0,24,2.1957013714640372e-29,2.3358744531357454,2.9758744531357455,3.895403918193121,1.0715545870971876,10.092552062480536,2.932133070008663,0.34169348419802703,1.9941809689377212,-2.671474153004283e-15,2.218258649003572
3808,32,0.8,0.01,24,0.0019404079948789111,2.0459618203312515,2.6859618203312516,3.4759435146870263,1.0715545870971876,10.092552062480536,2.445291297992783,0.3455996862005914,1.7408823552992927,-0.04052022116863203,1.9105861169159728
3808,32,0.8,0.1,24,0.05137661276651093,1.355257961444904,1.9952579614449042,2.3055365918558723,1.0715545870971876,10.092552062480536,1.0921435644345436,0.4213908527870457,0.9278610441576468,0.006006064500211884,1.1203627340251536
3808,48,0.0,0.0,24,7.289644839505688e-30,0.7072045474937608,0.7072045474937608,1.5427954525062384,2.6470727308359323,11.363556356703501,1.0063001712447166,0.7072045474937608,0.0,0.0,0.7072045474937608
3808,48,0.0,0.01,24,0.00014214170088817156,0.7074863073364367,0.7074863073364367,1.51408535248593,2.6470727308359323,11.363556356703501,0.9688559170376281,0.7074863073364367,0.0,0.0,0.7074863073364367
3808,48,0.0,0.1,24,0.010565344796697245,0.7258980053112101,0.7258980053112101,1.3127950987548451,2.6470727308359323,11.363556356703501,0.7269469476387271,0.7258980053112101,0.0,0.0,0.7258980053112101
3808,48,0.2,0.0,24,8.737013291545101e-30,0.7562546456484668,0.7962546456484668,1.5460711460958598,2.6470727308359323,11.363556356703501,1.0063001712447166,0.7072045474937608,0.0490500981547054,5.238864897449957e-16,0.7474565543435495
3808,48,0.2,0.01,24,0.0001289752376481032,0.757046188160809,0.7970461881608091,1.5200459366575259,2.6470727308359323,11.363556356703501,0.9688559170376281,0.7074863073364367,0.047454862179465304,0.002105018644907017,0.7462405440179418
3808,48,0.2,0.1,24,0.009871017069526897,0.7751690378299925,0.8151690378299925,1.3330794632549645,2.6470727308359323,11.363556356703501,0.7269469476387271,0.7258980053112101,0.0368188660448953,0.012452166473886982,0.7549758832167591
3808,48,0.8,0.0,24,1.930590694852653e-29,1.4920061179690491,2.1320061179690493,2.1444994047211874,2.6470727308359323,11.363556356703501,1.0063001712447166,0.7072045474937608,0.7848015704752864,2.095545958979983e-15,1.3512366570903795
3808,48,0.8,0.01,24,0.00018408052643589988,1.4751841767875098,2.11518417678751,2.107386035325897,2.6470727308359323,11.363556356703501,0.9688559170376281,0.7074863073364367,0.7592777948714449,0.008420074579628067,1.3275540942405186
3808,48,0.8,0.1,24,0.014398700930635241,1.364808527925083,2.004808527925083,1.8357589492940658,2.6470727308359323,11.363556356703501,0.7269469476387271,0.7258980053112101,0.5891018567183248,0.04980866589554793,1.1911440517999956
3808,72,0.0,0.0,24,5.4979201134098355e-30,1.1162751905067916,1.1162751905067916,1.133724809493207,3.7594368446767343,13.204867995876164,0.5173387360573143,1.1162751905067916,0.0,0.0,1.1162751905067916
3808,72,0.0,0.01,24,5.781439067994038e-05,1.1163209303733377,1.1163209303733377,1.1221161914906745,3.7594368446767343,13.204867995876164,0.5091005260458807,1.1163209303733377,0.0,0.0,1.1163209303733377
3808,72,0.0,0.1,24,0.005064888870630147,1.1201242351812988,1.1201242351812988,1.0285779874060974,3.7594368446767343,13.204867995876164,0.44531644365401324,1.1201242351812988,0.0,0.0,1.1201242351812988
3808,72,0.2,0.0,24,5.605290707809424e-30,1.1474147458080712,1.1874147458080713,1.1545241946661435,3.7594368446767343,13.204867995876164,0.5173387360573143,1.1162751905067916,0.031139555301279237,3.967464968853279e-17,1.1369687399490842
3808,72,0.2,0.01,24,5.781685684117173e-05,1.147184920188727,1.187184920188727,1.1429173990467218,3.7594368446767343,13.204867995876164,0.5091005260458807,1.1163209303733377,0.030592070885361578,0.0002719189300282581,1.136684951415173
3808,72,0.2,0.1,24,0.0050946599669440045,1.1484663466536507,1.1884663466536507,1.048931858663076,3.7594368446767343,13.204867995876164,0.44531644365401324,1.1201242351812988,0.02639188644718683,0.001950225025165275,1.1379368929274594
3808,72,0.8,0.0,24,8.694289745612112e-30,1.61450807532726,2.2545080753272604,1.5905970138003027,3.7594368446767343,13.204867995876164,0.5173387360573143,1.1162751905067916,0.4982328848204678,1.5869859875413117e-16,1.4473719815834727
3808,72,0.8,0.01,24,9.048412086299912e-05,1.6068817402592355,2.2468817402592354,1.5724258723392046,3.7594368446767343,13.204867995876164,0.5091005260458807,1.1163209303733377,0.48947313416578525,0.0010876757201130323,1.4421452670427013
3808,72,0.8,0.1,24,0.007881496441850272,1.550195318436949,2.190195318436949,1.426696109800253,3.7594368446767343,13.204867995876164,0.44531644365401324,1.1201242351812988,0.42227018315498926,0.0078009001006611,1.4051267591198673
3808,96,0.0,0.0,24,7.09554319994386e-30,1.4711045336901292,1.4711045336901292,0.7788954663098714,5.1035276081697925,14.720628564650864,0.3491962343930044,1.4711045336901292,0.0,0.0,1.4711045336901292
3808,96,0.0,0.01,24,2.3225277068078003e-05,1.471114143886633,1.471114143886633,0.7742408006997503,5.1035276081697925,14.720628564650864,0.3458446438662265,1.471114143886633,0.0,0.0,1.471114143886633
3808,96,0.0,0.1,24,0.0021617407443125956,1.4719821297780369,1.4719821297780369,0.7347830553357105,5.1035276081697925,14.720628564650864,0.31820785446902694,1.4719821297780369,0.0,0.0,1.4719821297780369
3808,96,0.2,0.0,24,8.00843399358341e-30,1.4934094177065722,1.5334094177065722,0.8098434363146493,5.1035276081697925,14.720628564650864,0.3491962343930044,1.4711045336901292,0.02230488401644304,6.938893903907228e-17,1.4850723830658494
3808,96,0.2,0.01,24,2.4496327577294202e-05,1.4931618414896324,1.5331618414896324,0.8049343686879109,5.1035276081697925,14.720628564650864,0.3458446438662265,1.471114143886633,0.022045634704149473,2.0628988497417566e-06,1.4849479296412822
3808,96,0.2,0.1,24,0.0022845770004303965,1.4918346293164646,1.5318346293164646,0.7632496284849595,5.1035276081697925,14.720628564650864,0.31820785446902694,1.4719821297780369,0.01993656813050644,-8.406859207882311e-05,1.484710443956798
3808,96,0.8,0.0,24,8.274180227076443e-30,1.8279826779532182,2.467982677953218,1.170345954526299,5.1035276081697925,14.720628564650864,0.3491962343930044,1.4711045336901292,0.3568781442630886,2.7755575615628914e-16,1.694590123701652
3808,96,0.8,0.01,24,4.38096330775367e-05,1.8238525507484236,2.463852550748424,1.1615626891021869,5.1035276081697925,14.720628564650864,0.3458446438662265,1.471114143886633,0.35273015526639157,8.251595398967027e-06,1.6924547159610182
3808,96,0.8,0.1,24,0.004026238531702885,1.7906309454978242,2.4306309454978243,1.087888165498783,5.1035276081697925,14.720628564650864,0.31820785446902694,1.4719821297780369,0.31898509008810305,-0.00033627436831529245,1.6756351566382142
3809,1,0.0,0.0,1,1.5753990021605624,1.4220593630610616,1.4220593630610616,2.0016601418964277,5.528520257903061,5.528520257903061,0.03271765657037523,1.4220593630610616,0.0,0.0,1.4220593630610616
3809,1,0.0,0.01,1,1.57555373768949,1.4130363456123216,1.4130363456123216,1.970591534097472,5.528520257903061,5.528520257903061,0.03220983208068796,1.4130363456123216,0.0,0.0,1.4130363456123216
3809,1,0.0,0.1,1,1.5889111831279947,1.3472161968981569,1.3472161968981569,1.7208064370339593,5.528520257903061,5.528520257903061,0.028127029585365695,1.3472161968981569,0.0,0.0,1.3472161968981569
3809,1,0.2,0.0,1,1.6930383488959369,1.4162429970652115,1.4562429970652115,1.9817011433001033,5.528520257903061,5.528520257903061,0.03271765657037523,1.4220593630610616,5.000351421799825e-05,-0.005866369510067879,1.4233680693238766
3809,1,0.2,0.01,1,1.6931915415224805,1.407419585513179,1.447419585513179,1.9509423275015332,5.528520257903061,5.528520257903061,0.03220983208068796,1.4130363456123216,4.922738867136244e-05,-0.005665987487814048,1.414324738895549
3809,1,0.2,0.1,1,1.7064157969008062,1.3431706240430183,1.3831706240430184,1.7036478932120462,5.528520257903061,5.528520257903061,0.028127029585365695,1.3472161968981569,4.298750189386687e-05,-0.004088560357032317,1.3483412780815716
3809,1,0.8,0.0,1,2.490192449930095,1.3993939412482779,2.039393941248278,1.922424189681747,5.528520257903061,5.528520257903061,0.03271765657037523,1.4220593630610616,0.000800056227487972,-0.023465478040271517,1.4429986632661018
3809,1,0.8,0.01,1,2.4903410602349045,1.3911600338798071,2.0311600338798073,1.892585436377772,5.528520257903061,5.528520257903061,0.03220983208068796,1.4130363456123216,0.000787638218741799,-0.02266394995125619,1.433650638143962
3809,1,0.8,0.1,1,2.503169749624207,1.3315497555003295,1.9715497555003296,1.6526881117690342,5.528520257903061,5.528520257903061,0.028127029585365695,1.3472161968981569,0.0006878000303018699,-0.016354241428129267,1.365217495832791
3809,2,0.0,0.0,2,0.291810870906934,0.26655492586587776,0.26655492586587776,2.329512129883058,4.72814355597772,6.28982807758144,0.07000885952169054,0.26655492586587776,0.0,0.0,0.26655492586587776
3809,2,0.0,0.01,2,0.29195094700033336,0.2644906794893555,0.2644906794893555,2.3014114384856255,4.72814355597772,6.28982807758144,0.06875973710118673,0.2644906794893555,0.0,0.0,0.2644906794893555
3809,2,0.0,0.1,2,0.3044064263127402,0.2538988076805254,0.2538988076805254,2.0699186489139896,4.72814355597772,6.28982807758144,0.058947152743509396,0.2538988076805254,0.0,0.0,0.2538988076805254
3809,2,0.2,0.0,2,0.32355790617133956,0.2660006986134019,0.30600069861340196,2.3636416635574387,4.72814355597772,6.28982807758144,0.07000885952169054,0.26655492586587776,0.0014297551200019864,-0.001983982372477924,0.2693552802467454
3809,2,0.2,0.01,2,0.32369976238732134,0.2637782179369413,0.30377821793694126,2.3351841561878017,4.72814355597772,6.28982807758144,0.06875973710118673,0.2644906794893555,0.0014011015069947397,-0.002113563059409082,0.267241068973403
3809,2,0.2,0.1,2,0.33631773292521466,0.2518758629019381,0.2918758629019381,2.100687131910218,4.72814355597772,6.28982807758144,0.058947152743509396,0.2538988076805254,0.00117851955507234,-0.003201464333659722,0.2562566937902658
3809,2,0.8,0.0,2,0.8463462693846461,0.28149507829599785,0.921495078295998,2.483187326020599,4.72814355597772,6.28982807758144,0.07000885952169054,0.26655492586587776,0.022876081920031783,-0.007935929489911696,0.31136059595975973
3809,2,0.8,0.01,2,0.8464951762916261,0.27845405136363516,0.9184540513636352,2.4533155273782614,4.72814355597772,6.28982807758144,0.06875973710118673,0.2644906794893555,0.022417624111915835,-0.008454252237636328,0.30849691123411505
3809,2,0.8,0.1,2,0.859742217423543,0.259949263227044,0.899949263227044,2.2071348155597654,4.72814355597772,6.28982807758144,0.058947152743509396,0.2538988076805254,0.01885631288115744,-0.012805857334638888,0.29162498543637144
3809,3,0.0,0.0,3,1.8704792114050868e-31,1.3866695599588098e-31,1.3866695599588098e-31,2.25,4.550853202940522,6.696450581491359,0.10806931700188403,1.3866695599588098e-31,0.0,0.0,1.3866695599588098e-31
3809,3,0.0,0.01,3,0.0001229817670866454,6.945800406911561e-05,6.945800406911561e-05,2.2253341885786018,4.550853202940522,6.696450581491359,0.10606714462787184,6.945800406911561e-05,0.0,0.0,6.945800406911561e-05
3809,3,0.0,0.1,3,0.011146026830851358,0.006274829044292083,0.006274829044292083,2.0208046343386807,4.550853202940522,6.696450581491359,0.09042080913361275,0.006274829044292083,0.0,0.0,0.006274829044292083
3809,3,0.2,0.0,3,0.03561602807002721,0.0014283515518466747,0.04142835155184668,2.28486801564078,4.550853202940522,6.696450581491359,0.10806931700188403,1.3866695599588098e-31,0.0014283515518466795,-1.2755192916271989e-17,0.004322772680075362
3809,3,0.2,0.01,3,0.03574119920991404,0.0012646717485703402,0.04126467174857035,2.259762913617638,4.550853202940522,6.696450581491359,0.10606714462787184,6.945800406911561e-05,0.0014000951498224562,-0.00020488140532122831,0.00431214378918399
3809,3,0.2,0.1,3,0.0469576822943783,0.0056168082366135665,0.04561680823661357,2.051633405050578,4.550853202940522,6.696450581491359,0.09042080913361275,0.006274829044292083,0.001180256134525154,-0.0018382769422036517,0.009891661409636593
3809,3,0.8,0.0,3,0.5698564491204351,0.022853624829546785,0.6628536248295469,2.4066122811852764,4.550853202940522,6.696450581491359,0.10806931700188403,1.3866695599588098e-31,0.02285362482954687,-5.1020771665087957e-17,0.0691643628812058
3809,3,0.8,0.01,3,0.5699898750836861,0.021651454779943513,0.6616514547799437,2.3798502305326146,4.550853202940522,6.696450581491359,0.10606714462787184,6.945800406911561e-05,0.0224015223971593,-0.0008195256212849133,0.06795243056590711
3809,3,0.8,0.1,3,0.5819265819166379,0.017805819427879947,0.6578058194278801,2.15828279080057,4.550853202940522,6.696450581491359,0.09042080913361275,0.006274829044292083,0.018884098152402464,-0.007353107768814607,0.06414414688980426
3809,4,0.0,0.0,4,9.692884421776893e-31,8.135283723518974e-31,8.135283723518974e-31,2.2499999999999996,3.6780862216357066,6.720359788751168,0.18039309912913387,8.135283723518974e-31,0.0,0.0,8.135283723518974e-31
3809,4,0.0,0.01,4,0.0001260878879209951,7.903343884282711e-05,7.903343884282711e-05,2.22470338897696,3.6780862216357066,6.720359788751168,0.1758962510090309,7.903343884282711e-05,0.0,0.0,7.903343884282711e-05
3809,4,0.0,0.1,4,0.011327751262409964,0.00693990080403535,0.00693990080403535,2.0165050739477666,3.6780862216357066,6.720359788751168,0.14264374048498207,0.00693990080403535,0.0,0.0,0.00693990080403535
3809,4,0.2,0.0,4,0.03483818436511377,0.0028801919960411266,0.042880191996041137,2.2964523291262324,3.6780862216357066,6.720359788751168,0.18039309912913387,8.135283723518974e-31,0.002880191996041184,-6.949544092832794e-17,0.007215723965165356
3809,4,0.2,0.01,4,0.034969097916784576,0.0024370072068963036,0.04243700720689631,2.2701840342771136,3.6780862216357066,6.720359788751168,0.1758962510090309,7.903343884282711e-05,0.00280147291447248,-0.00044349914641901247,0.007114883479204063
3809,4,0.2,0.1,4,0.046552603803423874,0.005603079675652018,0.045603079675652025,2.0547176246266976,3.6780862216357066,6.720359788751168,0.14264374048498207,0.00693990080403535,0.002224605705720943,-0.003561426834104276,0.012645650423434634
3809,4,0.8,0.0,4,0.5574109498418203,0.04608307193665872,0.6860830719366589,2.4703716204574273,3.6780862216357066,6.720359788751168,0.18039309912913387,8.135283723518974e-31,0.04608307193665894,-2.7798176371331177e-16,0.1154515834426457
3809,4,0.8,0.01,4,0.557561028452168,0.043128603484726476,0.6831286034847266,2.440243645151245,3.6780862216357066,6.720359788751168,0.1758962510090309,7.903343884282711e-05,0.04482356663155968,-0.0017739965856760499,0.11265263408462262
3809,4,0.8,0.1,4,0.5706516797177074,0.028287884759153403,0.6682878847591536,2.196050545132143,3.6780862216357066,6.720359788751168,0.14264374048498207,0.00693990080403535,0.03559369129153509,-0.014245707336417104,0.0982318947144239
3809,8,0.0,0.0,8,4.909203452951166e-30,2.906806065063655e-30,2.906806065063655e-30,2.2499999999999964,2.7664436074142906,7.0313475592725,0.4620867684253722,2.906806065063655e-30,0.0,0.0,2.906806065063655e-30
3809,8,0.0,0.01,8,0.00013932985154542697,0.00012107247192477532,0.00012107247192477532,2.2220129572189937,2.7664436074142906,7.0313475592725,0.4443933897180414,0.00012107247192477532,0.0,0.0,0.00012107247192477532
3809,8,0.0,0.1,8,0.012099269523605877,0.00977626942662081,0.00977626942662081,1.9982383401012653,2.7664436074142906,7.0313475592725,0.3278784656558043,0.00977626942662081,0.0,0.0,0.00977626942662081
3809,8,0.2,0.0,8,0.028755899792676384,0.009964991720988992,0.049964991720989,2.248402006610807,2.7664436074142906,7.0313475592725,0.4620867684253722,2.906806065063655e-30,0.009964991720989037,-6.855601860975786e-17,0.018483470737014892
3809,8,0.2,0.01,8,0.02889065292246486,0.010394147329518518,0.050394147329518524,2.221337888358229,2.7664436074142906,7.0313475592725,0.4443933897180414,0.00012107247192477532,0.009668434605792095,0.0006046402518016336,0.017896808060646436
3809,8,0.2,0.1,8,0.04051673883668574,0.021830659364311767,0.06183065936431177,2.0040476264774867,2.7664436074142906,7.0313475592725,0.3278784656558043,0.00977626942662081,0.007565872762627743,0.004488517175063201,0.022891408052852988
3809,8,0.8,0.0,8,0.46009439668282176,0.15943986753582437,0.7994398675358245,2.3631879270951046,2.7664436074142906,7.0313475592725,0.4620867684253722,2.906806065063655e-30,0.1594398675358246,-2.7422407443903145e-16,0.29573553179223827
3809,8,0.8,0.01,8,0.46023305581647267,0.15723458717180497,0.7972345871718051,2.335333897045438,2.7664436074142906,7.0313475592725,0.4443933897180414,0.00012107247192477532,0.15469495369267353,0.0024185610072065345,0.2845328418914713
3809,8,0.8,0.1,8,0.47216499914295934,0.14878430232891746,0.7887843023289176,2.1122659587576837,2.7664436074142906,7.0313475592725,0.3278784656558043,0.00977626942662081,0.12105396420204388,0.017954068700252804,0.2196184874463356
3809,12,0.0,0.0,12,1.49151237130639e-30,2.2304407215327207e-30,2.2304407215327207e-30,2.2500000000000013,1.7065913237135817,7.880044199796869,1.13713027580033,2.2304407215327207e-30,0.0,0.0,2.2304407215327207e-30
3809,12,0.0,0.01,12,0.0001710758200374763,0.00024929844237338793,0.00024929844237338793,2.2155355375501307,1.7065913237135817,7.880044199796869,1.0438708059018997,0.00024929844237338793,0.0,0.0,0.00024929844237338793
3809,12,0.0,0.1,12,0.01383765096360786,0.016873455437993668,0.016873455437993668,1.9563735252898484,1.7065913237135817,7.880044199796869,0.60513219082408,0.016873455437993668,0.0,0.0,0.016873455437993668
3809,12,0.2,0.0,12,0.02079888405498948,0.04813459359613815,0.08813459359613815,2.2842852538248093,1.7065913237135817,7.880044199796869,1.13713027580033,2.2304407215327207e-30,0.048134593596138135,3.7537185900130775e-17,0.045485211032013216
3809,12,0.2,0.01,12,0.02098310640934391,0.044755825956718516,0.08475582595671852,2.247060218151586,1.7065913237135817,7.880044199796869,1.0438708059018997,0.00024929844237338793,0.043651615208606075,0.0008549123057390222,0.04200413067844939
3809,12,0.2,0.1,12,0.03500176996229177,0.046254840980478,0.086254840980478,1.9792277495767923,1.7065913237135817,7.880044199796869,0.60513219082408,0.016873455437993668,0.023532787857198603,0.0058485976852857,0.04107874307095687
3809,12,0.8,0.0,12,0.3327821448798316,0.7701534975382097,1.41015349753821,2.9647561384528958,1.7065913237135817,7.880044199796869,1.13713027580033,2.2304407215327207e-30,0.7701534975382102,1.501487436005231e-16,0.7277633765122115
3809,12,0.8,0.01,12,0.3332661547256291,0.7020947910030265,1.3420947910030265,2.8654536424592245,1.7065913237135817,7.880044199796869,1.0438708059018997,0.00024929844237338793,0.6984258433376972,0.003419649222956089,0.6683266142195894
3809,12,0.8,0.1,12,0.3594818721648929,0.41679245189431396,1.0567924518943141,2.3301838767240084,1.7065913237135817,7.880044199796869,0.60513219082408,0.016873455437993668,0.37652460571517765,0.0233943907411428,0.40415805756540496
3809,16,0.0,0.0,16,5.801799759801735e-30,5.8150078650997025e-30,5.8150078650997025e-30,2.2499999999999982,1.1426976580814268,8.22877470963936,2.1017771603055206,5.8150078650997025e-30,0.0,0.0,5.8150078650997025e-30
3809,16,0.0,0.01,16,0.00017322783330640714,0.00029495375249121266,0.00029495375249121266,2.2150594795862286,1.1426976580814268,8.22877470963936,1.7739360688113757,0.00029495375249121266,0.0,0.0,0.00029495375249121266
3809,16,0.0,0.1,16,0.013877673314013397,0.017497020919271418,0.017497020919271418,1.9549495128004626,1.1426976580814268,8.22877470963936,0.8181992762689103,0.017497020919271418,0.0,0.0,0.017497020919271418
3809,16,0.2,0.0,16,0.019501927152407148,0.05392212565242259,0.0939221256524226,2.28665420834819,1.1426976580814268,8.22877470963936,2.1017771603055206,5.8150078650997025e-30,0.05392212565242244,6.363767271228683e-17,0.08407108641222084
3809,16,0.2,0.01,16,0.01969615734473156,0.047443712191875875,0.08744371219187588,2.247171035459604,1.1426976580814268,8.22877470963936,1.7739360688113757,0.00029495375249121266,0.04522734386838982,0.0019214145709947799,0.07125239650494625
3809,16,0.2,0.1,16,0.03379197277736904,0.04550008073570232,0.08550008073570232,1.9766097355465955,1.1426976580814268,8.22877470963936,0.8181992762689103,0.017497020919271418,0.022315758625252653,0.005687301191178233,0.05022499197002784
3809,16,0.8,0.0,16,0.31203083443851415,0.8627540104387595,1.5027540104387596,3.0436823412218357,1.1426976580814268,8.22877470963936,2.1017771603055206,5.8150078650997025e-30,0.862754010438759,2.545506908491473e-16,1.3451373825955335
3809,16,0.8,0.01,16,0.31277066976462825,0.7316181139307073,1.3716181139307073,2.886233829500409,1.1426976580814268,8.22877470963936,1.7739360688113757,0.00029495375249121266,0.7236375018942371,0.0076856582839791195,1.1356140377917718
3809,16,0.8,0.1,16,0.3393312261571178,0.39729836368802685,1.037298363688027,2.3093795072880248,1.1426976580814268,8.22877470963936,0.8181992762689103,0.017497020919271418,0.35705213800404245,0.02274920476471293,0.5411445577313742
3809,20,0.0,0.0,20,1.0783057066797289e-29,1.1564204973672009e-29,1.1564204973672009e-29,2.2500000000000018,0.7428774086821485,8.546636145815864,4.316986469468526,1.1564204973672009e-29,0.0,0.0,1.1564204973672009e-29
3809,20,0.0,0.01,20,0.00033872889513405276,0.004813693742983356,0.004813693742983356,2.1774405272302038,0.7428774086821485,8.546636145815864,3.044090612623407,0.004813693742983356,0.0,0.0,0.004813693742983356
3809,20,0.0,0.1,20,0.01602698139281587,0.07150317550829634,0.07150317550829634,1.8579571966353856,0.7428774086821485,8.546636145815864,1.0653516532360074,0.07150317550829634,0.0,0.0,0.07150317550829634
3809,20,0.2,0.0,20,0.005155048321476002,0.16921525878235869,0.2092152587823587,2.5326989743459203,0.7428774086821485,8.546636145815864,4.316986469468526,1.1564204973672009e-29,0.16921525878235677,1.5410273078313723e-15,0.17267945877874108
3809,20,0.2,0.01,20,0.005914603676072945,0.10944582999427464,0.14944582999427464,2.3622045954181066,0.7428774086821485,8.546636145815864,3.044090612623407,0.004813693742983356,0.12925957003496538,-0.024627433783674324,0.12657731824791965
3809,20,0.2,0.1,20,0.02652193089918305,0.10192936342004602,0.14192936342004603,1.9017163457460888,0.7428774086821485,8.546636145815864,1.0653516532360074,0.07150317550829634,0.05084600149066526,-0.020419813578915584,0.11411724163773665
3809,20,0.8,0.0,20,0.08248077314361628,2.7074441405177163,3.3474441405177164,5.411379002771958,0.7428774086821485,8.546636145815864,4.316986469468526,1.1564204973672009e-29,2.7074441405177083,6.164109231325489e-15,2.7628713404598573
3809,20,0.8,0.01,20,0.08659743333611568,1.9744570791677325,2.6144570791677326,4.467611640401394,0.7428774086821485,8.546636145815864,3.044090612623407,0.004813693742983356,2.068153120559446,-0.0985097351346973,1.9530316858219643
3809,20,0.8,0.1,20,0.15944239719999295,0.803359945043278,1.4433599450432781,2.643145810966179,0.7428774086821485,8.546636145815864,1.0653516532360074,0.07150317550829634,0.8135360238506442,-0.08167925431566234,0.7533282335793412
3809,22,0.0,0.0,22,2.959704940869491e-30,1.1404922347233869e-29,1.1404922347233869e-29,2.249999999999998,0.5853659647627126,9.051494789341394,7.393499614721974,1.1404922347233869e-29,0.0,0.0,1.1404922347233869e-29
3809,22,0.0,0.01,22,0.0004523242845894939,0.008559287323892299,0.008559287323892299,2.1509758557582113,0.5853659647627126,9.051494789341394,4.125449228970092,0.008559287323892299,0.0,0.0,0.008559287323892299
3809,22,0.0,0.1,22,0.018788897980841504,0.10517487288986474,0.10517487288986474,1.7690471674933073,0.5853659647627126,9.051494789341394,1.152004747217442,0.10517487288986474,0.0,0.0,0.10517487288986474
3809,22,0.2,0.0,22,0.001634098226492921,0.3506408611948857,0.3906408611948857,2.8629004027047733,0.5853659647627126,9.051494789341394,7.393499614721974,1.1404922347233869e-29,0.3506408611948862,-4.2373773025493384e-16,0.295739984588879
3809,22,0.2,0.01,22,0.003201965332594274,0.15724140243299517,0.19724140243299518,2.4892297428870576,0.5853659647627126,9.051494789341394,4.125449228970092,0.008559287323892299,0.19890416472617195,-0.050222049617069074,0.17357725648269604
3809,22,0.2,0.1,22,0.02951527581876423,0.12011091170718212,0.1601109117071821,1.8541004289808871,0.5853659647627126,9.051494789341394,1.152004747217442,0.10517487288986474,0.051153869749326494,-0.036217830932009025,0.15125506277856243
3809,22,0.8,0.0,22,0.026145571623886615,5.610253779118176,6.250253779118177,8.909291945157735,0.5853659647627126,9.051494789341394,7.393499614721974,1.1404922347233869e-29,5.610253779118179,-1.6949509210197353e-15,4.731839753422064
3809,22,0.8,0.01,22,0.03841993509861793,2.9901377244743674,3.6301377244743676,5.890841380987657,0.5853659647627126,9.051494789341394,4.125449228970092,0.008559287323892299,3.182466635618751,-0.2008881984682763,2.648846793864752
3809,22,0.8,0.1,22,0.14694954626919485,0.778765465151052,1.4187654651510522,2.723106650435543,0.5853659647627126,9.051494789341394,1.152004747217442,0.10517487288986474,0.8184619159892239,-0.1448713237280361,0.8424579111090277
3809,23,0.0,0.0,23,6.60251315888883e-30,6.968292373910313e-30,6.968292373910313e-30,2.249999999999999,0.08937340631690521,9.220987589656692,131.19457313954123,6.968292373910313e-30,0.0,0.0,6.968292373910313e-30
3809,23,0.0,0.01,23,0.0004469112686946517,0.009272603805444368,0.009272603805444368,2.1513451424556265,0.08937340631690521,9.220987589656692,3.827318924183826,0.009272603805444368,0.0,0.0,0.009272603805444368
3809,23,0.0,0.1,23,0.018820314015406358,0.10598440364540067,0.10598440364540067,1.7676093160464728,0.08937340631690521,9.220987589656692,1.1331013266948566,0.10598440364540067,0.0,0.0,0.10598440364540067
3809,23,0.2,0.0,23,0.0016255486050790093,0.2735536405067582,0.31355364050675816,2.772539529688474,0.08937340631690521,9.220987589656692,131.19457313954123,6.968292373910313e-30,0.273553640506756,1.1056428572779349e-15,5.24778292558165
3809,23,0.2,0.01,23,0.002783795855011102,0.1451248588399894,0.18512485883998941,2.470667709744652,0.08937340631690521,9.220987589656692,3.827318924183826,0.009272603805444368,0.17478348738434799,-0.03893123234980299,0.16236536077279742
3809,23,0.2,0.1,23,0.02916892203733197,0.12099887579158855,0.16099887579158856,1.856818672433793,0.08937340631690521,9.220987589656692,1.1331013266948566,0.10598440364540067,0.05460097295493562,-0.03958650080874773,0.15130845671319493
3809,23,0.8,0.0,23,0.02600877768126414,4.376858248108106,5.016858248108106,7.622801804834971,0.08937340631690521,9.220987589656692,131.19457313954123,6.968292373910313e-30,4.376858248108096,4.4225714291117396e-15,83.9645268093064
3809,23,0.8,0.01,23,0.033165316767781734,2.650083472555801,3.2900834725558012,5.526037260223907,0.08937340631690521,9.220987589656692,3.827318924183826,0.009272603805444368,2.7965357981495678,-0.15572492939921195,2.4587567152830934
3809,23,0.8,0.1,23,0.13689424139571835,0.8212539676893796,1.4612539676893799,2.7796584170549825,0.08937340631690521,9.220987589656692,1.1331013266948566,0.10598440364540067,0.8736155672789699,-0.15834600323499093,0.831169252730109
3809,24,0.0,0.0,24,1.445083817642885e-29,2.082248772182286e-28,2.082248772182286e-28,2.2500000000000004,0.041804578544901404,9.37517144804441,581.4324746395647,2.082248772182286e-28,0.0,0.0,2.082248772182286e-28
3809,24,0.0,0.01,24,0.0004757474441950675,0.020703939861106867,0.020703939861106867,2.1341465712998806,0.041804578544901404,9.37517144804441,4.487856046022576,0.020703939861106867,0.0,0.0,0.020703939861106867
3809,24,0.0,0.1,24,0.018166507900509058,0.12099876279666989,0.12099876279666989,1.7656710791931507,0.041804578544901404,9.37517144804441,1.1495981735903893,0.12099876279666989,0.0,0.0,0.12099876279666989
3809,24,0.2,0.0,24,2.2308463830658638e-29,16.44705881496564,16.48705881496564,18.281308621789417,0.041804578544901404,9.37517144804441,581.4324746395647,2.082248772182286e-28,16.447058814965676,-1.0767512343867486e-13,23.257298985582594
3809,24,0.2,0.01,24,0.0021394314587813473,0.19562528398377615,0.23562528398377616,2.4523182675849844,0.041804578544901404,9.37517144804441,4.487856046022576,0.020703939861106867,0.1882252646898234,-0.013303920567154057,0.20021818170200992
3809,24,0.2,0.1,24,0.028018738249606046,0.1407183308402127,0.18071833084021272,1.8566240076738048,0.041804578544901404,9.37517144804441,1.1495981735903893,0.12099876279666989,0.05491062257827874,-0.03519105453473579,0.16698268974028546
3809,24,0.8,0.0,24,6.519478294278195e-29,263.15294103945075,263.79294103945074,263.73994026674586,0.041804578544901404,9.37517144804441,581.4324746395647,2.082248772182286e-28,263.1529410394508,-4.3070049375469944e-13,372.1167837693215
3809,24,0.8,0.01,24,0.02549822120951715,2.9790924926296656,3.6190924926296657,5.665536532718176,0.041804578544901404,9.37517144804441,4.487856046022576,0.020703939861106867,3.0116042350371743,-0.05321568226861623,2.892931809315556
3809,24,0.8,0.1,24,0.1335729280443787,0.8588045059101864,1.4988045059101864,2.7884102640551145,0.041804578544901404,9.37517144804441,1.1495981735903893,0.12099876279666989,0.8785699612524598,-0.14076421813894316,0.8567415938945192
3809,25,0.0,0.0,24,4.273269410022602e-30,0.009179688369983657,0.009179688369983657,2.2408203116300163,0.2847697705428979,9.594062596285163,18.106258397981478,0.009179688369983657,0.0,0.0,0.009179688369983657
3809,25,0.0,0.01,24,0.0004237676581101877,0.03485834369401594,0.03485834369401594,2.130388124683949,0.2847697705428979,9.594062596285163,4.634663181395174,0.03485834369401594,0.0,0.0,0.03485834369401594
3809,25,0.0,0.1,24,0.018165710050824777,0.12100675375335718,0.12100675375335718,1.7656790452301487,0.2847697705428979,9.594062596285163,1.1866927604019712,0.12100675375335718,0.0,0.0,0.12100675375335718
3809,25,0.2,0.0,24,4.585157715099912e-30,0.5465505796164094,0.5865505796164094,3.1267602550511002,0.2847697705428979,9.594062596285163,18.106258397981478,0.009179688369983657,0.5373708912464197,4.9212345221696614e-15,0.7334300242892429
3809,25,0.2,0.01,24,0.0018761224973509677,0.19694071165232555,0.23694071165232555,2.4706073307639436,0.2847697705428979,9.594062596285163,4.634663181395174,0.03485834369401594,0.2184955649305638,-0.056413196972254304,0.22024487094982295
3809,25,0.2,0.1,24,0.02797679514197902,0.14097570252578115,0.18097570252578116,1.856878512334812,0.2847697705428979,9.594062596285163,1.1866927604019712,0.12100675375335718,0.05425438401064132,-0.03428543523821733,0.16847446416943604
3809,25,0.8,0.0,24,4.8646422488629064e-30,8.607113948312728,9.247113948312728,12.233030780271395,0.2847697705428979,9.594062596285163,18.106258397981478,0.009179688369983657,8.597934259942715,1.9684938088678646e-14,11.59718506307813
3809,25,0.8,0.01,24,0.016891861449292042,3.30513459469402,3.94513459469402,6.113211728170696,0.2847697705428979,9.594062596285163,4.634663181395174,0.03485834369401594,3.4959290388890207,-0.22565278788901721,3.001042779786928
3809,25,0.8,0.1,24,0.13400054922343127,0.8519351569707486,1.4919351569707486,2.781529521776498,0.2847697705428979,9.594062596285163,1.1866927604019712,0.12100675375335718,0.8680701441702611,-0.13714174095286932,0.880490120410619
3809,26,0.0,0.0,24,1.2429855564578001e-29,0.009914595541646901,0.009914595541646901,2.240085404458356,0.28519167724445627,9.59474958844057,16.448562443845198,0.009914595541646901,0.0,0.0,0.009914595541646901
3809,26,0.0,0.01,24,0.00042353822969875096,0.03530600095735133,0.03530600095735133,2.1299863531028955,0.28519167724445627,9.59474958844057,3.9786155449313236,0.03530600095735133,0.0,0.0,0.03530600095735133
3809,26,0.0,0.1,24,0.01814142995688718,0.12158780031725946,0.12158780031725946,1.7655836005449945,0.28519167724445627,9.59474958844057,1.2108735480204207,0.12158780031725946,0.0,0.0,0.12158780031725946
3809,26,0.2,0.0,24,1.100209949913893e-29,0.5451213765666941,0.5851213765666942,3.121339000459103,0.28519167724445627,9.59474958844057,16.448562443845198,0.009914595541646901,0.5352067810250519,-4.980523163272677e-15,0.667857093295455
3809,26,0.2,0.01,24,0.0018658356137958405,0.1982830584348209,0.23828305843482092,2.470665889022359,0.28519167724445627,9.59474958844057,3.9786155449313236,0.03530600095735133,0.21872082555702896,-0.05574376807955947,0.19445062275460429
3809,26,0.2,0.1,24,0.027975332444347727,0.1410124404898737,0.18101244048987372,1.8568927656481085,0.28519167724445627,9.59474958844057,1.2108735480204207,0.12158780031725946,0.05374752832677477,-0.034322888154160534,0.17002274223807629
3809,26,0.8,0.0,24,1.672862749694753e-29,8.573223091942468,9.213223091942469,12.18758116076198,0.28519167724445627,9.59474958844057,16.448562443845198,0.009914595541646901,8.56330849640083,-1.992209265309071e-14,10.536994559602576
3809,26,0.8,0.01,24,0.016811044205705342,3.311864137551578,3.951864137551578,6.117354403465099,0.28519167724445627,9.59474958844057,3.9786155449313236,0.03530600095735133,3.4995332089124633,-0.22297507231823788,2.581619949713399
3809,26,0.8,0.1,24,0.13429640397126408,0.8442567009290136,1.4842567009290137,2.7757906008787465,0.28519167724445627,9.59474958844057,1.2108735480204207,0.12158780031725946,0.8599604532283963,-0.13729155261664214,0.8965468710503288
3809,28,0.0,0.0,24,9.423519044930034e-30,0.06074489740907087,0.06074489740907087,2.1892551025909346,0.3303708321930081,9.719966456853271,12.540930181679936,0.06074489740907087,0.0,0.0,0.06074489740907087
3809,28,0.0,0.01,24,0.00046841347716291393,0.10841964895025369,0.10841964895025369,2.0478976556171586,0.3303708321930081,9.719966456853271,3.6562190899426854,0.10841964895025369,0.0,0.0,0.10841964895025369
3809,28,0.0,0.1,24,0.015403076815394523,0.19861453211489846,0.19861453211489846,1.7433239315772082,0.3303708321930081,9.719966456853271,1.1542113243906282,0.19861453211489846,0.0,0.0,0.19861453211489846
3809,28,0.2,0.0,24,8.608168578265595e-30,0.4097168983173531,0.44971689831735306,2.8298288784296837,0.3303708321930081,9.719966456853271,12.540930181679936,0.06074489740907087,0.3489720009082797,2.3667032978970863e-15,0.5623821046762684
3809,28,0.2,0.01,24,0.001528539781429789,0.22405551539533192,0.2640555153953319,2.286250371928388,0.3303708321930081,9.719966456853271,3.6562190899426854,0.10841964895025369,0.1693990095648571,-0.05376314311977881,0.25466841254796113
3809,28,0.2,0.1,24,0.021596246891323907,0.2402015671183416,0.2802015671183416,1.8357335513184205,0.3303708321930081,9.719966456853271,1.1542113243906282,0.19861453211489846,0.05674027856277569,-0.015153243559332672,0.2447829850905236
3809,28,0.8,0.0,24,1.0289858506872124e-29,5.644296911941555,6.284296911941555,8.939214216845288,0.3303708321930081,9.719966456853271,12.540930181679936,0.06074489740907087,5.583552014532475,9.466813191588345e-15,8.086940213684231
3809,28,0.8,0.01,24,0.010978857171059472,2.6037512295088523,3.2437512295088524,5.034096635640361,0.3303708321930081,9.719966456853271,3.6562190899426854,0.10841964895025369,2.7103841530377135,-0.21505257247911524,2.4483998665135727
3809,28,0.8,0.1,24,0.0963099057590653,1.045846014881979,1.6858460148819792,2.793845753295362,0.3303708321930081,9.719966456853271,1.1542113243906282,0.19861453211489846,0.9078444570044111,-0.06061297423733069,0.9373097797249006
3809,32,0.0,0.0,24,1.6503109125167888e-29,0.26506766740229165,0.26506766740229165,1.9849323325977053,0.7830627038506262,9.902987533359022,3.9249925537851933,0.26506766740229165,0.0,0.0,0.26506766740229165
3809,32,0.0,0.01,24,0.000197278000319806,0.2657808542236668,0.2657808542236668,1.9447635457123753,0.7830627038506262,9.902987533359022,2.8677595049081495,0.2657808542236668,0.0,0.0,0.2657808542236668
3809,32,0.0,0.1,24,0.013523724193333928,0.29477818679399626,0.29477818679399626,1.6847473293393285,0.7830627038506262,9.902987533359022,1.1017431084154445,0.29477818679399626,0.0,0.0,0.29477818679399626
3809,32,0.2,0.0,24,1.6247305505012753e-29,0.480195601022699,0.520195601022699,2.293612969810778,0.7830627038506262,9.902987533359022,3.9249925537851933,0.26506766740229165,0.21512793362040827,-6.279698983036042e-16,0.4220673695536994
3809,32,0.2,0.01,24,0.0005120297217743823,0.4170608733924982,0.45706087339249823,2.1816225937634526,0.7830627038506262,9.902987533359022,2.8677595049081495,0.2657808542236668,0.157374533330741,-0.006094514161909627,0.38049123441999283
3809,32,0.2,0.1,24,0.018979188039146735,0.3348352878012446,0.37483528780124464,1.7889152729371,0.7830627038506262,9.902987533359022,1.1017431084154445,0.29477818679399626,0.052210174778587116,-0.012153073771338879,0.338847911130614
3809,32,0.8,0.0,24,1.7543552654082582e-29,3.707114605328821,4.347114605328821,5.801190084894895,0.7830627038506262,9.902987533359022,3.9249925537851933,0.26506766740229165,3.4420469379265324,-2.5118795932144167e-15,2.777062901824816
3809,32,0.8,0.01,24,0.004501963844163883,2.759395330867885,3.3993953308678853,4.780694137885575,0.7830627038506262,9.902987533359022,2.8677595049081495,0.2657808542236668,2.517992533291856,-0.024378056647638507,2.1011469373648826
3809,32,0.8,0.1,24,0.08622745720073181,1.0815286881660349,1.721528688166035,2.7279412010734605,0.7830627038506262,9.902987533359022,1.1017431084154445,0.29477818679399626,0.8353627964573939,-0.048612295085355514,0.9998937761798808
3809,48,0.0,0.0,24,1.765379609398255e-29,0.8414282754829224,0.8414282754829224,1.4085717245170777,1.7271145044877783,11.162494730722006,1.3165162999713504,0.8414282754829224,0.0,0.0,0.8414282754829224
3809,48,0.0,0.01,24,8.818483723015164e-05,0.8415782582903093,0.8415782582903093,1.3907847742636594,1.7271145044877783,11.162494730722006,1.2224176215910796,0.8415782582903093,0.0,0.0,0.8415782582903093
3809,48,0.0,0.1,24,0.00703712705961316,0.850437239406459,0.850437239406459,1.2588202194012776,1.7271145044877783,11.162494730722006,0.7731958647723498,0.850437239406459,0.0,0.0,0.850437239406459
3809,48,0.2,0.0,24,1.3942095756910858e-29,0.9296585480400726,0.9696585480400727,1.5461471013592458,1.7271145044877783,11.162494730722006,1.3165162999713504,0.8414282754829224,0.08823027255714935,7.389922007661198e-16,0.8940889274817765
3809,48,0.2,0.01,24,0.00016391974007059563,0.9173081181876968,0.9573081181876968,1.5126263220105947,1.7271145044877783,11.162494730722006,1.2224176215910796,0.8415782582903093,0.07872406645096652,-0.002994206553579057,0.8904749631539525
3809,48,0.2,0.1,24,0.00989488519335478,0.879681104953738,0.919681104953738,1.317976583154553,1.7271145044877783,11.162494730722006,0.7731958647723498,0.850437239406459,0.04007874402857695,-0.010834878481297829,0.881365073997353
3809,48,0.8,0.0,24,1.6202206645481687e-29,2.253112636397315,2.893112636397315,3.0176365025715413,1.7271145044877783,11.162494730722006,1.3165162999713504,0.8414282754829224,1.4116843609143896,2.9559688030644793e-15,1.6839987074645868
3809,48,0.8,0.01,24,0.0009406384962477311,2.0891864952914574,2.7291864952914575,2.822839762662997,1.7271145044877783,11.162494730722006,1.2224176215910796,0.8415782582903093,1.2595850632154644,-0.011976826214316227,1.6239255361086005
3809,48,0.8,0.1,24,0.03975940302192164,1.4483576299384988,2.088357629938499,1.9763906027573013,1.7271145044877783,11.162494730722006,0.7731958647723498,0.850437239406459,0.6412599044572312,-0.043339513925191316,1.345282592860763
3809,72,0.0,0.0,24,1.2658575794890187e-29,1.0880009622030102,1.0880009622030102,1.1619990377969895,3.595479509122883,13.38138097305817,0.526401690528312,1.0880009622030102,0.0,0.0,1.0880009622030102
3809,72,0.0,0.01,24,5.58858963915709e-05,1.0880493186487559,1.0880493186487559,1.150773502072931,3.595479509122883,13.38138097305817,0.5175797256378312,1.0880493186487559,0.0,0.0,1.0880493186487559
3809,72,0.0,0.1,24,0.004846220501509691,1.0919687765995145,1.0919687765995145,1.0611068133702928,3.595479509122883,13.38138097305817,0.4500738206101794,1.0919687765995145,0.0,0.0,1.0919687765995145
3809,72,0.2,0.0,24,1.370774218151134e-29,1.1187844657262518,1.1587844657262518,1.2262587811743535,3.595479509122883,13.38138097305817,0.526401690528312,1.0880009622030102,0.030783503523241627,1.2880324825556984e-16,1.1090570298241427
3809,72,0.2,0.01,24,6.453180578607191e-05,1.1175709821313133,1.1575709821313134,1.2132884450284578,3.595479509122883,13.38138097305817,0.5175797256378312,1.0880493186487559,0.02999522611400312,-0.00047356263144590036,1.108752507674269
3809,72,0.2,0.1,24,0.005491695034243463,1.1128113190031768,1.1528113190031768,1.1113127925703286,3.595479509122883,13.38138097305817,0.4500738206101794,1.0919687765995145,0.024280669378051508,-0.003438126974389555,1.1099717294239217
3809,72,0.8,0.0,24,1.309709399381096e-29,1.5805370185748764,2.2205370185748765,1.788440053585346,3.595479509122883,13.38138097305817,0.526401690528312,1.0880009622030102,0.49253605637186604,5.152129930222794e-16,1.42489804414113
3809,72,0.8,0.01,24,0.00013739293093009282,1.5660786859470224,2.2060786859470225,1.7607759872630746,3.595479509122883,13.38138097305817,0.5175797256378312,1.0880493186487559,0.4799236178240499,-0.0018942505257836014,1.419300343056968
3809,72,0.8,0.1,24,0.011048060655982522,1.4667069787507805,2.106706978750781,1.553298762707054,3.595479509122883,13.38138097305817,0.4500738206101794,1.0919687765995145,0.38849071004882413,-0.01375250789755822,1.3800160217900295
3809,96,0.0,0.0,24,1.0501205244144318e-29,1.392067908892914,1.392067908892914,0.8579320911070871,5.5309965038596385,14.858701140576212,0.32883714713932766,1.392067908892914,0.0,0.0,1.392067908892914
3809,96,0.0,0.01,24,2.5047961202823816e-05,1.3920789044727866,1.3920789044727866,0.8529115032866479,5.5309965038596385,14.858701140576212,0.3259646486804773,1.3920789044727866,0.0,0.0,1.3920789044727866
3809,96,0.0,0.1,24,0.002322204101047797,1.39306268534793,1.39306268534793,0.8104932326311138,5.5309965038596385,14.858701140576212,0.30205722529368834,1.39306268534793,0.0,0.0,1.39306268534793
3809,96,0.2,0.0,24,1.2511258203560768e-29,1.408271914672998,1.448271914672998,0.8900670284810197,5.5309965038596385,14.858701140576212,0.32883714713932766,1.392067908892914,0.016204005780084314,-1.0581813203458523e-16,1.405221394778487
3809,96,0.2,0.01,24,2.690216685398838e-05,1.4080080026190527,1.4480080026190527,0.8846743170707977,5.5309965038596385,14.858701140576212,0.3259646486804773,1.3920789044727866,0.01602558936721979,-9.649122095399662e-05,1.4051174904200057
3809,96,0.2,0.1,24,0.002486721293859077,1.4067740365046224,1.4467740365046224,0.83922447813035,5.5309965038596385,14.858701140576212,0.30205722529368834,1.39306268534793,0.01455875363303569,-0.0008474024763428789,1.4051449743596776
3809,96,0.8,0.0,24,1.4932120044823117e-29,1.6513320013742625,2.2913320013742626,1.1809199099638295,5.5309965038596385,14.858701140576212,0.32883714713932766,1.392067908892914,0.259264092481349,-4.2327252813834093e-16,1.6025236830620837
3809,96,0.8,0.01,24,4.313630510697123e-05,1.6481023694644876,2.2881023694644878,1.1722698308298847,5.5309965038596385,14.858701140576212,0.3259646486804773,1.3920789044727866,0.2564094298755166,-0.00038596488381598647,1.6006962796282922
3809,96,0.8,0.1,24,0.003937596214416726,1.6226131335711291,2.2626131335711293,1.1001232582244864,5.5309965038596385,14.858701140576212,0.30205722529368834,1.39306268534793,0.23294005812857105,-0.0033896099053715156,1.5863793095358907
3810,1,0.0,0.0,1,0.9397748859250806,1.2719318273314113,1.2719318273314113,1.31811979016185,5.249922366298872,5.249922366298872,0.03628225216868205,1.2719318273314113,0.0,0.0,1.2719318273314113
3810,1,0.0,0.01,1,0.9398876912634887,1.2690945357864833,1.2690945357864833,1.2954604945186203,5.249922366298872,5.249922366298872,0.035658537780484126,1.2690945357864833,0.0,0.0,1.2690945357864833
3810,1,0.0,0.1,1,0.949487573553912,1.2531504655222339,1.2531504655222339,1.1154084812223855,5.249922366298872,5.249922366298872,0.0307024688414913,1.2531504655222339,0.0,0.0,1.2531504655222339
3810,1,0.2,0.0,1,1.099823859405516,1.2617189301138965,1.3017189301138965,1.2282269448745196,5.249922366298872,5.249922366298872,0.03628225216868205,1.2719318273314113,0.0015872235311021287,-0.011800120748616917,1.2733831174181587
3810,1,0.2,0.01,1,1.0999289716701166,1.2597391095033226,1.2997391095033226,1.2071129629218813,5.249922366298872,5.249922366298872,0.035658537780484126,1.2690945357864833,0.0015599381754678595,-0.010915364458628493,1.2705208772977028
3810,1,0.2,0.1,1,1.1088741632867858,1.2503794823819354,1.2903794823819354,1.039340097466165,5.249922366298872,5.249922366298872,0.0307024688414913,1.2531504655222339,0.0013431272342627313,-0.004114110374561222,1.2543785642758936
3810,1,0.8,0.0,1,2.034394889877867,1.2501269208345778,1.890126920834578,0.9775950913857538,5.249922366298872,5.249922366298872,0.03628225216868205,1.2719318273314113,0.02539557649763406,-0.04720048299446767,1.2951524687193678
3810,1,0.8,0.01,1,2.0344785529454676,1.250392088759455,1.8903920887594552,0.9607896262372788,5.249922366298872,5.249922366298872,0.035658537780484126,1.2690945357864833,0.024959010807485752,-0.04366145783451397,1.2919159999659933
3810,1,0.8,0.1,1,2.041598389757755,1.2581840597721927,1.8981840597721928,0.8272524730086572,5.249922366298872,5.249922366298872,0.0307024688414913,1.2531504655222339,0.0214900357482037,-0.01645644149824489,1.2728000455807882
3810,2,0.0,0.0,2,0.2339012547365309,0.2538159415784695,0.2538159415784695,1.9914686279930758,3.816545205665943,5.441467550904749,0.10242581169657586,0.2538159415784695,0.0,0.0,0.2538159415784695
3810,2,0.0,0.01,2,0.23409026917573036,0.2535062358293975,0.2535062358293975,1.953461989438576,3.816545205665943,5.441467550904749,0.09967726747181183,0.2535062358293975,0.0,0.0,0.2535062358293975
3810,2,0.0,0.1,2,0.24968566093001987,0.266325925087361,0.266325925087361,1.6591370343215448,3.816545205665943,5.441467550904749,0.0795018619961412,0.266325925087361,0.0,0.0,0.266325925087361
3810,2,0.2,0.0,2,0.29654073057261715,0.27199121772073714,0.3119912177207371,2.0429032621936405,3.816545205665943,5.441467550904749,0.10242581169657586,0.2538159415784695,0.007618978646144999,0.010556297496122677,0.2579129740463325
3810,2,0.2,0.01,2,0.2967426576486097,0.27011104605649033,0.3101110460564903,2.002288875101119,3.816545205665943,5.441467550904749,0.09967726747181183,0.2535062358293975,0.00738287929001035,0.009221930937082484,0.25749332652827
3810,2,0.2,0.1,2,0.3132576333616414,0.2727305985090123,0.3127305985090123,1.6900421991914585,3.816545205665943,5.441467550904749,0.0795018619961412,0.266325925087361,0.005681275087686171,0.0007233983339650244,0.26950599956720667
3810,2,0.8,0.0,2,0.9011197414445066,0.41794478990128003,1.0579447899012802,2.288634908549077,3.816545205665943,5.441467550904749,0.10242581169657586,0.2538159415784695,0.12190365833831998,0.04222518998449071,0.3193684610642781
3810,2,0.8,0.01,2,0.9013744588325937,0.4085200282178932,1.0485200282178933,2.2373640835688784,3.816545205665943,5.441467550904749,0.09967726747181183,0.2535062358293975,0.1181260686401656,0.03688772374832994,0.31729968701135713
3810,2,0.8,0.1,2,0.921710040139056,0.36011991982619995,1.0001199198262,1.8509329948534374,3.816545205665943,5.441467550904749,0.0795018619961412,0.266325925087361,0.09090040140297874,0.0028935933358600974,0.3172071167648914
3810,3,0.0,0.0,3,9.768598874942548e-31,1.0970096963229695e-30,1.0970096963229695e-30,2.249999999999999,3.7759562812390897,5.477938773229261,0.14764003786371965,1.0970096963229695e-30,0.0,0.0,1.0970096963229695e-30
3810,3,0.0,0.01,3,0.0002120980375947454,0.0002171109736081031,0.0002171109736081031,2.207363281507444,3.7759562812390897,5.477938773229261,0.1438882685359863,0.0002171109736081031,0.0,0.0,0.0002171109736081031
3810,3,0.0,0.1,3,0.017843783757706944,0.01803056382429201,0.01803056382429201,1.87509376102157,3.7759562812390897,5.477938773229261,0.11606851555615127,0.01803056382429201,0.0,0.0,0.01803056382429201
3810,3,0.2,0.0,3,0.03388866999017789,0.007892966410069124,0.047892966410069134,2.3217284529251963,3.7759562812390897,5.477938773229261,0.14764003786371965,1.0970096963229695e-30,0.00789296641006915,-7.62072106595567e-18,0.005905601514548787
3810,3,0.2,0.01,3,0.03411397169160124,0.0066758951970421225,0.04667589519704213,2.2764286240986604,3.7759562812390897,5.477938773229261,0.1438882685359863,0.0002171109736081031,0.007667062009235548,-0.001208277785801572,0.005972641715047557
3810,3,0.2,0.1,3,0.05272865761930413,0.014959591229943543,0.05495959122994355,1.9251916171237833,3.7759562812390897,5.477938773229261,0.11606851555615127,0.01803056382429201,0.006021919500441405,-0.009092892094789926,0.022673304446538062
3810,3,0.8,0.0,3,0.5422187198428464,0.12628746256110637,0.7662874625611065,2.6316294086216185,3.7759562812390897,5.477938773229261,0.14764003786371965,1.0970096963229695e-30,0.1262874625611064,-3.048288426382268e-17,0.0944896242327806
3810,3,0.8,0.01,3,0.5424970831674023,0.11805699197817072,0.7580569919781709,2.575629395983137,3.7759562812390897,5.477938773229261,0.1438882685359863,0.0002171109736081031,0.12267299214776876,-0.004833111143206288,0.09230560283663936
3810,3,0.8,0.1,3,0.5650902950295137,0.07800970745219489,0.7180097074521951,2.1477482194357207,3.7759562812390897,5.477938773229261,0.11606851555615127,0.01803056382429201,0.09635071200706248,-0.036371568379159704,0.09231441378022884
3810,4,0.0,0.0,4,8.533238869455293e-31,9.059619046359465e-31,9.059619046359465e-31,2.2500000000000027,3.551745633698013,6.481210628555293,0.19646210728065489,9.059619046359465e-31,0.0,0.0,9.059619046359465e-31
3810,4,0.0,0.01,4,0.000254397118714361,0.0003556824712620213,0.0003556824712620213,2.1987648937858646,3.551745633698013,6.481210628555293,0.1911727062772106,0.0003556824712620213,0.0,0.0,0.0003556824712620213
3810,4,0.0,0.1,4,0.02023371224097136,0.027490029782255246,0.027490029782255246,1.8178357253983157,3.551745633698013,6.481210628555293,0.15258122401629906,0.027490029782255246,0.0,0.0,0.027490029782255246
3810,4,0.2,0.0,4,0.032402451825123434,0.008260554452262899,0.048260554452262905,2.270314926254352,3.551745633698013,6.481210628555293,0.19646210728065489,9.059619046359465e-31,0.008260554452262928,-2.2723314838612078e-17,0.007858484291226197
3810,4,0.2,0.01,4,0.032661156300647594,0.00808644752416204,0.04808644752416205,2.218206988109416,3.551745633698013,6.481210628555293,0.1911727062772106,0.0003556824712620213,0.008063730765755674,-0.00033296571285567825,0.008002590722350447
3810,4,0.2,0.1,4,0.05291706421432521,0.03205370159150052,0.07205370159150053,1.8317632946627482,3.551745633698013,6.481210628555293,0.15258122401629906,0.027490029782255246,0.006586238997233655,-0.002022567187988355,0.03359327874290721
3810,4,0.8,0.0,4,0.5184392292019749,0.13216887123620677,0.7721688712362069,2.4303863584445575,3.551745633698013,6.481210628555293,0.19646210728065489,9.059619046359465e-31,0.13216887123620685,-9.089325935444831e-17,0.12573574865961915
3810,4,0.8,0.01,4,0.5187225881441035,0.12804351187193017,0.7680435118719303,2.37329804026914,3.551745633698013,6.481210628555293,0.1911727062772106,0.0003556824712620213,0.12901969225209078,-0.001331862851422713,0.12270621448867684
3810,4,0.8,0.1,4,0.5407402631890471,0.12477958498604022,0.7647795849860404,1.9525808704228496,3.551745633698013,6.481210628555293,0.15258122401629906,0.027490029782255246,0.10537982395573849,-0.00809026875195342,0.12514201315268667
3810,8,0.0,0.0,8,4.9097937705408905e-30,6.744426109311814e-30,6.744426109311814e-30,2.250000000000001,2.4778713282976987,7.194175453012275,0.5054074719801188,6.744426109311814e-30,0.0,0.0,6.744426109311814e-30
3810,8,0.0,0.01,8,0.00032937549505492064,0.0007466094009866728,0.0007466094009866728,2.1833782915880287,2.4778713282976987,7.194175453012275,0.48280808781835094,0.0007466094009866728,0.0,0.0,0.0007466094009866728
3810,8,0.0,0.1,8,0.023428561863187942,0.04853809455390349,0.04853809455390349,1.7328906681823382,2.4778713282976987,7.194175453012275,0.34262821340854865,0.04853809455390349,0.0,0.0,0.04853809455390349
3810,8,0.2,0.0,8,0.01673387497502961,0.021197676305492182,0.061197676305492194,2.3097188596565985,2.4778713282976987,7.194175453012275,0.5054074719801188,6.744426109311814e-30,0.021197676305492262,-9.339300526127638e-17,0.020216298879204758
3810,8,0.2,0.01,8,0.017068291735884523,0.021230600474392063,0.06123060047439207,2.2420971574032444,2.4778713282976987,7.194175453012275,0.48280808781835094,0.0007466094009866728,0.02078101380596712,-0.00029702273256171515,0.020058932913720715
3810,8,0.2,0.1,8,0.040699298253392545,0.0624655847153649,0.1024655847153649,1.7819430043366586,2.4778713282976987,7.194175453012275,0.34262821340854865,0.04853809455390349,0.01758510872709532,-0.0036576185656339195,0.062243223090245436
3810,8,0.8,0.0,8,0.26774199960047385,0.33916282088787575,0.9791628208878759,2.7432475542923007,2.4778713282976987,7.194175453012275,0.5054074719801188,6.744426109311814e-30,0.3391628208878762,-3.735720210451055e-16,0.32346078206727613
3810,8,0.8,0.01,8,0.26811639262042125,0.33205473936621355,0.9720547393662137,2.6676259205204955,2.4778713282976987,7.194175453012275,0.48280808781835094,0.0007466094009866728,0.3324962208954739,-0.0011880909302468606,0.30974378560473137
3810,8,0.8,0.1,8,0.2953712018277012,0.31526935992489297,0.9552693599248931,2.140121317524764,2.4778713282976987,7.194175453012275,0.34262821340854865,0.04853809455390349,0.2813617396335251,-0.014630474262535678,0.26782015113537466
3810,12,0.0,0.0,12,1.455004964886612e-29,1.8433761610272922e-29,1.8433761610272922e-29,2.249999999999995,1.8784044659933155,7.915972287970246,0.9213812997883362,1.8433761610272922e-29,0.0,0.0,1.8433761610272922e-29
3810,12,0.0,0.01,12,0.00035862501967594816,0.00101217993237658,0.00101217993237658,2.1772628161324388,1.8784044659933155,7.915972287970246,0.8604128841335634,0.00101217993237658,0.0,0.0,0.00101217993237658
3810,12,0.0,0.1,12,0.0241955033827599,0.05822739959398243,0.05822739959398243,1.707862532750824,1.8784044659933155,7.915972287970246,0.5470810175533708,0.05822739959398243,0.0,0.0,0.05822739959398243
3810,12,0.2,0.0,12,0.013065050882755377,0.025475418113223944,0.06547541811322395,2.3766507729827078,1.8784044659933155,7.915972287970246,0.9213812997883362,1.8433761610272922e-29,0.025475418113224357,-3.6489418735972735e-16,0.03685525199153345
3810,12,0.2,0.01,12,0.01345958844737618,0.022478052540989484,0.062478052540989495,2.2965639306895533,1.8784044659933155,7.915972287970246,0.8604128841335634,0.00101217993237658,0.0246531338975554,-0.0031872612889424796,0.03542869529771912
3810,12,0.2,0.1,12,0.03922806327188369,0.060739468661084116,0.10073946866108413,1.7874263268767736,1.8784044659933155,7.915972287970246,0.5470810175533708,0.05822739959398243,0.019603952496618057,-0.017091883429516345,0.08011064029611727
3810,12,0.8,0.0,12,0.20904081412408604,0.4076066898115881,1.0476066898115883,3.06230810928954,1.8784044659933155,7.915972287970246,0.9213812997883362,1.8433761610272922e-29,0.4076066898115897,-1.4595767494389094e-15,0.5896840318645352
3810,12,0.8,0.01,12,0.20959156850820637,0.38271327713749315,1.0227132771374934,2.950304881131564,1.8784044659933155,7.915972287970246,0.8604128841335634,0.00101217993237658,0.3944501423608864,-0.012749045155769918,0.5516764257778572
3810,12,0.8,0.1,12,0.24420620149332117,0.303523105821806,0.9435231058218061,2.26136513921404,1.8784044659933155,7.915972287970246,0.5470810175533708,0.05822739959398243,0.3136632399458889,-0.06836753371806538,0.4083592508281398
3810,16,0.0,0.0,16,1.6802635868958917e-29,9.978021108536834e-30,9.978021108536834e-30,2.25,1.1168394466843679,8.503917339194697,2.0511078503575875,9.978021108536834e-30,0.0,0.0,9.978021108536834e-30
3810,16,0.0,0.01,16,0.00045711907235589257,0.0036070886664058667,0.0036070886664058667,2.1549690968624162,1.1168394466843679,8.503917339194697,1.7186083492129092,0.0036070886664058667,0.0,0.0,0.0036070886664058667
3810,16,0.0,0.1,16,0.024050621008757617,0.09422196684313472,0.09422196684313472,1.6747656129817141,1.1168394466843679,8.503917339194697,0.7927963581897308,0.09422196684313472,0.0,0.0,0.09422196684313472
3810,16,0.2,0.0,16,0.009871977265826495,0.03297991058047506,0.07297991058047507,2.38271114459482,1.1168394466843679,8.503917339194697,2.0511078503575875,9.978021108536834e-30,0.03297991058047524,-1.7895748017233447e-16,0.08204431401430351
3810,16,0.2,0.01,16,0.010366605306217571,0.0320153410510328,0.0720153410510328,2.280096474344008,1.1168394466843679,8.503917339194697,1.7186083492129092,0.0036070886664058667,0.03138199971455412,-0.0029737473299271885,0.07235142263492225
3810,16,0.2,0.1,16,0.03609940851014399,0.09964952103068579,0.13964952103068579,1.7559688286740676,1.1168394466843679,8.503917339194697,0.7927963581897308,0.09422196684313472,0.023121735399073143,-0.01769418121152206,0.12593382117072396
3810,16,0.8,0.0,16,0.15795163625322386,0.527678569287603,1.1676785692876033,3.176603505344983,1.1168394466843679,8.503917339194697,2.0511078503575875,9.978021108536834e-30,0.5276785692876038,-7.158299206893379e-16,1.3127090242288562
3810,16,0.8,0.01,16,0.15865204913455147,0.49382409477956307,1.1338240947795633,3.0320626033634306,1.1168394466843679,8.503917339194697,1.7186083492129092,0.0036070886664058667,0.5021119954328659,-0.011894989319708754,1.103516432162668
3810,16,0.8,0.1,16,0.1955982035771131,0.3933930083822168,1.033393008382217,2.2770393005400065,1.1168394466843679,8.503917339194697,0.7927963581897308,0.09422196684313472,0.3699477663851703,-0.07077672484608824,0.6016116360845625
3810,20,0.0,0.0,20,7.160210811724969e-30,1.0237215167864898e-29,1.0237215167864898e-29,2.250000000000001,0.7877389996977789,8.959331113965883,4.266460426270041,1.0237215167864898e-29,0.0,0.0,1.0237215167864898e-29
3810,20,0.0,0.01,20,0.000664702505213524,0.013448505035618735,0.013448505035618735,2.103610993921677,0.7877389996977789,8.959331113965883,3.0334983230052224,0.013448505035618735,0.0,0.0,0.013448505035618735
3810,20,0.0,0.1,20,0.025038291694464015,0.15878013866639135,0.15878013866639135,1.5904540274443297,0.7877389996977789,8.959331113965883,1.013277098434451,0.15878013866639135,0.0,0.0,0.15878013866639135
3810,20,0.2,0.0,20,0.0021336733026183917,0.19893009145855559,0.2389300914585556,2.8591937620030783,0.7877389996977789,8.959331113965883,4.266460426270041,1.0237215167864898e-29,0.1989300914585538,1.5689268925426072e-15,0.17065841705080168
3810,20,0.2,0.01,20,0.003806834569394252,0.06741250228349036,0.10741250228349036,2.4748650481213676,0.7877389996977789,8.959331113965883,3.0334983230052224,0.013448505035618735,0.12247986537775817,-0.06851586812988657,0.13478843795582765
3810,20,0.2,0.1,20,0.037336670323868754,0.1232899643753404,0.1632899643753404,1.68130275307238,0.7877389996977789,8.959331113965883,1.013277098434451,0.15878013866639135,0.03423191031681078,-0.06972208460786175,0.19931122260376938
3810,20,0.8,0.0,20,0.03413877284189417,3.1828814633368663,3.8228814633368664,7.073936145514955,0.7877389996977789,8.959331113965883,4.266460426270041,1.0237215167864898e-29,3.182881463336861,6.275707570170429e-15,2.730534672812827
3810,20,0.8,0.01,20,0.042716911356518804,1.6990628785602022,2.3390628785602026,5.0583855952535375,0.7877389996977789,8.959331113965883,3.0334983230052224,0.013448505035618735,1.9596778460441306,-0.27406347251954627,1.9548874317589615
3810,20,0.8,0.1,20,0.1381458482355057,0.4276023653039169,1.067602365303917,2.364631853758261,0.7877389996977789,8.959331113965883,1.013277098434451,0.15878013866639135,0.5477105650689725,-0.278888338431447,0.8072774816644401
3810,22,0.0,0.0,22,7.923788941512996e-30,6.0965736758170155e-30,6.0965736758170155e-30,2.2499999999999982,0.48771205858256306,9.052353836133053,8.321916310678391,6.0965736758170155e-30,0.0,0.0,6.0965736758170155e-30
3810,22,0.0,0.01,22,0.0007016781658998765,0.015162604034124297,0.015162604034124297,2.094501762785903,0.48771205858256306,9.052353836133053,4.037330054131818,0.015162604034124297,0.0,0.0,0.015162604034124297
3810,22,0.0,0.1,22,0.02487462599197317,0.17397894272168615,0.17397894272168615,1.5785285374388518,0.48771205858256306,9.052353836133053,1.0660139225533845,0.17397894272168615,0.0,0.0,0.17397894272168615
3810,22,0.2,0.0,22,0.0014458764684175008,0.33890978592240134,0.3789097859224013,3.025938891228329,0.48771205858256306,9.052353836133053,8.321916310678391,6.0965736758170155e-30,0.33890978592240145,1.4663799153076597e-17,0.3328766524271357
3810,22,0.2,0.01,22,0.0036034588096684,0.07991063663251508,0.11991063663251508,2.477330390546564,0.48771205858256306,9.052353836133053,4.037330054131818,0.015162604034124297,0.1408886988246488,-0.07614066622625804,0.17665580619939703
3810,22,0.2,0.1,22,0.03701526356409068,0.13979586715232195,0.17979586715232196,1.6681280539254555,0.48771205858256306,9.052353836133053,1.0660139225533845,0.17397894272168615,0.03393193301667521,-0.06811500858603947,0.21661949962382154
3810,22,0.8,0.0,22,0.023134023494680064,5.422556574758421,6.062556574758421,9.420672995982141,0.48771205858256306,9.052353836133053,8.321916310678391,6.0965736758170155e-30,5.422556574758423,5.865519661230639e-17,5.326026438834171
3810,22,0.8,0.01,22,0.03799328851904522,1.964819120323473,2.604819120323473,5.3164806597243315,0.48771205858256306,9.052353836133053,4.037330054131818,0.015162604034124297,2.254219181194381,-0.30456266490503214,2.599053838678488
3810,22,0.8,0.1,22,0.13738681684260606,0.4444298366443317,1.084429836644332,2.3441097995853672,0.48771205858256306,9.052353836133053,1.0660139225533845,0.17397894272168615,0.5429109282668033,-0.2724600343441579,0.8562278531558523
3810,23,0.0,0.0,23,4.6760514600404274e-30,7.996728309149459e-29,7.996728309149459e-29,2.2499999999999964,0.0995395521162041,9.13396219919373,107.51608644347972,7.996728309149459e-29,0.0,0.0,7.996728309149459e-29
3810,23,0.0,0.01,23,0.000726973145328947,0.10973843353824742,0.10973843353824742,1.994866937395961,0.0995395521162041,9.13396219919373,3.7990486865803867,0.10973843353824742,0.0,0.0,0.10973843353824742
3810,23,0.0,0.1,23,0.022158998628425745,0.25991442789976177,0.25991442789976177,1.5469055995317225,0.0995395521162041,9.13396219919373,1.0425418649828295,0.25991442789976177,0.0,0.0,0.25991442789976177
3810,23,0.2,0.0,23,0.00013632482360268828,2.9504021005732395,2.9904021005732395,6.704704888211493,0.0995395521162041,9.13396219919373,107.51608644347972,7.996728309149459e-29,2.9504021005732666,-2.845449285492963e-14,4.30064345773919
3810,23,0.2,0.01,23,0.004038805291754189,0.11678334427300616,0.15678334427300616,2.400527205966539,0.0995395521162041,9.13396219919373,3.7990486865803867,0.10973843353824742,0.15398433560307695,-0.14693942486831826,0.2617003810014629
3810,23,0.2,0.1,23,0.03477443348357538,0.22082485062638973,0.2608248506263897,1.637703760406601,0.0995395521162041,9.13396219919373,1.0425418649828295,0.25991442789976177,0.03395623376787883,-0.07304581104125087,0.30161610249907495
3810,23,0.8,0.0,23,0.0021811971776430216,47.20643360917214,47.84643360917214,55.473644759725154,0.0995395521162041,9.13396219919373,107.51608644347972,7.996728309149459e-29,47.206433609172265,-1.1381797141971851e-13,68.81029532382703
3810,23,0.8,0.01,23,0.03608355650393457,1.985730103714205,2.625730103714205,5.465320038915192,0.0995395521162041,9.13396219919373,3.7990486865803867,0.10973843353824742,2.463749369649231,-0.587757699473273,2.5411295929496953
3810,23,0.8,0.1,23,0.13635098306131882,0.5110309240208197,1.1510309240208199,2.3175730482457837,0.0995395521162041,9.13396219919373,1.0425418649828295,0.25991442789976177,0.5432997402860613,-0.29218324416500346,0.9271412214887729
3810,24,0.0,0.0,24,3.865146397978313e-29,6.690349005738958e-29,6.690349005738958e-29,2.250000000000004,0.09613532081786215,9.149990280529988,116.5786872003416,6.690349005738958e-29,0.0,0.0,6.690349005738958e-29
3810,24,0.0,0.01,24,0.0007132030719420439,0.11213677239759245,0.11213677239759245,1.9952226132139996,0.09613532081786215,9.149990280529988,4.126023896622601,0.11213677239759245,0.0,0.0,0.11213677239759245
3810,24,0.0,0.1,24,0.02255490991173612,0.25860818818110226,0.25860818818110226,1.5402936135841763,0.09613532081786215,9.149990280529988,1.062894933383446,0.25860818818110226,0.0,0.0,0.25860818818110226
3810,24,0.2,0.0,24,3.463124571503681e-29,2.453892338239528,2.493892338239528,6.10203052713643,0.09613532081786215,9.149990280529988,116.5786872003416,6.690349005738958e-29,2.4538923382395086,1.7951515830738682e-14,4.663147488013665
3810,24,0.2,0.01,24,0.0033955761619490787,0.12537399853546402,0.16537399853546403,2.3918483484498876,0.09613532081786215,9.149990280529988,4.126023896622601,0.11213677239759245,0.14368067247410846,-0.13044344633623692,0.27717772826249654
3810,24,0.2,0.1,24,0.03439981143588502,0.22188451781875637,0.2618845178187564,1.6409849174472613,0.09613532081786215,9.149990280529988,1.062894933383446,0.25860818818110226,0.03569362553875198,-0.07241729590109784,0.3011239855164401
3810,24,0.8,0.0,24,2.720504441776596e-29,39.2622774118322,39.9022774118322,47.10483016741979,0.09613532081786215,9.149990280529988,116.5786872003416,6.690349005738958e-29,39.26227741183214,7.180606332295473e-14,74.61035980821865
3810,24,0.8,0.01,24,0.027977958951706055,1.8892537466383796,2.5292537466383798,5.30589362384685,0.09613532081786215,9.149990280529988,4.126023896622601,0.11213677239759245,2.2988907595857353,-0.5217737853449477,2.752792066236058
3810,24,0.8,0.1,24,0.12517257921680147,0.5400370131967429,1.180037013196743,2.371382335501539,0.09613532081786215,9.149990280529988,1.062894933383446,0.25860818818110226,0.5710980086200317,-0.28966918360439137,0.9388609455465078
3810,25,0.0,0.0,24,9.559648633676633e-30,0.11088454812804575,0.11088454812804575,2.139115451871954,0.5037861346374406,9.177649920088458,9.404079765947435,0.11088454812804575,0.0,0.0,0.11088454812804575
3810,25,0.0,0.01,24,0.000686328825077779,0.143808087483108,0.143808087483108,1.968926147501336,0.5037861346374406,9.177649920088458,4.355746813963616,0.143808087483108,0.0,0.0,0.143808087483108
3810,25,0.0,0.1,24,0.02160245444274839,0.28315498476346135,0.28315498476346135,1.53479592638157,0.5037861346374406,9.177649920088458,1.112248210513278,0.28315498476346135,0.0,0.0,0.28315498476346135
3810,25,0.2,0.0,24,1.228000216548847e-29,0.3465056892250892,0.3865056892250892,2.780963496879982,0.5037861346374406,9.177649920088458,9.404079765947435,0.11088454812804575,0.23562114109704416,-8.95627818343654e-16,0.4870477387659432
3810,25,0.2,0.01,24,0.00196666365058808,0.17039958571162503,0.21039958571162504,2.2576363138827182,0.5037861346374406,9.177649920088458,4.355746813963616,0.143808087483108,0.10788732789413973,-0.08129582966562279,0.3180379600416527
3810,25,0.2,0.1,24,0.02869930700406967,0.27305266235050063,0.31305266235050067,1.6267051279683966,0.5037861346374406,9.177649920088458,1.112248210513278,0.28315498476346135,0.034447403644720334,-0.04454972605768108,0.32764491318399247
3810,25,0.8,0.0,24,2.1050311977124192e-29,3.8808228056807494,4.52082280568075,7.5339613250685895,0.5037861346374406,9.177649920088458,9.404079765947435,0.11088454812804575,3.7699382575527065,-3.582511273374616e-15,6.129495598334405
3810,25,0.8,0.01,24,0.01141618647336797,1.5448220151268528,2.184822015126853,4.418414747756542,0.5037861346374406,9.177649920088458,4.355746813963616,0.143808087483108,1.7261972463062356,-0.32518331866249117,2.931486048419823
3810,25,0.8,0.1,24,0.0816924241546714,0.6561145388482628,1.2961145388482629,2.3158015764655207,0.5037861346374406,9.177649920088458,1.112248210513278,0.28315498476346135,0.5511584583155253,-0.17819890423072432,0.9949938394919594
3810,26,0.0,0.0,24,4.832501788283175e-30,0.12009044191802035,0.12009044191802035,2.1299095580819807,0.5382129164513433,9.224865987333205,7.643169398222633,0.12009044191802035,0.0,0.0,0.12009044191802035
3810,26,0.0,0.01,24,0.0006675275966644693,0.14633122697168924,0.14633122697168924,1.9701632536954168,0.5382129164513433,9.224865987333205,3.855632588949113,0.14633122697168924,0.0,0.0,0.14633122697168924
3810,26,0.0,0.1,24,0.02164198654810007,0.2835792864224871,0.2835792864224871,1.5335809826155111,0.5382129164513433,9.224865987333205,1.1202410763099542,0.2835792864224871,0.0,0.0,0.2835792864224871
3810,26,0.2,0.0,24,4.4789747774993624e-30,0.2995123699576955,0.3395123699576955,2.6700671167382444,0.5382129164513433,9.224865987333205,7.643169398222633,0.12009044191802035,0.17942192803967572,-5.107606745651638e-16,0.4258172178469257
3810,26,0.2,0.01,24,0.001655680728873435,0.17885509855897616,0.21885509855897617,2.2570667613374193,0.5382129164513433,9.224865987333205,3.855632588949113,0.14633122697168924,0.09995433331513202,-0.06743046172784525,0.3005565305296538
3810,26,0.2,0.1,24,0.028551480879171615,0.27297716784541143,0.3129771678454114,1.6277798502779341,0.5382129164513433,9.224865987333205,1.1202410763099542,0.2835792864224871,0.03498634057080769,-0.04558845914788338,0.32838892947488524
3810,26,0.8,0.0,24,6.906384780572628e-30,2.9908412905528285,3.6308412905528287,6.443602929183147,0.5382129164513433,9.224865987333205,7.643169398222633,0.12009044191802035,2.8707508486348114,-2.0430426982606553e-15,5.011718856780507
3810,26,0.8,0.01,24,0.008386322304666672,1.4758787131024198,2.11587871310242,4.31722928404501,0.5382129164513433,9.224865987333205,3.855632588949113,0.14633122697168924,1.5992693330421124,-0.269721846911381,2.613936083899122
3810,26,0.8,0.1,24,0.07748774486778541,0.6610068989638765,1.3010068989638768,2.3302125401148936,0.5382129164513433,9.224865987333205,1.1202410763099542,0.2835792864224871,0.559781449132923,-0.1823538365915335,1.000533575260858
3810,28,0.0,0.0,24,9.347312905987318e-30,0.21232497621644797,0.21232497621644797,2.0376750237835495,0.5513789030349977,9.246901388267197,6.637439309656724,0.21232497621644797,0.0,0.0,0.21232497621644797
3810,28,0.0,0.01,24,0.0005314696495262263,0.2286471177348402,0.2286471177348402,1.9150589523599177,0.5513789030349977,9.246901388267197,3.426170603466111,0.2286471177348402,0.0,0.0,0.2286471177348402
3810,28,0.0,0.1,24,0.02098610104222259,0.33414046454731605,0.33414046454731605,1.4961375146082339,0.5513789030349977,9.246901388267197,1.0607741304860991,0.33414046454731605,0.0,0.0,0.33414046454731605
3810,28,0.2,0.0,24,9.58658111355482e-30,0.3766219113906402,0.4166219113906402,2.4945658079483106,0.5513789030349977,9.246901388267197,6.637439309656724,0.21232497621644797,0.16429693517419158,6.767949847390394e-16,0.477822548602717
3810,28,0.2,0.01,24,0.0012697794776859376,0.28113446858323254,0.3211344685832326,2.1899087440173304,0.5513789030349977,9.246901388267197,3.426170603466111,0.2286471177348402,0.09979789111581905,-0.04731054026742666,0.3656939418734847
3810,28,0.2,0.1,24,0.02767938946910466,0.3256535572707133,0.36565355727071336,1.590309105395574,0.5513789030349977,9.246901388267197,1.0607741304860991,0.33414046454731605,0.03487320330874494,-0.043360110585347736,0.37657142976676
3810,28,0.8,0.0,24,9.872316894928971e-30,2.8410759390035163,3.4810759390035164,5.836801382532892,0.5513789030349977,9.246901388267197,6.637439309656724,0.21232497621644797,2.6287509627870653,2.7071799389561575e-15,4.460286134396752
3810,28,0.8,0.01,24,0.006667162067990548,1.636171214518238,2.2761712145182385,4.2120328123793955,0.5513789030349977,9.246901388267197,3.426170603466111,0.2286471177348402,1.5967662578531048,-0.18924216106970665,2.4213963039531516
3810,28,0.8,0.1,24,0.07604658316991861,0.7186712751458444,1.3586712751458445,2.291302317462534,0.5513789030349977,9.246901388267197,1.0607741304860991,0.33414046454731605,0.557971252939919,-0.17344044234139094,1.0130359080584195
3810,32,0.0,0.0,24,1.0263521916426884e-29,0.5182824429881998,0.5182824429881998,1.7317175570118015,0.7091056242863389,9.401585693986425,4.068536545961896,0.5182824429881998,0.0,0.0,0.5182824429881998
3810,32,0.0,0.01,24,0.00026011041994822005,0.5211153364533229,0.5211153364533229,1.6768625795570324,0.7091056242863389,9.401585693986425,2.715864796054975,0.5211153364533229,0.0,0.0,0.5211153364533229
3810,32,0.0,0.1,24,0.015565004143416045,0.5629669267979023,0.5629669267979023,1.3757329903337765,0.7091056242863389,9.401585693986425,1.0040524626368093,0.5629669267979023,0.0,0.0,0.5629669267979023
3810,32,0.2,0.0,24,1.0914766600869071e-29,0.5960962763513917,0.6360962763513918,1.9079299063583128,0.7091056242863389,9.401585693986425,4.068536545961896,0.5182824429881998,0.07781383336319178,3.122502256758253e-16,0.6810239048266757
3810,32,0.2,0.01,24,0.0004504927987689148,0.5704991851086456,0.6104991851086456,1.808399026949736,0.7091056242863389,9.401585693986425,2.715864796054975,0.5211153364533229,0.0612194557026599,-0.011835607047337104,0.6297499282955219
3810,32,0.2,0.1,24,0.018211079922023428,0.5804997613573633,0.6204997613573633,1.440600247411708,0.7091056242863389,9.401585693986425,1.0040524626368093,0.5629669267979023,0.03210324176096942,-0.01457040720150841,0.6031290253033746
3810,32,0.8,0.0,24,1.8944121008473387e-29,1.7633037767992694,2.4033037767992695,3.3703329547561514,0.7091056242863389,9.401585693986425,4.068536545961896,0.5182824429881998,1.2450213338110685,1.2490009027033011e-15,3.122145832403814
3810,32,0.8,0.01,24,0.0018859556353989476,1.4532841995065329,2.0932841995065328,2.9376418375597666,0.7091056242863389,9.401585693986425,2.715864796054975,0.5211153364533229,0.9795112912425584,-0.04734242818934842,2.259268805928507
3810,32,0.8,0.1,24,0.040417727959324364,1.0183371661673792,1.6583371661673794,2.020440919777135,0.7091056242863389,9.401585693986425,1.0040524626368093,0.5629669267979023,0.5136518681755107,-0.05828162880603364,1.2055605028854603
3810,48,0.0,0.0,24,5.994377958684896e-29,0.9839784636614551,0.9839784636614551,1.266021536338549,2.5350273400899668,10.520074407472626,0.9680813983939145,0.9839784636614551,0.0,0.0,0.9839784636614551
3810,48,0.0,0.01,24,0.00010670529038014594,0.9841297826523931,0.9841297826523931,1.2445291592715748,2.5350273400899668,10.520074407472626,0.9342962862455649,0.9841297826523931,0.0,0.0,0.9841297826523931
3810,48,0.0,0.1,24,0.008548862023929332,0.9950737116350425,0.9950737116350425,1.0839490478863685,2.5350273400899668,10.520074407472626,0.713667861233897,0.9950737116350425,0.0,0.0,0.9950737116350425
3810,48,0.2,0.0,24,6.225402433774036e-29,1.0197778198554415,1.0597778198554415,1.3234772523611529,2.5350273400899668,10.520074407472626,0.9680813983939145,0.9839784636614551,0.035799356193986526,-1.0408340855860843e-16,1.0227017195972117
3810,48,0.2,0.01,24,0.00011718294490565183,1.0183970608331898,1.0583970608331899,1.2998630933949649,2.5350273400899668,10.520074407472626,0.9342962862455649,0.9841297826523931,0.034839767404413476,-0.0005724892236166207,1.0215016341022158
3810,48,0.2,0.1,24,0.009259642847934485,1.0195987486858846,1.0595987486858847,1.1254684243079884,2.5350273400899668,10.520074407472626,0.713667861233897,0.9950737116350425,0.028094409552498208,-0.0035693725016561605,1.0236204260843984
3810,48,0.8,0.0,24,6.607355267757344e-29,1.556768162765239,2.196768162765239,1.9254366747568028,2.5350273400899668,10.520074407472626,0.9680813983939145,0.9839784636614551,0.5727896991037844,-4.163336342344337e-16,1.6035505586335606
3810,48,0.8,0.01,24,0.00020564905595430054,1.5392761042285423,2.1792761042285425,1.8839421046180966,2.5350273400899668,10.520074407472626,0.9342962862455649,0.9841297826523931,0.5574362784706156,-0.0022899568944664828,1.5820794058495549
3810,48,0.8,0.1,24,0.015638108206024633,1.430306774468389,2.0703067744683894,1.5871594682028265,2.5350273400899668,10.520074407472626,0.713667861233897,0.9950737116350425,0.4495105528399713,-0.014277490006624642,1.4518211428247367
3810,72,0.0,0.0,24,1.6756854909239213e-29,1.3665842870821399,1.3665842870821399,0.883415712917859,4.012409452837886,12.032292237431205,0.49963612207048697,1.3665842870821399,0.0,0.0,1.3665842870821399
3810,72,0.0,0.01,24,4.57833934042388e-05,1.3666155963531619,1.3666155963531619,0.874227724965993,4.012409452837886,12.032292237431205,0.4923275450005764,1.3666155963531619,0.0,0.0,1.3666155963531619
3810,72,0.0,0.1,24,0.004072763734992405,1.3693197694197514,1.3693197694197514,0.7992249558804023,4.012409452837886,12.032292237431205,0.43496140502078806,1.3693197694197514,0.0,0.0,1.3693197694197514
3810,72,0.2,0.0,24,1.1841010508789705e-29,1.3864503325073045,1.4264503325073046,0.9141617494306084,4.012409452837886,12.032292237431205,0.49963612207048697,1.3665842870821399,0.019866045425165065,-2.80269721931145e-16,1.3865697319649593
3810,72,0.2,0.01,24,4.835926081605567e-05,1.386092683484266,1.426092683484266,0.9044559666456103,4.012409452837886,12.032292237431205,0.4923275450005764,1.3666155963531619,0.019604364627030173,-0.00012727749592641945,1.386308698153185
3810,72,0.2,0.1,24,0.0042893517912111516,1.3857945461530443,1.4257945461530444,0.82541920699836,4.012409452837886,12.032292237431205,0.43496140502078806,1.3693197694197514,0.01750599031893271,-0.0010312135856395393,1.386718225620583
3810,72,0.8,0.0,24,5.4425496275087025e-30,1.6844410138847794,2.3244410138847797,1.244792404070836,4.012409452837886,12.032292237431205,0.49963612207048697,1.3665842870821399,0.31785672680264104,-1.12107888772458e-15,1.6863514052072515
3810,72,0.8,0.01,24,7.172397248219645e-05,1.679776320401939,2.319776320401939,1.2303930672088244,4.012409452837886,12.032292237431205,0.4923275450005764,1.3666155963531619,0.3136698340324828,-0.0005091099837056778,1.681705225153531
3810,72,0.8,0.1,24,0.006300716331725321,1.6452907601801174,2.285290760180118,1.1140738441794265,4.012409452837886,12.032292237431205,0.43496140502078806,1.3693197694197514,0.28009584510292335,-0.004124854342558157,1.6476950686330558
3810,96,0.0,0.0,24,1.1709790983456378e-29,1.6778331308523047,1.6778331308523047,0.5721668691476951,5.508917949596838,13.594687512999952,0.33061209054617735,1.6778331308523047,0.0,0.0,1.6778331308523047
3810,96,0.0,0.01,24,1.6827556682729553e-05,1.6778395436058937,1.6778395436058937,0.5687949450575611,5.508917949596838,13.594687512999952,0.3277926755117459,1.6778395436058937,0.0,0.0,1.6778395436058937
3810,96,0.0,0.1,24,0.0015746309819324627,1.6784243880310938,1.6784243880310938,0.5400829923302574,5.508917949596838,13.594687512999952,0.3042669526412327,1.6784243880310938,0.0,0.0,1.6784243880310938
3810,96,0.2,0.0,24,1.3194810864364306e-29,1.6932251978489066,1.7332251978489066,0.601283631896651,5.508917949596838,13.594687512999952,0.33061209054617735,1.6778331308523047,0.015392066996602095,7.45931094670027e-17,1.6910576144741518
3810,96,0.2,0.01,24,1.8552382072718174e-05,1.692985681100494,1.732985681100494,0.5975655961955069,5.508917949596838,13.594687512999952,0.3277926755117459,1.6778395436058937,0.015245578786311484,-9.94412917115356e-05,1.6909512506263635
3810,96,0.2,0.1,24,0.0017283762094864464,1.6915791641822318,1.7315791641822318,0.5660231798972022,5.508917949596838,13.594687512999952,0.3042669526412327,1.6784243880310938,0.014028889950875294,-0.0008741137997372358,1.690595066136743
3810,96,0.8,0.0,24,1.6667768110704894e-29,1.9241062027979385,2.5641062027979387,0.8733387241027442,5.508917949596838,13.594687512999952,0.33061209054617735,1.6778331308523047,0.24627307194563353,2.983724378680108e-16,1.8894248688018582
3810,96,0.8,0.01,24,3.249180791713379e-05,1.9213710390200314,2.5613710390200315,0.8668244950450823,5.508917949596838,13.594687512999952,0.3277926755117459,1.6778395436058937,0.24392926058098374,-0.0003977651668461424,1.887626855933411
3810,96,0.8,0.1,24,0.002985618063111217,1.8993901720461495,2.53939017204615,0.8121904220085407,5.508917949596838,13.594687512999952,0.3042669526412327,1.6784243880310938,0.2244622392140047,-0.003496455198948943,1.8731552377214828
3811,1,0.0,0.0,1,2.0229216930331817,1.256345218783572,1.256345218783572,0.8470314556170213,5.837148281844107,5.837148281844107,0.02934935411212998,1.256345218783572,0.0,0.0,1.256345218783572
3811,1,0.0,0.01,1,2.0229805248919326,1.2574122270676324,1.2574122270676324,0.835223643617597,5.837148281844107,5.837148281844107,0.028940217410815726,1.2574122270676324,0.0,0.0,1.2574122270676324
3811,1,0.0,0.1,1,2.02812867325142,1.2696612428506768,1.2696612428506768,0.7392241351015291,5.837148281844107,5.837148281844107,0.02561386683511475,1.2696612428506768,0.0,0.0,1.2696612428506768
3811,1,0.2,0.0,1,2.083005546563579,1.2522378914304733,1.2922378914304733,0.9076251770528941,5.837148281844107,5.837148281844107,0.02934935411212998,1.256345218783572,0.0010465564285982265,-0.005153883781696844,1.2575191929480571
3811,1,0.2,0.01,1,2.0830685870514625,1.2529127658156949,1.292912765815695,0.8949726747337471,5.837148281844107,5.837148281844107,0.028940217410815726,1.2574122270676324,0.001031967192893072,-0.00553142844483076,1.2585698357640651
3811,1,0.2,0.1,1,2.0885850162646746,1.2620992966217235,1.3020992966217235,0.7921056910626204,5.837148281844107,5.837148281844107,0.02561386683511475,1.2696612428506768,0.000913354239249486,-0.00847530046820271,1.2706857975240815
3811,1,0.8,0.0,1,2.789258619731372,1.2524745865143563,1.8924745865143564,1.1019650185036924,5.837148281844107,5.837148281844107,0.02934935411212998,1.256345218783572,0.016744902857571624,-0.020615535126787377,1.2751288054153351
3811,1,0.8,0.01,1,2.789335158388687,1.2517979883745987,1.8917979883745988,1.0866033743969161,5.837148281844107,5.837148281844107,0.028940217410815726,1.2574122270676324,0.01651147508628915,-0.02212571377932304,1.2759339662105544
3811,1,0.8,0.1,1,2.7960327601891897,1.2503737088058577,1.8903737088058579,0.961710609816889,5.837148281844107,5.837148281844107,0.02561386683511475,1.2696612428506768,0.014613667827991776,-0.03390120187281084,1.2860541176251503
3811,2,0.0,0.0,2,0.32690392522749273,0.25011722896495975,0.25011722896495975,1.9730788138772501,5.77501574720639,6.46911736343707,0.05387944186399646,0.25011722896495975,0.0,0.0,0.25011722896495975
3811,2,0.0,0.01,2,0.3270375884454273,0.2504012382797206,0.2504012382797206,1.946253649836565,5.77501574720639,6.46911736343707,0.053180778357059755,0.2504012382797206,0.0,0.0,0.2504012382797206
3811,2,0.0,0.1,2,0.33875894952433655,0.26011583714014114,0.26011583714014114,1.7277789235643457,5.77501574720639,6.46911736343707,0.04746704461975158,0.26011583714014114,0.0,0.0,0.26011583714014114
3811,2,0.2,0.0,2,0.33173446658650496,0.2507018600623161,0.29070186006231613,2.072819038565919,5.77501574720639,6.46911736343707,0.05387944186399646,0.25011722896495975,0.0013797143417506313,-0.0007950832443942762,0.2522724066395196
3811,2,0.2,0.01,2,0.3318750975087194,0.2502849678547373,0.29028496785473734,2.044595382169708,5.77501574720639,6.46911736343707,0.053180778357059755,0.2504012382797206,0.001360160898043371,-0.0014764313230266903,0.252528469414003
3811,2,0.2,0.1,2,0.34420554965560135,0.25450104441406796,0.294501044414068,1.8147603083797468,5.77501574720639,6.46911736343707,0.04746704461975158,0.26011583714014114,0.0012014629885581428,-0.00681625571463135,0.2620145189249312
3811,2,0.8,0.0,2,0.8669136453927356,0.26901232545539266,0.9090123254553928,2.3885962847329316,5.77501574720639,6.46911736343707,0.05387944186399646,0.25011722896495975,0.0220754294680101,-0.003180332977577105,0.28460007175791746
3811,2,0.8,0.01,2,0.8670763484440641,0.2662580873563078,0.906258087356308,2.3559425099456557,5.77501574720639,6.46911736343707,0.053180778357059755,0.2504012382797206,0.021762574368693936,-0.005905725292106761,0.28443693642823886
3811,2,0.8,0.1,2,0.88133615492346,0.252074222098546,0.8920742220985461,2.090122018688649,5.77501574720639,6.46911736343707,0.04746704461975158,0.26011583714014114,0.019223407816930285,-0.0272650228585254,0.29049474569678213
3811,3,0.0,0.0,3,2.631141292357029e-31,1.1093356479670479e-31,1.1093356479670479e-31,2.250000000000001,5.5821422756167225,6.469117369308672,0.08575899546562717,1.1093356479670479e-31,0.0,0.0,1.1093356479670479e-31
3811,3,0.0,0.01,3,0.00015646315208271642,0.00011142322916894709,0.00011142322916894709,2.2185959463542884,5.5821422756167225,6.469117369308672,0.08457763113753775,0.00011142322916894709,0.0,0.0,0.00011142322916894709
3811,3,0.0,0.1,3,0.013831397602790318,0.009839792733043688,0.009839792733043688,1.9635322552111505,5.5821422756167225,6.469117369308672,0.07497296901341706,0.009839792733043688,0.0,0.0,0.009839792733043688
3811,3,0.2,0.0,3,0.04225353675812368,0.0022028224175251678,0.042202822417525175,2.3202748984931767,5.5821422756167225,6.469117369308672,0.08575899546562717,1.1093356479670479e-31,0.0022028224175251834,-2.038177671310225e-18,0.0034303598186250874
3811,3,0.2,0.01,3,0.04241469138407818,0.00182936164189071,0.04182936164189072,2.28792937939405,5.5821422756167225,6.469117369308672,0.08457763113753775,0.00011142322916894709,0.0021714617429985776,-0.0004535233302767917,0.0034945284746704577
3811,3,0.2,0.1,3,0.05650213532987575,0.0077227564075867,0.047722756407586706,2.0251810997028574,5.5821422756167225,6.469117369308672,0.07497296901341706,0.009839792733043688,0.0019170587017089027,-0.004034095027165862,0.01283871149358037
3811,3,0.8,0.0,3,0.6760565881299788,0.03524515868040283,0.6752451586804029,2.5575334629830047,5.5821422756167225,6.469117369308672,0.08575899546562717,1.1093356479670479e-31,0.035245158680402934,-8.1527106852409e-18,0.0548857570980014
3811,3,0.8,0.01,3,0.6762336920643769,0.03304071779603905,0.6730407177960391,2.521987219429318,5.5821422756167225,6.469117369308672,0.08457763113753775,0.00011142322916894709,0.03474338788797724,-0.0018140933211071668,0.054241107157193116
3811,3,0.8,0.1,3,0.6917222872035586,0.02437635185172267,0.6643763518517228,2.233132337598486,5.5821422756167225,6.469117369308672,0.07497296901341706,0.009839792733043688,0.030672939227342443,-0.01613638010866345,0.057822492901630614
3811,4,0.0,0.0,4,9.995576411369754e-31,7.742083283976092e-31,7.742083283976092e-31,2.249999999999999,4.014078852784459,6.522906954880089,0.14485727346459132,7.742083283976092e-31,0.0,0.0,7.742083283976092e-31
3811,4,0.0,0.01,4,0.00017236279835110857,0.00015731387461510947,0.00015731387461510947,2.2153701264551633,4.014078852784459,6.522906954880089,0.1419473998108878,0.00015731387461510947,0.0,0.0,0.00015731387461510947
3811,4,0.0,0.1,4,0.014788316076562452,0.013127006268694215,0.013127006268694215,1.9411066722000563,4.014078852784459,6.522906954880089,0.1197218443710213,0.013127006268694215,0.0,0.0,0.013127006268694215
3811,4,0.2,0.0,4,0.04220074149141301,0.002391737333273391,0.0423917373332734,2.326424895675428,4.014078852784459,6.522906954880089,0.14485727346459132,7.742083283976092e-31,0.0023917373332734025,-3.5973535842212475e-17,0.005794290938583654
3811,4,0.2,0.01,4,0.042379670419635806,0.0018726645836434355,0.04187266458364344,2.2904747428496144,4.014078852784459,6.522906954880089,0.1419473998108878,0.00015731387461510947,0.002352373687373992,-0.0006370229783456736,0.005835209867050623
3811,4,0.2,0.1,4,0.057538409139595625,0.009842591757987112,0.04984259175798712,2.005972675355308,4.014078852784459,6.522906954880089,0.1197218443710213,0.013127006268694215,0.0020418100247377863,-0.005326224535444886,0.017915880043535067
3811,4,0.8,0.0,4,0.675211863862608,0.0382677973323744,0.6782677973323745,2.5844004307009913,4.014078852784459,6.522906954880089,0.14485727346459132,7.742083283976092e-31,0.03826779733237444,-1.438941433688499e-16,0.09270865501733846
3811,4,0.8,0.01,4,0.6754128419815045,0.035247200959216296,0.6752472009592164,2.544017076281457,4.014078852784459,6.522906954880089,0.1419473998108878,0.00015731387461510947,0.03763797899798387,-0.0025480919133826943,0.09100364975358333
3811,4,0.8,0.1,4,0.6923983356425597,0.024491068522719296,0.6644910685227194,2.2250724051179147,4.014078852784459,6.522906954880089,0.1197218443710213,0.013127006268694215,0.03266896039580458,-0.021304898141779546,0.08974898666614786
3811,8,0.0,0.0,8,8.728314507962953e-31,9.95705781248201e-31,9.95705781248201e-31,2.2500000000000018,2.576463874300666,6.836066359410313,0.48649937806887583,9.95705781248201e-31,0.0,0.0,9.95705781248201e-31
3811,8,0.0,0.01,8,0.00018349044105697474,0.0002064286106359582,0.0002064286106359582,2.213095483177968,2.576463874300666,6.836066359410313,0.4659398450579556,0.0002064286106359582,0.0,0.0,0.0002064286106359582
3811,8,0.0,0.1,8,0.01531427396210886,0.016058912931961114,0.016058912931961114,1.9276556078258602,2.576463874300666,6.836066359410313,0.3355214409612751,0.016058912931961114,0.0,0.0,0.016058912931961114
3811,8,0.2,0.0,8,0.020806847874926555,0.0503446747233377,0.09034467472333771,2.460273856270485,2.576463874300666,6.836066359410313,0.48649937806887583,9.95705781248201e-31,0.05034467472333757,1.6428826066562273e-16,0.019459975122755036
3811,8,0.2,0.01,8,0.02103521542393601,0.04483643728840638,0.0848364372884064,2.4142794685001068,2.576463874300666,6.836066359410313,0.4659398450579556,0.0002064286106359582,0.04792354432715937,-0.0032935356493889218,0.018844022412954183
3811,8,0.2,0.1,8,0.03913504454586426,0.02635285215568683,0.06635285215568684,2.0701204375407407,2.576463874300666,6.836066359410313,0.3355214409612751,0.016058912931961114,0.03261918982683852,-0.022325250603112787,0.029479770570412123
3811,8,0.8,0.0,8,0.332909565998825,0.8055147955734022,1.4455147955734025,3.695231521761986,2.576463874300666,6.836066359410313,0.48649937806887583,9.95705781248201e-31,0.8055147955734011,6.571530426624909e-16,0.3113596019640806
3811,8,0.8,0.01,8,0.333415865889195,0.7538089952476302,1.3938089952476305,3.5929139563924353,2.576463874300666,6.836066359410313,0.4659398450579556,0.0002064286106359582,0.7667767092345499,-0.013174142597555687,0.2984079294477276
3811,8,0.8,0.1,8,0.3696563025784602,0.44866494774892657,1.0886649477489267,2.8889452046074444,2.576463874300666,6.836066359410313,0.3355214409612751,0.016058912931961114,0.5219070372294163,-0.08930100241245115,0.23079263514717724
3811,12,0.0,0.0,12,3.306051342535129e-30,2.293292241561583e-30,2.293292241561583e-30,2.2500000000000004,1.4506604561406709,7.30445620580964,1.1801610553883783,2.293292241561583e-30,0.0,0.0,2.293292241561583e-30
3811,12,0.0,0.01,12,0.00024754032657391963,0.0007015976926564112,0.0007015976926564112,2.199790336992558,1.4506604561406709,7.30445620580964,1.0501052445794987,0.0007015976926564112,0.0,0.0,0.0007015976926564112
3811,12,0.0,0.1,12,0.017528677750858795,0.03535256260029951,0.03535256260029951,1.8640738823825236,1.4506604561406709,7.30445620580964,0.5579479126222557,0.03535256260029951,0.0,0.0,0.03535256260029951
3811,12,0.2,0.0,12,0.009152591624192163,0.139195742810484,0.179195742810484,2.688487357402305,1.4506604561406709,7.30445620580964,1.1801610553883783,2.293292241561583e-30,0.1391957428104837,3.0516052423306905e-16,0.04720644221553514
3811,12,0.2,0.01,12,0.00962109809006064,0.10964075352513776,0.14964075352513778,2.5924201774560056,1.4506604561406709,7.30445620580964,1.0501052445794987,0.0007015976926564112,0.12348487449064333,-0.014545718658161975,0.04270580747583637
3811,12,0.2,0.1,12,0.03573990562950282,0.033882134168186355,0.07388213416818637,2.0624784456100187,1.4506604561406709,7.30445620580964,0.5579479126222557,0.03535256260029951,0.05959756344267009,-0.061067991874783255,0.05767047910518974
3811,12,0.8,0.0,12,0.1464414659870745,2.2271318849677395,2.8671318849677396,5.674298343335025,1.4506604561406709,7.30445620580964,1.1801610553883783,2.293292241561583e-30,2.227131884967739,1.2206420969322762e-15,0.7553030754485622
3811,12,0.8,0.01,12,0.1484789783033824,1.918276714910301,2.558276714910301,5.252128192734067,1.4506604561406709,7.30445620580964,1.0501052445794987,0.0007015976926564112,1.9757579918502932,-0.0581828746326479,0.6727689542235358
3811,12,0.8,0.1,12,0.23562673355942246,0.7446416101838876,1.3846416101838877,3.3728628966045453,1.4506604561406709,7.30445620580964,0.5579479126222557,0.03535256260029951,0.9535610150827214,-0.24427196749913302,0.39243922667854325
3811,16,0.0,0.0,16,2.9095665646506102e-30,3.444179639999689e-30,3.444179639999689e-30,2.2499999999999973,1.243147190091282,7.89110044055116,2.1719346393730086,3.444179639999689e-30,0.0,0.0,3.444179639999689e-30
3811,16,0.0,0.01,16,0.00035731940993724516,0.001828822176061638,0.001828822176061638,2.1767072958364926,1.243147190091282,7.89110044055116,1.8657725158739218,0.001828822176061638,0.0,0.0,0.001828822176061638
3811,16,0.0,0.1,16,0.02028997595893947,0.0713985278896044,0.0713985278896044,1.7728019529316086,1.243147190091282,7.89110044055116,0.851927972540281,0.0713985278896044,0.0,0.0,0.0713985278896044
3811,16,0.2,0.0,16,0.0069531079043337095,0.12604424378103724,0.16604424378103724,2.5969359463215835,1.243147190091282,7.89110044055116,2.1719346393730086,3.444179639999689e-30,0.12604424378103757,-4.881333083253749e-16,0.08687738557492036
3811,16,0.2,0.01,16,0.007494787534639472,0.10035075909387606,0.14035075909387607,2.4852080229761953,1.243147190091282,7.89110044055116,1.8657725158739218,0.001828822176061638,0.10882181146052539,-0.010299874542711055,0.07645972281101852
3811,16,0.2,0.1,16,0.03407312440872206,0.08047174684193314,0.12047174684193315,1.931692909815737,1.243147190091282,7.89110044055116,0.851927972540281,0.0713985278896044,0.05235951408485075,-0.043286295132521975,0.10547564679121564
3811,16,0.8,0.0,16,0.11124972646933924,2.0167079004965993,2.6567079004965994,5.150274710658793,1.243147190091282,7.89110044055116,2.1719346393730086,3.444179639999689e-30,2.016707900496601,-1.9525332333014996e-15,1.3900381691987258
3811,16,0.8,0.01,16,0.11332082446004754,1.7017783073736232,2.341778307373623,4.716571941921607,1.243147190091282,7.89110044055116,1.8657725158739218,0.001828822176061638,1.7411489833684062,-0.04119949817084422,1.195923232335372
3811,16,0.8,0.1,16,0.1888767969964346,0.7360055727171281,1.376005572717128,3.036679949486331,1.243147190091282,7.89110044055116,0.851927972540281,0.0713985278896044,0.837752225357612,-0.1731451805300879,0.6166324303153844
3811,20,0.0,0.0,20,1.419551603875981e-29,6.983515340811437e-29,6.983515340811437e-29,2.2500000000000013,0.5052525321501926,8.610986826513706,7.326815461613181,6.983515340811437e-29,0.0,0.0,6.983515340811437e-29
3811,20,0.0,0.01,20,0.0004310052226040673,0.01201060181591618,0.01201060181591618,2.1517883536632705,0.5052525321501926,8.610986826513706,3.679929559288977,0.01201060181591618,0.0,0.0,0.01201060181591618
3811,20,0.0,0.1,20,0.020535166506459812,0.09264558229638604,0.09264558229638604,1.7466510875744186,0.5052525321501926,8.610986826513706,1.027586001310265,0.09264558229638604,0.0,0.0,0.09264558229638604
3811,20,0.2,0.0,20,0.0019859711319837833,0.35363548971375003,0.39363548971375006,2.9096612862248503,0.5052525321501926,8.610986826513706,7.326815461613181,6.983515340811437e-29,0.35363548971374315,6.924209879163181e-15,0.2930726184645273
3811,20,0.2,0.01,20,0.0036448565391237245,0.11441456955235975,0.15441456955235977,2.4543605931967543,0.5052525321501926,8.610986826513706,3.679929559288977,0.01201060181591618,0.1573193297111668,-0.054915361974723166,0.15920778418747528
3811,20,0.2,0.1,20,0.028806653461388766,0.12474173079976468,0.16474173079976467,1.8834199472559268,0.5052525321501926,8.610986826513706,1.027586001310265,0.09264558229638604,0.05518229085592669,-0.023086142352548022,0.13374902234879665
3811,20,0.8,0.0,20,0.03177553811174044,5.65816783541992,6.298167835419919,9.13227102146432,0.5052525321501926,8.610986826513706,7.326815461613181,6.983515340811437e-29,5.65816783541989,2.7696839516652723e-14,4.689161895432437
3811,20,0.8,0.01,20,0.0452627828499518,2.309458429295692,2.9494584292956922,5.249909268331213,0.5052525321501926,8.610986826513706,3.679929559288977,0.01201060181591618,2.517109275378669,-0.21966144789889266,2.367165519760862
3811,20,0.8,0.1,20,0.12517558696226436,0.8832176665810207,1.5232176665810209,2.955914016571574,0.5052525321501926,8.610986826513706,1.027586001310265,0.09264558229638604,0.8829166536948271,-0.09234456941019209,0.7503006231349557
3811,22,0.0,0.0,22,5.749992244297719e-29,4.4244692903382983e-29,4.4244692903382983e-29,2.2500000000000044,0.2212374922050572,8.689172130936933,25.1759655762906,4.4244692903382983e-29,0.0,0.0,4.4244692903382983e-29
3811,22,0.0,0.01,22,0.0004489425699457141,0.05851656256834687,0.05851656256834687,2.101694923442508,0.2212374922050572,8.689172130936933,4.086701766832299,0.05851656256834687,0.0,0.0,0.05851656256834687
3811,22,0.0,0.1,22,0.019056077282599868,0.1425132313067326,0.1425132313067326,1.726365223041269,0.2212374922050572,8.689172130936933,1.1191494757168279,0.1425132313067326,0.0,0.0,0.1425132313067326
3811,22,0.2,0.0,22,0.0015638844368809938,0.913467239115248,0.953467239115248,3.708170529330107,0.2212374922050572,8.689172130936933,25.1759655762906,4.4244692903382983e-29,0.913467239115241,6.402904311633034e-15,1.0070386230516242
3811,22,0.2,0.01,22,0.0038201123559497853,0.11911643372093716,0.15911643372093717,2.295308651520377,0.2212374922050572,8.689172130936933,4.086701766832299,0.05851656256834687,0.12194584776430771,-0.06134597661171744,0.22198463324163883
3811,22,0.2,0.1,22,0.024081531897040275,0.1964130295280755,0.2364130295280755,1.8735428161956462,0.2212374922050572,8.689172130936933,1.1191494757168279,0.1425132313067326,0.05128992127997109,0.00260987694137181,0.18727921033540573
3811,22,0.8,0.0,22,0.025022150990095873,14.61547582584389,15.25547582584389,19.04428898670331,0.2212374922050572,8.689172130936933,25.1759655762906,4.4244692903382983e-29,14.615475825843856,2.5611617246532137e-14,16.112617968825987
3811,22,0.8,0.01,22,0.047026141952604766,1.7642662203504005,2.404266220350401,4.339500008925686,0.2212374922050572,8.689172130936933,4.086701766832299,0.05851656256834687,1.9511335642289234,-0.24538390644686975,2.6740056933410186
3811,22,0.8,0.1,22,0.1025952034432936,0.9735914795517572,1.6135914795517574,2.93055465101843,0.2212374922050572,8.689172130936933,1.1191494757168279,0.1425132313067326,0.8206387404795374,0.01043950776548724,0.8587688957655026
3811,23,0.0,0.0,23,3.2859863623978545e-29,6.787963592375804e-29,6.787963592375804e-29,2.2500000000000053,0.15835274951135653,8.700361483029818,48.23488471230264,6.787963592375804e-29,0.0,0.0,6.787963592375804e-29
3811,23,0.0,0.01,23,0.00041096081424621113,0.06454560502010451,0.06454560502010451,2.1032622321306502,0.15835274951135653,8.700361483029818,4.544566329357995,0.06454560502010451,0.0,0.0,0.06454560502010451
3811,23,0.0,0.1,23,0.019309966044217447,0.14179348617979937,0.14179348617979937,1.72200719293585,0.15835274951135653,8.700361483029818,1.1442615383541346,0.14179348617979937,0.0,0.0,0.14179348617979937
3811,23,0.2,0.0,23,0.0014607252901820324,0.6366778030988895,0.6766778030988896,3.316304667542448,0.15835274951135653,8.700361483029818,48.23488471230264,6.787963592375804e-29,0.6366778030988821,7.672500462201679e-15,1.9293953884921058
3811,23,0.2,0.01,23,0.0030158714466608796,0.17181181502237056,0.21181181502237056,2.3271916627369387,0.15835274951135653,8.700361483029818,4.544566329357995,0.06454560502010451,0.14125019494413923,-0.03398398494187308,0.24632825819442433
3811,23,0.2,0.1,23,0.024499638335396815,0.1940507608091546,0.2340507608091546,1.8675924988740678,0.15835274951135653,8.700361483029818,1.1442615383541346,0.14179348617979937,0.05131305744458252,0.0009442171847727561,0.18756394771396476
3811,23,0.8,0.0,23,0.02337160464291252,10.186844849582139,10.82684484958214,14.155352307356361,0.15835274951135653,8.700361483029818,48.23488471230264,6.787963592375804e-29,10.186844849582114,3.0690001848806716e-14,30.870326215873693
3811,23,0.8,0.01,23,0.03801145273985595,2.1886127843588397,2.82861278435884,4.6939822938854805,0.15835274951135653,8.700361483029818,4.544566329357995,0.06454560502010451,2.2600031191062278,-0.13593593976749233,2.9730680558092217
3811,23,0.8,0.1,23,0.10347778332481454,0.9665792740322103,1.6065792740322105,2.920105106023712,0.15835274951135653,8.700361483029818,1.1442615383541346,0.14179348617979937,0.8210089191133203,0.0037768687390910246,0.8741208707264456
3811,24,0.0,0.0,24,5.6072808354186245e-30,1.6389302714870805e-29,1.6389302714870805e-29,2.250000000000006,0.0796019117784287,8.727545706381612,170.9870958602917,1.6389302714870805e-29,0.0,0.0,1.6389302714870805e-29
3811,24,0.0,0.01,24,0.0003829462295490314,0.08289334653744178,0.08289334653744178,2.0905174075527473,0.0796019117784287,8.727545706381612,4.522969481813366,0.08289334653744178,0.0,0.0,0.08289334653744178
3811,24,0.0,0.1,24,0.020424324465472037,0.15712579540775343,0.15712579540775343,1.6843877152828028,0.0796019117784287,8.727545706381612,1.171072441081875,0.15712579540775343,0.0,0.0,0.15712579540775343
3811,24,0.2,0.0,24,6.811757422638401e-30,2.041139141148496,2.081139141148496,3.5111187873220326,0.0796019117784287,8.727545706381612,170.9870958602917,1.6389302714870805e-29,2.0411391411484976,-8.468313419677673e-15,6.839483834411669
3811,24,0.2,0.01,24,0.0007243187558477237,0.22369342760786673,0.26369342760786674,2.238479415036351,0.0796019117784287,8.727545706381612,4.522969481813366,0.08289334653744178,0.11704132456996301,0.023758756500461803,0.2638121258099764
3811,24,0.2,0.1,24,0.02187658052658549,0.22894288127169934,0.26894288127169935,1.806097783910139,0.0796019117784287,8.727545706381612,1.171072441081875,0.15712579540775343,0.05445986759445516,0.017357218269490757,0.20396869305102844
3811,24,0.8,0.0,24,1.9083141051625738e-29,32.65822625837595,33.29822625837595,31.788144843070075,0.0796019117784287,8.727545706381612,170.9870958602917,1.6389302714870805e-29,32.65822625837596,-3.387325367871069e-14,109.4317413505867
3811,24,0.8,0.01,24,0.008695957430383565,2.050589565658697,2.6905895656586973,4.086861332326717,0.0796019117784287,8.727545706381612,4.522969481813366,0.08289334653744178,1.8726611931194082,0.09503502600184721,2.9775938148979963
3811,24,0.8,0.1,24,0.06448908336667665,1.0979125499969993,1.7379125499969994,2.8247464009256094,0.0796019117784287,8.727545706381612,1.171072441081875,0.15712579540775343,0.8713578815112826,0.06942887307796303,0.9066121577001535
3811,25,0.0,0.0,24,4.065156630115358e-30,0.09641793328352888,0.09641793328352888,2.153582066716469,0.3317782713201194,8.782090674062431,15.050865691998698,0.09641793328352888,0.0,0.0,0.09641793328352888
3811,25,0.0,0.01,24,0.000388773870504619,0.10119749666263944,0.10119749666263944,2.0710477292364384,0.3317782713201194,8.782090674062431,4.8622343481584895,0.10119749666263944,0.0,0.0,0.10119749666263944
3811,25,0.0,0.1,24,0.01950324211284522,0.1783661840731719,0.1783661840731719,1.6815689736699264,0.3317782713201194,8.782090674062431,1.2135702983318777,0.1783661840731719,0.0,0.0,0.1783661840731719
3811,25,0.2,0.0,24,4.34810783777825e-30,0.28002574905456745,0.3200257490545675,2.40357210758506,0.3317782713201194,8.782090674062431,15.050865691998698,0.09641793328352888,0.1836078157710396,-1.1382617315483403e-15,0.698452560963477
3811,25,0.2,0.01,24,0.0006892207043573444,0.22310806773404443,0.26310806773404444,2.241788466870502,0.3317782713201194,8.782090674062431,4.8622343481584895,0.10119749666263944,0.13096954337446567,-0.00905897230306052,0.295686870588979
3811,25,0.2,0.1,24,0.02139923403858722,0.24573331977703827,0.2857333197770383,1.7996074761950678,0.3317782713201194,8.782090674062431,1.2135702983318777,0.1783661840731719,0.054585674256384956,0.012781461447481395,0.226908996006447
3811,25,0.8,0.0,24,6.405386204372694e-30,3.034142985620157,3.6741429856201573,5.356836019443309,0.3317782713201194,8.782090674062431,15.050865691998698,0.09641793328352888,2.9377250523366336,-4.553046926193361e-15,9.728971976162699
3811,25,0.8,0.01,24,0.0041088465357809155,2.1604743014418477,2.800474301441848,4.32564520026628,0.3317782713201194,8.782090674062431,4.8622343481584895,0.10119749666263944,2.095512693991451,-0.03623588921224208,3.213027479484073
3811,25,0.8,0.1,24,0.06517686666169464,1.1028628179652564,1.7428628179652565,2.808751074847114,0.3317782713201194,8.782090674062431,1.2135702983318777,0.1783661840731719,0.8733707881021593,0.05112584578992558,0.9550511750055737
3811,26,0.0,0.0,24,6.318334170886391e-30,0.1650409490291468,0.1650409490291468,2.0849590509708538,0.3440883651475924,8.927237626761169,13.219644811537902,0.1650409490291468,0.0,0.0,0.1650409490291468
3811,26,0.0,0.01,24,0.00032409822621153744,0.16904998859640738,0.16904998859640738,2.016130366161285,0.3440883651475924,8.927237626761169,4.489413247535883,0.16904998859640738,0.0,0.0,0.16904998859640738
3811,26,0.0,0.1,24,0.01780973866982576,0.23018610983123144,0.23018610983123144,1.663619116772252,0.3440883651475924,8.927237626761169,1.2069427407150721,0.23018610983123144,0.0,0.0,0.23018610983123144
3811,26,0.2,0.0,24,5.278588791576536e-30,0.3091479610626737,0.34914796106267376,2.1913202077999543,0.3440883651475924,8.927237626761169,13.219644811537902,0.1650409490291468,0.14410701203352694,2.3845473873024756e-16,0.693826741490663
3811,26,0.2,0.01,24,0.00032086243399378816,0.30015214711113203,0.34015214711113206,2.123953644102794,0.3440883651475924,8.927237626761169,4.489413247535883,0.16904998859640738,0.11962411949879641,0.01147803901592844,0.34862651849784276
3811,26,0.2,0.1,24,0.017749693657838444,0.31335331657608906,0.35335331657608904,1.7745511324282837,0.3440883651475924,8.927237626761169,1.2069427407150721,0.23018610983123144,0.05428579708410288,0.028881409660754868,0.27846381945983434
3811,26,0.8,0.0,24,6.818947561097447e-30,2.4707531415655772,3.1107531415655774,4.239687822689577,0.3440883651475924,8.927237626761169,13.219644811537902,0.1650409490291468,2.305712192536431,9.538189549209902e-16,8.625613628413406
3811,26,0.8,0.01,24,0.001649690232639029,2.128948056640864,2.768948056640864,3.88291291191288,0.3440883651475924,8.927237626761169,4.489413247535883,0.16904998859640738,1.9139859119807425,0.04591215606371376,3.042274467019373
3811,26,0.8,0.1,24,0.05150671007093566,1.2142845018198969,1.854284501819897,2.758776744405611,0.3440883651475924,8.927237626761169,1.2069427407150721,0.23018610983123144,0.8685727533456461,0.11552563864301947,1.0026294638888777
3811,28,0.0,0.0,24,7.061357943430987e-30,0.16595788531058955,0.16595788531058955,2.0840421146894075,0.4666288778782763,9.5663829255698,8.53343655411923,0.16595788531058955,0.0,0.0,0.16595788531058955
3811,28,0.0,0.01,24,0.00032855301222846253,0.17134435412672705,0.17134435412672705,2.012945043427582,0.4666288778782763,9.5663829255698,4.088611471644029,0.17134435412672705,0.0,0.0,0.17134435412672705
3811,28,0.0,0.1,24,0.018176047263005927,0.23099401525687924,0.23099401525687924,1.6554850394830043,0.4666288778782763,9.5663829255698,1.1769272801995658,0.23099401525687924,0.0,0.0,0.23099401525687924
3811,28,0.2,0.0,24,9.444760447275005e-30,0.3075884933487266,0.34758849334872666,2.186679260419238,0.4666288778782763,9.5663829255698,8.53343655411923,0.16595788531058955,0.14163060803813726,-7.254177550864819e-17,0.5072953474753589
3811,28,0.2,0.01,24,0.0003304401204332699,0.30002389207609503,0.34002389207609507,2.114411954573596,0.4666288778782763,9.5663829255698,4.088611471644029,0.17134435412672705,0.11796421315264327,0.010715324796724757,0.33488881299248824
3811,28,0.2,0.1,24,0.017943053007658704,0.3146078628325522,0.3546078628325522,1.7638051238829446,0.4666288778782763,9.5663829255698,1.1769272801995658,0.23099401525687924,0.05326491280709549,0.03034893476857754,0.2780711064648619
3811,28,0.8,0.0,24,1.4209254339029775e-29,2.4320476139207856,3.0720476139207857,4.194157994066374,0.4666288778782763,9.5663829255698,8.53343655411923,0.16595788531058955,2.266089728610196,-2.9016710203459274e-16,5.6273572799468985
3811,28,0.8,0.01,24,0.0016445857191123858,2.1016330637559175,2.7416330637559176,3.834383245843358,0.4666288778782763,9.5663829255698,4.088611471644029,0.17134435412672705,1.8874274104422923,0.04286129918689903,2.788055695978906
3811,28,0.8,0.1,24,0.050866860899742995,1.2046283592447173,1.8446283592447175,2.727944330767914,0.4666288778782763,9.5663829255698,1.1769272801995658,0.23099401525687924,0.8522386049135279,0.12139573907431016,0.9842274745846015
3811,32,0.0,0.0,24,4.1307345447217435e-30,0.3323452839603021,0.3323452839603021,1.9176547160396977,0.7918001995636922,10.219932655127046,4.118991912304021,0.3323452839603021,0.0,0.0,0.3323452839603021
3811,32,0.0,0.01,24,0.00033708124554079964,0.33523119313743616,0.33523119313743616,1.847352557754403,0.7918001995636922,10.219932655127046,3.0059312849046753,0.33523119313743616,0.0,0.0,0.33523119313743616
3811,32,0.0,0.1,24,0.01598330116264227,0.40844443494451366,0.40844443494451366,1.5218895418026417,0.7918001995636922,10.219932655127046,1.0936058775772735,0.40844443494451366,0.0,0.0,0.40844443494451366
3811,32,0.2,0.0,24,4.6865579266719e-30,0.4445730050664959,0.4845730050664959,2.0221036398659717,0.7918001995636922,10.219932655127046,4.118991912304021,0.3323452839603021,0.11222772110619374,1.5265566588595902e-16,0.497104960452463
3811,32,0.2,0.01,24,0.00035503565902374954,0.4329289649773447,0.4729289649773447,1.9458493351090906,0.7918001995636922,10.219932655127046,3.0059312849046753,0.33523119313743616,0.08954572945539827,0.008152042384510345,0.4554684445336232
3811,32,0.2,0.1,24,0.01563224517770332,0.4758549959018095,0.5158549959018095,1.6303871364194442,0.7918001995636922,10.219932655127046,1.0936058775772735,0.40844443494451366,0.045273525616526936,0.022137035340769034,0.4521886700476046
3811,32,0.8,0.0,24,1.778699019905313e-29,2.127988821659402,2.767988821659402,3.6821830646191183,0.7918001995636922,10.219932655127046,4.118991912304021,0.3323452839603021,1.7956435376990998,6.106226635438361e-16,2.968500107834876
3811,32,0.8,0.01,24,0.0016025969474090368,1.8005710339618501,2.4405710339618505,3.315888420637933,0.7918001995636922,10.219932655127046,3.0059312849046753,0.33523119313743616,1.4327316712863722,0.03260816953804138,2.259027215476429
3811,32,0.8,0.1,24,0.03693084781254214,1.2213689861720207,1.8613689861720208,2.4991622276681733,0.7918001995636922,10.219932655127046,1.0936058775772735,0.40844443494451366,0.724376409864431,0.08854814136307614,1.1083521965939687
3811,48,0.0,0.0,24,4.4297672674202685e-30,0.8362758798655934,0.8362758798655934,1.4137241201344062,2.341387870036971,11.205876295929064,1.1018436275005192,0.8362758798655934,0.0,0.0,0.8362758798655934
3811,48,0.0,0.01,24,0.00010628024328609749,0.8364323263779497,0.8364323263779497,1.39231162496483,2.341387870036971,11.205876295929064,1.0543410115408298,0.8364323263779497,0.0,0.0,0.8364323263779497
3811,48,0.0,0.1,24,0.008501930633028546,0.8473200926258861,0.8473200926258861,1.2326412947135426,2.341387870036971,11.205876295929064,0.7660697878655964,0.8473200926258861,0.0,0.0,0.8473200926258861
3811,48,0.2,0.0,24,4.507831627832764e-30,0.8684093116955647,0.9084093116955647,1.4900406044211059,2.341387870036971,11.205876295929064,1.1018436275005192,0.8362758798655934,0.032133431829971304,-1.700029006457271e-16,0.8803496249656142
3811,48,0.2,0.01,24,0.00010772598008333841,0.8680792221368063,0.9080792221368064,1.4683541430757674,2.341387870036971,11.205876295929064,1.0543410115408298,0.8364323263779497,0.03145615165020819,0.00019074410864840935,0.8786059668395829
3811,48,0.2,0.1,24,0.008784985314441896,0.8736774065118977,0.9136774065118978,1.303931484910608,2.341387870036971,11.205876295929064,0.7660697878655964,0.8473200926258861,0.026664460957416244,-0.0003071470714047682,0.87796288414051
3811,48,0.8,0.0,24,6.918967522875958e-30,1.3504107891451342,1.9904107891451344,2.104591239240861,2.341387870036971,11.205876295929064,1.1018436275005192,0.8362758798655934,0.5141349092795409,-6.800116025829084e-16,1.5414558014659259
3811,48,0.8,0.01,24,0.00015230132507972242,1.3404937292158743,1.9804937292158744,2.073955517211078,2.341387870036971,11.205876295929064,1.0543410115408298,0.8364323263779497,0.503298426403331,0.0007629764345936374,1.5112105737640809
3811,48,0.8,0.1,24,0.012662229049956597,1.272722879658927,1.912722879658927,1.8377755869908003,2.341387870036971,11.205876295929064,0.7660697878655964,0.8473200926258861,0.4266313753186599,-0.0012285882856190727,1.337604756859868
3811,72,0.0,0.0,24,1.0500298452128835e-29,1.291968980278381,1.291968980278381,0.958031019721621,3.8796946533731433,13.048742755598237,0.5475398175075692,1.291968980278381,0.0,0.0,1.291968980278381
3811,72,0.0,0.01,24,3.787274534040836e-05,1.2919925045965222,1.2919925045965222,0.950432946335395,3.8796946533731433,13.048742755598237,0.5384673921881014,1.2919925045965222,0.0,0.0,1.2919925045965222
3811,72,0.0,0.1,24,0.003413840558428067,1.2939817827688052,1.2939817827688052,0.8877414060626321,3.8796946533731433,13.048742755598237,0.4684958067451247,1.2939817827688052,0.0,0.0,1.2939817827688052
3811,72,0.2,0.0,24,9.856267478725744e-30,1.315557084500535,1.3555570845005351,1.0188873003177674,3.8796946533731433,13.048742755598237,0.5475398175075692,1.291968980278381,0.02358810422215399,2.5246044496687638e-17,1.3138705729786837
3811,72,0.2,0.01,24,4.159556081982703e-05,1.315053213664916,1.355053213664916,1.0105411137382685,3.8796946533731433,13.048742755598237,0.5384673921881014,1.2919925045965222,0.023279077973055885,-0.00021836890466172792,1.3135312002840462
3811,72,0.2,0.1,24,0.003731845592590814,1.3129389936636897,1.3529389936636897,0.9419478227974285,3.8796946533731433,13.048742755598237,0.4684958067451247,1.2939817827688052,0.020789871561132683,-0.0018326606662481693,1.31272161503861
3811,72,0.8,0.0,24,1.2496492740653799e-29,1.6693786478328456,2.3093786478328457,1.4845133927720569,3.8796946533731433,13.048742755598237,0.5475398175075692,1.291968980278381,0.3774096675544638,1.0098417798675055e-16,1.6423944634832253
3811,72,0.8,0.01,24,7.123352445171868e-05,1.663584276546769,2.3035842765467693,1.4702145516235596,3.8796946533731433,13.048742755598237,0.5384673921881014,1.2919925045965222,0.37246524756889415,-0.0008734756186469117,1.6366116355969071
3811,72,0.8,0.1,24,0.006302728305534376,1.619289085081935,2.259289085081935,1.3540455317354096,3.8796946533731433,13.048742755598237,0.4684958067451247,1.2939817827688052,0.33263794497812293,-0.007330642664992677,1.593819099085685
3811,96,0.0,0.0,24,9.245490895695739e-30,1.4993254509678358,1.4993254509678358,0.7506745490321639,5.111503932569098,15.16160947974612,0.3543000188250959,1.4993254509678358,0.0,0.0,1.4993254509678358
3811,96,0.0,0.01,24,2.2192251676627527e-05,1.4993343428360126,1.4993343428360126,0.7462272068286618,5.111503932569098,15.16160947974612,0.35090030479806567,1.4993343428360126,0.0,0.0,1.4993343428360126
3811,96,0.0,0.1,24,0.0020702418669740438,1.500138899405105,1.500138899405105,0.7084562632554143,5.111503932569098,15.16160947974612,0.32284930425773617,1.500138899405105,0.0,0.0,1.500138899405105
3811,96,0.2,0.0,24,9.891191008383966e-30,1.5173558957050108,1.5573558957050109,0.7859343671111639,5.111503932569098,15.16160947974612,0.3543000188250959,1.4993254509678358,0.018030444737174953,7.892991815694472e-17,1.5134974517208395
3811,96,0.2,0.01,24,2.349289716622926e-05,1.5171498599886015,1.5571498599886016,0.7812261186172212,5.111503932569098,15.16160947974612,0.35090030479806567,1.4993343428360126,0.017861168958888167,-4.565180629954413e-05,1.5133703550279352
3811,96,0.2,0.1,24,0.002187694862096652,1.516184706198406,1.556184706198406,0.7412987045805617,5.111503932569098,15.16160947974612,0.32284930425773617,1.500138899405105,0.0164509219949018,-0.0004051152016008022,1.5130528715754146
3811,96,0.8,0.0,24,1.36622902348238e-29,1.7878125667626352,2.4278125667626353,1.108079158194264,5.111503932569098,15.16160947974612,0.3543000188250959,1.4993254509678358,0.28848711579479924,3.157196726277789e-16,1.7260774630158973
3811,96,0.8,0.01,24,3.752436275434388e-05,1.7849304389530256,2.4249304389530257,1.1005568814895579,5.111503932569098,15.16160947974612,0.35090030479806567,1.4993343428360126,0.28577870334221067,-0.0001826072251981765,1.7239105379067747
3811,96,0.8,0.1,24,0.003463351547014649,1.76173319051713,2.40173319051713,1.0372370924948253,5.111503932569098,15.16160947974612,0.32284930425773617,1.500138899405105,0.2632147519184288,-0.0016204608064032087,1.7067624541300561
