n,repeat,class,selected_class,train_risk,validation_risk,test_risk,population_risk
8,0,constant,constant,0.375,0.53125,0.5,0.5
8,0,threshold,threshold,0.125,0.4375,0.30078125,0.3
8,0,lookup,lookup,0.125,0.4375,0.30078125,0.3
8,0,validation_selected,threshold,0.125,0.4375,0.30078125,0.3
8,1,constant,constant,0.25,0.5625,0.53125,0.5
8,1,threshold,threshold,0.0,0.375,0.27734375,0.3
8,1,lookup,lookup,0.0,0.25,0.27734375,0.3
8,1,validation_selected,lookup,0.0,0.25,0.27734375,0.3
8,2,constant,constant,0.25,0.46875,0.48828125,0.5
8,2,threshold,threshold,0.125,0.28125,0.32421875,0.3
8,2,lookup,lookup,0.125,0.40625,0.4375,0.4
8,2,validation_selected,threshold,0.125,0.28125,0.32421875,0.3
8,3,constant,constant,0.25,0.5,0.484375,0.5
8,3,threshold,threshold,0.25,0.125,0.15625,0.2
8,3,lookup,lookup,0.125,0.28125,0.2734375,0.3
8,3,validation_selected,threshold,0.25,0.125,0.15625,0.2
8,4,constant,constant,0.375,0.59375,0.46484375,0.5
8,4,threshold,threshold,0.0,0.28125,0.18359375,0.2
8,4,lookup,lookup,0.0,0.34375,0.28125,0.3
8,4,validation_selected,threshold,0.0,0.28125,0.18359375,0.2
8,5,constant,constant,0.25,0.5,0.51953125,0.5
8,5,threshold,threshold,0.25,0.5,0.51953125,0.5
8,5,lookup,lookup,0.125,0.375,0.4375,0.4
8,5,validation_selected,lookup,0.125,0.375,0.4375,0.4
8,6,constant,constant,0.125,0.5,0.5,0.5
8,6,threshold,threshold,0.0,0.09375,0.17578125,0.2
8,6,lookup,lookup,0.0,0.3125,0.37890625,0.4
8,6,validation_selected,threshold,0.0,0.09375,0.17578125,0.2
8,7,constant,constant,0.5,0.5625,0.5234375,0.5
8,7,threshold,threshold,0.0,0.03125,0.1328125,0.1
8,7,lookup,lookup,0.0,0.25,0.359375,0.3
8,7,validation_selected,threshold,0.0,0.03125,0.1328125,0.1
8,8,constant,constant,0.375,0.3125,0.5390625,0.5
8,8,threshold,threshold,0.0,0.15625,0.09765625,0.1
8,8,lookup,lookup,0.0,0.15625,0.1875,0.2
8,8,validation_selected,threshold,0.0,0.15625,0.09765625,0.1
8,9,constant,constant,0.5,0.46875,0.546875,0.5
8,9,threshold,threshold,0.0,0.09375,0.09375,0.1
8,9,lookup,lookup,0.0,0.15625,0.19921875,0.2
8,9,validation_selected,threshold,0.0,0.09375,0.09375,0.1
8,10,constant,constant,0.375,0.40625,0.47265625,0.5
8,10,threshold,threshold,0.0,0.28125,0.078125,0.1
8,10,lookup,lookup,0.0,0.40625,0.21875,0.2
8,10,validation_selected,threshold,0.0,0.28125,0.078125,0.1
8,11,constant,constant,0.375,0.5625,0.484375,0.5
8,11,threshold,threshold,0.0,0.15625,0.1171875,0.1
8,11,lookup,lookup,0.0,0.34375,0.3046875,0.3
8,11,validation_selected,threshold,0.0,0.15625,0.1171875,0.1
8,12,constant,constant,0.5,0.53125,0.4609375,0.5
8,12,threshold,threshold,0.0,0.25,0.171875,0.2
8,12,lookup,lookup,0.0,0.34375,0.3125,0.3
8,12,validation_selected,threshold,0.0,0.25,0.171875,0.2
8,13,constant,constant,0.25,0.46875,0.46484375,0.5
8,13,threshold,threshold,0.0,0.21875,0.171875,0.2
8,13,lookup,lookup,0.0,0.28125,0.25390625,0.3
8,13,validation_selected,threshold,0.0,0.21875,0.171875,0.2
8,14,constant,constant,0.0,0.40625,0.5546875,0.5
8,14,threshold,threshold,0.0,0.40625,0.5546875,0.5
8,14,lookup,lookup,0.0,0.40625,0.5546875,0.5
8,14,validation_selected,constant,0.0,0.40625,0.5546875,0.5
8,15,constant,constant,0.5,0.53125,0.484375,0.5
8,15,threshold,threshold,0.25,0.46875,0.28515625,0.3
8,15,lookup,lookup,0.25,0.5,0.38671875,0.4
8,15,validation_selected,threshold,0.25,0.46875,0.28515625,0.3
8,16,constant,constant,0.375,0.4375,0.5546875,0.5
8,16,threshold,threshold,0.0,0.09375,0.09765625,0.1
8,16,lookup,lookup,0.0,0.34375,0.33203125,0.3
8,16,validation_selected,threshold,0.0,0.09375,0.09765625,0.1
8,17,constant,constant,0.375,0.59375,0.48046875,0.5
8,17,threshold,threshold,0.125,0.1875,0.1875,0.2
8,17,lookup,lookup,0.125,0.375,0.28515625,0.3
8,17,validation_selected,threshold,0.125,0.1875,0.1875,0.2
8,18,constant,constant,0.5,0.5,0.5546875,0.5
8,18,threshold,threshold,0.0,0.3125,0.2109375,0.2
8,18,lookup,lookup,0.0,0.375,0.33984375,0.3
8,18,validation_selected,threshold,0.0,0.3125,0.2109375,0.2
8,19,constant,constant,0.25,0.46875,0.48046875,0.5
8,19,threshold,threshold,0.125,0.1875,0.22265625,0.2
8,19,lookup,lookup,0.125,0.40625,0.36328125,0.4
8,19,validation_selected,threshold,0.125,0.1875,0.22265625,0.2
8,20,constant,constant,0.25,0.4375,0.484375,0.5
8,20,threshold,threshold,0.0,0.125,0.08203125,0.1
8,20,lookup,lookup,0.0,0.21875,0.203125,0.2
8,20,validation_selected,threshold,0.0,0.125,0.08203125,0.1
8,21,constant,constant,0.375,0.5625,0.4609375,0.5
8,21,threshold,threshold,0.125,0.03125,0.046875,0.1
8,21,lookup,lookup,0.125,0.1875,0.16796875,0.2
8,21,validation_selected,threshold,0.125,0.03125,0.046875,0.1
8,22,constant,constant,0.25,0.5,0.51953125,0.5
8,22,threshold,threshold,0.25,0.09375,0.06640625,0.1
8,22,lookup,lookup,0.25,0.3125,0.26171875,0.3
8,22,validation_selected,threshold,0.25,0.09375,0.06640625,0.1
8,23,constant,constant,0.375,0.40625,0.53125,0.5
8,23,threshold,threshold,0.0,0.0625,0.1015625,0.1
8,23,lookup,lookup,0.0,0.0625,0.1015625,0.1
8,23,validation_selected,threshold,0.0,0.0625,0.1015625,0.1
8,24,constant,constant,0.375,0.5,0.48828125,0.5
8,24,threshold,threshold,0.0,0.1875,0.18359375,0.2
8,24,lookup,lookup,0.0,0.34375,0.30859375,0.3
8,24,validation_selected,threshold,0.0,0.1875,0.18359375,0.2
8,25,constant,constant,0.25,0.59375,0.46875,0.5
8,25,threshold,threshold,0.125,0.1875,0.08984375,0.1
8,25,lookup,lookup,0.0,0.5,0.3359375,0.4
8,25,validation_selected,threshold,0.125,0.1875,0.08984375,0.1
8,26,constant,constant,0.125,0.375,0.484375,0.5
8,26,threshold,threshold,0.0,0.1875,0.2109375,0.2
8,26,lookup,lookup,0.0,0.1875,0.2109375,0.2
8,26,validation_selected,threshold,0.0,0.1875,0.2109375,0.2
8,27,constant,constant,0.5,0.34375,0.5390625,0.5
8,27,threshold,threshold,0.25,0.28125,0.32421875,0.3
8,27,lookup,lookup,0.125,0.5,0.43359375,0.4
8,27,validation_selected,threshold,0.25,0.28125,0.32421875,0.3
8,28,constant,constant,0.375,0.53125,0.5,0.5
8,28,threshold,threshold,0.0,0.03125,0.12109375,0.1
8,28,lookup,lookup,0.0,0.21875,0.24609375,0.2
8,28,validation_selected,threshold,0.0,0.03125,0.12109375,0.1
8,29,constant,constant,0.5,0.46875,0.50390625,0.5
8,29,threshold,threshold,0.125,0.09375,0.07421875,0.1
8,29,lookup,lookup,0.125,0.1875,0.19140625,0.2
8,29,validation_selected,threshold,0.125,0.09375,0.07421875,0.1
8,30,constant,constant,0.375,0.46875,0.43359375,0.5
8,30,threshold,threshold,0.0,0.25,0.1015625,0.1
8,30,lookup,lookup,0.0,0.25,0.1015625,0.1
8,30,validation_selected,threshold,0.0,0.25,0.1015625,0.1
8,31,constant,constant,0.375,0.5625,0.453125,0.5
8,31,threshold,threshold,0.125,0.0625,0.09765625,0.1
8,31,lookup,lookup,0.125,0.3125,0.2578125,0.3
8,31,validation_selected,threshold,0.125,0.0625,0.09765625,0.1
8,32,constant,constant,0.375,0.40625,0.46875,0.5
8,32,threshold,threshold,0.0,0.21875,0.2109375,0.2
8,32,lookup,lookup,0.0,0.21875,0.2109375,0.2
8,32,validation_selected,threshold,0.0,0.21875,0.2109375,0.2
8,33,constant,constant,0.25,0.46875,0.484375,0.5
8,33,threshold,threshold,0.125,0.125,0.203125,0.2
8,33,lookup,lookup,0.0,0.5,0.55859375,0.5
8,33,validation_selected,threshold,0.125,0.125,0.203125,0.2
8,34,constant,constant,0.25,0.40625,0.4921875,0.5
8,34,threshold,threshold,0.0,0.09375,0.08984375,0.1
8,34,lookup,lookup,0.0,0.25,0.29296875,0.3
8,34,validation_selected,threshold,0.0,0.09375,0.08984375,0.1
8,35,constant,constant,0.375,0.5,0.5,0.5
8,35,threshold,threshold,0.0,0.1875,0.0859375,0.1
8,35,lookup,lookup,0.0,0.3125,0.16796875,0.2
8,35,validation_selected,threshold,0.0,0.1875,0.0859375,0.1
8,36,constant,constant,0.375,0.53125,0.484375,0.5
8,36,threshold,threshold,0.0,0.25,0.21875,0.2
8,36,lookup,lookup,0.0,0.375,0.31640625,0.3
8,36,validation_selected,threshold,0.0,0.25,0.21875,0.2
8,37,constant,constant,0.0,0.46875,0.54296875,0.5
8,37,threshold,threshold,0.0,0.46875,0.54296875,0.5
8,37,lookup,lookup,0.0,0.46875,0.54296875,0.5
8,37,validation_selected,constant,0.0,0.46875,0.54296875,0.5
8,38,constant,constant,0.375,0.4375,0.48828125,0.5
8,38,threshold,threshold,0.0,0.21875,0.1953125,0.2
8,38,lookup,lookup,0.0,0.34375,0.34375,0.3
8,38,validation_selected,threshold,0.0,0.21875,0.1953125,0.2
8,39,constant,constant,0.125,0.625,0.51953125,0.5
8,39,threshold,threshold,0.0,0.125,0.08203125,0.1
8,39,lookup,lookup,0.0,0.125,0.08203125,0.1
8,39,validation_selected,threshold,0.0,0.125,0.08203125,0.1
8,40,constant,constant,0.25,0.375,0.4765625,0.5
8,40,threshold,threshold,0.125,0.28125,0.265625,0.3
8,40,lookup,lookup,0.125,0.34375,0.3359375,0.4
8,40,validation_selected,threshold,0.125,0.28125,0.265625,0.3
8,41,constant,constant,0.375,0.34375,0.53515625,0.5
8,41,threshold,threshold,0.125,0.21875,0.3203125,0.3
8,41,lookup,lookup,0.125,0.21875,0.3203125,0.3
8,41,validation_selected,threshold,0.125,0.21875,0.3203125,0.3
8,42,constant,constant,0.25,0.40625,0.46875,0.5
8,42,threshold,threshold,0.125,0.21875,0.21484375,0.2
8,42,lookup,lookup,0.0,0.5,0.46875,0.5
8,42,validation_selected,threshold,0.125,0.21875,0.21484375,0.2
8,43,constant,constant,0.375,0.5,0.51953125,0.5
8,43,threshold,threshold,0.0,0.03125,0.08203125,0.1
8,43,lookup,lookup,0.0,0.3125,0.3046875,0.3
8,43,validation_selected,threshold,0.0,0.03125,0.08203125,0.1
8,44,constant,constant,0.375,0.5,0.515625,0.5
8,44,threshold,threshold,0.0,0.0625,0.11328125,0.1
8,44,lookup,lookup,0.0,0.0625,0.11328125,0.1
8,44,validation_selected,threshold,0.0,0.0625,0.11328125,0.1
8,45,constant,constant,0.25,0.53125,0.51953125,0.5
8,45,threshold,threshold,0.0,0.0,0.10546875,0.1
8,45,lookup,lookup,0.0,0.0,0.10546875,0.1
8,45,validation_selected,threshold,0.0,0.0,0.10546875,0.1
8,46,constant,constant,0.5,0.5625,0.55859375,0.5
8,46,threshold,threshold,0.0,0.125,0.109375,0.1
8,46,lookup,lookup,0.0,0.21875,0.29296875,0.3
8,46,validation_selected,threshold,0.0,0.125,0.109375,0.1
8,47,constant,constant,0.5,0.5,0.484375,0.5
8,47,threshold,threshold,0.0,0.09375,0.078125,0.1
8,47,lookup,lookup,0.0,0.28125,0.2890625,0.3
8,47,validation_selected,threshold,0.0,0.09375,0.078125,0.1
8,48,constant,constant,0.5,0.375,0.48046875,0.5
8,48,threshold,threshold,0.125,0.0625,0.08203125,0.1
8,48,lookup,lookup,0.125,0.28125,0.296875,0.3
8,48,validation_selected,threshold,0.125,0.0625,0.08203125,0.1
8,49,constant,constant,0.375,0.53125,0.5234375,0.5
8,49,threshold,threshold,0.125,0.09375,0.0859375,0.1
8,49,lookup,lookup,0.125,0.15625,0.16015625,0.2
8,49,validation_selected,threshold,0.125,0.09375,0.0859375,0.1
8,50,constant,constant,0.5,0.46875,0.46875,0.5
8,50,threshold,threshold,0.0,0.125,0.09375,0.1
8,50,lookup,lookup,0.0,0.15625,0.1796875,0.2
8,50,validation_selected,threshold,0.0,0.125,0.09375,0.1
8,51,constant,constant,0.375,0.53125,0.5234375,0.5
8,51,threshold,threshold,0.25,0.125,0.109375,0.1
8,51,lookup,lookup,0.125,0.5,0.34765625,0.4
8,51,validation_selected,threshold,0.25,0.125,0.109375,0.1
8,52,constant,constant,0.5,0.46875,0.4921875,0.5
8,52,threshold,threshold,0.0,0.15625,0.1015625,0.1
8,52,lookup,lookup,0.0,0.1875,0.18359375,0.2
8,52,validation_selected,threshold,0.0,0.15625,0.1015625,0.1
8,53,constant,constant,0.375,0.53125,0.5,0.5
8,53,threshold,threshold,0.0,0.1875,0.1171875,0.1
8,53,lookup,lookup,0.0,0.1875,0.1171875,0.1
8,53,validation_selected,threshold,0.0,0.1875,0.1171875,0.1
8,54,constant,constant,0.25,0.53125,0.46484375,0.5
8,54,threshold,threshold,0.0,0.0625,0.078125,0.1
8,54,lookup,lookup,0.0,0.375,0.2265625,0.3
8,54,validation_selected,threshold,0.0,0.0625,0.078125,0.1
8,55,constant,constant,0.5,0.40625,0.45703125,0.5
8,55,threshold,threshold,0.25,0.125,0.06640625,0.1
8,55,lookup,lookup,0.0,0.34375,0.390625,0.4
8,55,validation_selected,threshold,0.25,0.125,0.06640625,0.1
8,56,constant,constant,0.375,0.5625,0.4921875,0.5
8,56,threshold,threshold,0.125,0.21875,0.2109375,0.2
8,56,lookup,lookup,0.125,0.21875,0.2109375,0.2
8,56,validation_selected,threshold,0.125,0.21875,0.2109375,0.2
8,57,constant,constant,0.5,0.53125,0.546875,0.5
8,57,threshold,threshold,0.125,0.40625,0.2734375,0.3
8,57,lookup,lookup,0.125,0.53125,0.5625,0.5
8,57,validation_selected,threshold,0.125,0.40625,0.2734375,0.3
8,58,constant,constant,0.375,0.53125,0.55078125,0.5
8,58,threshold,threshold,0.125,0.03125,0.109375,0.1
8,58,lookup,lookup,0.125,0.15625,0.19921875,0.2
8,58,validation_selected,threshold,0.125,0.03125,0.109375,0.1
8,59,constant,constant,0.5,0.46875,0.46875,0.5
8,59,threshold,threshold,0.25,0.03125,0.09765625,0.1
8,59,lookup,lookup,0.125,0.3125,0.41015625,0.4
8,59,validation_selected,threshold,0.25,0.03125,0.09765625,0.1
8,60,constant,constant,0.5,0.5625,0.53125,0.5
8,60,threshold,threshold,0.0,0.15625,0.234375,0.2
8,60,lookup,lookup,0.0,0.40625,0.3046875,0.3
8,60,validation_selected,threshold,0.0,0.15625,0.234375,0.2
8,61,constant,constant,0.375,0.5,0.48828125,0.5
8,61,threshold,threshold,0.125,0.15625,0.109375,0.1
8,61,lookup,lookup,0.125,0.375,0.30859375,0.3
8,61,validation_selected,threshold,0.125,0.15625,0.109375,0.1
8,62,constant,constant,0.375,0.53125,0.51953125,0.5
8,62,threshold,threshold,0.125,0.28125,0.40234375,0.4
8,62,lookup,lookup,0.0,0.1875,0.32421875,0.3
8,62,validation_selected,lookup,0.0,0.1875,0.32421875,0.3
8,63,constant,constant,0.375,0.53125,0.55859375,0.5
8,63,threshold,threshold,0.25,0.3125,0.41796875,0.4
8,63,lookup,lookup,0.25,0.3125,0.41796875,0.4
8,63,validation_selected,threshold,0.25,0.3125,0.41796875,0.4
8,64,constant,constant,0.5,0.5,0.5390625,0.5
8,64,threshold,threshold,0.125,0.25,0.1953125,0.2
8,64,lookup,lookup,0.125,0.34375,0.32421875,0.3
8,64,validation_selected,threshold,0.125,0.25,0.1953125,0.2
8,65,constant,constant,0.125,0.46875,0.45703125,0.5
8,65,threshold,threshold,0.0,0.0625,0.09375,0.1
8,65,lookup,lookup,0.0,0.34375,0.37890625,0.4
8,65,validation_selected,threshold,0.0,0.0625,0.09375,0.1
8,66,constant,constant,0.375,0.53125,0.515625,0.5
8,66,threshold,threshold,0.0,0.34375,0.25,0.3
8,66,lookup,lookup,0.0,0.34375,0.25,0.3
8,66,validation_selected,threshold,0.0,0.34375,0.25,0.3
8,67,constant,constant,0.5,0.625,0.484375,0.5
8,67,threshold,threshold,0.25,0.28125,0.16796875,0.2
8,67,lookup,lookup,0.125,0.4375,0.25390625,0.3
8,67,validation_selected,threshold,0.25,0.28125,0.16796875,0.2
8,68,constant,constant,0.25,0.4375,0.484375,0.5
8,68,threshold,threshold,0.0,0.25,0.1171875,0.1
8,68,lookup,lookup,0.0,0.25,0.1171875,0.1
8,68,validation_selected,threshold,0.0,0.25,0.1171875,0.1
8,69,constant,constant,0.375,0.59375,0.5078125,0.5
8,69,threshold,threshold,0.0,0.09375,0.1171875,0.1
8,69,lookup,lookup,0.0,0.15625,0.22265625,0.2
8,69,validation_selected,threshold,0.0,0.09375,0.1171875,0.1
8,70,constant,constant,0.5,0.59375,0.45703125,0.5
8,70,threshold,threshold,0.125,0.25,0.203125,0.2
8,70,lookup,lookup,0.125,0.46875,0.3828125,0.4
8,70,validation_selected,threshold,0.125,0.25,0.203125,0.2
8,71,constant,constant,0.5,0.625,0.5390625,0.5
8,71,threshold,threshold,0.125,0.21875,0.21875,0.2
8,71,lookup,lookup,0.125,0.3125,0.31640625,0.3
8,71,validation_selected,threshold,0.125,0.21875,0.21875,0.2
8,72,constant,constant,0.375,0.4375,0.5078125,0.5
8,72,threshold,threshold,0.0,0.125,0.09765625,0.1
8,72,lookup,lookup,0.0,0.125,0.09765625,0.1
8,72,validation_selected,threshold,0.0,0.125,0.09765625,0.1
8,73,constant,constant,0.25,0.53125,0.5234375,0.5
8,73,threshold,threshold,0.0,0.0625,0.09765625,0.1
8,73,lookup,lookup,0.0,0.15625,0.203125,0.2
8,73,validation_selected,threshold,0.0,0.0625,0.09765625,0.1
8,74,constant,constant,0.375,0.5,0.51171875,0.5
8,74,threshold,threshold,0.25,0.40625,0.4140625,0.4
8,74,lookup,lookup,0.25,0.40625,0.4140625,0.4
8,74,validation_selected,threshold,0.25,0.40625,0.4140625,0.4
8,75,constant,constant,0.375,0.40625,0.48828125,0.5
8,75,threshold,threshold,0.0,0.15625,0.09765625,0.1
8,75,lookup,lookup,0.0,0.375,0.26953125,0.3
8,75,validation_selected,threshold,0.0,0.15625,0.09765625,0.1
8,76,constant,constant,0.5,0.5625,0.4765625,0.5
8,76,threshold,threshold,0.0,0.15625,0.07421875,0.1
8,76,lookup,lookup,0.0,0.15625,0.1875,0.2
8,76,validation_selected,threshold,0.0,0.15625,0.07421875,0.1
8,77,constant,constant,0.25,0.5,0.515625,0.5
8,77,threshold,threshold,0.0,0.0625,0.1015625,0.1
8,77,lookup,lookup,0.0,0.25,0.2109375,0.2
8,77,validation_selected,threshold,0.0,0.0625,0.1015625,0.1
8,78,constant,constant,0.5,0.59375,0.50390625,0.5
8,78,threshold,threshold,0.125,0.03125,0.0859375,0.1
8,78,lookup,lookup,0.0,0.28125,0.28125,0.3
8,78,validation_selected,threshold,0.125,0.03125,0.0859375,0.1
8,79,constant,constant,0.375,0.375,0.52734375,0.5
8,79,threshold,threshold,0.0,0.21875,0.1015625,0.1
8,79,lookup,lookup,0.0,0.21875,0.1015625,0.1
8,79,validation_selected,threshold,0.0,0.21875,0.1015625,0.1
8,80,constant,constant,0.5,0.53125,0.50390625,0.5
8,80,threshold,threshold,0.125,0.125,0.08984375,0.1
8,80,lookup,lookup,0.125,0.34375,0.29296875,0.3
8,80,validation_selected,threshold,0.125,0.125,0.08984375,0.1
8,81,constant,constant,0.25,0.5,0.5546875,0.5
8,81,threshold,threshold,0.125,0.28125,0.265625,0.3
8,81,lookup,lookup,0.0,0.375,0.453125,0.5
8,81,validation_selected,threshold,0.125,0.28125,0.265625,0.3
8,82,constant,constant,0.375,0.40625,0.46875,0.5
8,82,threshold,threshold,0.25,0.125,0.1015625,0.1
8,82,lookup,lookup,0.25,0.3125,0.35546875,0.4
8,82,validation_selected,threshold,0.25,0.125,0.1015625,0.1
8,83,constant,constant,0.5,0.375,0.4921875,0.5
8,83,threshold,threshold,0.125,0.03125,0.09765625,0.1
8,83,lookup,lookup,0.125,0.0625,0.21484375,0.2
8,83,validation_selected,threshold,0.125,0.03125,0.09765625,0.1
8,84,constant,constant,0.25,0.4375,0.484375,0.5
8,84,threshold,threshold,0.25,0.4375,0.484375,0.5
8,84,lookup,lookup,0.0,0.28125,0.34765625,0.4
8,84,validation_selected,lookup,0.0,0.28125,0.34765625,0.4
8,85,constant,constant,0.5,0.5625,0.515625,0.5
8,85,threshold,threshold,0.0,0.25,0.1953125,0.2
8,85,lookup,lookup,0.0,0.5,0.43359375,0.4
8,85,validation_selected,threshold,0.0,0.25,0.1953125,0.2
8,86,constant,constant,0.5,0.4375,0.51953125,0.5
8,86,threshold,threshold,0.0,0.15625,0.22265625,0.2
8,86,lookup,lookup,0.0,0.15625,0.22265625,0.2
8,86,validation_selected,threshold,0.0,0.15625,0.22265625,0.2
8,87,constant,constant,0.375,0.46875,0.49609375,0.5
8,87,threshold,threshold,0.0,0.1875,0.1953125,0.2
8,87,lookup,lookup,0.0,0.1875,0.1953125,0.2
8,87,validation_selected,threshold,0.0,0.1875,0.1953125,0.2
8,88,constant,constant,0.375,0.40625,0.5234375,0.5
8,88,threshold,threshold,0.0,0.09375,0.1171875,0.1
8,88,lookup,lookup,0.0,0.09375,0.1171875,0.1
8,88,validation_selected,threshold,0.0,0.09375,0.1171875,0.1
8,89,constant,constant,0.5,0.4375,0.515625,0.5
8,89,threshold,threshold,0.0,0.15625,0.203125,0.2
8,89,lookup,lookup,0.0,0.15625,0.203125,0.2
8,89,validation_selected,threshold,0.0,0.15625,0.203125,0.2
8,90,constant,constant,0.5,0.46875,0.484375,0.5
8,90,threshold,threshold,0.375,0.46875,0.32421875,0.3
8,90,lookup,lookup,0.25,0.53125,0.41796875,0.4
8,90,validation_selected,constant,0.5,0.46875,0.484375,0.5
8,91,constant,constant,0.375,0.46875,0.453125,0.5
8,91,threshold,threshold,0.125,0.21875,0.21484375,0.2
8,91,lookup,lookup,0.125,0.46875,0.3984375,0.4
8,91,validation_selected,threshold,0.125,0.21875,0.21484375,0.2
8,92,constant,constant,0.5,0.46875,0.4921875,0.5
8,92,threshold,threshold,0.0,0.1875,0.28125,0.3
8,92,lookup,lookup,0.0,0.1875,0.28125,0.3
8,92,validation_selected,threshold,0.0,0.1875,0.28125,0.3
8,93,constant,constant,0.25,0.40625,0.5390625,0.5
8,93,threshold,threshold,0.0,0.0625,0.0546875,0.1
8,93,lookup,lookup,0.0,0.0625,0.0546875,0.1
8,93,validation_selected,threshold,0.0,0.0625,0.0546875,0.1
8,94,constant,constant,0.5,0.5625,0.48046875,0.5
8,94,threshold,threshold,0.125,0.0625,0.08203125,0.1
8,94,lookup,lookup,0.125,0.1875,0.203125,0.2
8,94,validation_selected,threshold,0.125,0.0625,0.08203125,0.1
8,95,constant,constant,0.375,0.65625,0.49609375,0.5
8,95,threshold,threshold,0.125,0.5625,0.37109375,0.4
8,95,lookup,lookup,0.0,0.40625,0.25,0.3
8,95,validation_selected,lookup,0.0,0.40625,0.25,0.3
8,96,constant,constant,0.375,0.53125,0.5078125,0.5
8,96,threshold,threshold,0.125,0.03125,0.10546875,0.1
8,96,lookup,lookup,0.125,0.375,0.33984375,0.3
8,96,validation_selected,threshold,0.125,0.03125,0.10546875,0.1
8,97,constant,constant,0.5,0.40625,0.50390625,0.5
8,97,threshold,threshold,0.125,0.125,0.09765625,0.1
8,97,lookup,lookup,0.125,0.25,0.29296875,0.3
8,97,validation_selected,threshold,0.125,0.125,0.09765625,0.1
8,98,constant,constant,0.25,0.53125,0.515625,0.5
8,98,threshold,threshold,0.125,0.4375,0.40234375,0.4
8,98,lookup,lookup,0.125,0.4375,0.40234375,0.4
8,98,validation_selected,threshold,0.125,0.4375,0.40234375,0.4
8,99,constant,constant,0.375,0.5625,0.5,0.5
8,99,threshold,threshold,0.0,0.25,0.20703125,0.2
8,99,lookup,lookup,0.0,0.25,0.20703125,0.2
8,99,validation_selected,threshold,0.0,0.25,0.20703125,0.2
8,100,constant,constant,0.375,0.53125,0.453125,0.5
8,100,threshold,threshold,0.25,0.4375,0.4375,0.4
8,100,lookup,lookup,0.25,0.4375,0.4375,0.4
8,100,validation_selected,threshold,0.25,0.4375,0.4375,0.4
8,101,constant,constant,0.125,0.5,0.484375,0.5
8,101,threshold,threshold,0.0,0.125,0.08984375,0.1
8,101,lookup,lookup,0.0,0.125,0.08984375,0.1
8,101,validation_selected,threshold,0.0,0.125,0.08984375,0.1
8,102,constant,constant,0.25,0.46875,0.484375,0.5
8,102,threshold,threshold,0.0,0.09375,0.12890625,0.1
8,102,lookup,lookup,0.0,0.21875,0.21875,0.2
8,102,validation_selected,threshold,0.0,0.09375,0.12890625,0.1
8,103,constant,constant,0.125,0.625,0.453125,0.5
8,103,threshold,threshold,0.125,0.46875,0.359375,0.4
8,103,lookup,lookup,0.0,0.1875,0.30078125,0.3
8,103,validation_selected,lookup,0.0,0.1875,0.30078125,0.3
8,104,constant,constant,0.375,0.5625,0.4921875,0.5
8,104,threshold,threshold,0.125,0.15625,0.125,0.1
8,104,lookup,lookup,0.125,0.375,0.28125,0.3
8,104,validation_selected,threshold,0.125,0.15625,0.125,0.1
8,105,constant,constant,0.375,0.5,0.49609375,0.5
8,105,threshold,threshold,0.0,0.21875,0.22265625,0.2
8,105,lookup,lookup,0.0,0.21875,0.22265625,0.2
8,105,validation_selected,threshold,0.0,0.21875,0.22265625,0.2
8,106,constant,constant,0.375,0.4375,0.51171875,0.5
8,106,threshold,threshold,0.0,0.125,0.08984375,0.1
8,106,lookup,lookup,0.0,0.1875,0.171875,0.2
8,106,validation_selected,threshold,0.0,0.125,0.08984375,0.1
8,107,constant,constant,0.5,0.53125,0.51171875,0.5
8,107,threshold,threshold,0.125,0.03125,0.08984375,0.1
8,107,lookup,lookup,0.125,0.09375,0.19140625,0.2
8,107,validation_selected,threshold,0.125,0.03125,0.08984375,0.1
8,108,constant,constant,0.375,0.46875,0.50390625,0.5
8,108,threshold,threshold,0.0,0.25,0.3046875,0.3
8,108,lookup,lookup,0.0,0.25,0.3046875,0.3
8,108,validation_selected,threshold,0.0,0.25,0.3046875,0.3
8,109,constant,constant,0.375,0.3125,0.50390625,0.5
8,109,threshold,threshold,0.0,0.25,0.19921875,0.2
8,109,lookup,lookup,0.0,0.25,0.19921875,0.2
8,109,validation_selected,threshold,0.0,0.25,0.19921875,0.2
8,110,constant,constant,0.5,0.5625,0.5078125,0.5
8,110,threshold,threshold,0.125,0.0625,0.078125,0.1
8,110,lookup,lookup,0.0,0.34375,0.1875,0.2
8,110,validation_selected,threshold,0.125,0.0625,0.078125,0.1
8,111,constant,constant,0.25,0.46875,0.53125,0.5
8,111,threshold,threshold,0.0,0.0625,0.078125,0.1
8,111,lookup,lookup,0.0,0.25,0.32421875,0.3
8,111,validation_selected,threshold,0.0,0.0625,0.078125,0.1
8,112,constant,constant,0.5,0.53125,0.5,0.5
8,112,threshold,threshold,0.125,0.3125,0.34765625,0.3
8,112,lookup,lookup,0.0,0.1875,0.25390625,0.2
8,112,validation_selected,lookup,0.0,0.1875,0.25390625,0.2
8,113,constant,constant,0.5,0.375,0.5078125,0.5
8,113,threshold,threshold,0.125,0.03125,0.078125,0.1
8,113,lookup,lookup,0.125,0.3125,0.30859375,0.3
8,113,validation_selected,threshold,0.125,0.03125,0.078125,0.1
8,114,constant,constant,0.25,0.46875,0.51953125,0.5
8,114,threshold,threshold,0.0,0.09375,0.13671875,0.1
8,114,lookup,lookup,0.0,0.1875,0.22265625,0.2
8,114,validation_selected,threshold,0.0,0.09375,0.13671875,0.1
8,115,constant,constant,0.5,0.53125,0.51171875,0.5
8,115,threshold,threshold,0.0,0.09375,0.078125,0.1
8,115,lookup,lookup,0.0,0.21875,0.1796875,0.2
8,115,validation_selected,threshold,0.0,0.09375,0.078125,0.1
8,116,constant,constant,0.5,0.65625,0.484375,0.5
8,116,threshold,threshold,0.0,0.15625,0.09375,0.1
8,116,lookup,lookup,0.0,0.4375,0.26953125,0.3
8,116,validation_selected,threshold,0.0,0.15625,0.09375,0.1
8,117,constant,constant,0.25,0.46875,0.515625,0.5
8,117,threshold,threshold,0.0,0.03125,0.1015625,0.1
8,117,lookup,lookup,0.0,0.09375,0.19140625,0.2
8,117,validation_selected,threshold,0.0,0.03125,0.1015625,0.1
8,118,constant,constant,0.5,0.46875,0.53515625,0.5
8,118,threshold,threshold,0.25,0.03125,0.109375,0.1
8,118,lookup,lookup,0.125,0.40625,0.41796875,0.4
8,118,validation_selected,threshold,0.25,0.03125,0.109375,0.1
8,119,constant,constant,0.375,0.5,0.5,0.5
8,119,threshold,threshold,0.125,0.28125,0.2578125,0.2
8,119,lookup,lookup,0.125,0.3125,0.2890625,0.3
8,119,validation_selected,threshold,0.125,0.28125,0.2578125,0.2
8,120,constant,constant,0.375,0.5,0.4921875,0.5
8,120,threshold,threshold,0.0,0.125,0.10546875,0.1
8,120,lookup,lookup,0.0,0.21875,0.203125,0.2
8,120,validation_selected,threshold,0.0,0.125,0.10546875,0.1
8,121,constant,constant,0.25,0.4375,0.55078125,0.5
8,121,threshold,threshold,0.125,0.03125,0.1171875,0.1
8,121,lookup,lookup,0.125,0.34375,0.44140625,0.4
8,121,validation_selected,threshold,0.125,0.03125,0.1171875,0.1
8,122,constant,constant,0.25,0.53125,0.48828125,0.5
8,122,threshold,threshold,0.0,0.0625,0.06640625,0.1
8,122,lookup,lookup,0.0,0.0625,0.06640625,0.1
8,122,validation_selected,threshold,0.0,0.0625,0.06640625,0.1
8,123,constant,constant,0.375,0.34375,0.51171875,0.5
8,123,threshold,threshold,0.0,0.125,0.1640625,0.2
8,123,lookup,lookup,0.0,0.125,0.1640625,0.2
8,123,validation_selected,threshold,0.0,0.125,0.1640625,0.2
8,124,constant,constant,0.375,0.5625,0.49609375,0.5
8,124,threshold,threshold,0.125,0.25,0.203125,0.2
8,124,lookup,lookup,0.125,0.25,0.203125,0.2
8,124,validation_selected,threshold,0.125,0.25,0.203125,0.2
8,125,constant,constant,0.25,0.46875,0.49609375,0.5
8,125,threshold,threshold,0.0,0.40625,0.375,0.4
8,125,lookup,lookup,0.0,0.40625,0.375,0.4
8,125,validation_selected,threshold,0.0,0.40625,0.375,0.4
8,126,constant,constant,0.375,0.25,0.46484375,0.5
8,126,threshold,threshold,0.0,0.125,0.10546875,0.1
8,126,lookup,lookup,0.0,0.25,0.40625,0.4
8,126,validation_selected,threshold,0.0,0.125,0.10546875,0.1
8,127,constant,constant,0.5,0.375,0.51171875,0.5
8,127,threshold,threshold,0.125,0.0625,0.1015625,0.1
8,127,lookup,lookup,0.125,0.0625,0.17578125,0.2
8,127,validation_selected,threshold,0.125,0.0625,0.1015625,0.1
8,128,constant,constant,0.5,0.71875,0.4453125,0.5
8,128,threshold,threshold,0.0,0.0625,0.0859375,0.1
8,128,lookup,lookup,0.0,0.15625,0.171875,0.2
8,128,validation_selected,threshold,0.0,0.0625,0.0859375,0.1
8,129,constant,constant,0.25,0.5,0.44921875,0.5
8,129,threshold,threshold,0.0,0.125,0.09765625,0.1
8,129,lookup,lookup,0.0,0.4375,0.37109375,0.4
8,129,validation_selected,threshold,0.0,0.125,0.09765625,0.1
8,130,constant,constant,0.375,0.625,0.50390625,0.5
8,130,threshold,threshold,0.0,0.28125,0.20703125,0.2
8,130,lookup,lookup,0.0,0.28125,0.20703125,0.2
8,130,validation_selected,threshold,0.0,0.28125,0.20703125,0.2
8,131,constant,constant,0.375,0.46875,0.4765625,0.5
8,131,threshold,threshold,0.125,0.1875,0.16015625,0.2
8,131,lookup,lookup,0.125,0.34375,0.2421875,0.3
8,131,validation_selected,threshold,0.125,0.1875,0.16015625,0.2
8,132,constant,constant,0.25,0.5625,0.5078125,0.5
8,132,threshold,threshold,0.125,0.1875,0.1953125,0.2
8,132,lookup,lookup,0.125,0.25,0.390625,0.4
8,132,validation_selected,threshold,0.125,0.1875,0.1953125,0.2
8,133,constant,constant,0.5,0.375,0.546875,0.5
8,133,threshold,threshold,0.0,0.125,0.0859375,0.1
8,133,lookup,lookup,0.0,0.125,0.21875,0.2
8,133,validation_selected,threshold,0.0,0.125,0.0859375,0.1
8,134,constant,constant,0.375,0.53125,0.515625,0.5
8,134,threshold,threshold,0.125,0.125,0.109375,0.1
8,134,lookup,lookup,0.0,0.40625,0.328125,0.3
8,134,validation_selected,threshold,0.125,0.125,0.109375,0.1
8,135,constant,constant,0.5,0.375,0.4921875,0.5
8,135,threshold,threshold,0.25,0.28125,0.28125,0.3
8,135,lookup,lookup,0.0,0.3125,0.48046875,0.5
8,135,validation_selected,threshold,0.25,0.28125,0.28125,0.3
8,136,constant,constant,0.375,0.4375,0.53125,0.5
8,136,threshold,threshold,0.25,0.1875,0.23046875,0.2
8,136,lookup,lookup,0.25,0.3125,0.4296875,0.4
8,136,validation_selected,threshold,0.25,0.1875,0.23046875,0.2
8,137,constant,constant,0.5,0.4375,0.48828125,0.5
8,137,threshold,threshold,0.25,0.0,0.1171875,0.1
8,137,lookup,lookup,0.125,0.21875,0.33203125,0.3
8,137,validation_selected,threshold,0.25,0.0,0.1171875,0.1
8,138,constant,constant,0.5,0.5,0.49609375,0.5
8,138,threshold,threshold,0.0,0.125,0.09765625,0.1
8,138,lookup,lookup,0.0,0.28125,0.21484375,0.2
8,138,validation_selected,threshold,0.0,0.125,0.09765625,0.1
8,139,constant,constant,0.375,0.4375,0.51953125,0.5
8,139,threshold,threshold,0.0,0.125,0.0703125,0.1
8,139,lookup,lookup,0.0,0.25,0.3046875,0.3
8,139,validation_selected,threshold,0.0,0.125,0.0703125,0.1
8,140,constant,constant,0.375,0.5625,0.45703125,0.5
8,140,threshold,threshold,0.125,0.1875,0.2421875,0.2
8,140,lookup,lookup,0.125,0.25,0.36328125,0.3
8,140,validation_selected,threshold,0.125,0.1875,0.2421875,0.2
8,141,constant,constant,0.5,0.59375,0.47265625,0.5
8,141,threshold,threshold,0.375,0.4375,0.3671875,0.4
8,141,lookup,lookup,0.25,0.34375,0.28515625,0.3
8,141,validation_selected,lookup,0.25,0.34375,0.28515625,0.3
8,142,constant,constant,0.25,0.4375,0.50390625,0.5
8,142,threshold,threshold,0.25,0.1875,0.17578125,0.2
8,142,lookup,lookup,0.25,0.34375,0.2734375,0.3
8,142,validation_selected,threshold,0.25,0.1875,0.17578125,0.2
8,143,constant,constant,0.5,0.4375,0.5078125,0.5
8,143,threshold,threshold,0.0,0.15625,0.25390625,0.2
8,143,lookup,lookup,0.0,0.15625,0.25390625,0.2
8,143,validation_selected,threshold,0.0,0.15625,0.25390625,0.2
8,144,constant,constant,0.375,0.53125,0.46484375,0.5
8,144,threshold,threshold,0.0,0.03125,0.09765625,0.1
8,144,lookup,lookup,0.0,0.15625,0.203125,0.2
8,144,validation_selected,threshold,0.0,0.03125,0.09765625,0.1
8,145,constant,constant,0.5,0.4375,0.48828125,0.5
8,145,threshold,threshold,0.0,0.3125,0.30078125,0.3
8,145,lookup,lookup,0.0,0.3125,0.30078125,0.3
8,145,validation_selected,threshold,0.0,0.3125,0.30078125,0.3
8,146,constant,constant,0.5,0.625,0.49609375,0.5
8,146,threshold,threshold,0.125,0.1875,0.15625,0.2
8,146,lookup,lookup,0.125,0.4375,0.2734375,0.3
8,146,validation_selected,threshold,0.125,0.1875,0.15625,0.2
8,147,constant,constant,0.5,0.53125,0.47265625,0.5
8,147,threshold,threshold,0.125,0.4375,0.45703125,0.4
8,147,lookup,lookup,0.125,0.25,0.39453125,0.4
8,147,validation_selected,lookup,0.125,0.25,0.39453125,0.4
8,148,constant,constant,0.5,0.375,0.5234375,0.5
8,148,threshold,threshold,0.125,0.09375,0.0859375,0.1
8,148,lookup,lookup,0.125,0.21875,0.20703125,0.2
8,148,validation_selected,threshold,0.125,0.09375,0.0859375,0.1
8,149,constant,constant,0.375,0.46875,0.53515625,0.5
8,149,threshold,threshold,0.25,0.375,0.31640625,0.3
8,149,lookup,lookup,0.125,0.46875,0.52734375,0.5
8,149,validation_selected,threshold,0.25,0.375,0.31640625,0.3
8,150,constant,constant,0.25,0.5,0.48046875,0.5
8,150,threshold,threshold,0.25,0.0625,0.08984375,0.1
8,150,lookup,lookup,0.25,0.1875,0.1875,0.2
8,150,validation_selected,threshold,0.25,0.0625,0.08984375,0.1
8,151,constant,constant,0.375,0.40625,0.51171875,0.5
8,151,threshold,threshold,0.125,0.0625,0.0703125,0.1
8,151,lookup,lookup,0.125,0.15625,0.203125,0.2
8,151,validation_selected,threshold,0.125,0.0625,0.0703125,0.1
8,152,constant,constant,0.25,0.3125,0.52734375,0.5
8,152,threshold,threshold,0.125,0.0625,0.08203125,0.1
8,152,lookup,lookup,0.125,0.375,0.25,0.3
8,152,validation_selected,threshold,0.125,0.0625,0.08203125,0.1
8,153,constant,constant,0.5,0.53125,0.53515625,0.5
8,153,threshold,threshold,0.125,0.125,0.2109375,0.2
8,153,lookup,lookup,0.125,0.28125,0.33203125,0.3
8,153,validation_selected,threshold,0.125,0.125,0.2109375,0.2
8,154,constant,constant,0.25,0.4375,0.46875,0.5
8,154,threshold,threshold,0.0,0.03125,0.09375,0.1
8,154,lookup,lookup,0.0,0.15625,0.18359375,0.2
8,154,validation_selected,threshold,0.0,0.03125,0.09375,0.1
8,155,constant,constant,0.0,0.46875,0.4921875,0.5
8,155,threshold,threshold,0.0,0.46875,0.4921875,0.5
8,155,lookup,lookup,0.0,0.40625,0.4296875,0.4
8,155,validation_selected,lookup,0.0,0.40625,0.4296875,0.4
8,156,constant,constant,0.5,0.59375,0.484375,0.5
8,156,threshold,threshold,0.125,0.09375,0.0859375,0.1
8,156,lookup,lookup,0.125,0.375,0.28125,0.3
8,156,validation_selected,threshold,0.125,0.09375,0.0859375,0.1
8,157,constant,constant,0.25,0.5625,0.46875,0.5
8,157,threshold,threshold,0.125,0.0625,0.11328125,0.1
8,157,lookup,lookup,0.125,0.4375,0.38671875,0.4
8,157,validation_selected,threshold,0.125,0.0625,0.11328125,0.1
8,158,constant,constant,0.5,0.46875,0.4921875,0.5
8,158,threshold,threshold,0.25,0.3125,0.2890625,0.3
8,158,lookup,lookup,0.25,0.3125,0.2890625,0.3
8,158,validation_selected,threshold,0.25,0.3125,0.2890625,0.3
8,159,constant,constant,0.5,0.5,0.48046875,0.5
8,159,threshold,threshold,0.0,0.09375,0.10546875,0.1
8,159,lookup,lookup,0.0,0.21875,0.18359375,0.2
8,159,validation_selected,threshold,0.0,0.09375,0.10546875,0.1
8,160,constant,constant,0.5,0.59375,0.58984375,0.5
8,160,threshold,threshold,0.25,0.1875,0.21875,0.2
8,160,lookup,lookup,0.25,0.40625,0.5,0.4
8,160,validation_selected,threshold,0.25,0.1875,0.21875,0.2
8,161,constant,constant,0.5,0.53125,0.4765625,0.5
8,161,threshold,threshold,0.0,0.125,0.2109375,0.2
8,161,lookup,lookup,0.0,0.125,0.2109375,0.2
8,161,validation_selected,threshold,0.0,0.125,0.2109375,0.2
8,162,constant,constant,0.375,0.65625,0.4765625,0.5
8,162,threshold,threshold,0.125,0.53125,0.38671875,0.4
8,162,lookup,lookup,0.125,0.53125,0.38671875,0.4
8,162,validation_selected,threshold,0.125,0.53125,0.38671875,0.4
8,163,constant,constant,0.375,0.46875,0.49609375,0.5
8,163,threshold,threshold,0.0,0.25,0.2265625,0.2
8,163,lookup,lookup,0.0,0.25,0.2265625,0.2
8,163,validation_selected,threshold,0.0,0.25,0.2265625,0.2
8,164,constant,constant,0.25,0.53125,0.4609375,0.5
8,164,threshold,threshold,0.125,0.34375,0.33203125,0.3
8,164,lookup,lookup,0.125,0.34375,0.33203125,0.3
8,164,validation_selected,threshold,0.125,0.34375,0.33203125,0.3
8,165,constant,constant,0.5,0.53125,0.46484375,0.5
8,165,threshold,threshold,0.125,0.15625,0.23046875,0.2
8,165,lookup,lookup,0.125,0.40625,0.421875,0.4
8,165,validation_selected,threshold,0.125,0.15625,0.23046875,0.2
8,166,constant,constant,0.375,0.5625,0.515625,0.5
8,166,threshold,threshold,0.125,0.03125,0.1015625,0.1
8,166,lookup,lookup,0.125,0.0625,0.1796875,0.2
8,166,validation_selected,threshold,0.125,0.03125,0.1015625,0.1
8,167,constant,constant,0.375,0.625,0.52734375,0.5
8,167,threshold,threshold,0.125,0.46875,0.41015625,0.4
8,167,lookup,lookup,0.125,0.46875,0.41015625,0.4
8,167,validation_selected,threshold,0.125,0.46875,0.41015625,0.4
8,168,constant,constant,0.5,0.46875,0.46875,0.5
8,168,threshold,threshold,0.0,0.125,0.16796875,0.2
8,168,lookup,lookup,0.0,0.28125,0.28125,0.3
8,168,validation_selected,threshold,0.0,0.125,0.16796875,0.2
8,169,constant,constant,0.25,0.40625,0.53515625,0.5
8,169,threshold,threshold,0.125,0.1875,0.23828125,0.2
8,169,lookup,lookup,0.125,0.1875,0.23828125,0.2
8,169,validation_selected,threshold,0.125,0.1875,0.23828125,0.2
8,170,constant,constant,0.25,0.46875,0.5,0.5
8,170,threshold,threshold,0.125,0.21875,0.20703125,0.2
8,170,lookup,lookup,0.0,0.375,0.390625,0.4
8,170,validation_selected,threshold,0.125,0.21875,0.20703125,0.2
8,171,constant,constant,0.375,0.5625,0.48828125,0.5
8,171,threshold,threshold,0.0,0.15625,0.1015625,0.1
8,171,lookup,lookup,0.0,0.28125,0.1953125,0.2
8,171,validation_selected,threshold,0.0,0.15625,0.1015625,0.1
8,172,constant,constant,0.375,0.375,0.4921875,0.5
8,172,threshold,threshold,0.125,0.03125,0.1015625,0.1
8,172,lookup,lookup,0.125,0.15625,0.29296875,0.3
8,172,validation_selected,threshold,0.125,0.03125,0.1015625,0.1
8,173,constant,constant,0.25,0.59375,0.4375,0.5
8,173,threshold,threshold,0.125,0.125,0.1328125,0.1
8,173,lookup,lookup,0.125,0.53125,0.359375,0.4
8,173,validation_selected,threshold,0.125,0.125,0.1328125,0.1
8,174,constant,constant,0.25,0.625,0.48828125,0.5
8,174,threshold,threshold,0.125,0.21875,0.171875,0.2
8,174,lookup,lookup,0.125,0.34375,0.29296875,0.3
8,174,validation_selected,threshold,0.125,0.21875,0.171875,0.2
8,175,constant,constant,0.5,0.53125,0.453125,0.5
8,175,threshold,threshold,0.0,0.09375,0.08203125,0.1
8,175,lookup,lookup,0.0,0.3125,0.1875,0.2
8,175,validation_selected,threshold,0.0,0.09375,0.08203125,0.1
8,176,constant,constant,0.25,0.46875,0.5,0.5
8,176,threshold,threshold,0.125,0.1875,0.32421875,0.3
8,176,lookup,lookup,0.125,0.375,0.4375,0.4
8,176,validation_selected,threshold,0.125,0.1875,0.32421875,0.3
8,177,constant,constant,0.5,0.34375,0.5546875,0.5
8,177,threshold,threshold,0.125,0.1875,0.203125,0.2
8,177,lookup,lookup,0.125,0.15625,0.29296875,0.3
8,177,validation_selected,lookup,0.125,0.15625,0.29296875,0.3
8,178,constant,constant,0.25,0.53125,0.5390625,0.5
8,178,threshold,threshold,0.125,0.125,0.12890625,0.1
8,178,lookup,lookup,0.0,0.40625,0.33203125,0.3
8,178,validation_selected,threshold,0.125,0.125,0.12890625,0.1
8,179,constant,constant,0.25,0.5625,0.4609375,0.5
8,179,threshold,threshold,0.125,0.03125,0.0625,0.1
8,179,lookup,lookup,0.125,0.1875,0.31640625,0.3
8,179,validation_selected,threshold,0.125,0.03125,0.0625,0.1
8,180,constant,constant,0.375,0.59375,0.46875,0.5
8,180,threshold,threshold,0.0,0.15625,0.17578125,0.2
8,180,lookup,lookup,0.0,0.34375,0.265625,0.3
8,180,validation_selected,threshold,0.0,0.15625,0.17578125,0.2
8,181,constant,constant,0.375,0.40625,0.5078125,0.5
8,181,threshold,threshold,0.125,0.3125,0.33203125,0.3
8,181,lookup,lookup,0.125,0.34375,0.4140625,0.4
8,181,validation_selected,threshold,0.125,0.3125,0.33203125,0.3
8,182,constant,constant,0.375,0.625,0.52734375,0.5
8,182,threshold,threshold,0.125,0.15625,0.12109375,0.1
8,182,lookup,lookup,0.0,0.4375,0.41015625,0.4
8,182,validation_selected,threshold,0.125,0.15625,0.12109375,0.1
8,183,constant,constant,0.25,0.5,0.5078125,0.5
8,183,threshold,threshold,0.125,0.1875,0.12890625,0.1
8,183,lookup,lookup,0.125,0.1875,0.12890625,0.1
8,183,validation_selected,threshold,0.125,0.1875,0.12890625,0.1
8,184,constant,constant,0.5,0.625,0.5078125,0.5
8,184,threshold,threshold,0.25,0.09375,0.109375,0.1
8,184,lookup,lookup,0.0,0.25,0.1796875,0.2
8,184,validation_selected,threshold,0.25,0.09375,0.109375,0.1
8,185,constant,constant,0.125,0.5,0.48046875,0.5
8,185,threshold,threshold,0.0,0.25,0.203125,0.2
8,185,lookup,lookup,0.0,0.4375,0.3984375,0.4
8,185,validation_selected,threshold,0.0,0.25,0.203125,0.2
8,186,constant,constant,0.25,0.375,0.46875,0.5
8,186,threshold,threshold,0.125,0.0625,0.10546875,0.1
8,186,lookup,lookup,0.125,0.4375,0.30859375,0.3
8,186,validation_selected,threshold,0.125,0.0625,0.10546875,0.1
8,187,constant,constant,0.375,0.53125,0.55859375,0.5
8,187,threshold,threshold,0.0,0.28125,0.13671875,0.1
8,187,lookup,lookup,0.0,0.3125,0.26171875,0.2
8,187,validation_selected,threshold,0.0,0.28125,0.13671875,0.1
8,188,constant,constant,0.25,0.53125,0.48828125,0.5
8,188,threshold,threshold,0.0,0.3125,0.28515625,0.3
8,188,lookup,lookup,0.0,0.4375,0.39453125,0.4
8,188,validation_selected,threshold,0.0,0.3125,0.28515625,0.3
8,189,constant,constant,0.25,0.4375,0.48046875,0.5
8,189,threshold,threshold,0.0,0.1875,0.2578125,0.3
8,189,lookup,lookup,0.0,0.3125,0.3984375,0.4
8,189,validation_selected,threshold,0.0,0.1875,0.2578125,0.3
8,190,constant,constant,0.375,0.5625,0.55859375,0.5
8,190,threshold,threshold,0.25,0.1875,0.1328125,0.1
8,190,lookup,lookup,0.25,0.25,0.20703125,0.2
8,190,validation_selected,threshold,0.25,0.1875,0.1328125,0.1
8,191,constant,constant,0.5,0.40625,0.46875,0.5
8,191,threshold,threshold,0.25,0.0625,0.10546875,0.1
8,191,lookup,lookup,0.25,0.1875,0.3203125,0.3
8,191,validation_selected,threshold,0.25,0.0625,0.10546875,0.1
8,192,constant,constant,0.375,0.375,0.484375,0.5
8,192,threshold,threshold,0.0,0.21875,0.30859375,0.3
8,192,lookup,lookup,0.0,0.46875,0.390625,0.4
8,192,validation_selected,threshold,0.0,0.21875,0.30859375,0.3
8,193,constant,constant,0.5,0.375,0.51171875,0.5
8,193,threshold,threshold,0.0,0.09375,0.078125,0.1
8,193,lookup,lookup,0.0,0.09375,0.171875,0.2
8,193,validation_selected,threshold,0.0,0.09375,0.078125,0.1
8,194,constant,constant,0.375,0.6875,0.5234375,0.5
8,194,threshold,threshold,0.0,0.0625,0.1015625,0.1
8,194,lookup,lookup,0.0,0.21875,0.21875,0.2
8,194,validation_selected,threshold,0.0,0.0625,0.1015625,0.1
8,195,constant,constant,0.375,0.375,0.47265625,0.5
8,195,threshold,threshold,0.25,0.25,0.1875,0.2
8,195,lookup,lookup,0.0,0.21875,0.27734375,0.3
8,195,validation_selected,lookup,0.0,0.21875,0.27734375,0.3
8,196,constant,constant,0.5,0.53125,0.51953125,0.5
8,196,threshold,threshold,0.0,0.09375,0.09375,0.1
8,196,lookup,lookup,0.0,0.25,0.1796875,0.2
8,196,validation_selected,threshold,0.0,0.09375,0.09375,0.1
8,197,constant,constant,0.375,0.34375,0.5546875,0.5
8,197,threshold,threshold,0.125,0.15625,0.23046875,0.2
8,197,lookup,lookup,0.125,0.21875,0.453125,0.4
8,197,validation_selected,threshold,0.125,0.15625,0.23046875,0.2
8,198,constant,constant,0.375,0.59375,0.515625,0.5
8,198,threshold,threshold,0.0,0.34375,0.30078125,0.3
8,198,lookup,lookup,0.0,0.34375,0.30078125,0.3
8,198,validation_selected,threshold,0.0,0.34375,0.30078125,0.3
8,199,constant,constant,0.25,0.5625,0.4765625,0.5
8,199,threshold,threshold,0.0,0.5,0.35546875,0.4
8,199,lookup,lookup,0.0,0.5,0.35546875,0.4
8,199,validation_selected,threshold,0.0,0.5,0.35546875,0.4
8,200,constant,constant,0.375,0.53125,0.53515625,0.5
8,200,threshold,threshold,0.125,0.1875,0.1015625,0.1
8,200,lookup,lookup,0.0,0.4375,0.32421875,0.3
8,200,validation_selected,threshold,0.125,0.1875,0.1015625,0.1
8,201,constant,constant,0.375,0.53125,0.5546875,0.5
8,201,threshold,threshold,0.25,0.0625,0.09765625,0.1
8,201,lookup,lookup,0.25,0.4375,0.44921875,0.4
8,201,validation_selected,threshold,0.25,0.0625,0.09765625,0.1
8,202,constant,constant,0.5,0.5625,0.5546875,0.5
8,202,threshold,threshold,0.0,0.1875,0.15625,0.2
8,202,lookup,lookup,0.0,0.3125,0.375,0.4
8,202,validation_selected,threshold,0.0,0.1875,0.15625,0.2
8,203,constant,constant,0.375,0.4375,0.49609375,0.5
8,203,threshold,threshold,0.125,0.25,0.17578125,0.2
8,203,lookup,lookup,0.125,0.34375,0.2734375,0.3
8,203,validation_selected,threshold,0.125,0.25,0.17578125,0.2
8,204,constant,constant,0.375,0.53125,0.47265625,0.5
8,204,threshold,threshold,0.0,0.125,0.0546875,0.1
8,204,lookup,lookup,0.0,0.1875,0.17578125,0.2
8,204,validation_selected,threshold,0.0,0.125,0.0546875,0.1
8,205,constant,constant,0.375,0.53125,0.5859375,0.5
8,205,threshold,threshold,0.125,0.21875,0.171875,0.2
8,205,lookup,lookup,0.0,0.34375,0.3984375,0.4
8,205,validation_selected,threshold,0.125,0.21875,0.171875,0.2
8,206,constant,constant,0.375,0.4375,0.5,0.5
8,206,threshold,threshold,0.125,0.1875,0.29296875,0.3
8,206,lookup,lookup,0.0,0.40625,0.390625,0.4
8,206,validation_selected,threshold,0.125,0.1875,0.29296875,0.3
8,207,constant,constant,0.375,0.40625,0.52734375,0.5
8,207,threshold,threshold,0.125,0.03125,0.109375,0.1
8,207,lookup,lookup,0.125,0.3125,0.40234375,0.4
8,207,validation_selected,threshold,0.125,0.03125,0.109375,0.1
8,208,constant,constant,0.25,0.34375,0.515625,0.5
8,208,threshold,threshold,0.0,0.03125,0.08984375,0.1
8,208,lookup,lookup,0.0,0.4375,0.30078125,0.3
8,208,validation_selected,threshold,0.0,0.03125,0.08984375,0.1
8,209,constant,constant,0.375,0.5625,0.47265625,0.5
8,209,threshold,threshold,0.0,0.0,0.1796875,0.2
8,209,lookup,lookup,0.0,0.15625,0.26953125,0.3
8,209,validation_selected,threshold,0.0,0.0,0.1796875,0.2
8,210,constant,constant,0.375,0.6875,0.5078125,0.5
8,210,threshold,threshold,0.375,0.21875,0.18359375,0.2
8,210,lookup,lookup,0.375,0.28125,0.3984375,0.4
8,210,validation_selected,threshold,0.375,0.21875,0.18359375,0.2
8,211,constant,constant,0.5,0.40625,0.49609375,0.5
8,211,threshold,threshold,0.125,0.125,0.25,0.2
8,211,lookup,lookup,0.0,0.34375,0.42578125,0.4
8,211,validation_selected,threshold,0.125,0.125,0.25,0.2
8,212,constant,constant,0.375,0.59375,0.52734375,0.5
8,212,threshold,threshold,0.0,0.25,0.203125,0.2
8,212,lookup,lookup,0.0,0.25,0.28125,0.3
8,212,validation_selected,threshold,0.0,0.25,0.203125,0.2
8,213,constant,constant,0.5,0.5625,0.4453125,0.5
8,213,threshold,threshold,0.0,0.25,0.203125,0.2
8,213,lookup,lookup,0.0,0.25,0.203125,0.2
8,213,validation_selected,threshold,0.0,0.25,0.203125,0.2
8,214,constant,constant,0.25,0.46875,0.45703125,0.5
8,214,threshold,threshold,0.0,0.125,0.09375,0.1
8,214,lookup,lookup,0.0,0.125,0.09375,0.1
8,214,validation_selected,threshold,0.0,0.125,0.09375,0.1
8,215,constant,constant,0.5,0.46875,0.44140625,0.5
8,215,threshold,threshold,0.125,0.15625,0.1015625,0.1
8,215,lookup,lookup,0.0,0.3125,0.17578125,0.2
8,215,validation_selected,threshold,0.125,0.15625,0.1015625,0.1
8,216,constant,constant,0.375,0.46875,0.53515625,0.5
8,216,threshold,threshold,0.0,0.03125,0.0859375,0.1
8,216,lookup,lookup,0.0,0.09375,0.19140625,0.2
8,216,validation_selected,threshold,0.0,0.03125,0.0859375,0.1
8,217,constant,constant,0.375,0.59375,0.48828125,0.5
8,217,threshold,threshold,0.125,0.21875,0.1796875,0.2
8,217,lookup,lookup,0.125,0.34375,0.296875,0.3
8,217,validation_selected,threshold,0.125,0.21875,0.1796875,0.2
8,218,constant,constant,0.375,0.59375,0.46484375,0.5
8,218,threshold,threshold,0.375,0.34375,0.4140625,0.4
8,218,lookup,lookup,0.125,0.59375,0.59765625,0.6
8,218,validation_selected,threshold,0.375,0.34375,0.4140625,0.4
8,219,constant,constant,0.5,0.40625,0.515625,0.5
8,219,threshold,threshold,0.0,0.09375,0.06640625,0.1
8,219,lookup,lookup,0.0,0.21875,0.20703125,0.2
8,219,validation_selected,threshold,0.0,0.09375,0.06640625,0.1
8,220,constant,constant,0.5,0.5,0.5,0.5
8,220,threshold,threshold,0.0,0.125,0.08984375,0.1
8,220,lookup,lookup,0.0,0.25,0.21484375,0.2
8,220,validation_selected,threshold,0.0,0.125,0.08984375,0.1
8,221,constant,constant,0.375,0.4375,0.48046875,0.5
8,221,threshold,threshold,0.125,0.34375,0.3203125,0.3
8,221,lookup,lookup,0.125,0.375,0.375,0.4
8,221,validation_selected,threshold,0.125,0.34375,0.3203125,0.3
8,222,constant,constant,0.5,0.375,0.515625,0.5
8,222,threshold,threshold,0.125,0.09375,0.109375,0.1
8,222,lookup,lookup,0.125,0.15625,0.2890625,0.3
8,222,validation_selected,threshold,0.125,0.09375,0.109375,0.1
8,223,constant,constant,0.375,0.4375,0.52734375,0.5
8,223,threshold,threshold,0.0,0.21875,0.15234375,0.2
8,223,lookup,lookup,0.0,0.3125,0.2734375,0.3
8,223,validation_selected,threshold,0.0,0.21875,0.15234375,0.2
8,224,constant,constant,0.5,0.4375,0.5625,0.5
8,224,threshold,threshold,0.125,0.09375,0.109375,0.1
8,224,lookup,lookup,0.125,0.3125,0.35546875,0.3
8,224,validation_selected,threshold,0.125,0.09375,0.109375,0.1
8,225,constant,constant,0.5,0.46875,0.4921875,0.5
8,225,threshold,threshold,0.0,0.09375,0.1015625,0.1
8,225,lookup,lookup,0.0,0.25,0.2109375,0.2
8,225,validation_selected,threshold,0.0,0.09375,0.1015625,0.1
8,226,constant,constant,0.375,0.3125,0.5234375,0.5
8,226,threshold,threshold,0.25,0.3125,0.1953125,0.2
8,226,lookup,lookup,0.125,0.40625,0.49609375,0.5
8,226,validation_selected,constant,0.375,0.3125,0.5234375,0.5
8,227,constant,constant,0.375,0.375,0.51171875,0.5
8,227,threshold,threshold,0.25,0.09375,0.08984375,0.1
8,227,lookup,lookup,0.125,0.1875,0.28125,0.3
8,227,validation_selected,threshold,0.25,0.09375,0.08984375,0.1
8,228,constant,constant,0.5,0.625,0.46875,0.5
8,228,threshold,threshold,0.125,0.125,0.17578125,0.1
8,228,lookup,lookup,0.125,0.28125,0.28515625,0.3
8,228,validation_selected,threshold,0.125,0.125,0.17578125,0.1
8,229,constant,constant,0.25,0.4375,0.50390625,0.5
8,229,threshold,threshold,0.125,0.375,0.40234375,0.4
8,229,lookup,lookup,0.125,0.375,0.40234375,0.4
8,229,validation_selected,threshold,0.125,0.375,0.40234375,0.4
8,230,constant,constant,0.375,0.53125,0.4921875,0.5
8,230,threshold,threshold,0.125,0.0625,0.2265625,0.2
8,230,lookup,lookup,0.125,0.0625,0.2265625,0.2
8,230,validation_selected,threshold,0.125,0.0625,0.2265625,0.2
8,231,constant,constant,0.375,0.5,0.484375,0.5
8,231,threshold,threshold,0.0,0.25,0.2109375,0.2
8,231,lookup,lookup,0.0,0.46875,0.37109375,0.4
8,231,validation_selected,threshold,0.0,0.25,0.2109375,0.2
8,232,constant,constant,0.375,0.5,0.5,0.5
8,232,threshold,threshold,0.0,0.125,0.13671875,0.1
8,232,lookup,lookup,0.0,0.40625,0.25,0.3
8,232,validation_selected,threshold,0.0,0.125,0.13671875,0.1
8,233,constant,constant,0.5,0.375,0.515625,0.5
8,233,threshold,threshold,0.0,0.09375,0.1171875,0.1
8,233,lookup,lookup,0.0,0.1875,0.296875,0.3
8,233,validation_selected,threshold,0.0,0.09375,0.1171875,0.1
8,234,constant,constant,0.125,0.4375,0.53515625,0.5
8,234,threshold,threshold,0.0,0.25,0.25390625,0.3
8,234,lookup,lookup,0.0,0.375,0.28515625,0.3
8,234,validation_selected,threshold,0.0,0.25,0.25390625,0.3
8,235,constant,constant,0.25,0.5,0.53125,0.5
8,235,threshold,threshold,0.125,0.1875,0.11328125,0.1
8,235,lookup,lookup,0.125,0.46875,0.45703125,0.4
8,235,validation_selected,threshold,0.125,0.1875,0.11328125,0.1
8,236,constant,constant,0.375,0.53125,0.4296875,0.5
8,236,threshold,threshold,0.0,0.125,0.12109375,0.1
8,236,lookup,lookup,0.0,0.125,0.12109375,0.1
8,236,validation_selected,threshold,0.0,0.125,0.12109375,0.1
8,237,constant,constant,0.5,0.53125,0.5078125,0.5
8,237,threshold,threshold,0.125,0.0625,0.109375,0.1
8,237,lookup,lookup,0.125,0.21875,0.19921875,0.2
8,237,validation_selected,threshold,0.125,0.0625,0.109375,0.1
8,238,constant,constant,0.375,0.53125,0.5,0.5
8,238,threshold,threshold,0.25,0.25,0.19140625,0.2
8,238,lookup,lookup,0.125,0.53125,0.45703125,0.5
8,238,validation_selected,threshold,0.25,0.25,0.19140625,0.2
8,239,constant,constant,0.5,0.5,0.51171875,0.5
8,239,threshold,threshold,0.0,0.0625,0.10546875,0.1
8,239,lookup,lookup,0.0,0.21875,0.18359375,0.2
8,239,validation_selected,threshold,0.0,0.0625,0.10546875,0.1
8,240,constant,constant,0.375,0.65625,0.48046875,0.5
8,240,threshold,threshold,0.25,0.28125,0.38671875,0.4
8,240,lookup,lookup,0.25,0.28125,0.38671875,0.4
8,240,validation_selected,threshold,0.25,0.28125,0.38671875,0.4
8,241,constant,constant,0.375,0.46875,0.48046875,0.5
8,241,threshold,threshold,0.0,0.3125,0.26953125,0.3
8,241,lookup,lookup,0.0,0.3125,0.26953125,0.3
8,241,validation_selected,threshold,0.0,0.3125,0.26953125,0.3
8,242,constant,constant,0.375,0.59375,0.48046875,0.5
8,242,threshold,threshold,0.0,0.15625,0.0859375,0.1
8,242,lookup,lookup,0.0,0.28125,0.1640625,0.2
8,242,validation_selected,threshold,0.0,0.15625,0.0859375,0.1
8,243,constant,constant,0.25,0.375,0.51953125,0.5
8,243,threshold,threshold,0.125,0.3125,0.40625,0.4
8,243,lookup,lookup,0.125,0.3125,0.40625,0.4
8,243,validation_selected,threshold,0.125,0.3125,0.40625,0.4
8,244,constant,constant,0.375,0.65625,0.4609375,0.5
8,244,threshold,threshold,0.125,0.1875,0.09765625,0.1
8,244,lookup,lookup,0.125,0.21875,0.24609375,0.2
8,244,validation_selected,threshold,0.125,0.1875,0.09765625,0.1
8,245,constant,constant,0.375,0.40625,0.53125,0.5
8,245,threshold,threshold,0.0,0.125,0.09375,0.1
8,245,lookup,lookup,0.0,0.1875,0.30078125,0.3
8,245,validation_selected,threshold,0.0,0.125,0.09375,0.1
8,246,constant,constant,0.375,0.46875,0.484375,0.5
8,246,threshold,threshold,0.125,0.09375,0.0859375,0.1
8,246,lookup,lookup,0.125,0.125,0.2109375,0.2
8,246,validation_selected,threshold,0.125,0.09375,0.0859375,0.1
8,247,constant,constant,0.5,0.5625,0.51171875,0.5
8,247,threshold,threshold,0.0,0.15625,0.11328125,0.1
8,247,lookup,lookup,0.0,0.28125,0.24609375,0.2
8,247,validation_selected,threshold,0.0,0.15625,0.11328125,0.1
8,248,constant,constant,0.375,0.5625,0.5078125,0.5
8,248,threshold,threshold,0.125,0.25,0.19921875,0.2
8,248,lookup,lookup,0.125,0.25,0.19921875,0.2
8,248,validation_selected,threshold,0.125,0.25,0.19921875,0.2
8,249,constant,constant,0.5,0.53125,0.50390625,0.5
8,249,threshold,threshold,0.0,0.0,0.08984375,0.1
8,249,lookup,lookup,0.0,0.125,0.171875,0.2
8,249,validation_selected,threshold,0.0,0.0,0.08984375,0.1
8,250,constant,constant,0.5,0.375,0.4765625,0.5
8,250,threshold,threshold,0.0,0.0625,0.12109375,0.1
8,250,lookup,lookup,0.0,0.125,0.1875,0.2
8,250,validation_selected,threshold,0.0,0.0625,0.12109375,0.1
8,251,constant,constant,0.375,0.65625,0.45703125,0.5
8,251,threshold,threshold,0.375,0.65625,0.45703125,0.5
8,251,lookup,lookup,0.0,0.625,0.59375,0.6
8,251,validation_selected,lookup,0.0,0.625,0.59375,0.6
8,252,constant,constant,0.375,0.53125,0.48828125,0.5
8,252,threshold,threshold,0.0,0.25,0.17578125,0.2
8,252,lookup,lookup,0.0,0.25,0.17578125,0.2
8,252,validation_selected,threshold,0.0,0.25,0.17578125,0.2
8,253,constant,constant,0.125,0.5625,0.52734375,0.5
8,253,threshold,threshold,0.125,0.0625,0.08203125,0.1
8,253,lookup,lookup,0.0,0.1875,0.22265625,0.2
8,253,validation_selected,threshold,0.125,0.0625,0.08203125,0.1
8,254,constant,constant,0.25,0.53125,0.5078125,0.5
8,254,threshold,threshold,0.0,0.03125,0.1015625,0.1
8,254,lookup,lookup,0.0,0.03125,0.1796875,0.2
8,254,validation_selected,threshold,0.0,0.03125,0.1015625,0.1
8,255,constant,constant,0.125,0.4375,0.51171875,0.5
8,255,threshold,threshold,0.125,0.15625,0.28125,0.3
8,255,lookup,lookup,0.125,0.34375,0.35546875,0.4
8,255,validation_selected,threshold,0.125,0.15625,0.28125,0.3
8,256,constant,constant,0.375,0.34375,0.515625,0.5
8,256,threshold,threshold,0.25,0.0625,0.11328125,0.1
8,256,lookup,lookup,0.25,0.28125,0.37109375,0.4
8,256,validation_selected,threshold,0.25,0.0625,0.11328125,0.1
8,257,constant,constant,0.375,0.5,0.4921875,0.5
8,257,threshold,threshold,0.0,0.15625,0.17578125,0.2
8,257,lookup,lookup,0.0,0.375,0.2890625,0.3
8,257,validation_selected,threshold,0.0,0.15625,0.17578125,0.2
8,258,constant,constant,0.25,0.53125,0.48828125,0.5
8,258,threshold,threshold,0.0,0.125,0.09765625,0.1
8,258,lookup,lookup,0.0,0.4375,0.30859375,0.3
8,258,validation_selected,threshold,0.0,0.125,0.09765625,0.1
8,259,constant,constant,0.375,0.28125,0.53125,0.5
8,259,threshold,threshold,0.125,0.25,0.20703125,0.2
8,259,lookup,lookup,0.125,0.375,0.5078125,0.5
8,259,validation_selected,threshold,0.125,0.25,0.20703125,0.2
8,260,constant,constant,0.5,0.53125,0.5,0.5
8,260,threshold,threshold,0.25,0.15625,0.171875,0.2
8,260,lookup,lookup,0.25,0.25,0.2890625,0.3
8,260,validation_selected,threshold,0.25,0.15625,0.171875,0.2
8,261,constant,constant,0.375,0.46875,0.50390625,0.5
8,261,threshold,threshold,0.125,0.09375,0.12109375,0.1
8,261,lookup,lookup,0.0,0.15625,0.20703125,0.2
8,261,validation_selected,threshold,0.125,0.09375,0.12109375,0.1
8,262,constant,constant,0.375,0.40625,0.51171875,0.5
8,262,threshold,threshold,0.125,0.28125,0.1953125,0.2
8,262,lookup,lookup,0.125,0.25,0.28515625,0.3
8,262,validation_selected,lookup,0.125,0.25,0.28515625,0.3
8,263,constant,constant,0.25,0.5625,0.53515625,0.5
8,263,threshold,threshold,0.125,0.375,0.3046875,0.3
8,263,lookup,lookup,0.0,0.53125,0.55078125,0.5
8,263,validation_selected,threshold,0.125,0.375,0.3046875,0.3
8,264,constant,constant,0.25,0.4375,0.58203125,0.5
8,264,threshold,threshold,0.0,0.21875,0.1953125,0.2
8,264,lookup,lookup,0.0,0.28125,0.30859375,0.3
8,264,validation_selected,threshold,0.0,0.21875,0.1953125,0.2
8,265,constant,constant,0.25,0.4375,0.51171875,0.5
8,265,threshold,threshold,0.125,0.125,0.09375,0.1
8,265,lookup,lookup,0.125,0.25,0.1875,0.2
8,265,validation_selected,threshold,0.125,0.125,0.09375,0.1
8,266,constant,constant,0.5,0.53125,0.47265625,0.5
8,266,threshold,threshold,0.125,0.375,0.30859375,0.3
8,266,lookup,lookup,0.125,0.375,0.30859375,0.3
8,266,validation_selected,threshold,0.125,0.375,0.30859375,0.3
8,267,constant,constant,0.375,0.375,0.49609375,0.5
8,267,threshold,threshold,0.0,0.3125,0.3828125,0.4
8,267,lookup,lookup,0.0,0.375,0.33984375,0.3
8,267,validation_selected,threshold,0.0,0.3125,0.3828125,0.4
8,268,constant,constant,0.5,0.53125,0.47265625,0.5
8,268,threshold,threshold,0.0,0.15625,0.1953125,0.2
8,268,lookup,lookup,0.0,0.15625,0.1953125,0.2
8,268,validation_selected,threshold,0.0,0.15625,0.1953125,0.2
8,269,constant,constant,0.5,0.4375,0.453125,0.5
8,269,threshold,threshold,0.25,0.125,0.15234375,0.2
8,269,lookup,lookup,0.125,0.25,0.3671875,0.4
8,269,validation_selected,threshold,0.25,0.125,0.15234375,0.2
8,270,constant,constant,0.25,0.53125,0.5703125,0.5
8,270,threshold,threshold,0.0,0.0625,0.09765625,0.1
8,270,lookup,lookup,0.0,0.28125,0.19921875,0.2
8,270,validation_selected,threshold,0.0,0.0625,0.09765625,0.1
8,271,constant,constant,0.25,0.5625,0.484375,0.5
8,271,threshold,threshold,0.125,0.21875,0.11328125,0.1
8,271,lookup,lookup,0.125,0.40625,0.37109375,0.4
8,271,validation_selected,threshold,0.125,0.21875,0.11328125,0.1
8,272,constant,constant,0.375,0.625,0.48046875,0.5
8,272,threshold,threshold,0.125,0.1875,0.26171875,0.2
8,272,lookup,lookup,0.0,0.3125,0.3359375,0.3
8,272,validation_selected,threshold,0.125,0.1875,0.26171875,0.2
8,273,constant,constant,0.25,0.53125,0.4921875,0.5
8,273,threshold,threshold,0.0,0.03125,0.12890625,0.1
8,273,lookup,lookup,0.0,0.21875,0.29296875,0.3
8,273,validation_selected,threshold,0.0,0.03125,0.12890625,0.1
8,274,constant,constant,0.375,0.375,0.4921875,0.5
8,274,threshold,threshold,0.0,0.21875,0.30859375,0.3
8,274,lookup,lookup,0.0,0.21875,0.30859375,0.3
8,274,validation_selected,threshold,0.0,0.21875,0.30859375,0.3
8,275,constant,constant,0.25,0.4375,0.4921875,0.5
8,275,threshold,threshold,0.0,0.09375,0.10546875,0.1
8,275,lookup,lookup,0.0,0.25,0.19921875,0.2
8,275,validation_selected,threshold,0.0,0.09375,0.10546875,0.1
8,276,constant,constant,0.375,0.40625,0.5390625,0.5
8,276,threshold,threshold,0.25,0.1875,0.1875,0.2
8,276,lookup,lookup,0.25,0.3125,0.3984375,0.4
8,276,validation_selected,threshold,0.25,0.1875,0.1875,0.2
8,277,constant,constant,0.375,0.46875,0.5625,0.5
8,277,threshold,threshold,0.125,0.125,0.08984375,0.1
8,277,lookup,lookup,0.125,0.125,0.08984375,0.1
8,277,validation_selected,threshold,0.125,0.125,0.08984375,0.1
8,278,constant,constant,0.375,0.5,0.45703125,0.5
8,278,threshold,threshold,0.0,0.03125,0.1171875,0.1
8,278,lookup,lookup,0.0,0.03125,0.1171875,0.1
8,278,validation_selected,threshold,0.0,0.03125,0.1171875,0.1
8,279,constant,constant,0.5,0.40625,0.53515625,0.5
8,279,threshold,threshold,0.25,0.21875,0.28515625,0.3
8,279,lookup,lookup,0.125,0.3125,0.53515625,0.5
8,279,validation_selected,threshold,0.25,0.21875,0.28515625,0.3
8,280,constant,constant,0.375,0.46875,0.48828125,0.5
8,280,threshold,threshold,0.125,0.03125,0.1015625,0.1
8,280,lookup,lookup,0.0,0.34375,0.41796875,0.4
8,280,validation_selected,threshold,0.125,0.03125,0.1015625,0.1
8,281,constant,constant,0.375,0.53125,0.4296875,0.5
8,281,threshold,threshold,0.125,0.25,0.1953125,0.2
8,281,lookup,lookup,0.125,0.34375,0.24609375,0.3
8,281,validation_selected,threshold,0.125,0.25,0.1953125,0.2
8,282,constant,constant,0.5,0.5625,0.46875,0.5
8,282,threshold,threshold,0.125,0.09375,0.07421875,0.1
8,282,lookup,lookup,0.0,0.375,0.3046875,0.3
8,282,validation_selected,threshold,0.125,0.09375,0.07421875,0.1
8,283,constant,constant,0.375,0.5625,0.46875,0.5
8,283,threshold,threshold,0.0,0.125,0.09765625,0.1
8,283,lookup,lookup,0.0,0.21875,0.21484375,0.2
8,283,validation_selected,threshold,0.0,0.125,0.09765625,0.1
8,284,constant,constant,0.125,0.46875,0.48046875,0.5
8,284,threshold,threshold,0.125,0.46875,0.48046875,0.5
8,284,lookup,lookup,0.125,0.46875,0.48046875,0.5
8,284,validation_selected,constant,0.125,0.46875,0.48046875,0.5
8,285,constant,constant,0.5,0.46875,0.53125,0.5
8,285,threshold,threshold,0.0,0.09375,0.109375,0.1
8,285,lookup,lookup,0.0,0.28125,0.27734375,0.3
8,285,validation_selected,threshold,0.0,0.09375,0.109375,0.1
8,286,constant,constant,0.25,0.5,0.5234375,0.5
8,286,threshold,threshold,0.125,0.15625,0.33203125,0.3
8,286,lookup,lookup,0.125,0.3125,0.41796875,0.4
8,286,validation_selected,threshold,0.125,0.15625,0.33203125,0.3
8,287,constant,constant,0.5,0.59375,0.51953125,0.5
8,287,threshold,threshold,0.125,0.15625,0.19140625,0.2
8,287,lookup,lookup,0.125,0.25,0.31640625,0.3
8,287,validation_selected,threshold,0.125,0.15625,0.19140625,0.2
8,288,constant,constant,0.375,0.5,0.5078125,0.5
8,288,threshold,threshold,0.125,0.25,0.2265625,0.2
8,288,lookup,lookup,0.125,0.34375,0.3046875,0.3
8,288,validation_selected,threshold,0.125,0.25,0.2265625,0.2
8,289,constant,constant,0.375,0.65625,0.48828125,0.5
8,289,threshold,threshold,0.125,0.0625,0.0859375,0.1
8,289,lookup,lookup,0.0,0.375,0.359375,0.4
8,289,validation_selected,threshold,0.125,0.0625,0.0859375,0.1
8,290,constant,constant,0.375,0.375,0.5078125,0.5
8,290,threshold,threshold,0.125,0.1875,0.2109375,0.2
8,290,lookup,lookup,0.125,0.28125,0.3203125,0.3
8,290,validation_selected,threshold,0.125,0.1875,0.2109375,0.2
8,291,constant,constant,0.375,0.4375,0.5,0.5
8,291,threshold,threshold,0.0,0.15625,0.11328125,0.1
8,291,lookup,lookup,0.0,0.15625,0.11328125,0.1
8,291,validation_selected,threshold,0.0,0.15625,0.11328125,0.1
8,292,constant,constant,0.375,0.65625,0.515625,0.5
8,292,threshold,threshold,0.125,0.03125,0.09375,0.1
8,292,lookup,lookup,0.125,0.21875,0.28125,0.3
8,292,validation_selected,threshold,0.125,0.03125,0.09375,0.1
8,293,constant,constant,0.5,0.40625,0.48046875,0.5
8,293,threshold,threshold,0.0,0.25,0.30078125,0.3
8,293,lookup,lookup,0.0,0.25,0.30078125,0.3
8,293,validation_selected,threshold,0.0,0.25,0.30078125,0.3
8,294,constant,constant,0.375,0.34375,0.5234375,0.5
8,294,threshold,threshold,0.125,0.15625,0.08203125,0.1
8,294,lookup,lookup,0.0,0.28125,0.26171875,0.3
8,294,validation_selected,threshold,0.125,0.15625,0.08203125,0.1
8,295,constant,constant,0.375,0.53125,0.52734375,0.5
8,295,threshold,threshold,0.125,0.0625,0.11328125,0.1
8,295,lookup,lookup,0.125,0.0625,0.11328125,0.1
8,295,validation_selected,threshold,0.125,0.0625,0.11328125,0.1
8,296,constant,constant,0.25,0.5625,0.55859375,0.5
8,296,threshold,threshold,0.0,0.09375,0.10546875,0.1
8,296,lookup,lookup,0.0,0.09375,0.10546875,0.1
8,296,validation_selected,threshold,0.0,0.09375,0.10546875,0.1
8,297,constant,constant,0.375,0.71875,0.48828125,0.5
8,297,threshold,threshold,0.0,0.46875,0.3359375,0.3
8,297,lookup,lookup,0.0,0.65625,0.4140625,0.4
8,297,validation_selected,threshold,0.0,0.46875,0.3359375,0.3
8,298,constant,constant,0.5,0.5625,0.484375,0.5
8,298,threshold,threshold,0.25,0.09375,0.109375,0.1
8,298,lookup,lookup,0.125,0.34375,0.26953125,0.3
8,298,validation_selected,threshold,0.25,0.09375,0.109375,0.1
8,299,constant,constant,0.375,0.5625,0.484375,0.5
8,299,threshold,threshold,0.125,0.3125,0.31640625,0.3
8,299,lookup,lookup,0.125,0.3125,0.31640625,0.3
8,299,validation_selected,threshold,0.125,0.3125,0.31640625,0.3
8,300,constant,constant,0.375,0.5625,0.49609375,0.5
8,300,threshold,threshold,0.125,0.03125,0.10546875,0.1
8,300,lookup,lookup,0.125,0.25,0.31640625,0.3
8,300,validation_selected,threshold,0.125,0.03125,0.10546875,0.1
8,301,constant,constant,0.25,0.375,0.4921875,0.5
8,301,threshold,threshold,0.125,0.09375,0.0859375,0.1
8,301,lookup,lookup,0.0,0.15625,0.20703125,0.2
8,301,validation_selected,threshold,0.125,0.09375,0.0859375,0.1
8,302,constant,constant,0.375,0.53125,0.51171875,0.5
8,302,threshold,threshold,0.125,0.09375,0.10546875,0.1
8,302,lookup,lookup,0.125,0.15625,0.2578125,0.2
8,302,validation_selected,threshold,0.125,0.09375,0.10546875,0.1
8,303,constant,constant,0.375,0.53125,0.5078125,0.5
8,303,threshold,threshold,0.25,0.1875,0.21484375,0.2
8,303,lookup,lookup,0.25,0.46875,0.42578125,0.4
8,303,validation_selected,threshold,0.25,0.1875,0.21484375,0.2
8,304,constant,constant,0.375,0.71875,0.515625,0.5
8,304,threshold,threshold,0.0,0.1875,0.1484375,0.1
8,304,lookup,lookup,0.0,0.4375,0.31640625,0.3
8,304,validation_selected,threshold,0.0,0.1875,0.1484375,0.1
8,305,constant,constant,0.5,0.5,0.515625,0.5
8,305,threshold,threshold,0.0,0.09375,0.125,0.1
8,305,lookup,lookup,0.0,0.125,0.2265625,0.2
8,305,validation_selected,threshold,0.0,0.09375,0.125,0.1
8,306,constant,constant,0.125,0.375,0.52734375,0.5
8,306,threshold,threshold,0.125,0.1875,0.30859375,0.3
8,306,lookup,lookup,0.125,0.3125,0.2734375,0.3
8,306,validation_selected,threshold,0.125,0.1875,0.30859375,0.3
8,307,constant,constant,0.0,0.40625,0.46484375,0.5
8,307,threshold,threshold,0.0,0.40625,0.46484375,0.5
8,307,lookup,lookup,0.0,0.40625,0.46484375,0.5
8,307,validation_selected,constant,0.0,0.40625,0.46484375,0.5
8,308,constant,constant,0.375,0.65625,0.546875,0.5
8,308,threshold,threshold,0.125,0.0625,0.078125,0.1
8,308,lookup,lookup,0.0,0.5,0.46875,0.4
8,308,validation_selected,threshold,0.125,0.0625,0.078125,0.1
8,309,constant,constant,0.375,0.375,0.5546875,0.5
8,309,threshold,threshold,0.125,0.3125,0.1953125,0.2
8,309,lookup,lookup,0.0,0.5,0.4453125,0.4
8,309,validation_selected,threshold,0.125,0.3125,0.1953125,0.2
8,310,constant,constant,0.375,0.5,0.5234375,0.5
8,310,threshold,threshold,0.125,0.03125,0.109375,0.1
8,310,lookup,lookup,0.125,0.34375,0.421875,0.4
8,310,validation_selected,threshold,0.125,0.03125,0.109375,0.1
8,311,constant,constant,0.125,0.5,0.55078125,0.5
8,311,threshold,threshold,0.0,0.34375,0.43359375,0.4
8,311,lookup,lookup,0.0,0.34375,0.43359375,0.4
8,311,validation_selected,threshold,0.0,0.34375,0.43359375,0.4
8,312,constant,constant,0.25,0.53125,0.49609375,0.5
8,312,threshold,threshold,0.0,0.125,0.09765625,0.1
8,312,lookup,lookup,0.0,0.125,0.09765625,0.1
8,312,validation_selected,threshold,0.0,0.125,0.09765625,0.1
8,313,constant,constant,0.375,0.5625,0.53515625,0.5
8,313,threshold,threshold,0.0,0.15625,0.11328125,0.1
8,313,lookup,lookup,0.0,0.28125,0.2421875,0.2
8,313,validation_selected,threshold,0.0,0.15625,0.11328125,0.1
8,314,constant,constant,0.375,0.46875,0.484375,0.5
8,314,threshold,threshold,0.0,0.125,0.2265625,0.2
8,314,lookup,lookup,0.0,0.1875,0.328125,0.3
8,314,validation_selected,threshold,0.0,0.125,0.2265625,0.2
8,315,constant,constant,0.375,0.53125,0.53515625,0.5
8,315,threshold,threshold,0.125,0.25,0.1875,0.2
8,315,lookup,lookup,0.0,0.53125,0.390625,0.4
8,315,validation_selected,threshold,0.125,0.25,0.1875,0.2
8,316,constant,constant,0.375,0.59375,0.515625,0.5
8,316,threshold,threshold,0.0,0.125,0.11328125,0.1
8,316,lookup,lookup,0.0,0.40625,0.328125,0.3
8,316,validation_selected,threshold,0.0,0.125,0.11328125,0.1
8,317,constant,constant,0.25,0.40625,0.52734375,0.5
8,317,threshold,threshold,0.0,0.125,0.0859375,0.1
8,317,lookup,lookup,0.0,0.125,0.0859375,0.1
8,317,validation_selected,threshold,0.0,0.125,0.0859375,0.1
8,318,constant,constant,0.5,0.65625,0.5234375,0.5
8,318,threshold,threshold,0.0,0.34375,0.1640625,0.2
8,318,lookup,lookup,0.0,0.40625,0.33203125,0.3
8,318,validation_selected,threshold,0.0,0.34375,0.1640625,0.2
8,319,constant,constant,0.5,0.53125,0.47265625,0.5
8,319,threshold,threshold,0.25,0.21875,0.21484375,0.2
8,319,lookup,lookup,0.25,0.3125,0.29296875,0.3
8,319,validation_selected,threshold,0.25,0.21875,0.21484375,0.2
8,320,constant,constant,0.375,0.375,0.48046875,0.5
8,320,threshold,threshold,0.0,0.1875,0.1953125,0.2
8,320,lookup,lookup,0.0,0.25,0.26953125,0.3
8,320,validation_selected,threshold,0.0,0.1875,0.1953125,0.2
8,321,constant,constant,0.5,0.375,0.51171875,0.5
8,321,threshold,threshold,0.0,0.15625,0.09375,0.1
8,321,lookup,lookup,0.0,0.40625,0.34375,0.3
8,321,validation_selected,threshold,0.0,0.15625,0.09375,0.1
8,322,constant,constant,0.375,0.46875,0.47265625,0.5
8,322,threshold,threshold,0.0,0.15625,0.109375,0.1
8,322,lookup,lookup,0.0,0.15625,0.109375,0.1
8,322,validation_selected,threshold,0.0,0.15625,0.109375,0.1
8,323,constant,constant,0.375,0.375,0.50390625,0.5
8,323,threshold,threshold,0.25,0.34375,0.28515625,0.3
8,323,lookup,lookup,0.0,0.28125,0.28515625,0.3
8,323,validation_selected,lookup,0.0,0.28125,0.28515625,0.3
8,324,constant,constant,0.25,0.65625,0.4609375,0.5
8,324,threshold,threshold,0.0,0.03125,0.23828125,0.2
8,324,lookup,lookup,0.0,0.03125,0.23828125,0.2
8,324,validation_selected,threshold,0.0,0.03125,0.23828125,0.2
8,325,constant,constant,0.25,0.375,0.4609375,0.5
8,325,threshold,threshold,0.125,0.34375,0.34375,0.4
8,325,lookup,lookup,0.125,0.34375,0.34375,0.4
8,325,validation_selected,threshold,0.125,0.34375,0.34375,0.4
8,326,constant,constant,0.125,0.4375,0.45703125,0.5
8,326,threshold,threshold,0.0,0.15625,0.08984375,0.1
8,326,lookup,lookup,0.0,0.15625,0.08984375,0.1
8,326,validation_selected,threshold,0.0,0.15625,0.08984375,0.1
8,327,constant,constant,0.375,0.46875,0.546875,0.5
8,327,threshold,threshold,0.0,0.21875,0.234375,0.2
8,327,lookup,lookup,0.0,0.21875,0.234375,0.2
8,327,validation_selected,threshold,0.0,0.21875,0.234375,0.2
8,328,constant,constant,0.5,0.46875,0.4921875,0.5
8,328,threshold,threshold,0.25,0.09375,0.09765625,0.1
8,328,lookup,lookup,0.125,0.3125,0.30859375,0.3
8,328,validation_selected,threshold,0.25,0.09375,0.09765625,0.1
8,329,constant,constant,0.5,0.5,0.47265625,0.5
8,329,threshold,threshold,0.0,0.28125,0.28125,0.3
8,329,lookup,lookup,0.0,0.28125,0.28125,0.3
8,329,validation_selected,threshold,0.0,0.28125,0.28125,0.3
8,330,constant,constant,0.375,0.4375,0.51171875,0.5
8,330,threshold,threshold,0.125,0.0625,0.0859375,0.1
8,330,lookup,lookup,0.0,0.3125,0.37890625,0.4
8,330,validation_selected,threshold,0.125,0.0625,0.0859375,0.1
8,331,constant,constant,0.375,0.5625,0.46484375,0.5
8,331,threshold,threshold,0.25,0.03125,0.09375,0.1
8,331,lookup,lookup,0.0,0.5,0.45703125,0.5
8,331,validation_selected,threshold,0.25,0.03125,0.09375,0.1
8,332,constant,constant,0.5,0.375,0.51953125,0.5
8,332,threshold,threshold,0.125,0.15625,0.21484375,0.2
8,332,lookup,lookup,0.125,0.25,0.32421875,0.3
8,332,validation_selected,threshold,0.125,0.15625,0.21484375,0.2
8,333,constant,constant,0.5,0.5625,0.4921875,0.5
8,333,threshold,threshold,0.125,0.15625,0.078125,0.1
8,333,lookup,lookup,0.125,0.25,0.203125,0.2
8,333,validation_selected,threshold,0.125,0.15625,0.078125,0.1
8,334,constant,constant,0.375,0.4375,0.4609375,0.5
8,334,threshold,threshold,0.0,0.03125,0.08203125,0.1
8,334,lookup,lookup,0.0,0.28125,0.31640625,0.3
8,334,validation_selected,threshold,0.0,0.03125,0.08203125,0.1
8,335,constant,constant,0.125,0.5,0.421875,0.5
8,335,threshold,threshold,0.125,0.5,0.421875,0.5
8,335,lookup,lookup,0.125,0.5,0.421875,0.5
8,335,validation_selected,constant,0.125,0.5,0.421875,0.5
8,336,constant,constant,0.375,0.625,0.52734375,0.5
8,336,threshold,threshold,0.125,0.0625,0.0703125,0.1
8,336,lookup,lookup,0.0,0.25,0.31640625,0.3
8,336,validation_selected,threshold,0.125,0.0625,0.0703125,0.1
8,337,constant,constant,0.375,0.5625,0.48046875,0.5
8,337,threshold,threshold,0.0,0.03125,0.14453125,0.1
8,337,lookup,lookup,0.0,0.28125,0.328125,0.3
8,337,validation_selected,threshold,0.0,0.03125,0.14453125,0.1
8,338,constant,constant,0.375,0.40625,0.52734375,0.5
8,338,threshold,threshold,0.0,0.125,0.0546875,0.1
8,338,lookup,lookup,0.0,0.15625,0.140625,0.2
8,338,validation_selected,threshold,0.0,0.125,0.0546875,0.1
8,339,constant,constant,0.375,0.4375,0.48046875,0.5
8,339,threshold,threshold,0.125,0.3125,0.32421875,0.3
8,339,lookup,lookup,0.125,0.375,0.38671875,0.4
8,339,validation_selected,threshold,0.125,0.3125,0.32421875,0.3
8,340,constant,constant,0.375,0.5625,0.4765625,0.5
8,340,threshold,threshold,0.125,0.09375,0.203125,0.2
8,340,lookup,lookup,0.0,0.5625,0.51171875,0.5
8,340,validation_selected,threshold,0.125,0.09375,0.203125,0.2
8,341,constant,constant,0.375,0.375,0.4609375,0.5
8,341,threshold,threshold,0.125,0.25,0.2734375,0.2
8,341,lookup,lookup,0.0,0.4375,0.49609375,0.4
8,341,validation_selected,threshold,0.125,0.25,0.2734375,0.2
8,342,constant,constant,0.25,0.34375,0.546875,0.5
8,342,threshold,threshold,0.125,0.21875,0.37890625,0.4
8,342,lookup,lookup,0.125,0.21875,0.37890625,0.4
8,342,validation_selected,threshold,0.125,0.21875,0.37890625,0.4
8,343,constant,constant,0.375,0.40625,0.4921875,0.5
8,343,threshold,threshold,0.125,0.09375,0.10546875,0.1
8,343,lookup,lookup,0.125,0.375,0.36328125,0.4
8,343,validation_selected,threshold,0.125,0.09375,0.10546875,0.1
8,344,constant,constant,0.375,0.53125,0.49609375,0.5
8,344,threshold,threshold,0.0,0.25,0.18359375,0.2
8,344,lookup,lookup,0.0,0.3125,0.328125,0.3
8,344,validation_selected,threshold,0.0,0.25,0.18359375,0.2
8,345,constant,constant,0.375,0.5,0.5390625,0.5
8,345,threshold,threshold,0.375,0.3125,0.27734375,0.3
8,345,lookup,lookup,0.25,0.375,0.390625,0.4
8,345,validation_selected,threshold,0.375,0.3125,0.27734375,0.3
8,346,constant,constant,0.375,0.53125,0.53515625,0.5
8,346,threshold,threshold,0.0,0.0,0.0703125,0.1
8,346,lookup,lookup,0.0,0.21875,0.30859375,0.3
8,346,validation_selected,threshold,0.0,0.0,0.0703125,0.1
8,347,constant,constant,0.5,0.34375,0.4921875,0.5
8,347,threshold,threshold,0.0,0.0625,0.20703125,0.2
8,347,lookup,lookup,0.0,0.0625,0.20703125,0.2
8,347,validation_selected,threshold,0.0,0.0625,0.20703125,0.2
8,348,constant,constant,0.375,0.5,0.49609375,0.5
8,348,threshold,threshold,0.0,0.15625,0.0859375,0.1
8,348,lookup,lookup,0.0,0.28125,0.23046875,0.2
8,348,validation_selected,threshold,0.0,0.15625,0.0859375,0.1
8,349,constant,constant,0.25,0.59375,0.5,0.5
8,349,threshold,threshold,0.125,0.34375,0.18359375,0.2
8,349,lookup,lookup,0.125,0.5,0.390625,0.4
8,349,validation_selected,threshold,0.125,0.34375,0.18359375,0.2
8,350,constant,constant,0.5,0.59375,0.5,0.5
8,350,threshold,threshold,0.125,0.125,0.11328125,0.1
8,350,lookup,lookup,0.125,0.34375,0.32421875,0.3
8,350,validation_selected,threshold,0.125,0.125,0.11328125,0.1
8,351,constant,constant,0.375,0.53125,0.53125,0.5
8,351,threshold,threshold,0.125,0.28125,0.3359375,0.3
8,351,lookup,lookup,0.125,0.46875,0.3984375,0.4
8,351,validation_selected,threshold,0.125,0.28125,0.3359375,0.3
8,352,constant,constant,0.375,0.46875,0.51953125,0.5
8,352,threshold,threshold,0.125,0.28125,0.3046875,0.3
8,352,lookup,lookup,0.125,0.28125,0.43359375,0.4
8,352,validation_selected,threshold,0.125,0.28125,0.3046875,0.3
8,353,constant,constant,0.25,0.59375,0.4921875,0.5
8,353,threshold,threshold,0.125,0.125,0.11328125,0.1
8,353,lookup,lookup,0.125,0.5,0.41015625,0.4
8,353,validation_selected,threshold,0.125,0.125,0.11328125,0.1
8,354,constant,constant,0.25,0.40625,0.49609375,0.5
8,354,threshold,threshold,0.0,0.21875,0.1953125,0.2
8,354,lookup,lookup,0.0,0.21875,0.1953125,0.2
8,354,validation_selected,threshold,0.0,0.21875,0.1953125,0.2
8,355,constant,constant,0.375,0.625,0.484375,0.5
8,355,threshold,threshold,0.25,0.125,0.19140625,0.2
8,355,lookup,lookup,0.125,0.40625,0.39453125,0.4
8,355,validation_selected,threshold,0.25,0.125,0.19140625,0.2
8,356,constant,constant,0.25,0.59375,0.5234375,0.5
8,356,threshold,threshold,0.0,0.09375,0.19921875,0.2
8,356,lookup,lookup,0.0,0.21875,0.28515625,0.3
8,356,validation_selected,threshold,0.0,0.09375,0.19921875,0.2
8,357,constant,constant,0.5,0.5625,0.515625,0.5
8,357,threshold,threshold,0.125,0.1875,0.11328125,0.1
8,357,lookup,lookup,0.125,0.28125,0.20703125,0.2
8,357,validation_selected,threshold,0.125,0.1875,0.11328125,0.1
8,358,constant,constant,0.375,0.5625,0.5,0.5
8,358,threshold,threshold,0.0,0.09375,0.07421875,0.1
8,358,lookup,lookup,0.0,0.1875,0.18359375,0.2
8,358,validation_selected,threshold,0.0,0.09375,0.07421875,0.1
8,359,constant,constant,0.125,0.4375,0.5546875,0.5
8,359,threshold,threshold,0.125,0.09375,0.0703125,0.1
8,359,lookup,lookup,0.125,0.28125,0.1875,0.2
8,359,validation_selected,threshold,0.125,0.09375,0.0703125,0.1
8,360,constant,constant,0.5,0.59375,0.5,0.5
8,360,threshold,threshold,0.0,0.34375,0.29296875,0.3
8,360,lookup,lookup,0.0,0.34375,0.29296875,0.3
8,360,validation_selected,threshold,0.0,0.34375,0.29296875,0.3
8,361,constant,constant,0.375,0.3125,0.4765625,0.5
8,361,threshold,threshold,0.0,0.15625,0.234375,0.2
8,361,lookup,lookup,0.0,0.15625,0.234375,0.2
8,361,validation_selected,threshold,0.0,0.15625,0.234375,0.2
8,362,constant,constant,0.375,0.34375,0.47265625,0.5
8,362,threshold,threshold,0.25,0.0625,0.10546875,0.1
8,362,lookup,lookup,0.25,0.21875,0.390625,0.4
8,362,validation_selected,threshold,0.25,0.0625,0.10546875,0.1
8,363,constant,constant,0.375,0.4375,0.46484375,0.5
8,363,threshold,threshold,0.25,0.28125,0.21484375,0.2
8,363,lookup,lookup,0.25,0.3125,0.34375,0.4
8,363,validation_selected,threshold,0.25,0.28125,0.21484375,0.2
8,364,constant,constant,0.5,0.5625,0.484375,0.5
8,364,threshold,threshold,0.0,0.09375,0.10546875,0.1
8,364,lookup,lookup,0.0,0.3125,0.28125,0.3
8,364,validation_selected,threshold,0.0,0.09375,0.10546875,0.1
8,365,constant,constant,0.25,0.46875,0.453125,0.5
8,365,threshold,threshold,0.125,0.09375,0.10546875,0.1
8,365,lookup,lookup,0.125,0.21875,0.2109375,0.2
8,365,validation_selected,threshold,0.125,0.09375,0.10546875,0.1
8,366,constant,constant,0.375,0.375,0.47265625,0.5
8,366,threshold,threshold,0.125,0.03125,0.0859375,0.1
8,366,lookup,lookup,0.0,0.125,0.1953125,0.2
8,366,validation_selected,threshold,0.125,0.03125,0.0859375,0.1
8,367,constant,constant,0.25,0.34375,0.54296875,0.5
8,367,threshold,threshold,0.0,0.09375,0.09375,0.1
8,367,lookup,lookup,0.0,0.53125,0.37109375,0.4
8,367,validation_selected,threshold,0.0,0.09375,0.09375,0.1
8,368,constant,constant,0.25,0.625,0.53125,0.5
8,368,threshold,threshold,0.125,0.59375,0.40625,0.4
8,368,lookup,lookup,0.0,0.59375,0.50390625,0.5
8,368,validation_selected,threshold,0.125,0.59375,0.40625,0.4
8,369,constant,constant,0.5,0.5625,0.58203125,0.5
8,369,threshold,threshold,0.0,0.09375,0.08984375,0.1
8,369,lookup,lookup,0.0,0.21875,0.19921875,0.2
8,369,validation_selected,threshold,0.0,0.09375,0.08984375,0.1
8,370,constant,constant,0.25,0.625,0.5,0.5
8,370,threshold,threshold,0.125,0.59375,0.41796875,0.4
8,370,lookup,lookup,0.125,0.59375,0.41796875,0.4
8,370,validation_selected,threshold,0.125,0.59375,0.41796875,0.4
8,371,constant,constant,0.25,0.28125,0.46875,0.5
8,371,threshold,threshold,0.0,0.09375,0.08984375,0.1
8,371,lookup,lookup,0.0,0.21875,0.2265625,0.2
8,371,validation_selected,threshold,0.0,0.09375,0.08984375,0.1
8,372,constant,constant,0.125,0.40625,0.47265625,0.5
8,372,threshold,threshold,0.125,0.40625,0.47265625,0.5
8,372,lookup,lookup,0.125,0.40625,0.47265625,0.5
8,372,validation_selected,constant,0.125,0.40625,0.47265625,0.5
8,373,constant,constant,0.375,0.59375,0.48828125,0.5
8,373,threshold,threshold,0.125,0.28125,0.18359375,0.2
8,373,lookup,lookup,0.125,0.40625,0.37109375,0.4
8,373,validation_selected,threshold,0.125,0.28125,0.18359375,0.2
8,374,constant,constant,0.25,0.53125,0.49609375,0.5
8,374,threshold,threshold,0.125,0.40625,0.3984375,0.4
8,374,lookup,lookup,0.0,0.25,0.3046875,0.3
8,374,validation_selected,lookup,0.0,0.25,0.3046875,0.3
8,375,constant,constant,0.25,0.5625,0.50390625,0.5
8,375,threshold,threshold,0.0,0.0625,0.09375,0.1
8,375,lookup,lookup,0.0,0.5,0.37890625,0.4
8,375,validation_selected,threshold,0.0,0.0625,0.09375,0.1
8,376,constant,constant,0.375,0.4375,0.5,0.5
8,376,threshold,threshold,0.125,0.1875,0.31640625,0.3
8,376,lookup,lookup,0.125,0.1875,0.31640625,0.3
8,376,validation_selected,threshold,0.125,0.1875,0.31640625,0.3
8,377,constant,constant,0.125,0.65625,0.46484375,0.5
8,377,threshold,threshold,0.125,0.5625,0.37109375,0.4
8,377,lookup,lookup,0.125,0.15625,0.19140625,0.2
8,377,validation_selected,lookup,0.125,0.15625,0.19140625,0.2
8,378,constant,constant,0.375,0.3125,0.5234375,0.5
8,378,threshold,threshold,0.125,0.125,0.19921875,0.2
8,378,lookup,lookup,0.0,0.40625,0.5078125,0.5
8,378,validation_selected,threshold,0.125,0.125,0.19921875,0.2
8,379,constant,constant,0.125,0.53125,0.43359375,0.5
8,379,threshold,threshold,0.125,0.53125,0.43359375,0.5
8,379,lookup,lookup,0.0,0.375,0.328125,0.4
8,379,validation_selected,lookup,0.0,0.375,0.328125,0.4
8,380,constant,constant,0.5,0.40625,0.47265625,0.5
8,380,threshold,threshold,0.25,0.0625,0.08203125,0.1
8,380,lookup,lookup,0.125,0.15625,0.3125,0.3
8,380,validation_selected,threshold,0.25,0.0625,0.08203125,0.1
8,381,constant,constant,0.375,0.375,0.49609375,0.5
8,381,threshold,threshold,0.125,0.03125,0.1171875,0.1
8,381,lookup,lookup,0.125,0.40625,0.3359375,0.3
8,381,validation_selected,threshold,0.125,0.03125,0.1171875,0.1
8,382,constant,constant,0.375,0.46875,0.42578125,0.5
8,382,threshold,threshold,0.0,0.125,0.1953125,0.2
8,382,lookup,lookup,0.0,0.3125,0.40234375,0.4
8,382,validation_selected,threshold,0.0,0.125,0.1953125,0.2
8,383,constant,constant,0.125,0.46875,0.5234375,0.5
8,383,threshold,threshold,0.125,0.46875,0.5234375,0.5
8,383,lookup,lookup,0.0,0.4375,0.421875,0.4
8,383,validation_selected,lookup,0.0,0.4375,0.421875,0.4
8,384,constant,constant,0.5,0.5,0.53515625,0.5
8,384,threshold,threshold,0.0,0.25,0.33984375,0.3
8,384,lookup,lookup,0.0,0.25,0.33984375,0.3
8,384,validation_selected,threshold,0.0,0.25,0.33984375,0.3
8,385,constant,constant,0.25,0.46875,0.46875,0.5
8,385,threshold,threshold,0.125,0.4375,0.34375,0.4
8,385,lookup,lookup,0.125,0.4375,0.34375,0.4
8,385,validation_selected,threshold,0.125,0.4375,0.34375,0.4
8,386,constant,constant,0.375,0.46875,0.4765625,0.5
8,386,threshold,threshold,0.125,0.28125,0.3125,0.3
8,386,lookup,lookup,0.0,0.3125,0.50390625,0.5
8,386,validation_selected,threshold,0.125,0.28125,0.3125,0.3
8,387,constant,constant,0.25,0.5625,0.5078125,0.5
8,387,threshold,threshold,0.125,0.1875,0.08984375,0.1
8,387,lookup,lookup,0.125,0.1875,0.08984375,0.1
8,387,validation_selected,threshold,0.125,0.1875,0.08984375,0.1
8,388,constant,constant,0.375,0.53125,0.52734375,0.5
8,388,threshold,threshold,0.0,0.09375,0.12109375,0.1
8,388,lookup,lookup,0.0,0.15625,0.19921875,0.2
8,388,validation_selected,threshold,0.0,0.09375,0.12109375,0.1
8,389,constant,constant,0.375,0.53125,0.49609375,0.5
8,389,threshold,threshold,0.0,0.40625,0.2890625,0.3
8,389,lookup,lookup,0.0,0.6875,0.578125,0.6
8,389,validation_selected,threshold,0.0,0.40625,0.2890625,0.3
8,390,constant,constant,0.5,0.5625,0.51953125,0.5
8,390,threshold,threshold,0.125,0.15625,0.2109375,0.2
8,390,lookup,lookup,0.125,0.53125,0.41796875,0.4
8,390,validation_selected,threshold,0.125,0.15625,0.2109375,0.2
8,391,constant,constant,0.375,0.4375,0.48046875,0.5
8,391,threshold,threshold,0.125,0.25,0.22265625,0.2
8,391,lookup,lookup,0.0,0.375,0.32421875,0.3
8,391,validation_selected,threshold,0.125,0.25,0.22265625,0.2
8,392,constant,constant,0.25,0.5625,0.44140625,0.5
8,392,threshold,threshold,0.0,0.21875,0.140625,0.2
8,392,lookup,lookup,0.0,0.28125,0.23828125,0.3
8,392,validation_selected,threshold,0.0,0.21875,0.140625,0.2
8,393,constant,constant,0.25,0.46875,0.5234375,0.5
8,393,threshold,threshold,0.25,0.15625,0.08984375,0.1
8,393,lookup,lookup,0.125,0.21875,0.15625,0.2
8,393,validation_selected,threshold,0.25,0.15625,0.08984375,0.1
8,394,constant,constant,0.375,0.46875,0.4765625,0.5
8,394,threshold,threshold,0.0,0.40625,0.2890625,0.3
8,394,lookup,lookup,0.0,0.40625,0.2890625,0.3
8,394,validation_selected,threshold,0.0,0.40625,0.2890625,0.3
8,395,constant,constant,0.375,0.5,0.50390625,0.5
8,395,threshold,threshold,0.125,0.4375,0.4140625,0.4
8,395,lookup,lookup,0.0,0.28125,0.2734375,0.3
8,395,validation_selected,lookup,0.0,0.28125,0.2734375,0.3
8,396,constant,constant,0.25,0.5,0.5390625,0.5
8,396,threshold,threshold,0.0,0.0625,0.19140625,0.2
8,396,lookup,lookup,0.0,0.1875,0.31640625,0.3
8,396,validation_selected,threshold,0.0,0.0625,0.19140625,0.2
8,397,constant,constant,0.5,0.40625,0.51171875,0.5
8,397,threshold,threshold,0.125,0.15625,0.21875,0.2
8,397,lookup,lookup,0.0,0.25,0.41796875,0.4
8,397,validation_selected,threshold,0.125,0.15625,0.21875,0.2
8,398,constant,constant,0.375,0.40625,0.53515625,0.5
8,398,threshold,threshold,0.0,0.125,0.1328125,0.2
8,398,lookup,lookup,0.0,0.125,0.1328125,0.2
8,398,validation_selected,threshold,0.0,0.125,0.1328125,0.2
8,399,constant,constant,0.375,0.4375,0.48046875,0.5
8,399,threshold,threshold,0.0,0.25,0.19140625,0.2
8,399,lookup,lookup,0.0,0.40625,0.32421875,0.3
8,399,validation_selected,threshold,0.0,0.25,0.19140625,0.2
8,400,constant,constant,0.375,0.46875,0.47265625,0.5
8,400,threshold,threshold,0.125,0.125,0.12109375,0.1
8,400,lookup,lookup,0.125,0.375,0.30859375,0.3
8,400,validation_selected,threshold,0.125,0.125,0.12109375,0.1
8,401,constant,constant,0.5,0.3125,0.5234375,0.5
8,401,threshold,threshold,0.125,0.03125,0.10546875,0.1
8,401,lookup,lookup,0.125,0.1875,0.34765625,0.3
8,401,validation_selected,threshold,0.125,0.03125,0.10546875,0.1
8,402,constant,constant,0.375,0.53125,0.5234375,0.5
8,402,threshold,threshold,0.0,0.21875,0.21484375,0.2
8,402,lookup,lookup,0.0,0.21875,0.21484375,0.2
8,402,validation_selected,threshold,0.0,0.21875,0.21484375,0.2
8,403,constant,constant,0.375,0.53125,0.53125,0.5
8,403,threshold,threshold,0.0,0.125,0.2421875,0.2
8,403,lookup,lookup,0.0,0.125,0.2421875,0.2
8,403,validation_selected,threshold,0.0,0.125,0.2421875,0.2
8,404,constant,constant,0.5,0.5,0.5078125,0.5
8,404,threshold,threshold,0.125,0.25,0.2265625,0.2
8,404,lookup,lookup,0.125,0.34375,0.328125,0.3
8,404,validation_selected,threshold,0.125,0.25,0.2265625,0.2
8,405,constant,constant,0.5,0.5625,0.43359375,0.5
8,405,threshold,threshold,0.25,0.15625,0.13671875,0.2
8,405,lookup,lookup,0.125,0.25,0.3671875,0.4
8,405,validation_selected,threshold,0.25,0.15625,0.13671875,0.2
8,406,constant,constant,0.375,0.34375,0.5078125,0.5
8,406,threshold,threshold,0.125,0.28125,0.34765625,0.3
8,406,lookup,lookup,0.0,0.25,0.23046875,0.2
8,406,validation_selected,lookup,0.0,0.25,0.23046875,0.2
8,407,constant,constant,0.5,0.5,0.55859375,0.5
8,407,threshold,threshold,0.125,0.125,0.265625,0.2
8,407,lookup,lookup,0.0,0.375,0.4765625,0.4
8,407,validation_selected,threshold,0.125,0.125,0.265625,0.2
8,408,constant,constant,0.25,0.65625,0.484375,0.5
8,408,threshold,threshold,0.25,0.65625,0.484375,0.5
8,408,lookup,lookup,0.0,0.59375,0.48046875,0.5
8,408,validation_selected,lookup,0.0,0.59375,0.48046875,0.5
8,409,constant,constant,0.5,0.5625,0.48046875,0.5
8,409,threshold,threshold,0.0,0.125,0.11328125,0.1
8,409,lookup,lookup,0.0,0.25,0.2109375,0.2
8,409,validation_selected,threshold,0.0,0.125,0.11328125,0.1
8,410,constant,constant,0.375,0.53125,0.51953125,0.5
8,410,threshold,threshold,0.0,0.125,0.09765625,0.1
8,410,lookup,lookup,0.0,0.40625,0.38671875,0.3
8,410,validation_selected,threshold,0.0,0.125,0.09765625,0.1
8,411,constant,constant,0.25,0.625,0.4609375,0.5
8,411,threshold,threshold,0.125,0.28125,0.31640625,0.3
8,411,lookup,lookup,0.125,0.28125,0.31640625,0.3
8,411,validation_selected,threshold,0.125,0.28125,0.31640625,0.3
8,412,constant,constant,0.5,0.5,0.52734375,0.5
8,412,threshold,threshold,0.125,0.15625,0.08984375,0.1
8,412,lookup,lookup,0.125,0.3125,0.3125,0.3
8,412,validation_selected,threshold,0.125,0.15625,0.08984375,0.1
8,413,constant,constant,0.375,0.59375,0.5,0.5
8,413,threshold,threshold,0.25,0.34375,0.28515625,0.3
8,413,lookup,lookup,0.25,0.46875,0.40625,0.4
8,413,validation_selected,threshold,0.25,0.34375,0.28515625,0.3
8,414,constant,constant,0.25,0.53125,0.51171875,0.5
8,414,threshold,threshold,0.0,0.25,0.21875,0.2
8,414,lookup,lookup,0.0,0.5,0.3984375,0.4
8,414,validation_selected,threshold,0.0,0.25,0.21875,0.2
8,415,constant,constant,0.5,0.46875,0.5078125,0.5
8,415,threshold,threshold,0.25,0.28125,0.3359375,0.3
8,415,lookup,lookup,0.125,0.4375,0.42578125,0.4
8,415,validation_selected,threshold,0.25,0.28125,0.3359375,0.3
8,416,constant,constant,0.375,0.46875,0.46484375,0.5
8,416,threshold,threshold,0.0,0.0625,0.09375,0.1
8,416,lookup,lookup,0.0,0.0625,0.09375,0.1
8,416,validation_selected,threshold,0.0,0.0625,0.09375,0.1
8,417,constant,constant,0.375,0.46875,0.515625,0.5
8,417,threshold,threshold,0.0,0.03125,0.09375,0.1
8,417,lookup,lookup,0.0,0.28125,0.27734375,0.3
8,417,validation_selected,threshold,0.0,0.03125,0.09375,0.1
8,418,constant,constant,0.375,0.46875,0.484375,0.5
8,418,threshold,threshold,0.125,0.0625,0.08984375,0.1
8,418,lookup,lookup,0.125,0.28125,0.30859375,0.3
8,418,validation_selected,threshold,0.125,0.0625,0.08984375,0.1
8,419,constant,constant,0.375,0.625,0.515625,0.5
8,419,threshold,threshold,0.125,0.09375,0.109375,0.1
8,419,lookup,lookup,0.0,0.375,0.46484375,0.4
8,419,validation_selected,threshold,0.125,0.09375,0.109375,0.1
8,420,constant,constant,0.375,0.5,0.53125,0.5
8,420,threshold,threshold,0.125,0.03125,0.08984375,0.1
8,420,lookup,lookup,0.125,0.1875,0.3125,0.3
8,420,validation_selected,threshold,0.125,0.03125,0.08984375,0.1
8,421,constant,constant,0.5,0.6875,0.47265625,0.5
8,421,threshold,threshold,0.125,0.34375,0.19140625,0.2
8,421,lookup,lookup,0.125,0.34375,0.19140625,0.2
8,421,validation_selected,threshold,0.125,0.34375,0.19140625,0.2
8,422,constant,constant,0.5,0.4375,0.5078125,0.5
8,422,threshold,threshold,0.125,0.09375,0.0546875,0.1
8,422,lookup,lookup,0.125,0.25,0.23828125,0.3
8,422,validation_selected,threshold,0.125,0.09375,0.0546875,0.1
8,423,constant,constant,0.5,0.40625,0.48046875,0.5
8,423,threshold,threshold,0.125,0.09375,0.1015625,0.1
8,423,lookup,lookup,0.125,0.375,0.30078125,0.3
8,423,validation_selected,threshold,0.125,0.09375,0.1015625,0.1
8,424,constant,constant,0.375,0.5625,0.45703125,0.5
8,424,threshold,threshold,0.125,0.46875,0.36328125,0.4
8,424,lookup,lookup,0.125,0.46875,0.36328125,0.4
8,424,validation_selected,threshold,0.125,0.46875,0.36328125,0.4
8,425,constant,constant,0.375,0.5625,0.53125,0.5
8,425,threshold,threshold,0.0,0.125,0.1171875,0.1
8,425,lookup,lookup,0.0,0.1875,0.20703125,0.2
8,425,validation_selected,threshold,0.0,0.125,0.1171875,0.1
8,426,constant,constant,0.25,0.4375,0.4921875,0.5
8,426,threshold,threshold,0.25,0.375,0.29296875,0.3
8,426,lookup,lookup,0.125,0.5,0.3828125,0.4
8,426,validation_selected,threshold,0.25,0.375,0.29296875,0.3
8,427,constant,constant,0.375,0.46875,0.4765625,0.5
8,427,threshold,threshold,0.125,0.3125,0.3984375,0.4
8,427,lookup,lookup,0.0,0.21875,0.31640625,0.3
8,427,validation_selected,lookup,0.0,0.21875,0.31640625,0.3
8,428,constant,constant,0.375,0.625,0.46484375,0.5
8,428,threshold,threshold,0.125,0.0625,0.09765625,0.1
8,428,lookup,lookup,0.125,0.09375,0.20703125,0.2
8,428,validation_selected,threshold,0.125,0.0625,0.09765625,0.1
8,429,constant,constant,0.375,0.59375,0.5390625,0.5
8,429,threshold,threshold,0.125,0.375,0.34375,0.3
8,429,lookup,lookup,0.125,0.375,0.34375,0.3
8,429,validation_selected,threshold,0.125,0.375,0.34375,0.3
8,430,constant,constant,0.5,0.5625,0.5078125,0.5
8,430,threshold,threshold,0.125,0.53125,0.3828125,0.4
8,430,lookup,lookup,0.0,0.40625,0.3125,0.3
8,430,validation_selected,lookup,0.0,0.40625,0.3125,0.3
8,431,constant,constant,0.5,0.375,0.48828125,0.5
8,431,threshold,threshold,0.0,0.03125,0.11328125,0.1
8,431,lookup,lookup,0.0,0.1875,0.21875,0.2
8,431,validation_selected,threshold,0.0,0.03125,0.11328125,0.1
8,432,constant,constant,0.25,0.4375,0.4765625,0.5
8,432,threshold,threshold,0.25,0.4375,0.4765625,0.5
8,432,lookup,lookup,0.25,0.4375,0.4765625,0.5
8,432,validation_selected,constant,0.25,0.4375,0.4765625,0.5
8,433,constant,constant,0.25,0.625,0.48828125,0.5
8,433,threshold,threshold,0.125,0.125,0.16796875,0.1
8,433,lookup,lookup,0.125,0.46875,0.3828125,0.4
8,433,validation_selected,threshold,0.125,0.125,0.16796875,0.1
8,434,constant,constant,0.5,0.46875,0.5078125,0.5
8,434,threshold,threshold,0.0,0.21875,0.1171875,0.1
8,434,lookup,lookup,0.0,0.28125,0.22265625,0.2
8,434,validation_selected,threshold,0.0,0.21875,0.1171875,0.1
8,435,constant,constant,0.375,0.65625,0.4765625,0.5
8,435,threshold,threshold,0.125,0.15625,0.16796875,0.2
8,435,lookup,lookup,0.125,0.21875,0.28515625,0.3
8,435,validation_selected,threshold,0.125,0.15625,0.16796875,0.2
8,436,constant,constant,0.375,0.46875,0.4609375,0.5
8,436,threshold,threshold,0.0,0.125,0.18359375,0.2
8,436,lookup,lookup,0.0,0.21875,0.265625,0.3
8,436,validation_selected,threshold,0.0,0.125,0.18359375,0.2
8,437,constant,constant,0.375,0.46875,0.4921875,0.5
8,437,threshold,threshold,0.0,0.0,0.06640625,0.1
8,437,lookup,lookup,0.0,0.125,0.18359375,0.2
8,437,validation_selected,threshold,0.0,0.0,0.06640625,0.1
8,438,constant,constant,0.125,0.4375,0.48828125,0.5
8,438,threshold,threshold,0.125,0.4375,0.48828125,0.5
8,438,lookup,lookup,0.0,0.34375,0.41015625,0.4
8,438,validation_selected,lookup,0.0,0.34375,0.41015625,0.4
8,439,constant,constant,0.375,0.5625,0.5,0.5
8,439,threshold,threshold,0.0,0.125,0.1171875,0.1
8,439,lookup,lookup,0.0,0.21875,0.19140625,0.2
8,439,validation_selected,threshold,0.0,0.125,0.1171875,0.1
8,440,constant,constant,0.5,0.5,0.56640625,0.5
8,440,threshold,threshold,0.25,0.03125,0.12109375,0.1
8,440,lookup,lookup,0.25,0.46875,0.46875,0.4
8,440,validation_selected,threshold,0.25,0.03125,0.12109375,0.1
8,441,constant,constant,0.375,0.34375,0.44140625,0.5
8,441,threshold,threshold,0.125,0.21875,0.2890625,0.3
8,441,lookup,lookup,0.125,0.21875,0.2890625,0.3
8,441,validation_selected,threshold,0.125,0.21875,0.2890625,0.3
8,442,constant,constant,0.375,0.5,0.48046875,0.5
8,442,threshold,threshold,0.125,0.09375,0.109375,0.1
8,442,lookup,lookup,0.125,0.125,0.19921875,0.2
8,442,validation_selected,threshold,0.125,0.09375,0.109375,0.1
8,443,constant,constant,0.25,0.53125,0.48828125,0.5
8,443,threshold,threshold,0.0,0.4375,0.42578125,0.4
8,443,lookup,lookup,0.0,0.4375,0.42578125,0.4
8,443,validation_selected,threshold,0.0,0.4375,0.42578125,0.4
8,444,constant,constant,0.5,0.3125,0.46484375,0.5
8,444,threshold,threshold,0.125,0.0625,0.09765625,0.1
8,444,lookup,lookup,0.0,0.1875,0.203125,0.2
8,444,validation_selected,threshold,0.125,0.0625,0.09765625,0.1
8,445,constant,constant,0.375,0.5,0.54296875,0.5
8,445,threshold,threshold,0.0,0.0625,0.0859375,0.1
8,445,lookup,lookup,0.0,0.0625,0.0859375,0.1
8,445,validation_selected,threshold,0.0,0.0625,0.0859375,0.1
8,446,constant,constant,0.5,0.625,0.4765625,0.5
8,446,threshold,threshold,0.0,0.15625,0.21484375,0.2
8,446,lookup,lookup,0.0,0.28125,0.31640625,0.3
8,446,validation_selected,threshold,0.0,0.15625,0.21484375,0.2
8,447,constant,constant,0.375,0.59375,0.5,0.5
8,447,threshold,threshold,0.0,0.1875,0.1171875,0.1
8,447,lookup,lookup,0.0,0.1875,0.1171875,0.1
8,447,validation_selected,threshold,0.0,0.1875,0.1171875,0.1
8,448,constant,constant,0.25,0.375,0.515625,0.5
8,448,threshold,threshold,0.125,0.25,0.2578125,0.3
8,448,lookup,lookup,0.125,0.375,0.39453125,0.4
8,448,validation_selected,threshold,0.125,0.25,0.2578125,0.3
8,449,constant,constant,0.5,0.3125,0.5078125,0.5
8,449,threshold,threshold,0.0,0.1875,0.16796875,0.2
8,449,lookup,lookup,0.0,0.28125,0.30859375,0.3
8,449,validation_selected,threshold,0.0,0.1875,0.16796875,0.2
8,450,constant,constant,0.375,0.53125,0.48046875,0.5
8,450,threshold,threshold,0.0,0.09375,0.12109375,0.1
8,450,lookup,lookup,0.0,0.0625,0.2109375,0.2
8,450,validation_selected,lookup,0.0,0.0625,0.2109375,0.2
8,451,constant,constant,0.375,0.4375,0.5234375,0.5
8,451,threshold,threshold,0.25,0.1875,0.16015625,0.2
8,451,lookup,lookup,0.25,0.1875,0.16015625,0.2
8,451,validation_selected,threshold,0.25,0.1875,0.16015625,0.2
8,452,constant,constant,0.375,0.46875,0.5078125,0.5
8,452,threshold,threshold,0.0,0.25,0.1015625,0.1
8,452,lookup,lookup,0.0,0.34375,0.2265625,0.2
8,452,validation_selected,threshold,0.0,0.25,0.1015625,0.1
8,453,constant,constant,0.375,0.40625,0.5078125,0.5
8,453,threshold,threshold,0.0,0.03125,0.07421875,0.1
8,453,lookup,lookup,0.0,0.375,0.37109375,0.4
8,453,validation_selected,threshold,0.0,0.03125,0.07421875,0.1
8,454,constant,constant,0.5,0.5,0.5,0.5
8,454,threshold,threshold,0.25,0.03125,0.109375,0.1
8,454,lookup,lookup,0.25,0.4375,0.421875,0.4
8,454,validation_selected,threshold,0.25,0.03125,0.109375,0.1
8,455,constant,constant,0.375,0.46875,0.45703125,0.5
8,455,threshold,threshold,0.0,0.125,0.1875,0.2
8,455,lookup,lookup,0.0,0.21875,0.2578125,0.3
8,455,validation_selected,threshold,0.0,0.125,0.1875,0.2
8,456,constant,constant,0.375,0.625,0.45703125,0.5
8,456,threshold,threshold,0.125,0.21875,0.22265625,0.2
8,456,lookup,lookup,0.125,0.3125,0.3203125,0.3
8,456,validation_selected,threshold,0.125,0.21875,0.22265625,0.2
8,457,constant,constant,0.5,0.4375,0.5,0.5
8,457,threshold,threshold,0.125,0.15625,0.09375,0.1
8,457,lookup,lookup,0.125,0.375,0.30078125,0.3
8,457,validation_selected,threshold,0.125,0.15625,0.09375,0.1
8,458,constant,constant,0.375,0.5625,0.45703125,0.5
8,458,threshold,threshold,0.125,0.1875,0.09765625,0.1
8,458,lookup,lookup,0.0,0.34375,0.27734375,0.3
8,458,validation_selected,threshold,0.125,0.1875,0.09765625,0.1
8,459,constant,constant,0.375,0.5,0.48046875,0.5
8,459,threshold,threshold,0.0,0.21875,0.12109375,0.1
8,459,lookup,lookup,0.0,0.21875,0.12109375,0.1
8,459,validation_selected,threshold,0.0,0.21875,0.12109375,0.1
8,460,constant,constant,0.25,0.625,0.51171875,0.5
8,460,threshold,threshold,0.0,0.46875,0.3046875,0.3
8,460,lookup,lookup,0.0,0.46875,0.3046875,0.3
8,460,validation_selected,threshold,0.0,0.46875,0.3046875,0.3
8,461,constant,constant,0.25,0.375,0.49609375,0.5
8,461,threshold,threshold,0.0,0.28125,0.23046875,0.2
8,461,lookup,lookup,0.0,0.28125,0.23046875,0.2
8,461,validation_selected,threshold,0.0,0.28125,0.23046875,0.2
8,462,constant,constant,0.25,0.46875,0.51171875,0.5
8,462,threshold,threshold,0.0,0.09375,0.0859375,0.1
8,462,lookup,lookup,0.0,0.21875,0.19921875,0.2
8,462,validation_selected,threshold,0.0,0.09375,0.0859375,0.1
8,463,constant,constant,0.5,0.6875,0.5,0.5
8,463,threshold,threshold,0.0,0.0625,0.109375,0.1
8,463,lookup,lookup,0.0,0.1875,0.203125,0.2
8,463,validation_selected,threshold,0.0,0.0625,0.109375,0.1
8,464,constant,constant,0.375,0.65625,0.4453125,0.5
8,464,threshold,threshold,0.0,0.125,0.21484375,0.2
8,464,lookup,lookup,0.0,0.3125,0.2734375,0.3
8,464,validation_selected,threshold,0.0,0.125,0.21484375,0.2
8,465,constant,constant,0.375,0.59375,0.43359375,0.5
8,465,threshold,threshold,0.125,0.15625,0.10546875,0.1
8,465,lookup,lookup,0.125,0.15625,0.20703125,0.2
8,465,validation_selected,threshold,0.125,0.15625,0.10546875,0.1
8,466,constant,constant,0.5,0.53125,0.453125,0.5
8,466,threshold,threshold,0.125,0.09375,0.09375,0.1
8,466,lookup,lookup,0.125,0.3125,0.25390625,0.3
8,466,validation_selected,threshold,0.125,0.09375,0.09375,0.1
8,467,constant,constant,0.25,0.375,0.5078125,0.5
8,467,threshold,threshold,0.25,0.0625,0.1015625,0.1
8,467,lookup,lookup,0.125,0.375,0.40625,0.4
8,467,validation_selected,threshold,0.25,0.0625,0.1015625,0.1
8,468,constant,constant,0.5,0.46875,0.546875,0.5
8,468,threshold,threshold,0.125,0.1875,0.28125,0.3
8,468,lookup,lookup,0.0,0.46875,0.5234375,0.5
8,468,validation_selected,threshold,0.125,0.1875,0.28125,0.3
8,469,constant,constant,0.25,0.375,0.53125,0.5
8,469,threshold,threshold,0.125,0.125,0.14453125,0.1
8,469,lookup,lookup,0.125,0.28125,0.234375,0.2
8,469,validation_selected,threshold,0.125,0.125,0.14453125,0.1
8,470,constant,constant,0.375,0.53125,0.4765625,0.5
8,470,threshold,threshold,0.125,0.125,0.19140625,0.2
8,470,lookup,lookup,0.125,0.1875,0.2890625,0.3
8,470,validation_selected,threshold,0.125,0.125,0.19140625,0.2
8,471,constant,constant,0.375,0.59375,0.48046875,0.5
8,471,threshold,threshold,0.0,0.125,0.09375,0.1
8,471,lookup,lookup,0.0,0.125,0.09375,0.1
8,471,validation_selected,threshold,0.0,0.125,0.09375,0.1
8,472,constant,constant,0.5,0.5,0.51953125,0.5
8,472,threshold,threshold,0.125,0.09375,0.10546875,0.1
8,472,lookup,lookup,0.125,0.1875,0.1875,0.2
8,472,validation_selected,threshold,0.125,0.09375,0.10546875,0.1
8,473,constant,constant,0.25,0.40625,0.4921875,0.5
8,473,threshold,threshold,0.25,0.40625,0.4921875,0.5
8,473,lookup,lookup,0.125,0.34375,0.42578125,0.4
8,473,validation_selected,lookup,0.125,0.34375,0.42578125,0.4
8,474,constant,constant,0.375,0.46875,0.49609375,0.5
8,474,threshold,threshold,0.0,0.125,0.125,0.1
8,474,lookup,lookup,0.0,0.1875,0.21875,0.2
8,474,validation_selected,threshold,0.0,0.125,0.125,0.1
8,475,constant,constant,0.5,0.40625,0.4765625,0.5
8,475,threshold,threshold,0.375,0.1875,0.09375,0.1
8,475,lookup,lookup,0.25,0.25,0.27734375,0.3
8,475,validation_selected,threshold,0.375,0.1875,0.09375,0.1
8,476,constant,constant,0.375,0.375,0.4921875,0.5
8,476,threshold,threshold,0.0,0.09375,0.109375,0.1
8,476,lookup,lookup,0.0,0.125,0.2109375,0.2
8,476,validation_selected,threshold,0.0,0.09375,0.109375,0.1
8,477,constant,constant,0.5,0.5,0.54296875,0.5
8,477,threshold,threshold,0.0,0.125,0.0703125,0.1
8,477,lookup,lookup,0.0,0.125,0.0703125,0.1
8,477,validation_selected,threshold,0.0,0.125,0.0703125,0.1
8,478,constant,constant,0.25,0.46875,0.48828125,0.5
8,478,threshold,threshold,0.125,0.34375,0.37890625,0.4
8,478,lookup,lookup,0.125,0.34375,0.37890625,0.4
8,478,validation_selected,threshold,0.125,0.34375,0.37890625,0.4
8,479,constant,constant,0.375,0.59375,0.484375,0.5
8,479,threshold,threshold,0.0,0.1875,0.328125,0.3
8,479,lookup,lookup,0.0,0.1875,0.328125,0.3
8,479,validation_selected,threshold,0.0,0.1875,0.328125,0.3
8,480,constant,constant,0.375,0.375,0.51171875,0.5
8,480,threshold,threshold,0.0,0.15625,0.10546875,0.1
8,480,lookup,lookup,0.0,0.3125,0.28125,0.3
8,480,validation_selected,threshold,0.0,0.15625,0.10546875,0.1
8,481,constant,constant,0.375,0.75,0.5078125,0.5
8,481,threshold,threshold,0.125,0.125,0.1015625,0.1
8,481,lookup,lookup,0.125,0.15625,0.2109375,0.2
8,481,validation_selected,threshold,0.125,0.125,0.1015625,0.1
8,482,constant,constant,0.5,0.46875,0.48828125,0.5
8,482,threshold,threshold,0.0,0.09375,0.0859375,0.1
8,482,lookup,lookup,0.0,0.09375,0.1875,0.2
8,482,validation_selected,threshold,0.0,0.09375,0.0859375,0.1
8,483,constant,constant,0.5,0.5,0.47265625,0.5
8,483,threshold,threshold,0.0,0.25,0.19921875,0.2
8,483,lookup,lookup,0.0,0.28125,0.2890625,0.3
8,483,validation_selected,threshold,0.0,0.25,0.19921875,0.2
8,484,constant,constant,0.5,0.625,0.47265625,0.5
8,484,threshold,threshold,0.0,0.3125,0.21875,0.2
8,484,lookup,lookup,0.0,0.3125,0.21875,0.2
8,484,validation_selected,threshold,0.0,0.3125,0.21875,0.2
8,485,constant,constant,0.375,0.375,0.5703125,0.5
8,485,threshold,threshold,0.0,0.125,0.24609375,0.2
8,485,lookup,lookup,0.0,0.125,0.24609375,0.2
8,485,validation_selected,threshold,0.0,0.125,0.24609375,0.2
8,486,constant,constant,0.25,0.5625,0.48828125,0.5
8,486,threshold,threshold,0.0,0.1875,0.19921875,0.2
8,486,lookup,lookup,0.0,0.3125,0.328125,0.3
8,486,validation_selected,threshold,0.0,0.1875,0.19921875,0.2
8,487,constant,constant,0.25,0.46875,0.515625,0.5
8,487,threshold,threshold,0.0,0.3125,0.17578125,0.2
8,487,lookup,lookup,0.0,0.40625,0.27734375,0.3
8,487,validation_selected,threshold,0.0,0.3125,0.17578125,0.2
8,488,constant,constant,0.5,0.65625,0.5078125,0.5
8,488,threshold,threshold,0.25,0.46875,0.29296875,0.3
8,488,lookup,lookup,0.125,0.34375,0.30078125,0.3
8,488,validation_selected,lookup,0.125,0.34375,0.30078125,0.3
8,489,constant,constant,0.5,0.34375,0.53515625,0.5
8,489,threshold,threshold,0.25,0.125,0.203125,0.2
8,489,lookup,lookup,0.25,0.15625,0.29296875,0.3
8,489,validation_selected,threshold,0.25,0.125,0.203125,0.2
8,490,constant,constant,0.375,0.4375,0.49609375,0.5
8,490,threshold,threshold,0.125,0.375,0.390625,0.4
8,490,lookup,lookup,0.0,0.34375,0.29296875,0.3
8,490,validation_selected,lookup,0.0,0.34375,0.29296875,0.3
8,491,constant,constant,0.375,0.5625,0.53515625,0.5
8,491,threshold,threshold,0.0,0.0625,0.12109375,0.1
8,491,lookup,lookup,0.0,0.15625,0.1953125,0.2
8,491,validation_selected,threshold,0.0,0.0625,0.12109375,0.1
8,492,constant,constant,0.5,0.46875,0.50390625,0.5
8,492,threshold,threshold,0.125,0.21875,0.125,0.1
8,492,lookup,lookup,0.0,0.34375,0.29296875,0.3
8,492,validation_selected,threshold,0.125,0.21875,0.125,0.1
8,493,constant,constant,0.375,0.5625,0.5,0.5
8,493,threshold,threshold,0.25,0.0625,0.12109375,0.1
8,493,lookup,lookup,0.0,0.3125,0.3671875,0.4
8,493,validation_selected,threshold,0.25,0.0625,0.12109375,0.1
8,494,constant,constant,0.5,0.625,0.515625,0.5
8,494,threshold,threshold,0.125,0.3125,0.3203125,0.3
8,494,lookup,lookup,0.125,0.625,0.53125,0.5
8,494,validation_selected,threshold,0.125,0.3125,0.3203125,0.3
8,495,constant,constant,0.5,0.5,0.52734375,0.5
8,495,threshold,threshold,0.0,0.09375,0.0859375,0.1
8,495,lookup,lookup,0.0,0.09375,0.1953125,0.2
8,495,validation_selected,threshold,0.0,0.09375,0.0859375,0.1
8,496,constant,constant,0.0,0.59375,0.49609375,0.5
8,496,threshold,threshold,0.0,0.1875,0.1171875,0.1
8,496,lookup,lookup,0.0,0.3125,0.23046875,0.2
8,496,validation_selected,threshold,0.0,0.1875,0.1171875,0.1
8,497,constant,constant,0.5,0.5625,0.5,0.5
8,497,threshold,threshold,0.0,0.21875,0.21875,0.2
8,497,lookup,lookup,0.0,0.21875,0.21875,0.2
8,497,validation_selected,threshold,0.0,0.21875,0.21875,0.2
8,498,constant,constant,0.0,0.5625,0.46484375,0.5
8,498,threshold,threshold,0.0,0.5,0.37890625,0.4
8,498,lookup,lookup,0.0,0.21875,0.328125,0.3
8,498,validation_selected,lookup,0.0,0.21875,0.328125,0.3
8,499,constant,constant,0.375,0.625,0.4609375,0.5
8,499,threshold,threshold,0.375,0.09375,0.2109375,0.2
8,499,lookup,lookup,0.25,0.375,0.46484375,0.5
8,499,validation_selected,threshold,0.375,0.09375,0.2109375,0.2
8,500,constant,constant,0.5,0.46875,0.51171875,0.5
8,500,threshold,threshold,0.125,0.28125,0.2109375,0.2
8,500,lookup,lookup,0.125,0.5,0.48046875,0.5
8,500,validation_selected,threshold,0.125,0.28125,0.2109375,0.2
8,501,constant,constant,0.375,0.5625,0.45703125,0.5
8,501,threshold,threshold,0.0,0.0625,0.078125,0.1
8,501,lookup,lookup,0.0,0.1875,0.33203125,0.3
8,501,validation_selected,threshold,0.0,0.0625,0.078125,0.1
8,502,constant,constant,0.5,0.4375,0.484375,0.5
8,502,threshold,threshold,0.125,0.0625,0.0859375,0.1
8,502,lookup,lookup,0.125,0.3125,0.26953125,0.3
8,502,validation_selected,threshold,0.125,0.0625,0.0859375,0.1
8,503,constant,constant,0.25,0.34375,0.5234375,0.5
8,503,threshold,threshold,0.0,0.1875,0.41796875,0.4
8,503,lookup,lookup,0.0,0.1875,0.41796875,0.4
8,503,validation_selected,threshold,0.0,0.1875,0.41796875,0.4
8,504,constant,constant,0.375,0.5,0.50390625,0.5
8,504,threshold,threshold,0.0,0.15625,0.2109375,0.2
8,504,lookup,lookup,0.0,0.15625,0.2109375,0.2
8,504,validation_selected,threshold,0.0,0.15625,0.2109375,0.2
8,505,constant,constant,0.5,0.40625,0.5,0.5
8,505,threshold,threshold,0.25,0.3125,0.30859375,0.3
8,505,lookup,lookup,0.125,0.40625,0.3828125,0.4
8,505,validation_selected,threshold,0.25,0.3125,0.30859375,0.3
8,506,constant,constant,0.5,0.4375,0.4921875,0.5
8,506,threshold,threshold,0.0,0.125,0.109375,0.1
8,506,lookup,lookup,0.0,0.25,0.21875,0.2
8,506,validation_selected,threshold,0.0,0.125,0.109375,0.1
8,507,constant,constant,0.375,0.625,0.5234375,0.5
8,507,threshold,threshold,0.0,0.125,0.16015625,0.2
8,507,lookup,lookup,0.0,0.28125,0.39453125,0.4
8,507,validation_selected,threshold,0.0,0.125,0.16015625,0.2
8,508,constant,constant,0.375,0.5,0.4765625,0.5
8,508,threshold,threshold,0.0,0.0625,0.1171875,0.1
8,508,lookup,lookup,0.0,0.3125,0.2890625,0.3
8,508,validation_selected,threshold,0.0,0.0625,0.1171875,0.1
8,509,constant,constant,0.25,0.5,0.50390625,0.5
8,509,threshold,threshold,0.0,0.03125,0.09375,0.1
8,509,lookup,lookup,0.0,0.125,0.19921875,0.2
8,509,validation_selected,threshold,0.0,0.03125,0.09375,0.1
8,510,constant,constant,0.375,0.6875,0.515625,0.5
8,510,threshold,threshold,0.0,0.15625,0.22265625,0.2
8,510,lookup,lookup,0.0,0.40625,0.41796875,0.4
8,510,validation_selected,threshold,0.0,0.15625,0.22265625,0.2
8,511,constant,constant,0.375,0.625,0.4453125,0.5
8,511,threshold,threshold,0.0,0.0625,0.10546875,0.1
8,511,lookup,lookup,0.0,0.0625,0.10546875,0.1
8,511,validation_selected,threshold,0.0,0.0625,0.10546875,0.1
8,512,constant,constant,0.5,0.5625,0.4921875,0.5
8,512,threshold,threshold,0.125,0.21875,0.15234375,0.2
8,512,lookup,lookup,0.125,0.375,0.265625,0.3
8,512,validation_selected,threshold,0.125,0.21875,0.15234375,0.2
8,513,constant,constant,0.125,0.5625,0.49609375,0.5
8,513,threshold,threshold,0.0,0.1875,0.20703125,0.2
8,513,lookup,lookup,0.0,0.375,0.375,0.4
8,513,validation_selected,threshold,0.0,0.1875,0.20703125,0.2
8,514,constant,constant,0.125,0.40625,0.4765625,0.5
8,514,threshold,threshold,0.125,0.40625,0.4765625,0.5
8,514,lookup,lookup,0.125,0.40625,0.4765625,0.5
8,514,validation_selected,constant,0.125,0.40625,0.4765625,0.5
8,515,constant,constant,0.375,0.46875,0.5,0.5
8,515,threshold,threshold,0.0,0.3125,0.27734375,0.3
8,515,lookup,lookup,0.0,0.3125,0.27734375,0.3
8,515,validation_selected,threshold,0.0,0.3125,0.27734375,0.3
8,516,constant,constant,0.25,0.59375,0.4921875,0.5
8,516,threshold,threshold,0.0,0.09375,0.0703125,0.1
8,516,lookup,lookup,0.0,0.15625,0.18359375,0.2
8,516,validation_selected,threshold,0.0,0.09375,0.0703125,0.1
8,517,constant,constant,0.25,0.53125,0.51171875,0.5
8,517,threshold,threshold,0.0,0.09375,0.16015625,0.1
8,517,lookup,lookup,0.0,0.375,0.33984375,0.3
8,517,validation_selected,threshold,0.0,0.09375,0.16015625,0.1
8,518,constant,constant,0.5,0.375,0.46484375,0.5
8,518,threshold,threshold,0.125,0.09375,0.09375,0.1
8,518,lookup,lookup,0.125,0.21875,0.26171875,0.3
8,518,validation_selected,threshold,0.125,0.09375,0.09375,0.1
8,519,constant,constant,0.5,0.375,0.46875,0.5
8,519,threshold,threshold,0.125,0.125,0.21875,0.2
8,519,lookup,lookup,0.125,0.34375,0.5234375,0.5
8,519,validation_selected,threshold,0.125,0.125,0.21875,0.2
8,520,constant,constant,0.5,0.59375,0.50390625,0.5
8,520,threshold,threshold,0.0,0.09375,0.109375,0.1
8,520,lookup,lookup,0.0,0.25,0.203125,0.2
8,520,validation_selected,threshold,0.0,0.09375,0.109375,0.1
8,521,constant,constant,0.5,0.53125,0.52734375,0.5
8,521,threshold,threshold,0.125,0.15625,0.10546875,0.1
8,521,lookup,lookup,0.125,0.46875,0.3203125,0.3
8,521,validation_selected,threshold,0.125,0.15625,0.10546875,0.1
8,522,constant,constant,0.25,0.53125,0.48046875,0.5
8,522,threshold,threshold,0.0,0.0625,0.109375,0.1
8,522,lookup,lookup,0.0,0.1875,0.21484375,0.2
8,522,validation_selected,threshold,0.0,0.0625,0.109375,0.1
8,523,constant,constant,0.25,0.65625,0.5078125,0.5
8,523,threshold,threshold,0.0,0.46875,0.39453125,0.4
8,523,lookup,lookup,0.0,0.46875,0.39453125,0.4
8,523,validation_selected,threshold,0.0,0.46875,0.39453125,0.4
8,524,constant,constant,0.125,0.53125,0.53125,0.5
8,524,threshold,threshold,0.0,0.5,0.38671875,0.4
8,524,lookup,lookup,0.0,0.5,0.38671875,0.4
8,524,validation_selected,threshold,0.0,0.5,0.38671875,0.4
8,525,constant,constant,0.375,0.53125,0.4921875,0.5
8,525,threshold,threshold,0.0,0.21875,0.19140625,0.2
8,525,lookup,lookup,0.0,0.34375,0.32421875,0.3
8,525,validation_selected,threshold,0.0,0.21875,0.19140625,0.2
8,526,constant,constant,0.5,0.5,0.54296875,0.5
8,526,threshold,threshold,0.375,0.40625,0.4375,0.4
8,526,lookup,lookup,0.25,0.1875,0.32421875,0.3
8,526,validation_selected,lookup,0.25,0.1875,0.32421875,0.3
8,527,constant,constant,0.5,0.4375,0.58203125,0.5
8,527,threshold,threshold,0.0,0.0625,0.10546875,0.1
8,527,lookup,lookup,0.0,0.15625,0.23046875,0.2
8,527,validation_selected,threshold,0.0,0.0625,0.10546875,0.1
8,528,constant,constant,0.5,0.5,0.46484375,0.5
8,528,threshold,threshold,0.25,0.1875,0.20703125,0.2
8,528,lookup,lookup,0.25,0.21875,0.30859375,0.3
8,528,validation_selected,threshold,0.25,0.1875,0.20703125,0.2
8,529,constant,constant,0.375,0.625,0.4921875,0.5
8,529,threshold,threshold,0.125,0.0625,0.05859375,0.1
8,529,lookup,lookup,0.125,0.3125,0.25390625,0.3
8,529,validation_selected,threshold,0.125,0.0625,0.05859375,0.1
8,530,constant,constant,0.25,0.5625,0.48046875,0.5
8,530,threshold,threshold,0.0,0.0625,0.09375,0.1
8,530,lookup,lookup,0.0,0.15625,0.16015625,0.2
8,530,validation_selected,threshold,0.0,0.0625,0.09375,0.1
8,531,constant,constant,0.5,0.40625,0.51953125,0.5
8,531,threshold,threshold,0.0,0.28125,0.25,0.2
8,531,lookup,lookup,0.0,0.40625,0.35546875,0.3
8,531,validation_selected,threshold,0.0,0.28125,0.25,0.2
8,532,constant,constant,0.125,0.46875,0.546875,0.5
8,532,threshold,threshold,0.0,0.4375,0.43359375,0.4
8,532,lookup,lookup,0.0,0.4375,0.43359375,0.4
8,532,validation_selected,threshold,0.0,0.4375,0.43359375,0.4
8,533,constant,constant,0.5,0.46875,0.51953125,0.5
8,533,threshold,threshold,0.0,0.21875,0.203125,0.2
8,533,lookup,lookup,0.0,0.34375,0.3125,0.3
8,533,validation_selected,threshold,0.0,0.21875,0.203125,0.2
8,534,constant,constant,0.25,0.53125,0.47265625,0.5
8,534,threshold,threshold,0.0,0.46875,0.375,0.4
8,534,lookup,lookup,0.0,0.46875,0.375,0.4
8,534,validation_selected,threshold,0.0,0.46875,0.375,0.4
8,535,constant,constant,0.25,0.40625,0.48828125,0.5
8,535,threshold,threshold,0.125,0.1875,0.20703125,0.2
8,535,lookup,lookup,0.0,0.3125,0.34375,0.3
8,535,validation_selected,threshold,0.125,0.1875,0.20703125,0.2
8,536,constant,constant,0.125,0.53125,0.48828125,0.5
8,536,threshold,threshold,0.125,0.5,0.41015625,0.4
8,536,lookup,lookup,0.125,0.28125,0.34765625,0.3
8,536,validation_selected,lookup,0.125,0.28125,0.34765625,0.3
8,537,constant,constant,0.5,0.59375,0.53125,0.5
8,537,threshold,threshold,0.0,0.3125,0.3359375,0.3
8,537,lookup,lookup,0.0,0.3125,0.3359375,0.3
8,537,validation_selected,threshold,0.0,0.3125,0.3359375,0.3
8,538,constant,constant,0.5,0.40625,0.4921875,0.5
8,538,threshold,threshold,0.0,0.03125,0.15234375,0.2
8,538,lookup,lookup,0.0,0.125,0.24609375,0.3
8,538,validation_selected,threshold,0.0,0.03125,0.15234375,0.2
8,539,constant,constant,0.375,0.5,0.5,0.5
8,539,threshold,threshold,0.0,0.15625,0.11328125,0.1
8,539,lookup,lookup,0.0,0.15625,0.203125,0.2
8,539,validation_selected,threshold,0.0,0.15625,0.11328125,0.1
8,540,constant,constant,0.5,0.5,0.46484375,0.5
8,540,threshold,threshold,0.0,0.0625,0.13671875,0.1
8,540,lookup,lookup,0.0,0.0625,0.13671875,0.1
8,540,validation_selected,threshold,0.0,0.0625,0.13671875,0.1
8,541,constant,constant,0.375,0.5,0.55859375,0.5
8,541,threshold,threshold,0.0,0.03125,0.06640625,0.1
8,541,lookup,lookup,0.0,0.125,0.17578125,0.2
8,541,validation_selected,threshold,0.0,0.03125,0.06640625,0.1
8,542,constant,constant,0.5,0.40625,0.49609375,0.5
8,542,threshold,threshold,0.0,0.125,0.10546875,0.1
8,542,lookup,lookup,0.0,0.25,0.1640625,0.2
8,542,validation_selected,threshold,0.0,0.125,0.10546875,0.1
8,543,constant,constant,0.375,0.65625,0.5625,0.5
8,543,threshold,threshold,0.25,0.03125,0.078125,0.1
8,543,lookup,lookup,0.0,0.34375,0.31640625,0.3
8,543,validation_selected,threshold,0.25,0.03125,0.078125,0.1
8,544,constant,constant,0.5,0.5625,0.53125,0.5
8,544,threshold,threshold,0.25,0.4375,0.42578125,0.4
8,544,lookup,lookup,0.125,0.28125,0.28515625,0.3
8,544,validation_selected,lookup,0.125,0.28125,0.28515625,0.3
8,545,constant,constant,0.5,0.625,0.4453125,0.5
8,545,threshold,threshold,0.0,0.09375,0.10546875,0.1
8,545,lookup,lookup,0.0,0.21875,0.19140625,0.2
8,545,validation_selected,threshold,0.0,0.09375,0.10546875,0.1
8,546,constant,constant,0.125,0.46875,0.5,0.5
8,546,threshold,threshold,0.0,0.1875,0.20703125,0.2
8,546,lookup,lookup,0.0,0.46875,0.38671875,0.4
8,546,validation_selected,threshold,0.0,0.1875,0.20703125,0.2
8,547,constant,constant,0.25,0.59375,0.5078125,0.5
8,547,threshold,threshold,0.0,0.40625,0.29296875,0.3
8,547,lookup,lookup,0.0,0.46875,0.42578125,0.4
8,547,validation_selected,threshold,0.0,0.40625,0.29296875,0.3
8,548,constant,constant,0.5,0.5,0.453125,0.5
8,548,threshold,threshold,0.125,0.09375,0.0859375,0.1
8,548,lookup,lookup,0.125,0.125,0.203125,0.2
8,548,validation_selected,threshold,0.125,0.09375,0.0859375,0.1
8,549,constant,constant,0.5,0.5,0.4921875,0.5
8,549,threshold,threshold,0.0,0.0625,0.08203125,0.1
8,549,lookup,lookup,0.0,0.1875,0.19921875,0.2
8,549,validation_selected,threshold,0.0,0.0625,0.08203125,0.1
8,550,constant,constant,0.25,0.6875,0.453125,0.5
8,550,threshold,threshold,0.25,0.09375,0.14453125,0.1
8,550,lookup,lookup,0.0,0.40625,0.33203125,0.3
8,550,validation_selected,threshold,0.25,0.09375,0.14453125,0.1
8,551,constant,constant,0.5,0.75,0.49609375,0.5
8,551,threshold,threshold,0.125,0.28125,0.20703125,0.2
8,551,lookup,lookup,0.0,0.4375,0.38671875,0.4
8,551,validation_selected,threshold,0.125,0.28125,0.20703125,0.2
8,552,constant,constant,0.375,0.59375,0.5234375,0.5
8,552,threshold,threshold,0.125,0.125,0.05078125,0.1
8,552,lookup,lookup,0.0,0.25,0.1640625,0.2
8,552,validation_selected,threshold,0.125,0.125,0.05078125,0.1
8,553,constant,constant,0.125,0.34375,0.5078125,0.5
8,553,threshold,threshold,0.125,0.34375,0.5078125,0.5
8,553,lookup,lookup,0.125,0.34375,0.5078125,0.5
8,553,validation_selected,constant,0.125,0.34375,0.5078125,0.5
8,554,constant,constant,0.25,0.4375,0.52734375,0.5
8,554,threshold,threshold,0.125,0.25,0.21484375,0.2
8,554,lookup,lookup,0.125,0.375,0.43359375,0.4
8,554,validation_selected,threshold,0.125,0.25,0.21484375,0.2
8,555,constant,constant,0.375,0.5625,0.4921875,0.5
8,555,threshold,threshold,0.0,0.375,0.25,0.3
8,555,lookup,lookup,0.0,0.375,0.25,0.3
8,555,validation_selected,threshold,0.0,0.375,0.25,0.3
8,556,constant,constant,0.375,0.4375,0.46875,0.5
8,556,threshold,threshold,0.125,0.15625,0.23828125,0.2
8,556,lookup,lookup,0.125,0.34375,0.3046875,0.3
8,556,validation_selected,threshold,0.125,0.15625,0.23828125,0.2
8,557,constant,constant,0.375,0.53125,0.484375,0.5
8,557,threshold,threshold,0.125,0.09375,0.12109375,0.1
8,557,lookup,lookup,0.0,0.3125,0.28515625,0.3
8,557,validation_selected,threshold,0.125,0.09375,0.12109375,0.1
8,558,constant,constant,0.125,0.40625,0.44921875,0.5
8,558,threshold,threshold,0.125,0.125,0.10546875,0.1
8,558,lookup,lookup,0.125,0.21875,0.171875,0.2
8,558,validation_selected,threshold,0.125,0.125,0.10546875,0.1
8,559,constant,constant,0.375,0.5625,0.5078125,0.5
8,559,threshold,threshold,0.125,0.0625,0.1796875,0.2
8,559,lookup,lookup,0.0,0.3125,0.375,0.4
8,559,validation_selected,threshold,0.125,0.0625,0.1796875,0.2
8,560,constant,constant,0.25,0.375,0.48046875,0.5
8,560,threshold,threshold,0.125,0.1875,0.2578125,0.3
8,560,lookup,lookup,0.125,0.28125,0.37109375,0.4
8,560,validation_selected,threshold,0.125,0.1875,0.2578125,0.3
8,561,constant,constant,0.5,0.5625,0.5234375,0.5
8,561,threshold,threshold,0.25,0.15625,0.0703125,0.1
8,561,lookup,lookup,0.125,0.34375,0.29296875,0.3
8,561,validation_selected,threshold,0.25,0.15625,0.0703125,0.1
8,562,constant,constant,0.375,0.5625,0.4296875,0.5
8,562,threshold,threshold,0.25,0.40625,0.36328125,0.4
8,562,lookup,lookup,0.25,0.40625,0.36328125,0.4
8,562,validation_selected,threshold,0.25,0.40625,0.36328125,0.4
8,563,constant,constant,0.5,0.5,0.48046875,0.5
8,563,threshold,threshold,0.0,0.15625,0.234375,0.2
8,563,lookup,lookup,0.0,0.34375,0.29296875,0.3
8,563,validation_selected,threshold,0.0,0.15625,0.234375,0.2
8,564,constant,constant,0.5,0.46875,0.5078125,0.5
8,564,threshold,threshold,0.0,0.03125,0.12890625,0.1
8,564,lookup,lookup,0.0,0.0625,0.20703125,0.2
8,564,validation_selected,threshold,0.0,0.03125,0.12890625,0.1
8,565,constant,constant,0.125,0.53125,0.4375,0.5
8,565,threshold,threshold,0.125,0.21875,0.09375,0.1
8,565,lookup,lookup,0.0,0.25,0.29296875,0.3
8,565,validation_selected,threshold,0.125,0.21875,0.09375,0.1
8,566,constant,constant,0.25,0.53125,0.50390625,0.5
8,566,threshold,threshold,0.0,0.0625,0.08984375,0.1
8,566,lookup,lookup,0.0,0.0625,0.08984375,0.1
8,566,validation_selected,threshold,0.0,0.0625,0.08984375,0.1
8,567,constant,constant,0.5,0.5625,0.4921875,0.5
8,567,threshold,threshold,0.125,0.15625,0.10546875,0.1
8,567,lookup,lookup,0.0,0.4375,0.3828125,0.4
8,567,validation_selected,threshold,0.125,0.15625,0.10546875,0.1
8,568,constant,constant,0.5,0.5,0.51171875,0.5
8,568,threshold,threshold,0.0,0.09375,0.109375,0.1
8,568,lookup,lookup,0.0,0.09375,0.109375,0.1
8,568,validation_selected,threshold,0.0,0.09375,0.109375,0.1
8,569,constant,constant,0.125,0.46875,0.49609375,0.5
8,569,threshold,threshold,0.125,0.46875,0.49609375,0.5
8,569,lookup,lookup,0.125,0.46875,0.49609375,0.5
8,569,validation_selected,constant,0.125,0.46875,0.49609375,0.5
8,570,constant,constant,0.5,0.375,0.45703125,0.5
8,570,threshold,threshold,0.0,0.09375,0.1171875,0.1
8,570,lookup,lookup,0.0,0.125,0.27734375,0.3
8,570,validation_selected,threshold,0.0,0.09375,0.1171875,0.1
8,571,constant,constant,0.5,0.6875,0.49609375,0.5
8,571,threshold,threshold,0.25,0.0625,0.1171875,0.1
8,571,lookup,lookup,0.25,0.46875,0.30859375,0.3
8,571,validation_selected,threshold,0.25,0.0625,0.1171875,0.1
8,572,constant,constant,0.25,0.4375,0.5,0.5
8,572,threshold,threshold,0.0,0.25,0.1796875,0.2
8,572,lookup,lookup,0.0,0.34375,0.265625,0.3
8,572,validation_selected,threshold,0.0,0.25,0.1796875,0.2
8,573,constant,constant,0.5,0.53125,0.47265625,0.5
8,573,threshold,threshold,0.0,0.03125,0.0546875,0.1
8,573,lookup,lookup,0.0,0.15625,0.16796875,0.2
8,573,validation_selected,threshold,0.0,0.03125,0.0546875,0.1
8,574,constant,constant,0.125,0.40625,0.51953125,0.5
8,574,threshold,threshold,0.125,0.40625,0.51953125,0.5
8,574,lookup,lookup,0.0,0.375,0.4921875,0.4
8,574,validation_selected,lookup,0.0,0.375,0.4921875,0.4
8,575,constant,constant,0.375,0.375,0.53515625,0.5
8,575,threshold,threshold,0.25,0.125,0.171875,0.2
8,575,lookup,lookup,0.125,0.375,0.5390625,0.5
8,575,validation_selected,threshold,0.25,0.125,0.171875,0.2
8,576,constant,constant,0.375,0.65625,0.52734375,0.5
8,576,threshold,threshold,0.125,0.09375,0.1328125,0.1
8,576,lookup,lookup,0.0,0.46875,0.34375,0.3
8,576,validation_selected,threshold,0.125,0.09375,0.1328125,0.1
8,577,constant,constant,0.375,0.46875,0.52734375,0.5
8,577,threshold,threshold,0.0,0.25,0.2890625,0.3
8,577,lookup,lookup,0.0,0.25,0.2890625,0.3
8,577,validation_selected,threshold,0.0,0.25,0.2890625,0.3
8,578,constant,constant,0.5,0.59375,0.50390625,0.5
8,578,threshold,threshold,0.0,0.15625,0.0859375,0.1
8,578,lookup,lookup,0.0,0.25,0.15234375,0.2
8,578,validation_selected,threshold,0.0,0.15625,0.0859375,0.1
8,579,constant,constant,0.5,0.5625,0.50390625,0.5
8,579,threshold,threshold,0.125,0.125,0.1171875,0.1
8,579,lookup,lookup,0.125,0.3125,0.20703125,0.2
8,579,validation_selected,threshold,0.125,0.125,0.1171875,0.1
8,580,constant,constant,0.5,0.40625,0.5078125,0.5
8,580,threshold,threshold,0.0,0.09375,0.0859375,0.1
8,580,lookup,lookup,0.0,0.1875,0.19140625,0.2
8,580,validation_selected,threshold,0.0,0.09375,0.0859375,0.1
8,581,constant,constant,0.125,0.625,0.53515625,0.5
8,581,threshold,threshold,0.125,0.625,0.53515625,0.5
8,581,lookup,lookup,0.125,0.625,0.53515625,0.5
8,581,validation_selected,constant,0.125,0.625,0.53515625,0.5
8,582,constant,constant,0.25,0.625,0.44921875,0.5
8,582,threshold,threshold,0.0,0.3125,0.26171875,0.3
8,582,lookup,lookup,0.0,0.25,0.171875,0.2
8,582,validation_selected,lookup,0.0,0.25,0.171875,0.2
8,583,constant,constant,0.5,0.5625,0.4921875,0.5
8,583,threshold,threshold,0.125,0.28125,0.2109375,0.2
8,583,lookup,lookup,0.125,0.4375,0.28125,0.3
8,583,validation_selected,threshold,0.125,0.28125,0.2109375,0.2
8,584,constant,constant,0.5,0.53125,0.4765625,0.5
8,584,threshold,threshold,0.25,0.09375,0.0703125,0.1
8,584,lookup,lookup,0.125,0.375,0.41796875,0.4
8,584,validation_selected,threshold,0.25,0.09375,0.0703125,0.1
8,585,constant,constant,0.125,0.4375,0.3984375,0.5
8,585,threshold,threshold,0.0,0.34375,0.3125,0.4
8,585,lookup,lookup,0.0,0.34375,0.3125,0.4
8,585,validation_selected,threshold,0.0,0.34375,0.3125,0.4
8,586,constant,constant,0.375,0.53125,0.50390625,0.5
8,586,threshold,threshold,0.0,0.15625,0.10546875,0.1
8,586,lookup,lookup,0.0,0.15625,0.20703125,0.2
8,586,validation_selected,threshold,0.0,0.15625,0.10546875,0.1
8,587,constant,constant,0.375,0.46875,0.51171875,0.5
8,587,threshold,threshold,0.125,0.1875,0.3125,0.3
8,587,lookup,lookup,0.0,0.28125,0.4140625,0.4
8,587,validation_selected,threshold,0.125,0.1875,0.3125,0.3
8,588,constant,constant,0.375,0.34375,0.46875,0.5
8,588,threshold,threshold,0.125,0.28125,0.203125,0.2
8,588,lookup,lookup,0.0,0.53125,0.54296875,0.6
8,588,validation_selected,threshold,0.125,0.28125,0.203125,0.2
8,589,constant,constant,0.25,0.5625,0.4765625,0.5
8,589,threshold,threshold,0.125,0.25,0.203125,0.2
8,589,lookup,lookup,0.125,0.4375,0.375,0.4
8,589,validation_selected,threshold,0.125,0.25,0.203125,0.2
8,590,constant,constant,0.25,0.40625,0.46484375,0.5
8,590,threshold,threshold,0.0,0.125,0.125,0.1
8,590,lookup,lookup,0.0,0.125,0.125,0.1
8,590,validation_selected,threshold,0.0,0.125,0.125,0.1
8,591,constant,constant,0.375,0.53125,0.48046875,0.5
8,591,threshold,threshold,0.125,0.03125,0.09375,0.1
8,591,lookup,lookup,0.125,0.1875,0.21484375,0.2
8,591,validation_selected,threshold,0.125,0.03125,0.09375,0.1
8,592,constant,constant,0.5,0.59375,0.51171875,0.5
8,592,threshold,threshold,0.0,0.125,0.09765625,0.1
8,592,lookup,lookup,0.0,0.1875,0.2109375,0.2
8,592,validation_selected,threshold,0.0,0.125,0.09765625,0.1
8,593,constant,constant,0.375,0.5625,0.46484375,0.5
8,593,threshold,threshold,0.125,0.21875,0.2265625,0.2
8,593,lookup,lookup,0.125,0.34375,0.3359375,0.3
8,593,validation_selected,threshold,0.125,0.21875,0.2265625,0.2
8,594,constant,constant,0.5,0.5,0.53125,0.5
8,594,threshold,threshold,0.125,0.1875,0.09375,0.1
8,594,lookup,lookup,0.125,0.28125,0.21875,0.2
8,594,validation_selected,threshold,0.125,0.1875,0.09375,0.1
8,595,constant,constant,0.25,0.59375,0.55078125,0.5
8,595,threshold,threshold,0.0,0.40625,0.21484375,0.2
8,595,lookup,lookup,0.0,0.53125,0.3125,0.3
8,595,validation_selected,threshold,0.0,0.40625,0.21484375,0.2
8,596,constant,constant,0.5,0.53125,0.5546875,0.5
8,596,threshold,threshold,0.125,0.09375,0.08203125,0.1
8,596,lookup,lookup,0.125,0.4375,0.44921875,0.4
8,596,validation_selected,threshold,0.125,0.09375,0.08203125,0.1
8,597,constant,constant,0.5,0.65625,0.53515625,0.5
8,597,threshold,threshold,0.0,0.25,0.17578125,0.2
8,597,lookup,lookup,0.0,0.46875,0.29296875,0.3
8,597,validation_selected,threshold,0.0,0.25,0.17578125,0.2
8,598,constant,constant,0.5,0.5625,0.4921875,0.5
8,598,threshold,threshold,0.0,0.1875,0.171875,0.2
8,598,lookup,lookup,0.0,0.1875,0.171875,0.2
8,598,validation_selected,threshold,0.0,0.1875,0.171875,0.2
8,599,constant,constant,0.375,0.4375,0.51953125,0.5
8,599,threshold,threshold,0.25,0.1875,0.1953125,0.2
8,599,lookup,lookup,0.25,0.25,0.2578125,0.3
8,599,validation_selected,threshold,0.25,0.1875,0.1953125,0.2
8,600,constant,constant,0.25,0.34375,0.484375,0.5
8,600,threshold,threshold,0.125,0.25,0.390625,0.4
8,600,lookup,lookup,0.125,0.25,0.390625,0.4
8,600,validation_selected,threshold,0.125,0.25,0.390625,0.4
8,601,constant,constant,0.5,0.6875,0.5078125,0.5
8,601,threshold,threshold,0.0,0.21875,0.15234375,0.1
8,601,lookup,lookup,0.0,0.21875,0.15234375,0.1
8,601,validation_selected,threshold,0.0,0.21875,0.15234375,0.1
8,602,constant,constant,0.375,0.4375,0.546875,0.5
8,602,threshold,threshold,0.125,0.375,0.4453125,0.4
8,602,lookup,lookup,0.125,0.375,0.4453125,0.4
8,602,validation_selected,threshold,0.125,0.375,0.4453125,0.4
8,603,constant,constant,0.375,0.46875,0.51953125,0.5
8,603,threshold,threshold,0.0,0.1875,0.23046875,0.2
8,603,lookup,lookup,0.0,0.28125,0.3046875,0.3
8,603,validation_selected,threshold,0.0,0.1875,0.23046875,0.2
8,604,constant,constant,0.5,0.53125,0.5078125,0.5
8,604,threshold,threshold,0.0,0.1875,0.10546875,0.1
8,604,lookup,lookup,0.0,0.21875,0.3203125,0.3
8,604,validation_selected,threshold,0.0,0.1875,0.10546875,0.1
8,605,constant,constant,0.5,0.53125,0.54296875,0.5
8,605,threshold,threshold,0.0,0.0625,0.09765625,0.1
8,605,lookup,lookup,0.0,0.15625,0.19921875,0.2
8,605,validation_selected,threshold,0.0,0.0625,0.09765625,0.1
8,606,constant,constant,0.125,0.28125,0.54296875,0.5
8,606,threshold,threshold,0.125,0.28125,0.54296875,0.5
8,606,lookup,lookup,0.125,0.28125,0.3046875,0.3
8,606,validation_selected,constant,0.125,0.28125,0.54296875,0.5
8,607,constant,constant,0.5,0.53125,0.53515625,0.5
8,607,threshold,threshold,0.25,0.125,0.09765625,0.1
8,607,lookup,lookup,0.125,0.34375,0.296875,0.3
8,607,validation_selected,threshold,0.25,0.125,0.09765625,0.1
8,608,constant,constant,0.375,0.40625,0.47265625,0.5
8,608,threshold,threshold,0.0,0.15625,0.171875,0.2
8,608,lookup,lookup,0.0,0.15625,0.171875,0.2
8,608,validation_selected,threshold,0.0,0.15625,0.171875,0.2
8,609,constant,constant,0.25,0.59375,0.4453125,0.5
8,609,threshold,threshold,0.125,0.125,0.08203125,0.1
8,609,lookup,lookup,0.0,0.3125,0.2734375,0.3
8,609,validation_selected,threshold,0.125,0.125,0.08203125,0.1
8,610,constant,constant,0.375,0.4375,0.5,0.5
8,610,threshold,threshold,0.0,0.15625,0.20703125,0.2
8,610,lookup,lookup,0.0,0.28125,0.29296875,0.3
8,610,validation_selected,threshold,0.0,0.15625,0.20703125,0.2
8,611,constant,constant,0.5,0.375,0.5078125,0.5
8,611,threshold,threshold,0.125,0.09375,0.19140625,0.2
8,611,lookup,lookup,0.125,0.1875,0.2890625,0.3
8,611,validation_selected,threshold,0.125,0.09375,0.19140625,0.2
8,612,constant,constant,0.5,0.59375,0.51953125,0.5
8,612,threshold,threshold,0.0,0.03125,0.0859375,0.1
8,612,lookup,lookup,0.0,0.125,0.18359375,0.2
8,612,validation_selected,threshold,0.0,0.03125,0.0859375,0.1
8,613,constant,constant,0.25,0.5625,0.54296875,0.5
8,613,threshold,threshold,0.0,0.03125,0.09375,0.1
8,613,lookup,lookup,0.0,0.28125,0.359375,0.3
8,613,validation_selected,threshold,0.0,0.03125,0.09375,0.1
8,614,constant,constant,0.5,0.40625,0.49609375,0.5
8,614,threshold,threshold,0.0,0.15625,0.10546875,0.1
8,614,lookup,lookup,0.0,0.15625,0.10546875,0.1
8,614,validation_selected,threshold,0.0,0.15625,0.10546875,0.1
8,615,constant,constant,0.25,0.53125,0.44140625,0.5
8,615,threshold,threshold,0.125,0.3125,0.19140625,0.2
8,615,lookup,lookup,0.125,0.3125,0.19140625,0.2
8,615,validation_selected,threshold,0.125,0.3125,0.19140625,0.2
8,616,constant,constant,0.375,0.6875,0.5,0.5
8,616,threshold,threshold,0.0,0.3125,0.25,0.3
8,616,lookup,lookup,0.0,0.3125,0.25,0.3
8,616,validation_selected,threshold,0.0,0.3125,0.25,0.3
8,617,constant,constant,0.375,0.40625,0.51953125,0.5
8,617,threshold,threshold,0.25,0.09375,0.1796875,0.2
8,617,lookup,lookup,0.0,0.59375,0.58203125,0.6
8,617,validation_selected,threshold,0.25,0.09375,0.1796875,0.2
8,618,constant,constant,0.0,0.40625,0.4921875,0.5
8,618,threshold,threshold,0.0,0.1875,0.109375,0.1
8,618,lookup,lookup,0.0,0.1875,0.109375,0.1
8,618,validation_selected,threshold,0.0,0.1875,0.109375,0.1
8,619,constant,constant,0.375,0.5,0.49609375,0.5
8,619,threshold,threshold,0.125,0.1875,0.10546875,0.1
8,619,lookup,lookup,0.125,0.40625,0.2734375,0.3
8,619,validation_selected,threshold,0.125,0.1875,0.10546875,0.1
8,620,constant,constant,0.5,0.28125,0.54296875,0.5
8,620,threshold,threshold,0.125,0.09375,0.109375,0.1
8,620,lookup,lookup,0.125,0.1875,0.21875,0.2
8,620,validation_selected,threshold,0.125,0.09375,0.109375,0.1
8,621,constant,constant,0.375,0.5,0.47265625,0.5
8,621,threshold,threshold,0.0,0.25,0.16796875,0.2
8,621,lookup,lookup,0.0,0.25,0.16796875,0.2
8,621,validation_selected,threshold,0.0,0.25,0.16796875,0.2
8,622,constant,constant,0.375,0.625,0.515625,0.5
8,622,threshold,threshold,0.0,0.21875,0.24609375,0.2
8,622,lookup,lookup,0.0,0.21875,0.24609375,0.2
8,622,validation_selected,threshold,0.0,0.21875,0.24609375,0.2
8,623,constant,constant,0.375,0.40625,0.51171875,0.5
8,623,threshold,threshold,0.125,0.0625,0.13671875,0.1
8,623,lookup,lookup,0.125,0.25,0.25,0.2
8,623,validation_selected,threshold,0.125,0.0625,0.13671875,0.1
8,624,constant,constant,0.5,0.5,0.5078125,0.5
8,624,threshold,threshold,0.0,0.25,0.3203125,0.3
8,624,lookup,lookup,0.0,0.25,0.3203125,0.3
8,624,validation_selected,threshold,0.0,0.25,0.3203125,0.3
8,625,constant,constant,0.5,0.5,0.5078125,0.5
8,625,threshold,threshold,0.125,0.03125,0.234375,0.2
8,625,lookup,lookup,0.125,0.03125,0.234375,0.2
8,625,validation_selected,threshold,0.125,0.03125,0.234375,0.2
8,626,constant,constant,0.5,0.5,0.5078125,0.5
8,626,threshold,threshold,0.0,0.03125,0.08984375,0.1
8,626,lookup,lookup,0.0,0.03125,0.21875,0.2
8,626,validation_selected,threshold,0.0,0.03125,0.08984375,0.1
8,627,constant,constant,0.5,0.4375,0.50390625,0.5
8,627,threshold,threshold,0.0,0.34375,0.31640625,0.3
8,627,lookup,lookup,0.0,0.34375,0.31640625,0.3
8,627,validation_selected,threshold,0.0,0.34375,0.31640625,0.3
8,628,constant,constant,0.375,0.53125,0.5,0.5
8,628,threshold,threshold,0.0,0.03125,0.1015625,0.1
8,628,lookup,lookup,0.0,0.03125,0.1015625,0.1
8,628,validation_selected,threshold,0.0,0.03125,0.1015625,0.1
8,629,constant,constant,0.25,0.40625,0.54296875,0.5
8,629,threshold,threshold,0.0,0.125,0.171875,0.2
8,629,lookup,lookup,0.0,0.28125,0.28125,0.3
8,629,validation_selected,threshold,0.0,0.125,0.171875,0.2
8,630,constant,constant,0.25,0.53125,0.5234375,0.5
8,630,threshold,threshold,0.125,0.09375,0.12890625,0.1
8,630,lookup,lookup,0.125,0.15625,0.1953125,0.2
8,630,validation_selected,threshold,0.125,0.09375,0.12890625,0.1
8,631,constant,constant,0.25,0.40625,0.4921875,0.5
8,631,threshold,threshold,0.125,0.1875,0.21484375,0.2
8,631,lookup,lookup,0.125,0.34375,0.3203125,0.3
8,631,validation_selected,threshold,0.125,0.1875,0.21484375,0.2
8,632,constant,constant,0.25,0.4375,0.484375,0.5
8,632,threshold,threshold,0.125,0.125,0.09375,0.1
8,632,lookup,lookup,0.125,0.40625,0.390625,0.4
8,632,validation_selected,threshold,0.125,0.125,0.09375,0.1
8,633,constant,constant,0.375,0.53125,0.47265625,0.5
8,633,threshold,threshold,0.0,0.1875,0.2109375,0.2
8,633,lookup,lookup,0.0,0.21875,0.32421875,0.3
8,633,validation_selected,threshold,0.0,0.1875,0.2109375,0.2
8,634,constant,constant,0.25,0.34375,0.53125,0.5
8,634,threshold,threshold,0.125,0.09375,0.06640625,0.1
8,634,lookup,lookup,0.0,0.25,0.421875,0.4
8,634,validation_selected,threshold,0.125,0.09375,0.06640625,0.1
8,635,constant,constant,0.375,0.3125,0.49609375,0.5
8,635,threshold,threshold,0.125,0.0625,0.10546875,0.1
8,635,lookup,lookup,0.125,0.34375,0.27734375,0.3
8,635,validation_selected,threshold,0.125,0.0625,0.10546875,0.1
8,636,constant,constant,0.25,0.5,0.421875,0.5
8,636,threshold,threshold,0.0,0.125,0.08984375,0.1
8,636,lookup,lookup,0.0,0.1875,0.171875,0.2
8,636,validation_selected,threshold,0.0,0.125,0.08984375,0.1
8,637,constant,constant,0.375,0.5625,0.59375,0.5
8,637,threshold,threshold,0.125,0.0625,0.1171875,0.1
8,637,lookup,lookup,0.0,0.28125,0.3359375,0.3
8,637,validation_selected,threshold,0.125,0.0625,0.1171875,0.1
8,638,constant,constant,0.5,0.5,0.52734375,0.5
8,638,threshold,threshold,0.0,0.21875,0.1640625,0.2
8,638,lookup,lookup,0.0,0.21875,0.1640625,0.2
8,638,validation_selected,threshold,0.0,0.21875,0.1640625,0.2
8,639,constant,constant,0.375,0.5625,0.51171875,0.5
8,639,threshold,threshold,0.0,0.09375,0.12109375,0.1
8,639,lookup,lookup,0.0,0.21875,0.23046875,0.2
8,639,validation_selected,threshold,0.0,0.09375,0.12109375,0.1
8,640,constant,constant,0.375,0.4375,0.48828125,0.5
8,640,threshold,threshold,0.0,0.28125,0.22265625,0.2
8,640,lookup,lookup,0.0,0.5625,0.48828125,0.5
8,640,validation_selected,threshold,0.0,0.28125,0.22265625,0.2
8,641,constant,constant,0.25,0.375,0.578125,0.5
8,641,threshold,threshold,0.0,0.09375,0.234375,0.2
8,641,lookup,lookup,0.0,0.4375,0.4375,0.4
8,641,validation_selected,threshold,0.0,0.09375,0.234375,0.2
8,642,constant,constant,0.375,0.375,0.50390625,0.5
8,642,threshold,threshold,0.0,0.21875,0.21875,0.2
8,642,lookup,lookup,0.0,0.28125,0.32421875,0.3
8,642,validation_selected,threshold,0.0,0.21875,0.21875,0.2
8,643,constant,constant,0.375,0.46875,0.49609375,0.5
8,643,threshold,threshold,0.0,0.1875,0.234375,0.2
8,643,lookup,lookup,0.0,0.28125,0.30859375,0.3
8,643,validation_selected,threshold,0.0,0.1875,0.234375,0.2
8,644,constant,constant,0.5,0.5,0.48828125,0.5
8,644,threshold,threshold,0.125,0.09375,0.1015625,0.1
8,644,lookup,lookup,0.125,0.25,0.1953125,0.2
8,644,validation_selected,threshold,0.125,0.09375,0.1015625,0.1
8,645,constant,constant,0.125,0.5,0.50390625,0.5
8,645,threshold,threshold,0.0,0.0625,0.1171875,0.1
8,645,lookup,lookup,0.0,0.15625,0.23046875,0.2
8,645,validation_selected,threshold,0.0,0.0625,0.1171875,0.1
8,646,constant,constant,0.375,0.59375,0.546875,0.5
8,646,threshold,threshold,0.125,0.09375,0.1015625,0.1
8,646,lookup,lookup,0.125,0.3125,0.34765625,0.3
8,646,validation_selected,threshold,0.125,0.09375,0.1015625,0.1
8,647,constant,constant,0.25,0.46875,0.5390625,0.5
8,647,threshold,threshold,0.0,0.03125,0.1015625,0.1
8,647,lookup,lookup,0.0,0.03125,0.1015625,0.1
8,647,validation_selected,threshold,0.0,0.03125,0.1015625,0.1
8,648,constant,constant,0.5,0.3125,0.50390625,0.5
8,648,threshold,threshold,0.25,0.21875,0.30078125,0.3
8,648,lookup,lookup,0.125,0.3125,0.39453125,0.4
8,648,validation_selected,threshold,0.25,0.21875,0.30078125,0.3
8,649,constant,constant,0.375,0.5,0.55859375,0.5
8,649,threshold,threshold,0.125,0.1875,0.1640625,0.2
8,649,lookup,lookup,0.125,0.1875,0.1640625,0.2
8,649,validation_selected,threshold,0.125,0.1875,0.1640625,0.2
8,650,constant,constant,0.375,0.3125,0.52734375,0.5
8,650,threshold,threshold,0.25,0.21875,0.1953125,0.2
8,650,lookup,lookup,0.25,0.53125,0.4609375,0.5
8,650,validation_selected,threshold,0.25,0.21875,0.1953125,0.2
8,651,constant,constant,0.375,0.5,0.49609375,0.5
8,651,threshold,threshold,0.125,0.0625,0.12109375,0.1
8,651,lookup,lookup,0.0,0.25,0.296875,0.3
8,651,validation_selected,threshold,0.125,0.0625,0.12109375,0.1
8,652,constant,constant,0.375,0.4375,0.5,0.5
8,652,threshold,threshold,0.0,0.0625,0.078125,0.1
8,652,lookup,lookup,0.0,0.0625,0.078125,0.1
8,652,validation_selected,threshold,0.0,0.0625,0.078125,0.1
8,653,constant,constant,0.375,0.34375,0.5234375,0.5
8,653,threshold,threshold,0.0,0.03125,0.109375,0.1
8,653,lookup,lookup,0.0,0.1875,0.296875,0.3
8,653,validation_selected,threshold,0.0,0.03125,0.109375,0.1
8,654,constant,constant,0.25,0.625,0.53515625,0.5
8,654,threshold,threshold,0.125,0.15625,0.15234375,0.2
8,654,lookup,lookup,0.0,0.5,0.39453125,0.4
8,654,validation_selected,threshold,0.125,0.15625,0.15234375,0.2
8,655,constant,constant,0.375,0.65625,0.484375,0.5
8,655,threshold,threshold,0.0,0.09375,0.11328125,0.1
8,655,lookup,lookup,0.0,0.1875,0.19921875,0.2
8,655,validation_selected,threshold,0.0,0.09375,0.11328125,0.1
8,656,constant,constant,0.5,0.46875,0.50390625,0.5
8,656,threshold,threshold,0.0,0.0625,0.125,0.1
8,656,lookup,lookup,0.0,0.21875,0.3046875,0.3
8,656,validation_selected,threshold,0.0,0.0625,0.125,0.1
8,657,constant,constant,0.375,0.4375,0.5078125,0.5
8,657,threshold,threshold,0.125,0.21875,0.1328125,0.2
8,657,lookup,lookup,0.125,0.3125,0.23046875,0.3
8,657,validation_selected,threshold,0.125,0.21875,0.1328125,0.2
8,658,constant,constant,0.25,0.625,0.47265625,0.5
8,658,threshold,threshold,0.0,0.1875,0.21484375,0.2
8,658,lookup,lookup,0.0,0.3125,0.3046875,0.3
8,658,validation_selected,threshold,0.0,0.1875,0.21484375,0.2
8,659,constant,constant,0.375,0.5625,0.5390625,0.5
8,659,threshold,threshold,0.0,0.09375,0.05078125,0.1
8,659,lookup,lookup,0.0,0.40625,0.28125,0.3
8,659,validation_selected,threshold,0.0,0.09375,0.05078125,0.1
8,660,constant,constant,0.25,0.59375,0.48046875,0.5
8,660,threshold,threshold,0.125,0.125,0.09375,0.1
8,660,lookup,lookup,0.125,0.4375,0.38671875,0.4
8,660,validation_selected,threshold,0.125,0.125,0.09375,0.1
8,661,constant,constant,0.5,0.3125,0.54296875,0.5
8,661,threshold,threshold,0.0,0.125,0.11328125,0.1
8,661,lookup,lookup,0.0,0.25,0.359375,0.3
8,661,validation_selected,threshold,0.0,0.125,0.11328125,0.1
8,662,constant,constant,0.375,0.5625,0.5390625,0.5
8,662,threshold,threshold,0.125,0.1875,0.08984375,0.1
8,662,lookup,lookup,0.125,0.34375,0.30078125,0.3
8,662,validation_selected,threshold,0.125,0.1875,0.08984375,0.1
8,663,constant,constant,0.375,0.59375,0.484375,0.5
8,663,threshold,threshold,0.0,0.125,0.140625,0.1
8,663,lookup,lookup,0.0,0.125,0.140625,0.1
8,663,validation_selected,threshold,0.0,0.125,0.140625,0.1
8,664,constant,constant,0.375,0.4375,0.49609375,0.5
8,664,threshold,threshold,0.125,0.21875,0.27734375,0.3
8,664,lookup,lookup,0.0,0.34375,0.375,0.4
8,664,validation_selected,threshold,0.125,0.21875,0.27734375,0.3
8,665,constant,constant,0.5,0.4375,0.50390625,0.5
8,665,threshold,threshold,0.0,0.0,0.1015625,0.1
8,665,lookup,lookup,0.0,0.125,0.2109375,0.2
8,665,validation_selected,threshold,0.0,0.0,0.1015625,0.1
8,666,constant,constant,0.5,0.59375,0.52734375,0.5
8,666,threshold,threshold,0.125,0.125,0.07421875,0.1
8,666,lookup,lookup,0.125,0.34375,0.22265625,0.2
8,666,validation_selected,threshold,0.125,0.125,0.07421875,0.1
8,667,constant,constant,0.5,0.4375,0.515625,0.5
8,667,threshold,threshold,0.0,0.28125,0.33203125,0.3
8,667,lookup,lookup,0.0,0.28125,0.33203125,0.3
8,667,validation_selected,threshold,0.0,0.28125,0.33203125,0.3
8,668,constant,constant,0.25,0.375,0.453125,0.5
8,668,threshold,threshold,0.125,0.0625,0.12890625,0.1
8,668,lookup,lookup,0.0,0.1875,0.21875,0.2
8,668,validation_selected,threshold,0.125,0.0625,0.12890625,0.1
8,669,constant,constant,0.375,0.59375,0.48828125,0.5
8,669,threshold,threshold,0.0,0.0,0.140625,0.1
8,669,lookup,lookup,0.0,0.0,0.140625,0.1
8,669,validation_selected,threshold,0.0,0.0,0.140625,0.1
8,670,constant,constant,0.5,0.5625,0.48828125,0.5
8,670,threshold,threshold,0.0,0.09375,0.10546875,0.1
8,670,lookup,lookup,0.0,0.34375,0.30078125,0.3
8,670,validation_selected,threshold,0.0,0.09375,0.10546875,0.1
8,671,constant,constant,0.25,0.625,0.5078125,0.5
8,671,threshold,threshold,0.25,0.625,0.5078125,0.5
8,671,lookup,lookup,0.125,0.53125,0.6015625,0.6
8,671,validation_selected,lookup,0.125,0.53125,0.6015625,0.6
8,672,constant,constant,0.25,0.375,0.4921875,0.5
8,672,threshold,threshold,0.125,0.1875,0.20703125,0.2
8,672,lookup,lookup,0.125,0.4375,0.296875,0.3
8,672,validation_selected,threshold,0.125,0.1875,0.20703125,0.2
8,673,constant,constant,0.5,0.5625,0.53125,0.5
8,673,threshold,threshold,0.0,0.0625,0.140625,0.1
8,673,lookup,lookup,0.0,0.125,0.23046875,0.2
8,673,validation_selected,threshold,0.0,0.0625,0.140625,0.1
8,674,constant,constant,0.125,0.40625,0.51953125,0.5
8,674,threshold,threshold,0.0,0.375,0.38671875,0.4
8,674,lookup,lookup,0.0,0.375,0.38671875,0.4
8,674,validation_selected,threshold,0.0,0.375,0.38671875,0.4
8,675,constant,constant,0.375,0.5,0.5234375,0.5
8,675,threshold,threshold,0.0,0.0625,0.2109375,0.2
8,675,lookup,lookup,0.0,0.1875,0.3046875,0.3
8,675,validation_selected,threshold,0.0,0.0625,0.2109375,0.2
8,676,constant,constant,0.125,0.59375,0.4609375,0.5
8,676,threshold,threshold,0.0,0.53125,0.2578125,0.3
8,676,lookup,lookup,0.0,0.625,0.34765625,0.4
8,676,validation_selected,threshold,0.0,0.53125,0.2578125,0.3
8,677,constant,constant,0.375,0.59375,0.5078125,0.5
8,677,threshold,threshold,0.0,0.375,0.20703125,0.2
8,677,lookup,lookup,0.0,0.375,0.3046875,0.3
8,677,validation_selected,threshold,0.0,0.375,0.20703125,0.2
8,678,constant,constant,0.375,0.5625,0.5078125,0.5
8,678,threshold,threshold,0.0,0.1875,0.2109375,0.2
8,678,lookup,lookup,0.0,0.1875,0.2109375,0.2
8,678,validation_selected,threshold,0.0,0.1875,0.2109375,0.2
8,679,constant,constant,0.375,0.46875,0.47265625,0.5
8,679,threshold,threshold,0.125,0.1875,0.13671875,0.2
8,679,lookup,lookup,0.125,0.40625,0.375,0.4
8,679,validation_selected,threshold,0.125,0.1875,0.13671875,0.2
8,680,constant,constant,0.25,0.53125,0.49609375,0.5
8,680,threshold,threshold,0.25,0.09375,0.06640625,0.1
8,680,lookup,lookup,0.25,0.15625,0.18359375,0.2
8,680,validation_selected,threshold,0.25,0.09375,0.06640625,0.1
8,681,constant,constant,0.375,0.59375,0.47265625,0.5
8,681,threshold,threshold,0.25,0.40625,0.3125,0.3
8,681,lookup,lookup,0.125,0.5625,0.46875,0.5
8,681,validation_selected,threshold,0.25,0.40625,0.3125,0.3
8,682,constant,constant,0.25,0.40625,0.48046875,0.5
8,682,threshold,threshold,0.0,0.15625,0.08203125,0.1
8,682,lookup,lookup,0.0,0.34375,0.1953125,0.2
8,682,validation_selected,threshold,0.0,0.15625,0.08203125,0.1
8,683,constant,constant,0.25,0.53125,0.47265625,0.5
8,683,threshold,threshold,0.25,0.1875,0.0859375,0.1
8,683,lookup,lookup,0.125,0.40625,0.41796875,0.4
8,683,validation_selected,threshold,0.25,0.1875,0.0859375,0.1
8,684,constant,constant,0.5,0.5,0.55078125,0.5
8,684,threshold,threshold,0.0,0.25,0.078125,0.1
8,684,lookup,lookup,0.0,0.28125,0.22265625,0.2
8,684,validation_selected,threshold,0.0,0.25,0.078125,0.1
8,685,constant,constant,0.125,0.5,0.5234375,0.5
8,685,threshold,threshold,0.125,0.5,0.5234375,0.5
8,685,lookup,lookup,0.0,0.375,0.3984375,0.4
8,685,validation_selected,lookup,0.0,0.375,0.3984375,0.4
8,686,constant,constant,0.375,0.4375,0.42578125,0.5
8,686,threshold,threshold,0.125,0.21875,0.1484375,0.2
8,686,lookup,lookup,0.125,0.28125,0.25390625,0.3
8,686,validation_selected,threshold,0.125,0.21875,0.1484375,0.2
8,687,constant,constant,0.0,0.46875,0.484375,0.5
8,687,threshold,threshold,0.0,0.34375,0.3125,0.3
8,687,lookup,lookup,0.0,0.21875,0.34765625,0.3
8,687,validation_selected,lookup,0.0,0.21875,0.34765625,0.3
8,688,constant,constant,0.375,0.53125,0.53125,0.5
8,688,threshold,threshold,0.0,0.03125,0.08203125,0.1
8,688,lookup,lookup,0.0,0.1875,0.3125,0.3
8,688,validation_selected,threshold,0.0,0.03125,0.08203125,0.1
8,689,constant,constant,0.375,0.5625,0.4765625,0.5
8,689,threshold,threshold,0.0,0.0625,0.07421875,0.1
8,689,lookup,lookup,0.0,0.1875,0.16796875,0.2
8,689,validation_selected,threshold,0.0,0.0625,0.07421875,0.1
8,690,constant,constant,0.25,0.375,0.484375,0.5
8,690,threshold,threshold,0.125,0.34375,0.359375,0.4
8,690,lookup,lookup,0.125,0.34375,0.359375,0.4
8,690,validation_selected,threshold,0.125,0.34375,0.359375,0.4
8,691,constant,constant,0.375,0.4375,0.48828125,0.5
8,691,threshold,threshold,0.375,0.4375,0.48828125,0.5
8,691,lookup,lookup,0.25,0.34375,0.41015625,0.4
8,691,validation_selected,lookup,0.25,0.34375,0.41015625,0.4
8,692,constant,constant,0.375,0.5,0.515625,0.5
8,692,threshold,threshold,0.0,0.0625,0.1484375,0.2
8,692,lookup,lookup,0.0,0.1875,0.265625,0.3
8,692,validation_selected,threshold,0.0,0.0625,0.1484375,0.2
8,693,constant,constant,0.25,0.5625,0.50390625,0.5
8,693,threshold,threshold,0.0,0.3125,0.1875,0.2
8,693,lookup,lookup,0.0,0.3125,0.1875,0.2
8,693,validation_selected,threshold,0.0,0.3125,0.1875,0.2
8,694,constant,constant,0.5,0.6875,0.48828125,0.5
8,694,threshold,threshold,0.125,0.21875,0.171875,0.2
8,694,lookup,lookup,0.125,0.46875,0.25390625,0.3
8,694,validation_selected,threshold,0.125,0.21875,0.171875,0.2
8,695,constant,constant,0.5,0.34375,0.47265625,0.5
8,695,threshold,threshold,0.125,0.09375,0.1328125,0.1
8,695,lookup,lookup,0.125,0.25,0.2890625,0.3
8,695,validation_selected,threshold,0.125,0.09375,0.1328125,0.1
8,696,constant,constant,0.25,0.4375,0.48828125,0.5
8,696,threshold,threshold,0.0,0.09375,0.0859375,0.1
8,696,lookup,lookup,0.0,0.34375,0.234375,0.3
8,696,validation_selected,threshold,0.0,0.09375,0.0859375,0.1
8,697,constant,constant,0.375,0.4375,0.515625,0.5
8,697,threshold,threshold,0.25,0.0625,0.0703125,0.1
8,697,lookup,lookup,0.125,0.15625,0.29296875,0.3
8,697,validation_selected,threshold,0.25,0.0625,0.0703125,0.1
8,698,constant,constant,0.5,0.53125,0.51953125,0.5
8,698,threshold,threshold,0.0,0.09375,0.08984375,0.1
8,698,lookup,lookup,0.0,0.21875,0.18359375,0.2
8,698,validation_selected,threshold,0.0,0.09375,0.08984375,0.1
8,699,constant,constant,0.5,0.53125,0.5078125,0.5
8,699,threshold,threshold,0.125,0.40625,0.23046875,0.2
8,699,lookup,lookup,0.125,0.4375,0.421875,0.4
8,699,validation_selected,threshold,0.125,0.40625,0.23046875,0.2
8,700,constant,constant,0.5,0.59375,0.5546875,0.5
8,700,threshold,threshold,0.0,0.375,0.3046875,0.3
8,700,lookup,lookup,0.0,0.375,0.3046875,0.3
8,700,validation_selected,threshold,0.0,0.375,0.3046875,0.3
8,701,constant,constant,0.375,0.59375,0.4921875,0.5
8,701,threshold,threshold,0.125,0.25,0.171875,0.2
8,701,lookup,lookup,0.125,0.5625,0.390625,0.4
8,701,validation_selected,threshold,0.125,0.25,0.171875,0.2
8,702,constant,constant,0.5,0.5625,0.5859375,0.5
8,702,threshold,threshold,0.0,0.25,0.20703125,0.2
8,702,lookup,lookup,0.0,0.25,0.20703125,0.2
8,702,validation_selected,threshold,0.0,0.25,0.20703125,0.2
8,703,constant,constant,0.25,0.59375,0.53515625,0.5
8,703,threshold,threshold,0.125,0.28125,0.2265625,0.2
8,703,lookup,lookup,0.125,0.34375,0.296875,0.3
8,703,validation_selected,threshold,0.125,0.28125,0.2265625,0.2
8,704,constant,constant,0.25,0.4375,0.5,0.5
8,704,threshold,threshold,0.125,0.34375,0.3984375,0.4
8,704,lookup,lookup,0.125,0.40625,0.3984375,0.4
8,704,validation_selected,threshold,0.125,0.34375,0.3984375,0.4
8,705,constant,constant,0.375,0.5625,0.5234375,0.5
8,705,threshold,threshold,0.125,0.15625,0.0859375,0.1
8,705,lookup,lookup,0.125,0.3125,0.3359375,0.3
8,705,validation_selected,threshold,0.125,0.15625,0.0859375,0.1
8,706,constant,constant,0.25,0.375,0.53125,0.5
8,706,threshold,threshold,0.125,0.25,0.203125,0.2
8,706,lookup,lookup,0.0,0.25,0.3203125,0.3
8,706,validation_selected,threshold,0.125,0.25,0.203125,0.2
8,707,constant,constant,0.25,0.65625,0.47265625,0.5
8,707,threshold,threshold,0.125,0.5,0.37890625,0.4
8,707,lookup,lookup,0.125,0.5,0.37890625,0.4
8,707,validation_selected,threshold,0.125,0.5,0.37890625,0.4
8,708,constant,constant,0.5,0.4375,0.5078125,0.5
8,708,threshold,threshold,0.125,0.28125,0.19921875,0.2
8,708,lookup,lookup,0.125,0.40625,0.29296875,0.3
8,708,validation_selected,threshold,0.125,0.28125,0.19921875,0.2
8,709,constant,constant,0.25,0.4375,0.51171875,0.5
8,709,threshold,threshold,0.0,0.15625,0.1640625,0.2
8,709,lookup,lookup,0.0,0.25,0.2578125,0.3
8,709,validation_selected,threshold,0.0,0.15625,0.1640625,0.2
8,710,constant,constant,0.375,0.46875,0.453125,0.5
8,710,threshold,threshold,0.0,0.25,0.18359375,0.2
8,710,lookup,lookup,0.0,0.25,0.2734375,0.3
8,710,validation_selected,threshold,0.0,0.25,0.18359375,0.2
8,711,constant,constant,0.5,0.375,0.5078125,0.5
8,711,threshold,threshold,0.0,0.0625,0.10546875,0.1
8,711,lookup,lookup,0.0,0.125,0.21484375,0.2
8,711,validation_selected,threshold,0.0,0.0625,0.10546875,0.1
8,712,constant,constant,0.375,0.5,0.5390625,0.5
8,712,threshold,threshold,0.125,0.125,0.109375,0.1
8,712,lookup,lookup,0.0,0.3125,0.328125,0.3
8,712,validation_selected,threshold,0.125,0.125,0.109375,0.1
8,713,constant,constant,0.375,0.5625,0.4609375,0.5
8,713,threshold,threshold,0.0,0.25,0.24609375,0.2
8,713,lookup,lookup,0.0,0.25,0.24609375,0.2
8,713,validation_selected,threshold,0.0,0.25,0.24609375,0.2
8,714,constant,constant,0.125,0.5625,0.46875,0.5
8,714,threshold,threshold,0.0,0.25,0.265625,0.3
8,714,lookup,lookup,0.0,0.375,0.36328125,0.4
8,714,validation_selected,threshold,0.0,0.25,0.265625,0.3
8,715,constant,constant,0.5,0.5,0.48828125,0.5
8,715,threshold,threshold,0.125,0.375,0.31640625,0.3
8,715,lookup,lookup,0.125,0.375,0.31640625,0.3
8,715,validation_selected,threshold,0.125,0.375,0.31640625,0.3
8,716,constant,constant,0.5,0.625,0.5,0.5
8,716,threshold,threshold,0.0,0.0625,0.09765625,0.1
8,716,lookup,lookup,0.0,0.3125,0.17578125,0.2
8,716,validation_selected,threshold,0.0,0.0625,0.09765625,0.1
8,717,constant,constant,0.5,0.28125,0.49609375,0.5
8,717,threshold,threshold,0.0,0.0625,0.1015625,0.1
8,717,lookup,lookup,0.0,0.09375,0.23046875,0.2
8,717,validation_selected,threshold,0.0,0.0625,0.1015625,0.1
8,718,constant,constant,0.375,0.375,0.5390625,0.5
8,718,threshold,threshold,0.0,0.125,0.2265625,0.2
8,718,lookup,lookup,0.0,0.21875,0.30859375,0.3
8,718,validation_selected,threshold,0.0,0.125,0.2265625,0.2
8,719,constant,constant,0.5,0.4375,0.4609375,0.5
8,719,threshold,threshold,0.125,0.0625,0.10546875,0.1
8,719,lookup,lookup,0.125,0.1875,0.18359375,0.2
8,719,validation_selected,threshold,0.125,0.0625,0.10546875,0.1
8,720,constant,constant,0.375,0.53125,0.52734375,0.5
8,720,threshold,threshold,0.0,0.28125,0.32421875,0.3
8,720,lookup,lookup,0.0,0.28125,0.32421875,0.3
8,720,validation_selected,threshold,0.0,0.28125,0.32421875,0.3
8,721,constant,constant,0.375,0.375,0.4375,0.5
8,721,threshold,threshold,0.125,0.125,0.1953125,0.2
8,721,lookup,lookup,0.125,0.1875,0.28515625,0.3
8,721,validation_selected,threshold,0.125,0.125,0.1953125,0.2
8,722,constant,constant,0.375,0.5,0.48046875,0.5
8,722,threshold,threshold,0.125,0.1875,0.2109375,0.2
8,722,lookup,lookup,0.125,0.28125,0.2890625,0.3
8,722,validation_selected,threshold,0.125,0.1875,0.2109375,0.2
8,723,constant,constant,0.375,0.53125,0.55078125,0.5
8,723,threshold,threshold,0.0,0.125,0.23828125,0.2
8,723,lookup,lookup,0.0,0.125,0.23828125,0.2
8,723,validation_selected,threshold,0.0,0.125,0.23828125,0.2
8,724,constant,constant,0.5,0.53125,0.4609375,0.5
8,724,threshold,threshold,0.125,0.125,0.0703125,0.1
8,724,lookup,lookup,0.125,0.21875,0.15625,0.2
8,724,validation_selected,threshold,0.125,0.125,0.0703125,0.1
8,725,constant,constant,0.25,0.5625,0.546875,0.5
8,725,threshold,threshold,0.0,0.125,0.09375,0.1
8,725,lookup,lookup,0.0,0.28125,0.1953125,0.2
8,725,validation_selected,threshold,0.0,0.125,0.09375,0.1
8,726,constant,constant,0.25,0.4375,0.53125,0.5
8,726,threshold,threshold,0.0,0.09375,0.109375,0.1
8,726,lookup,lookup,0.0,0.1875,0.203125,0.2
8,726,validation_selected,threshold,0.0,0.09375,0.109375,0.1
8,727,constant,constant,0.375,0.65625,0.515625,0.5
8,727,threshold,threshold,0.125,0.40625,0.2734375,0.3
8,727,lookup,lookup,0.125,0.3125,0.2421875,0.3
8,727,validation_selected,lookup,0.125,0.3125,0.2421875,0.3
8,728,constant,constant,0.25,0.5,0.49609375,0.5
8,728,threshold,threshold,0.125,0.15625,0.21484375,0.2
8,728,lookup,lookup,0.0,0.1875,0.328125,0.3
8,728,validation_selected,threshold,0.125,0.15625,0.21484375,0.2
8,729,constant,constant,0.125,0.40625,0.4375,0.5
8,729,threshold,threshold,0.0,0.03125,0.12890625,0.1
8,729,lookup,lookup,0.0,0.03125,0.12890625,0.1
8,729,validation_selected,threshold,0.0,0.03125,0.12890625,0.1
8,730,constant,constant,0.375,0.625,0.50390625,0.5
8,730,threshold,threshold,0.0,0.0625,0.08984375,0.1
8,730,lookup,lookup,0.0,0.40625,0.3203125,0.3
8,730,validation_selected,threshold,0.0,0.0625,0.08984375,0.1
8,731,constant,constant,0.375,0.53125,0.51171875,0.5
8,731,threshold,threshold,0.125,0.09375,0.1171875,0.1
8,731,lookup,lookup,0.125,0.1875,0.20703125,0.2
8,731,validation_selected,threshold,0.125,0.09375,0.1171875,0.1
8,732,constant,constant,0.125,0.59375,0.4921875,0.5
8,732,threshold,threshold,0.125,0.09375,0.13671875,0.1
8,732,lookup,lookup,0.125,0.1875,0.28515625,0.3
8,732,validation_selected,threshold,0.125,0.09375,0.13671875,0.1
8,733,constant,constant,0.375,0.53125,0.5859375,0.5
8,733,threshold,threshold,0.0,0.15625,0.1015625,0.1
8,733,lookup,lookup,0.0,0.25,0.1953125,0.2
8,733,validation_selected,threshold,0.0,0.15625,0.1015625,0.1
8,734,constant,constant,0.5,0.5,0.58203125,0.5
8,734,threshold,threshold,0.0,0.25,0.25,0.2
8,734,lookup,lookup,0.0,0.25,0.25,0.2
8,734,validation_selected,threshold,0.0,0.25,0.25,0.2
8,735,constant,constant,0.375,0.46875,0.50390625,0.5
8,735,threshold,threshold,0.125,0.21875,0.21484375,0.2
8,735,lookup,lookup,0.125,0.21875,0.21484375,0.2
8,735,validation_selected,threshold,0.125,0.21875,0.21484375,0.2
8,736,constant,constant,0.25,0.53125,0.58984375,0.5
8,736,threshold,threshold,0.125,0.09375,0.0703125,0.1
8,736,lookup,lookup,0.125,0.15625,0.1640625,0.2
8,736,validation_selected,threshold,0.125,0.09375,0.0703125,0.1
8,737,constant,constant,0.375,0.53125,0.41015625,0.5
8,737,threshold,threshold,0.0,0.0625,0.140625,0.1
8,737,lookup,lookup,0.0,0.125,0.19140625,0.2
8,737,validation_selected,threshold,0.0,0.0625,0.140625,0.1
8,738,constant,constant,0.375,0.59375,0.52734375,0.5
8,738,threshold,threshold,0.0,0.125,0.09765625,0.1
8,738,lookup,lookup,0.0,0.125,0.09765625,0.1
8,738,validation_selected,threshold,0.0,0.125,0.09765625,0.1
8,739,constant,constant,0.375,0.6875,0.51171875,0.5
8,739,threshold,threshold,0.125,0.21875,0.09375,0.1
8,739,lookup,lookup,0.125,0.15625,0.19140625,0.2
8,739,validation_selected,lookup,0.125,0.15625,0.19140625,0.2
8,740,constant,constant,0.5,0.59375,0.45703125,0.5
8,740,threshold,threshold,0.25,0.28125,0.27734375,0.3
8,740,lookup,lookup,0.25,0.28125,0.27734375,0.3
8,740,validation_selected,threshold,0.25,0.28125,0.27734375,0.3
8,741,constant,constant,0.5,0.5,0.53515625,0.5
8,741,threshold,threshold,0.25,0.1875,0.19921875,0.2
8,741,lookup,lookup,0.25,0.25,0.3203125,0.3
8,741,validation_selected,threshold,0.25,0.1875,0.19921875,0.2
8,742,constant,constant,0.5,0.4375,0.49609375,0.5
8,742,threshold,threshold,0.0,0.125,0.1015625,0.1
8,742,lookup,lookup,0.0,0.125,0.1015625,0.1
8,742,validation_selected,threshold,0.0,0.125,0.1015625,0.1
8,743,constant,constant,0.5,0.53125,0.48828125,0.5
8,743,threshold,threshold,0.25,0.03125,0.08984375,0.1
8,743,lookup,lookup,0.25,0.3125,0.32421875,0.3
8,743,validation_selected,threshold,0.25,0.03125,0.08984375,0.1
8,744,constant,constant,0.5,0.53125,0.51171875,0.5
8,744,threshold,threshold,0.25,0.15625,0.08203125,0.1
8,744,lookup,lookup,0.125,0.59375,0.51171875,0.5
8,744,validation_selected,threshold,0.25,0.15625,0.08203125,0.1
8,745,constant,constant,0.375,0.59375,0.46875,0.5
8,745,threshold,threshold,0.0,0.25,0.234375,0.2
8,745,lookup,lookup,0.0,0.34375,0.328125,0.3
8,745,validation_selected,threshold,0.0,0.25,0.234375,0.2
8,746,constant,constant,0.5,0.46875,0.4609375,0.5
8,746,threshold,threshold,0.0,0.15625,0.07421875,0.1
8,746,lookup,lookup,0.0,0.1875,0.1953125,0.2
8,746,validation_selected,threshold,0.0,0.15625,0.07421875,0.1
8,747,constant,constant,0.375,0.4375,0.5234375,0.5
8,747,threshold,threshold,0.375,0.4375,0.5234375,0.5
8,747,lookup,lookup,0.25,0.375,0.43359375,0.4
8,747,validation_selected,lookup,0.25,0.375,0.43359375,0.4
8,748,constant,constant,0.375,0.625,0.5078125,0.5
8,748,threshold,threshold,0.0,0.03125,0.0859375,0.1
8,748,lookup,lookup,0.0,0.40625,0.3125,0.3
8,748,validation_selected,threshold,0.0,0.03125,0.0859375,0.1
8,749,constant,constant,0.5,0.46875,0.4609375,0.5
8,749,threshold,threshold,0.0,0.125,0.13671875,0.1
8,749,lookup,lookup,0.0,0.1875,0.21484375,0.2
8,749,validation_selected,threshold,0.0,0.125,0.13671875,0.1
8,750,constant,constant,0.5,0.5,0.53125,0.5
8,750,threshold,threshold,0.125,0.15625,0.2421875,0.2
8,750,lookup,lookup,0.125,0.3125,0.36328125,0.3
8,750,validation_selected,threshold,0.125,0.15625,0.2421875,0.2
8,751,constant,constant,0.5,0.65625,0.48828125,0.5
8,751,threshold,threshold,0.125,0.375,0.2421875,0.2
8,751,lookup,lookup,0.125,0.5,0.31640625,0.3
8,751,validation_selected,threshold,0.125,0.375,0.2421875,0.2
8,752,constant,constant,0.25,0.5625,0.5078125,0.5
8,752,threshold,threshold,0.0,0.1875,0.203125,0.2
8,752,lookup,lookup,0.0,0.375,0.3203125,0.3
8,752,validation_selected,threshold,0.0,0.1875,0.203125,0.2
8,753,constant,constant,0.375,0.46875,0.5,0.5
8,753,threshold,threshold,0.125,0.25,0.1640625,0.2
8,753,lookup,lookup,0.0,0.375,0.359375,0.4
8,753,validation_selected,threshold,0.125,0.25,0.1640625,0.2
8,754,constant,constant,0.25,0.53125,0.44140625,0.5
8,754,threshold,threshold,0.125,0.375,0.265625,0.3
8,754,lookup,lookup,0.125,0.34375,0.38671875,0.4
8,754,validation_selected,lookup,0.125,0.34375,0.38671875,0.4
8,755,constant,constant,0.125,0.53125,0.49609375,0.5
8,755,threshold,threshold,0.125,0.53125,0.49609375,0.5
8,755,lookup,lookup,0.0,0.4375,0.4140625,0.4
8,755,validation_selected,lookup,0.0,0.4375,0.4140625,0.4
8,756,constant,constant,0.375,0.5625,0.4921875,0.5
8,756,threshold,threshold,0.125,0.125,0.07421875,0.1
8,756,lookup,lookup,0.125,0.1875,0.18359375,0.2
8,756,validation_selected,threshold,0.125,0.125,0.07421875,0.1
8,757,constant,constant,0.5,0.5,0.47265625,0.5
8,757,threshold,threshold,0.125,0.0625,0.0703125,0.1
8,757,lookup,lookup,0.0,0.375,0.3984375,0.4
8,757,validation_selected,threshold,0.125,0.0625,0.0703125,0.1
8,758,constant,constant,0.375,0.46875,0.53125,0.5
8,758,threshold,threshold,0.0,0.03125,0.109375,0.1
8,758,lookup,lookup,0.0,0.09375,0.18359375,0.2
8,758,validation_selected,threshold,0.0,0.03125,0.109375,0.1
8,759,constant,constant,0.375,0.4375,0.48046875,0.5
8,759,threshold,threshold,0.0,0.21875,0.10546875,0.1
8,759,lookup,lookup,0.0,0.3125,0.2109375,0.2
8,759,validation_selected,threshold,0.0,0.21875,0.10546875,0.1
8,760,constant,constant,0.5,0.6875,0.421875,0.5
8,760,threshold,threshold,0.125,0.125,0.08984375,0.1
8,760,lookup,lookup,0.125,0.21875,0.18359375,0.2
8,760,validation_selected,threshold,0.125,0.125,0.08984375,0.1
8,761,constant,constant,0.375,0.3125,0.5,0.5
8,761,threshold,threshold,0.0,0.0625,0.07421875,0.1
8,761,lookup,lookup,0.0,0.0625,0.07421875,0.1
8,761,validation_selected,threshold,0.0,0.0625,0.07421875,0.1
8,762,constant,constant,0.375,0.5,0.53125,0.5
8,762,threshold,threshold,0.0,0.09375,0.08984375,0.1
8,762,lookup,lookup,0.0,0.3125,0.1953125,0.2
8,762,validation_selected,threshold,0.0,0.09375,0.08984375,0.1
8,763,constant,constant,0.25,0.625,0.5390625,0.5
8,763,threshold,threshold,0.125,0.125,0.12109375,0.1
8,763,lookup,lookup,0.125,0.125,0.12109375,0.1
8,763,validation_selected,threshold,0.125,0.125,0.12109375,0.1
8,764,constant,constant,0.5,0.40625,0.53125,0.5
8,764,threshold,threshold,0.125,0.28125,0.25390625,0.2
8,764,lookup,lookup,0.125,0.3125,0.34375,0.3
8,764,validation_selected,threshold,0.125,0.28125,0.25390625,0.2
8,765,constant,constant,0.375,0.375,0.47265625,0.5
8,765,threshold,threshold,0.25,0.09375,0.17578125,0.2
8,765,lookup,lookup,0.25,0.3125,0.35546875,0.4
8,765,validation_selected,threshold,0.25,0.09375,0.17578125,0.2
8,766,constant,constant,0.375,0.46875,0.4609375,0.5
8,766,threshold,threshold,0.0,0.0,0.0859375,0.1
8,766,lookup,lookup,0.0,0.09375,0.171875,0.2
8,766,validation_selected,threshold,0.0,0.0,0.0859375,0.1
8,767,constant,constant,0.5,0.46875,0.421875,0.5
8,767,threshold,threshold,0.125,0.375,0.234375,0.3
8,767,lookup,lookup,0.125,0.375,0.234375,0.3
8,767,validation_selected,threshold,0.125,0.375,0.234375,0.3
8,768,constant,constant,0.5,0.59375,0.5390625,0.5
8,768,threshold,threshold,0.125,0.0625,0.140625,0.1
8,768,lookup,lookup,0.125,0.28125,0.3046875,0.3
8,768,validation_selected,threshold,0.125,0.0625,0.140625,0.1
8,769,constant,constant,0.375,0.34375,0.49609375,0.5
8,769,threshold,threshold,0.0,0.09375,0.1171875,0.1
8,769,lookup,lookup,0.0,0.25,0.3203125,0.3
8,769,validation_selected,threshold,0.0,0.09375,0.1171875,0.1
8,770,constant,constant,0.125,0.65625,0.50390625,0.5
8,770,threshold,threshold,0.0,0.5,0.39453125,0.4
8,770,lookup,lookup,0.0,0.5,0.39453125,0.4
8,770,validation_selected,threshold,0.0,0.5,0.39453125,0.4
8,771,constant,constant,0.375,0.4375,0.50390625,0.5
8,771,threshold,threshold,0.375,0.03125,0.09375,0.1
8,771,lookup,lookup,0.0,0.46875,0.40625,0.4
8,771,validation_selected,threshold,0.375,0.03125,0.09375,0.1
8,772,constant,constant,0.375,0.4375,0.515625,0.5
8,772,threshold,threshold,0.0,0.3125,0.31640625,0.3
8,772,lookup,lookup,0.0,0.3125,0.31640625,0.3
8,772,validation_selected,threshold,0.0,0.3125,0.31640625,0.3
8,773,constant,constant,0.5,0.5,0.53515625,0.5
8,773,threshold,threshold,0.125,0.0625,0.09375,0.1
8,773,lookup,lookup,0.0,0.1875,0.2109375,0.2
8,773,validation_selected,threshold,0.125,0.0625,0.09375,0.1
8,774,constant,constant,0.5,0.5625,0.5,0.5
8,774,threshold,threshold,0.125,0.3125,0.265625,0.3
8,774,lookup,lookup,0.0,0.375,0.359375,0.4
8,774,validation_selected,threshold,0.125,0.3125,0.265625,0.3
8,775,constant,constant,0.5,0.46875,0.51171875,0.5
8,775,threshold,threshold,0.125,0.03125,0.0703125,0.1
8,775,lookup,lookup,0.0,0.15625,0.2734375,0.3
8,775,validation_selected,threshold,0.125,0.03125,0.0703125,0.1
8,776,constant,constant,0.375,0.46875,0.52734375,0.5
8,776,threshold,threshold,0.125,0.15625,0.11328125,0.1
8,776,lookup,lookup,0.125,0.34375,0.32421875,0.3
8,776,validation_selected,threshold,0.125,0.15625,0.11328125,0.1
8,777,constant,constant,0.25,0.53125,0.49609375,0.5
8,777,threshold,threshold,0.0,0.1875,0.09375,0.1
8,777,lookup,lookup,0.0,0.40625,0.26953125,0.3
8,777,validation_selected,threshold,0.0,0.1875,0.09375,0.1
8,778,constant,constant,0.25,0.625,0.5234375,0.5
8,778,threshold,threshold,0.0,0.1875,0.33203125,0.3
8,778,lookup,lookup,0.0,0.1875,0.33203125,0.3
8,778,validation_selected,threshold,0.0,0.1875,0.33203125,0.3
8,779,constant,constant,0.25,0.40625,0.515625,0.5
8,779,threshold,threshold,0.125,0.375,0.4296875,0.4
8,779,lookup,lookup,0.0,0.3125,0.33203125,0.3
8,779,validation_selected,lookup,0.0,0.3125,0.33203125,0.3
8,780,constant,constant,0.25,0.4375,0.5,0.5
8,780,threshold,threshold,0.0,0.0625,0.109375,0.1
8,780,lookup,lookup,0.0,0.21875,0.22265625,0.2
8,780,validation_selected,threshold,0.0,0.0625,0.109375,0.1
8,781,constant,constant,0.375,0.40625,0.5078125,0.5
8,781,threshold,threshold,0.0,0.15625,0.1796875,0.2
8,781,lookup,lookup,0.0,0.25,0.28125,0.3
8,781,validation_selected,threshold,0.0,0.15625,0.1796875,0.2
8,782,constant,constant,0.375,0.625,0.5390625,0.5
8,782,threshold,threshold,0.125,0.125,0.0703125,0.1
8,782,lookup,lookup,0.125,0.21875,0.18359375,0.2
8,782,validation_selected,threshold,0.125,0.125,0.0703125,0.1
8,783,constant,constant,0.375,0.53125,0.55078125,0.5
8,783,threshold,threshold,0.125,0.09375,0.10546875,0.1
8,783,lookup,lookup,0.125,0.15625,0.19140625,0.2
8,783,validation_selected,threshold,0.125,0.09375,0.10546875,0.1
8,784,constant,constant,0.375,0.625,0.51171875,0.5
8,784,threshold,threshold,0.125,0.03125,0.05859375,0.1
8,784,lookup,lookup,0.125,0.125,0.2734375,0.3
8,784,validation_selected,threshold,0.125,0.03125,0.05859375,0.1
8,785,constant,constant,0.5,0.53125,0.5,0.5
8,785,threshold,threshold,0.0,0.15625,0.13671875,0.1
8,785,lookup,lookup,0.0,0.28125,0.2421875,0.2
8,785,validation_selected,threshold,0.0,0.15625,0.13671875,0.1
8,786,constant,constant,0.5,0.46875,0.5078125,0.5
8,786,threshold,threshold,0.0,0.15625,0.2109375,0.2
8,786,lookup,lookup,0.0,0.1875,0.3125,0.3
8,786,validation_selected,threshold,0.0,0.15625,0.2109375,0.2
8,787,constant,constant,0.125,0.46875,0.453125,0.5
8,787,threshold,threshold,0.0,0.375,0.2734375,0.3
8,787,lookup,lookup,0.0,0.40625,0.37109375,0.4
8,787,validation_selected,threshold,0.0,0.375,0.2734375,0.3
8,788,constant,constant,0.375,0.5,0.46484375,0.5
8,788,threshold,threshold,0.125,0.125,0.21484375,0.2
8,788,lookup,lookup,0.0,0.375,0.2890625,0.3
8,788,validation_selected,threshold,0.125,0.125,0.21484375,0.2
8,789,constant,constant,0.25,0.59375,0.4921875,0.5
8,789,threshold,threshold,0.125,0.5625,0.4140625,0.4
8,789,lookup,lookup,0.125,0.5625,0.4140625,0.4
8,789,validation_selected,threshold,0.125,0.5625,0.4140625,0.4
8,790,constant,constant,0.25,0.40625,0.49609375,0.5
8,790,threshold,threshold,0.0,0.28125,0.26171875,0.3
8,790,lookup,lookup,0.0,0.28125,0.26171875,0.3
8,790,validation_selected,threshold,0.0,0.28125,0.26171875,0.3
8,791,constant,constant,0.375,0.4375,0.4609375,0.5
8,791,threshold,threshold,0.125,0.3125,0.37890625,0.4
8,791,lookup,lookup,0.0,0.09375,0.27734375,0.3
8,791,validation_selected,lookup,0.0,0.09375,0.27734375,0.3
8,792,constant,constant,0.375,0.5,0.51953125,0.5
8,792,threshold,threshold,0.0,0.375,0.1953125,0.2
8,792,lookup,lookup,0.0,0.46875,0.296875,0.3
8,792,validation_selected,threshold,0.0,0.375,0.1953125,0.2
8,793,constant,constant,0.25,0.34375,0.55078125,0.5
8,793,threshold,threshold,0.125,0.25,0.44140625,0.4
8,793,lookup,lookup,0.125,0.25,0.44140625,0.4
8,793,validation_selected,threshold,0.125,0.25,0.44140625,0.4
8,794,constant,constant,0.375,0.3125,0.53125,0.5
8,794,threshold,threshold,0.125,0.3125,0.23828125,0.2
8,794,lookup,lookup,0.0,0.4375,0.54296875,0.5
8,794,validation_selected,constant,0.375,0.3125,0.53125,0.5
8,795,constant,constant,0.25,0.71875,0.51171875,0.5
8,795,threshold,threshold,0.0,0.125,0.0859375,0.1
8,795,lookup,lookup,0.0,0.5625,0.31640625,0.3
8,795,validation_selected,threshold,0.0,0.125,0.0859375,0.1
8,796,constant,constant,0.125,0.625,0.51171875,0.5
8,796,threshold,threshold,0.0,0.5,0.421875,0.4
8,796,lookup,lookup,0.0,0.5,0.421875,0.4
8,796,validation_selected,threshold,0.0,0.5,0.421875,0.4
8,797,constant,constant,0.25,0.46875,0.44140625,0.5
8,797,threshold,threshold,0.0,0.0625,0.06640625,0.1
8,797,lookup,lookup,0.0,0.0625,0.06640625,0.1
8,797,validation_selected,threshold,0.0,0.0625,0.06640625,0.1
8,798,constant,constant,0.375,0.6875,0.5234375,0.5
8,798,threshold,threshold,0.0,0.15625,0.1953125,0.2
8,798,lookup,lookup,0.0,0.15625,0.1953125,0.2
8,798,validation_selected,threshold,0.0,0.15625,0.1953125,0.2
8,799,constant,constant,0.25,0.53125,0.421875,0.5
8,799,threshold,threshold,0.125,0.125,0.078125,0.1
8,799,lookup,lookup,0.125,0.28125,0.20703125,0.2
8,799,validation_selected,threshold,0.125,0.125,0.078125,0.1
32,0,constant,constant,0.4375,0.34375,0.4609375,0.5
32,0,threshold,threshold,0.03125,0.28125,0.125,0.1
32,0,lookup,lookup,0.03125,0.28125,0.125,0.1
32,0,validation_selected,threshold,0.03125,0.28125,0.125,0.1
32,1,constant,constant,0.4375,0.46875,0.49609375,0.5
32,1,threshold,threshold,0.03125,0.0625,0.125,0.1
32,1,lookup,lookup,0.03125,0.0625,0.125,0.1
32,1,validation_selected,threshold,0.03125,0.0625,0.125,0.1
32,2,constant,constant,0.46875,0.5,0.46484375,0.5
32,2,threshold,threshold,0.09375,0.03125,0.12109375,0.1
32,2,lookup,lookup,0.09375,0.03125,0.12109375,0.1
32,2,validation_selected,threshold,0.09375,0.03125,0.12109375,0.1
32,3,constant,constant,0.46875,0.59375,0.54296875,0.5
32,3,threshold,threshold,0.09375,0.09375,0.09765625,0.1
32,3,lookup,lookup,0.09375,0.1875,0.25,0.2
32,3,validation_selected,threshold,0.09375,0.09375,0.09765625,0.1
32,4,constant,constant,0.46875,0.40625,0.45703125,0.5
32,4,threshold,threshold,0.09375,0.09375,0.1015625,0.1
32,4,lookup,lookup,0.09375,0.15625,0.18359375,0.2
32,4,validation_selected,threshold,0.09375,0.09375,0.1015625,0.1
32,5,constant,constant,0.375,0.6875,0.49609375,0.5
32,5,threshold,threshold,0.15625,0.09375,0.11328125,0.1
32,5,lookup,lookup,0.15625,0.09375,0.11328125,0.1
32,5,validation_selected,threshold,0.15625,0.09375,0.11328125,0.1
32,6,constant,constant,0.46875,0.46875,0.4609375,0.5
32,6,threshold,threshold,0.09375,0.28125,0.1796875,0.2
32,6,lookup,lookup,0.09375,0.28125,0.1796875,0.2
32,6,validation_selected,threshold,0.09375,0.28125,0.1796875,0.2
32,7,constant,constant,0.46875,0.625,0.5078125,0.5
32,7,threshold,threshold,0.03125,0.0625,0.10546875,0.1
32,7,lookup,lookup,0.03125,0.0625,0.10546875,0.1
32,7,validation_selected,threshold,0.03125,0.0625,0.10546875,0.1
32,8,constant,constant,0.28125,0.53125,0.4921875,0.5
32,8,threshold,threshold,0.0625,0.0625,0.12109375,0.1
32,8,lookup,lookup,0.0625,0.0625,0.12109375,0.1
32,8,validation_selected,threshold,0.0625,0.0625,0.12109375,0.1
32,9,constant,constant,0.46875,0.46875,0.5625,0.5
32,9,threshold,threshold,0.28125,0.1875,0.203125,0.2
32,9,lookup,lookup,0.25,0.3125,0.3125,0.3
32,9,validation_selected,threshold,0.28125,0.1875,0.203125,0.2
32,10,constant,constant,0.40625,0.5,0.48046875,0.5
32,10,threshold,threshold,0.0625,0.09375,0.08203125,0.1
32,10,lookup,lookup,0.0625,0.25,0.2109375,0.2
32,10,validation_selected,threshold,0.0625,0.09375,0.08203125,0.1
32,11,constant,constant,0.46875,0.40625,0.53515625,0.5
32,11,threshold,threshold,0.03125,0.0625,0.10546875,0.1
32,11,lookup,lookup,0.03125,0.0625,0.10546875,0.1
32,11,validation_selected,threshold,0.03125,0.0625,0.10546875,0.1
32,12,constant,constant,0.46875,0.71875,0.515625,0.5
32,12,threshold,threshold,0.125,0.25,0.1875,0.2
32,12,lookup,lookup,0.125,0.25,0.1875,0.2
32,12,validation_selected,threshold,0.125,0.25,0.1875,0.2
32,13,constant,constant,0.5,0.5,0.49609375,0.5
32,13,threshold,threshold,0.125,0.09375,0.0625,0.1
32,13,lookup,lookup,0.125,0.09375,0.0625,0.1
32,13,validation_selected,threshold,0.125,0.09375,0.0625,0.1
32,14,constant,constant,0.4375,0.46875,0.4453125,0.5
32,14,threshold,threshold,0.03125,0.03125,0.078125,0.1
32,14,lookup,lookup,0.03125,0.03125,0.078125,0.1
32,14,validation_selected,threshold,0.03125,0.03125,0.078125,0.1
32,15,constant,constant,0.25,0.4375,0.51171875,0.5
32,15,threshold,threshold,0.0625,0.0625,0.08984375,0.1
32,15,lookup,lookup,0.0625,0.0625,0.08984375,0.1
32,15,validation_selected,threshold,0.0625,0.0625,0.08984375,0.1
32,16,constant,constant,0.5,0.3125,0.5078125,0.5
32,16,threshold,threshold,0.03125,0.03125,0.07421875,0.1
32,16,lookup,lookup,0.03125,0.03125,0.07421875,0.1
32,16,validation_selected,threshold,0.03125,0.03125,0.07421875,0.1
32,17,constant,constant,0.25,0.5625,0.48046875,0.5
32,17,threshold,threshold,0.09375,0.15625,0.1875,0.2
32,17,lookup,lookup,0.09375,0.15625,0.1875,0.2
32,17,validation_selected,threshold,0.09375,0.15625,0.1875,0.2
32,18,constant,constant,0.375,0.5,0.45703125,0.5
32,18,threshold,threshold,0.09375,0.0625,0.078125,0.1
32,18,lookup,lookup,0.09375,0.1875,0.2109375,0.2
32,18,validation_selected,threshold,0.09375,0.0625,0.078125,0.1
32,19,constant,constant,0.40625,0.5625,0.50390625,0.5
32,19,threshold,threshold,0.125,0.09375,0.0625,0.1
32,19,lookup,lookup,0.125,0.09375,0.0625,0.1
32,19,validation_selected,threshold,0.125,0.09375,0.0625,0.1
32,20,constant,constant,0.46875,0.46875,0.4765625,0.5
32,20,threshold,threshold,0.03125,0.03125,0.109375,0.1
32,20,lookup,lookup,0.03125,0.03125,0.109375,0.1
32,20,validation_selected,threshold,0.03125,0.03125,0.109375,0.1
32,21,constant,constant,0.375,0.375,0.5078125,0.5
32,21,threshold,threshold,0.125,0.0625,0.18359375,0.2
32,21,lookup,lookup,0.125,0.0625,0.18359375,0.2
32,21,validation_selected,threshold,0.125,0.0625,0.18359375,0.2
32,22,constant,constant,0.46875,0.53125,0.45703125,0.5
32,22,threshold,threshold,0.125,0.0625,0.09765625,0.1
32,22,lookup,lookup,0.125,0.1875,0.21484375,0.2
32,22,validation_selected,threshold,0.125,0.0625,0.09765625,0.1
32,23,constant,constant,0.40625,0.53125,0.4609375,0.5
32,23,threshold,threshold,0.03125,0.125,0.109375,0.1
32,23,lookup,lookup,0.03125,0.125,0.109375,0.1
32,23,validation_selected,threshold,0.03125,0.125,0.109375,0.1
32,24,constant,constant,0.5,0.59375,0.51953125,0.5
32,24,threshold,threshold,0.15625,0.09375,0.08203125,0.1
32,24,lookup,lookup,0.15625,0.09375,0.08203125,0.1
32,24,validation_selected,threshold,0.15625,0.09375,0.08203125,0.1
32,25,constant,constant,0.46875,0.5,0.51171875,0.5
32,25,threshold,threshold,0.09375,0.3125,0.21484375,0.2
32,25,lookup,lookup,0.09375,0.3125,0.21484375,0.2
32,25,validation_selected,threshold,0.09375,0.3125,0.21484375,0.2
32,26,constant,constant,0.40625,0.375,0.54296875,0.5
32,26,threshold,threshold,0.0625,0.03125,0.109375,0.1
32,26,lookup,lookup,0.0625,0.03125,0.109375,0.1
32,26,validation_selected,threshold,0.0625,0.03125,0.109375,0.1
32,27,constant,constant,0.5,0.65625,0.51171875,0.5
32,27,threshold,threshold,0.03125,0.125,0.078125,0.1
32,27,lookup,lookup,0.03125,0.125,0.078125,0.1
32,27,validation_selected,threshold,0.03125,0.125,0.078125,0.1
32,28,constant,constant,0.375,0.375,0.48828125,0.5
32,28,threshold,threshold,0.125,0.09375,0.09375,0.1
32,28,lookup,lookup,0.125,0.09375,0.09375,0.1
32,28,validation_selected,threshold,0.125,0.09375,0.09375,0.1
32,29,constant,constant,0.3125,0.625,0.51171875,0.5
32,29,threshold,threshold,0.03125,0.0625,0.1171875,0.1
32,29,lookup,lookup,0.03125,0.0625,0.1171875,0.1
32,29,validation_selected,threshold,0.03125,0.0625,0.1171875,0.1
32,30,constant,constant,0.5,0.5,0.51953125,0.5
32,30,threshold,threshold,0.09375,0.15625,0.08984375,0.1
32,30,lookup,lookup,0.09375,0.15625,0.08984375,0.1
32,30,validation_selected,threshold,0.09375,0.15625,0.08984375,0.1
32,31,constant,constant,0.4375,0.5625,0.53125,0.5
32,31,threshold,threshold,0.0625,0.0625,0.07421875,0.1
32,31,lookup,lookup,0.0625,0.0625,0.07421875,0.1
32,31,validation_selected,threshold,0.0625,0.0625,0.07421875,0.1
32,32,constant,constant,0.46875,0.6875,0.4765625,0.5
32,32,threshold,threshold,0.15625,0.125,0.12109375,0.1
32,32,lookup,lookup,0.15625,0.125,0.12109375,0.1
32,32,validation_selected,threshold,0.15625,0.125,0.12109375,0.1
32,33,constant,constant,0.375,0.5625,0.44140625,0.5
32,33,threshold,threshold,0.09375,0.03125,0.07421875,0.1
32,33,lookup,lookup,0.09375,0.21875,0.18359375,0.2
32,33,validation_selected,threshold,0.09375,0.03125,0.07421875,0.1
32,34,constant,constant,0.46875,0.375,0.49609375,0.5
32,34,threshold,threshold,0.0625,0.125,0.08984375,0.1
32,34,lookup,lookup,0.0625,0.125,0.08984375,0.1
32,34,validation_selected,threshold,0.0625,0.125,0.08984375,0.1
32,35,constant,constant,0.4375,0.53125,0.53515625,0.5
32,35,threshold,threshold,0.0625,0.0,0.0859375,0.1
32,35,lookup,lookup,0.0625,0.0,0.0859375,0.1
32,35,validation_selected,threshold,0.0625,0.0,0.0859375,0.1
32,36,constant,constant,0.4375,0.5,0.49609375,0.5
32,36,threshold,threshold,0.03125,0.09375,0.12890625,0.1
32,36,lookup,lookup,0.03125,0.09375,0.12890625,0.1
32,36,validation_selected,threshold,0.03125,0.09375,0.12890625,0.1
32,37,constant,constant,0.375,0.5625,0.50390625,0.5
32,37,threshold,threshold,0.09375,0.1875,0.12890625,0.1
32,37,lookup,lookup,0.09375,0.1875,0.12890625,0.1
32,37,validation_selected,threshold,0.09375,0.1875,0.12890625,0.1
32,38,constant,constant,0.46875,0.5625,0.50390625,0.5
32,38,threshold,threshold,0.0,0.09375,0.125,0.1
32,38,lookup,lookup,0.0,0.09375,0.125,0.1
32,38,validation_selected,threshold,0.0,0.09375,0.125,0.1
32,39,constant,constant,0.375,0.40625,0.5234375,0.5
32,39,threshold,threshold,0.125,0.21875,0.0625,0.1
32,39,lookup,lookup,0.125,0.21875,0.0625,0.1
32,39,validation_selected,threshold,0.125,0.21875,0.0625,0.1
32,40,constant,constant,0.3125,0.5,0.51953125,0.5
32,40,threshold,threshold,0.125,0.1875,0.09765625,0.1
32,40,lookup,lookup,0.125,0.1875,0.09765625,0.1
32,40,validation_selected,threshold,0.125,0.1875,0.09765625,0.1
32,41,constant,constant,0.5,0.59375,0.515625,0.5
32,41,threshold,threshold,0.0,0.03125,0.10546875,0.1
32,41,lookup,lookup,0.0,0.03125,0.10546875,0.1
32,41,validation_selected,threshold,0.0,0.03125,0.10546875,0.1
32,42,constant,constant,0.4375,0.5,0.52734375,0.5
32,42,threshold,threshold,0.15625,0.125,0.078125,0.1
32,42,lookup,lookup,0.125,0.1875,0.12890625,0.2
32,42,validation_selected,threshold,0.15625,0.125,0.078125,0.1
32,43,constant,constant,0.375,0.5,0.48046875,0.5
32,43,threshold,threshold,0.03125,0.03125,0.07421875,0.1
32,43,lookup,lookup,0.03125,0.03125,0.07421875,0.1
32,43,validation_selected,threshold,0.03125,0.03125,0.07421875,0.1
32,44,constant,constant,0.4375,0.5625,0.51171875,0.5
32,44,threshold,threshold,0.09375,0.0625,0.125,0.1
32,44,lookup,lookup,0.09375,0.0625,0.125,0.1
32,44,validation_selected,threshold,0.09375,0.0625,0.125,0.1
32,45,constant,constant,0.46875,0.59375,0.5234375,0.5
32,45,threshold,threshold,0.125,0.125,0.12890625,0.1
32,45,lookup,lookup,0.125,0.125,0.12890625,0.1
32,45,validation_selected,threshold,0.125,0.125,0.12890625,0.1
32,46,constant,constant,0.5,0.53125,0.50390625,0.5
32,46,threshold,threshold,0.03125,0.0625,0.1171875,0.1
32,46,lookup,lookup,0.03125,0.0625,0.1171875,0.1
32,46,validation_selected,threshold,0.03125,0.0625,0.1171875,0.1
32,47,constant,constant,0.4375,0.59375,0.5234375,0.5
32,47,threshold,threshold,0.1875,0.21875,0.28515625,0.3
32,47,lookup,lookup,0.15625,0.1875,0.1640625,0.2
32,47,validation_selected,lookup,0.15625,0.1875,0.1640625,0.2
32,48,constant,constant,0.4375,0.4375,0.46875,0.5
32,48,threshold,threshold,0.0625,0.21875,0.10546875,0.1
32,48,lookup,lookup,0.0625,0.21875,0.10546875,0.1
32,48,validation_selected,threshold,0.0625,0.21875,0.10546875,0.1
32,49,constant,constant,0.46875,0.40625,0.46875,0.5
32,49,threshold,threshold,0.125,0.0625,0.12109375,0.1
32,49,lookup,lookup,0.0625,0.1875,0.21484375,0.2
32,49,validation_selected,threshold,0.125,0.0625,0.12109375,0.1
32,50,constant,constant,0.375,0.28125,0.57421875,0.5
32,50,threshold,threshold,0.09375,0.09375,0.08984375,0.1
32,50,lookup,lookup,0.09375,0.09375,0.08984375,0.1
32,50,validation_selected,threshold,0.09375,0.09375,0.08984375,0.1
32,51,constant,constant,0.5,0.625,0.43359375,0.5
32,51,threshold,threshold,0.15625,0.0,0.078125,0.1
32,51,lookup,lookup,0.15625,0.0,0.078125,0.1
32,51,validation_selected,threshold,0.15625,0.0,0.078125,0.1
32,52,constant,constant,0.375,0.5,0.5390625,0.5
32,52,threshold,threshold,0.03125,0.21875,0.1015625,0.1
32,52,lookup,lookup,0.03125,0.21875,0.1015625,0.1
32,52,validation_selected,threshold,0.03125,0.21875,0.1015625,0.1
32,53,constant,constant,0.40625,0.53125,0.55078125,0.5
32,53,threshold,threshold,0.15625,0.125,0.12890625,0.1
32,53,lookup,lookup,0.15625,0.125,0.12890625,0.1
32,53,validation_selected,threshold,0.15625,0.125,0.12890625,0.1
32,54,constant,constant,0.4375,0.4375,0.4765625,0.5
32,54,threshold,threshold,0.0,0.125,0.07421875,0.1
32,54,lookup,lookup,0.0,0.125,0.07421875,0.1
32,54,validation_selected,threshold,0.0,0.125,0.07421875,0.1
32,55,constant,constant,0.28125,0.5625,0.45703125,0.5
32,55,threshold,threshold,0.03125,0.03125,0.09765625,0.1
32,55,lookup,lookup,0.03125,0.03125,0.09765625,0.1
32,55,validation_selected,threshold,0.03125,0.03125,0.09765625,0.1
32,56,constant,constant,0.3125,0.46875,0.47265625,0.5
32,56,threshold,threshold,0.0625,0.125,0.09765625,0.1
32,56,lookup,lookup,0.0625,0.125,0.09765625,0.1
32,56,validation_selected,threshold,0.0625,0.125,0.09765625,0.1
32,57,constant,constant,0.46875,0.5625,0.5,0.5
32,57,threshold,threshold,0.09375,0.15625,0.18359375,0.2
32,57,lookup,lookup,0.09375,0.15625,0.18359375,0.2
32,57,validation_selected,threshold,0.09375,0.15625,0.18359375,0.2
32,58,constant,constant,0.40625,0.46875,0.49609375,0.5
32,58,threshold,threshold,0.03125,0.1875,0.08203125,0.1
32,58,lookup,lookup,0.03125,0.1875,0.08203125,0.1
32,58,validation_selected,threshold,0.03125,0.1875,0.08203125,0.1
32,59,constant,constant,0.5,0.5,0.484375,0.5
32,59,threshold,threshold,0.09375,0.0,0.1171875,0.1
32,59,lookup,lookup,0.09375,0.0,0.1171875,0.1
32,59,validation_selected,threshold,0.09375,0.0,0.1171875,0.1
32,60,constant,constant,0.46875,0.40625,0.50390625,0.5
32,60,threshold,threshold,0.0625,0.125,0.08203125,0.1
32,60,lookup,lookup,0.0625,0.125,0.08203125,0.1
32,60,validation_selected,threshold,0.0625,0.125,0.08203125,0.1
32,61,constant,constant,0.3125,0.4375,0.48828125,0.5
32,61,threshold,threshold,0.0625,0.09375,0.109375,0.1
32,61,lookup,lookup,0.0625,0.09375,0.109375,0.1
32,61,validation_selected,threshold,0.0625,0.09375,0.109375,0.1
32,62,constant,constant,0.4375,0.46875,0.5078125,0.5
32,62,threshold,threshold,0.125,0.0625,0.06640625,0.1
32,62,lookup,lookup,0.0,0.1875,0.1953125,0.2
32,62,validation_selected,threshold,0.125,0.0625,0.06640625,0.1
32,63,constant,constant,0.5,0.625,0.48828125,0.5
32,63,threshold,threshold,0.0625,0.09375,0.07421875,0.1
32,63,lookup,lookup,0.0625,0.09375,0.07421875,0.1
32,63,validation_selected,threshold,0.0625,0.09375,0.07421875,0.1
32,64,constant,constant,0.46875,0.59375,0.4921875,0.5
32,64,threshold,threshold,0.125,0.09375,0.08203125,0.1
32,64,lookup,lookup,0.0625,0.1875,0.1796875,0.2
32,64,validation_selected,threshold,0.125,0.09375,0.08203125,0.1
32,65,constant,constant,0.40625,0.65625,0.484375,0.5
32,65,threshold,threshold,0.03125,0.0625,0.1171875,0.1
32,65,lookup,lookup,0.03125,0.0625,0.1171875,0.1
32,65,validation_selected,threshold,0.03125,0.0625,0.1171875,0.1
32,66,constant,constant,0.4375,0.59375,0.4609375,0.5
32,66,threshold,threshold,0.125,0.125,0.11328125,0.1
32,66,lookup,lookup,0.09375,0.1875,0.1796875,0.2
32,66,validation_selected,threshold,0.125,0.125,0.11328125,0.1
32,67,constant,constant,0.4375,0.65625,0.5390625,0.5
32,67,threshold,threshold,0.03125,0.03125,0.08984375,0.1
32,67,lookup,lookup,0.03125,0.09375,0.1640625,0.2
32,67,validation_selected,threshold,0.03125,0.03125,0.08984375,0.1
32,68,constant,constant,0.5,0.5,0.48828125,0.5
32,68,threshold,threshold,0.09375,0.1875,0.109375,0.1
32,68,lookup,lookup,0.09375,0.1875,0.109375,0.1
32,68,validation_selected,threshold,0.09375,0.1875,0.109375,0.1
32,69,constant,constant,0.34375,0.46875,0.48046875,0.5
32,69,threshold,threshold,0.1875,0.125,0.1015625,0.1
32,69,lookup,lookup,0.1875,0.25,0.33984375,0.3
32,69,validation_selected,threshold,0.1875,0.125,0.1015625,0.1
32,70,constant,constant,0.46875,0.5,0.47265625,0.5
32,70,threshold,threshold,0.125,0.0625,0.09375,0.1
32,70,lookup,lookup,0.125,0.0625,0.09375,0.1
32,70,validation_selected,threshold,0.125,0.0625,0.09375,0.1
32,71,constant,constant,0.46875,0.59375,0.53515625,0.5
32,71,threshold,threshold,0.0625,0.09375,0.078125,0.1
32,71,lookup,lookup,0.0625,0.09375,0.078125,0.1
32,71,validation_selected,threshold,0.0625,0.09375,0.078125,0.1
32,72,constant,constant,0.46875,0.28125,0.50390625,0.5
32,72,threshold,threshold,0.09375,0.1875,0.08984375,0.1
32,72,lookup,lookup,0.09375,0.1875,0.08984375,0.1
32,72,validation_selected,threshold,0.09375,0.1875,0.08984375,0.1
32,73,constant,constant,0.4375,0.53125,0.52734375,0.5
32,73,threshold,threshold,0.03125,0.0625,0.1328125,0.1
32,73,lookup,lookup,0.03125,0.0625,0.1328125,0.1
32,73,validation_selected,threshold,0.03125,0.0625,0.1328125,0.1
32,74,constant,constant,0.40625,0.4375,0.546875,0.5
32,74,threshold,threshold,0.03125,0.09375,0.0703125,0.1
32,74,lookup,lookup,0.03125,0.09375,0.0703125,0.1
32,74,validation_selected,threshold,0.03125,0.09375,0.0703125,0.1
32,75,constant,constant,0.4375,0.5625,0.43359375,0.5
32,75,threshold,threshold,0.09375,0.15625,0.08984375,0.1
32,75,lookup,lookup,0.09375,0.15625,0.08984375,0.1
32,75,validation_selected,threshold,0.09375,0.15625,0.08984375,0.1
32,76,constant,constant,0.375,0.53125,0.50390625,0.5
32,76,threshold,threshold,0.03125,0.125,0.12890625,0.1
32,76,lookup,lookup,0.03125,0.125,0.12890625,0.1
32,76,validation_selected,threshold,0.03125,0.125,0.12890625,0.1
32,77,constant,constant,0.46875,0.46875,0.5,0.5
32,77,threshold,threshold,0.1875,0.125,0.2265625,0.2
32,77,lookup,lookup,0.15625,0.21875,0.30078125,0.3
32,77,validation_selected,threshold,0.1875,0.125,0.2265625,0.2
32,78,constant,constant,0.40625,0.46875,0.48828125,0.5
32,78,threshold,threshold,0.125,0.0625,0.11328125,0.1
32,78,lookup,lookup,0.09375,0.1875,0.21484375,0.2
32,78,validation_selected,threshold,0.125,0.0625,0.11328125,0.1
32,79,constant,constant,0.46875,0.5,0.4609375,0.5
32,79,threshold,threshold,0.125,0.125,0.1328125,0.1
32,79,lookup,lookup,0.125,0.125,0.1328125,0.1
32,79,validation_selected,threshold,0.125,0.125,0.1328125,0.1
32,80,constant,constant,0.46875,0.6875,0.53125,0.5
32,80,threshold,threshold,0.125,0.03125,0.0859375,0.1
32,80,lookup,lookup,0.125,0.03125,0.0859375,0.1
32,80,validation_selected,threshold,0.125,0.03125,0.0859375,0.1
32,81,constant,constant,0.5,0.4375,0.49609375,0.5
32,81,threshold,threshold,0.09375,0.0625,0.09375,0.1
32,81,lookup,lookup,0.09375,0.0625,0.09375,0.1
32,81,validation_selected,threshold,0.09375,0.0625,0.09375,0.1
32,82,constant,constant,0.40625,0.6875,0.4921875,0.5
32,82,threshold,threshold,0.15625,0.09375,0.140625,0.1
32,82,lookup,lookup,0.15625,0.09375,0.140625,0.1
32,82,validation_selected,threshold,0.15625,0.09375,0.140625,0.1
32,83,constant,constant,0.40625,0.46875,0.5390625,0.5
32,83,threshold,threshold,0.09375,0.25,0.109375,0.1
32,83,lookup,lookup,0.09375,0.25,0.109375,0.1
32,83,validation_selected,threshold,0.09375,0.25,0.109375,0.1
32,84,constant,constant,0.40625,0.46875,0.5078125,0.5
32,84,threshold,threshold,0.0625,0.0625,0.08984375,0.1
32,84,lookup,lookup,0.0625,0.0625,0.08984375,0.1
32,84,validation_selected,threshold,0.0625,0.0625,0.08984375,0.1
32,85,constant,constant,0.4375,0.6875,0.46875,0.5
32,85,threshold,threshold,0.0625,0.0625,0.07421875,0.1
32,85,lookup,lookup,0.0625,0.0625,0.07421875,0.1
32,85,validation_selected,threshold,0.0625,0.0625,0.07421875,0.1
32,86,constant,constant,0.34375,0.34375,0.5078125,0.5
32,86,threshold,threshold,0.03125,0.09375,0.08984375,0.1
32,86,lookup,lookup,0.03125,0.09375,0.08984375,0.1
32,86,validation_selected,threshold,0.03125,0.09375,0.08984375,0.1
32,87,constant,constant,0.375,0.46875,0.49609375,0.5
32,87,threshold,threshold,0.0625,0.03125,0.1015625,0.1
32,87,lookup,lookup,0.0625,0.03125,0.1015625,0.1
32,87,validation_selected,threshold,0.0625,0.03125,0.1015625,0.1
32,88,constant,constant,0.4375,0.5,0.52734375,0.5
32,88,threshold,threshold,0.15625,0.09375,0.09765625,0.1
32,88,lookup,lookup,0.125,0.1875,0.2265625,0.2
32,88,validation_selected,threshold,0.15625,0.09375,0.09765625,0.1
32,89,constant,constant,0.34375,0.53125,0.52734375,0.5
32,89,threshold,threshold,0.0625,0.03125,0.109375,0.1
32,89,lookup,lookup,0.0625,0.1875,0.203125,0.2
32,89,validation_selected,threshold,0.0625,0.03125,0.109375,0.1
32,90,constant,constant,0.3125,0.5,0.5078125,0.5
32,90,threshold,threshold,0.0625,0.09375,0.12890625,0.1
32,90,lookup,lookup,0.0625,0.21875,0.23046875,0.2
32,90,validation_selected,threshold,0.0625,0.09375,0.12890625,0.1
32,91,constant,constant,0.4375,0.53125,0.515625,0.5
32,91,threshold,threshold,0.03125,0.1875,0.125,0.1
32,91,lookup,lookup,0.03125,0.1875,0.125,0.1
32,91,validation_selected,threshold,0.03125,0.1875,0.125,0.1
32,92,constant,constant,0.4375,0.5,0.4765625,0.5
32,92,threshold,threshold,0.09375,0.09375,0.09765625,0.1
32,92,lookup,lookup,0.09375,0.09375,0.09765625,0.1
32,92,validation_selected,threshold,0.09375,0.09375,0.09765625,0.1
32,93,constant,constant,0.34375,0.5,0.5234375,0.5
32,93,threshold,threshold,0.09375,0.125,0.11328125,0.1
32,93,lookup,lookup,0.09375,0.125,0.11328125,0.1
32,93,validation_selected,threshold,0.09375,0.125,0.11328125,0.1
32,94,constant,constant,0.46875,0.625,0.54296875,0.5
32,94,threshold,threshold,0.1875,0.09375,0.11328125,0.1
32,94,lookup,lookup,0.1875,0.09375,0.11328125,0.1
32,94,validation_selected,threshold,0.1875,0.09375,0.11328125,0.1
32,95,constant,constant,0.4375,0.5,0.51953125,0.5
32,95,threshold,threshold,0.125,0.15625,0.109375,0.1
32,95,lookup,lookup,0.125,0.25,0.203125,0.2
32,95,validation_selected,threshold,0.125,0.15625,0.109375,0.1
32,96,constant,constant,0.46875,0.5625,0.5234375,0.5
32,96,threshold,threshold,0.15625,0.03125,0.1171875,0.1
32,96,lookup,lookup,0.15625,0.03125,0.1171875,0.1
32,96,validation_selected,threshold,0.15625,0.03125,0.1171875,0.1
32,97,constant,constant,0.4375,0.5,0.5078125,0.5
32,97,threshold,threshold,0.09375,0.0625,0.06640625,0.1
32,97,lookup,lookup,0.09375,0.0625,0.06640625,0.1
32,97,validation_selected,threshold,0.09375,0.0625,0.06640625,0.1
32,98,constant,constant,0.46875,0.53125,0.5390625,0.5
32,98,threshold,threshold,0.125,0.09375,0.109375,0.1
32,98,lookup,lookup,0.125,0.09375,0.109375,0.1
32,98,validation_selected,threshold,0.125,0.09375,0.109375,0.1
32,99,constant,constant,0.4375,0.4375,0.48828125,0.5
32,99,threshold,threshold,0.03125,0.15625,0.10546875,0.1
32,99,lookup,lookup,0.03125,0.15625,0.10546875,0.1
32,99,validation_selected,threshold,0.03125,0.15625,0.10546875,0.1
32,100,constant,constant,0.46875,0.46875,0.5625,0.5
32,100,threshold,threshold,0.0625,0.125,0.09375,0.1
32,100,lookup,lookup,0.0625,0.125,0.09375,0.1
32,100,validation_selected,threshold,0.0625,0.125,0.09375,0.1
32,101,constant,constant,0.375,0.375,0.5703125,0.5
32,101,threshold,threshold,0.0625,0.03125,0.0625,0.1
32,101,lookup,lookup,0.0625,0.09375,0.17578125,0.2
32,101,validation_selected,threshold,0.0625,0.03125,0.0625,0.1
32,102,constant,constant,0.375,0.5625,0.51953125,0.5
32,102,threshold,threshold,0.09375,0.1875,0.18359375,0.2
32,102,lookup,lookup,0.09375,0.1875,0.18359375,0.2
32,102,validation_selected,threshold,0.09375,0.1875,0.18359375,0.2
32,103,constant,constant,0.46875,0.5,0.53125,0.5
32,103,threshold,threshold,0.0625,0.1875,0.203125,0.2
32,103,lookup,lookup,0.0625,0.1875,0.203125,0.2
32,103,validation_selected,threshold,0.0625,0.1875,0.203125,0.2
32,104,constant,constant,0.4375,0.5,0.44140625,0.5
32,104,threshold,threshold,0.09375,0.0625,0.0859375,0.1
32,104,lookup,lookup,0.09375,0.0625,0.0859375,0.1
32,104,validation_selected,threshold,0.09375,0.0625,0.0859375,0.1
32,105,constant,constant,0.5,0.53125,0.51953125,0.5
32,105,threshold,threshold,0.21875,0.25,0.18359375,0.2
32,105,lookup,lookup,0.21875,0.3125,0.3125,0.3
32,105,validation_selected,threshold,0.21875,0.25,0.18359375,0.2
32,106,constant,constant,0.5,0.4375,0.5234375,0.5
32,106,threshold,threshold,0.0625,0.09375,0.12109375,0.1
32,106,lookup,lookup,0.0625,0.09375,0.12109375,0.1
32,106,validation_selected,threshold,0.0625,0.09375,0.12109375,0.1
32,107,constant,constant,0.5,0.4375,0.484375,0.5
32,107,threshold,threshold,0.0625,0.0625,0.09765625,0.1
32,107,lookup,lookup,0.0625,0.0625,0.09765625,0.1
32,107,validation_selected,threshold,0.0625,0.0625,0.09765625,0.1
32,108,constant,constant,0.40625,0.625,0.515625,0.5
32,108,threshold,threshold,0.0625,0.21875,0.08984375,0.1
32,108,lookup,lookup,0.0625,0.21875,0.08984375,0.1
32,108,validation_selected,threshold,0.0625,0.21875,0.08984375,0.1
32,109,constant,constant,0.34375,0.5625,0.46875,0.5
32,109,threshold,threshold,0.09375,0.09375,0.0625,0.1
32,109,lookup,lookup,0.09375,0.09375,0.0625,0.1
32,109,validation_selected,threshold,0.09375,0.09375,0.0625,0.1
32,110,constant,constant,0.5,0.375,0.546875,0.5
32,110,threshold,threshold,0.125,0.1875,0.09375,0.1
32,110,lookup,lookup,0.125,0.1875,0.09375,0.1
32,110,validation_selected,threshold,0.125,0.1875,0.09375,0.1
32,111,constant,constant,0.46875,0.65625,0.46875,0.5
32,111,threshold,threshold,0.03125,0.09375,0.10546875,0.1
32,111,lookup,lookup,0.03125,0.09375,0.10546875,0.1
32,111,validation_selected,threshold,0.03125,0.09375,0.10546875,0.1
32,112,constant,constant,0.4375,0.375,0.46484375,0.5
32,112,threshold,threshold,0.03125,0.0625,0.09375,0.1
32,112,lookup,lookup,0.03125,0.0625,0.09375,0.1
32,112,validation_selected,threshold,0.03125,0.0625,0.09375,0.1
32,113,constant,constant,0.46875,0.5,0.5,0.5
32,113,threshold,threshold,0.125,0.03125,0.125,0.1
32,113,lookup,lookup,0.125,0.03125,0.125,0.1
32,113,validation_selected,threshold,0.125,0.03125,0.125,0.1
32,114,constant,constant,0.3125,0.53125,0.49609375,0.5
32,114,threshold,threshold,0.09375,0.0625,0.078125,0.1
32,114,lookup,lookup,0.09375,0.0625,0.078125,0.1
32,114,validation_selected,threshold,0.09375,0.0625,0.078125,0.1
32,115,constant,constant,0.375,0.53125,0.53125,0.5
32,115,threshold,threshold,0.09375,0.09375,0.10546875,0.1
32,115,lookup,lookup,0.0625,0.15625,0.17578125,0.2
32,115,validation_selected,threshold,0.09375,0.09375,0.10546875,0.1
32,116,constant,constant,0.46875,0.46875,0.49609375,0.5
32,116,threshold,threshold,0.125,0.0625,0.06640625,0.1
32,116,lookup,lookup,0.125,0.1875,0.18359375,0.2
32,116,validation_selected,threshold,0.125,0.0625,0.06640625,0.1
32,117,constant,constant,0.4375,0.40625,0.50390625,0.5
32,117,threshold,threshold,0.0625,0.1875,0.19921875,0.2
32,117,lookup,lookup,0.0625,0.1875,0.19921875,0.2
32,117,validation_selected,threshold,0.0625,0.1875,0.19921875,0.2
32,118,constant,constant,0.40625,0.53125,0.4453125,0.5
32,118,threshold,threshold,0.09375,0.0625,0.109375,0.1
32,118,lookup,lookup,0.09375,0.0625,0.109375,0.1
32,118,validation_selected,threshold,0.09375,0.0625,0.109375,0.1
32,119,constant,constant,0.375,0.40625,0.5234375,0.5
32,119,threshold,threshold,0.0625,0.125,0.0859375,0.1
32,119,lookup,lookup,0.0625,0.125,0.0859375,0.1
32,119,validation_selected,threshold,0.0625,0.125,0.0859375,0.1
32,120,constant,constant,0.4375,0.46875,0.56640625,0.5
32,120,threshold,threshold,0.0625,0.15625,0.09375,0.1
32,120,lookup,lookup,0.0625,0.15625,0.09375,0.1
32,120,validation_selected,threshold,0.0625,0.15625,0.09375,0.1
32,121,constant,constant,0.46875,0.40625,0.4765625,0.5
32,121,threshold,threshold,0.21875,0.125,0.1015625,0.1
32,121,lookup,lookup,0.21875,0.125,0.1015625,0.1
32,121,validation_selected,threshold,0.21875,0.125,0.1015625,0.1
32,122,constant,constant,0.4375,0.46875,0.546875,0.5
32,122,threshold,threshold,0.15625,0.125,0.125,0.1
32,122,lookup,lookup,0.15625,0.125,0.125,0.1
32,122,validation_selected,threshold,0.15625,0.125,0.125,0.1
32,123,constant,constant,0.46875,0.3125,0.44140625,0.5
32,123,threshold,threshold,0.03125,0.0625,0.109375,0.1
32,123,lookup,lookup,0.03125,0.15625,0.21875,0.2
32,123,validation_selected,threshold,0.03125,0.0625,0.109375,0.1
32,124,constant,constant,0.34375,0.5,0.55078125,0.5
32,124,threshold,threshold,0.125,0.15625,0.109375,0.1
32,124,lookup,lookup,0.125,0.125,0.20703125,0.2
32,124,validation_selected,lookup,0.125,0.125,0.20703125,0.2
32,125,constant,constant,0.4375,0.59375,0.50390625,0.5
32,125,threshold,threshold,0.21875,0.1875,0.08984375,0.1
32,125,lookup,lookup,0.1875,0.15625,0.203125,0.2
32,125,validation_selected,lookup,0.1875,0.15625,0.203125,0.2
32,126,constant,constant,0.4375,0.5,0.51171875,0.5
32,126,threshold,threshold,0.0625,0.03125,0.1171875,0.1
32,126,lookup,lookup,0.0625,0.03125,0.1171875,0.1
32,126,validation_selected,threshold,0.0625,0.03125,0.1171875,0.1
32,127,constant,constant,0.5,0.6875,0.51953125,0.5
32,127,threshold,threshold,0.1875,0.125,0.08984375,0.1
32,127,lookup,lookup,0.1875,0.125,0.08984375,0.1
32,127,validation_selected,threshold,0.1875,0.125,0.08984375,0.1
32,128,constant,constant,0.4375,0.625,0.4765625,0.5
32,128,threshold,threshold,0.03125,0.15625,0.0390625,0.1
32,128,lookup,lookup,0.03125,0.15625,0.0390625,0.1
32,128,validation_selected,threshold,0.03125,0.15625,0.0390625,0.1
32,129,constant,constant,0.375,0.5,0.49609375,0.5
32,129,threshold,threshold,0.15625,0.09375,0.125,0.1
32,129,lookup,lookup,0.09375,0.3125,0.21875,0.2
32,129,validation_selected,threshold,0.15625,0.09375,0.125,0.1
32,130,constant,constant,0.46875,0.34375,0.48828125,0.5
32,130,threshold,threshold,0.1875,0.09375,0.1015625,0.1
32,130,lookup,lookup,0.1875,0.15625,0.171875,0.2
32,130,validation_selected,threshold,0.1875,0.09375,0.1015625,0.1
32,131,constant,constant,0.4375,0.4375,0.546875,0.5
32,131,threshold,threshold,0.09375,0.0625,0.09765625,0.1
32,131,lookup,lookup,0.09375,0.0625,0.09765625,0.1
32,131,validation_selected,threshold,0.09375,0.0625,0.09765625,0.1
32,132,constant,constant,0.375,0.40625,0.50390625,0.5
32,132,threshold,threshold,0.125,0.15625,0.12890625,0.1
32,132,lookup,lookup,0.125,0.15625,0.12890625,0.1
32,132,validation_selected,threshold,0.125,0.15625,0.12890625,0.1
32,133,constant,constant,0.46875,0.375,0.4921875,0.5
32,133,threshold,threshold,0.0625,0.15625,0.0859375,0.1
32,133,lookup,lookup,0.0625,0.15625,0.0859375,0.1
32,133,validation_selected,threshold,0.0625,0.15625,0.0859375,0.1
32,134,constant,constant,0.4375,0.59375,0.52734375,0.5
32,134,threshold,threshold,0.125,0.09375,0.08984375,0.1
32,134,lookup,lookup,0.125,0.3125,0.20703125,0.2
32,134,validation_selected,threshold,0.125,0.09375,0.08984375,0.1
32,135,constant,constant,0.40625,0.40625,0.54296875,0.5
32,135,threshold,threshold,0.0625,0.15625,0.0703125,0.1
32,135,lookup,lookup,0.0625,0.1875,0.203125,0.2
32,135,validation_selected,threshold,0.0625,0.15625,0.0703125,0.1
32,136,constant,constant,0.5,0.46875,0.51171875,0.5
32,136,threshold,threshold,0.0,0.03125,0.078125,0.1
32,136,lookup,lookup,0.0,0.03125,0.078125,0.1
32,136,validation_selected,threshold,0.0,0.03125,0.078125,0.1
32,137,constant,constant,0.40625,0.4375,0.5,0.5
32,137,threshold,threshold,0.09375,0.125,0.10546875,0.1
32,137,lookup,lookup,0.09375,0.125,0.10546875,0.1
32,137,validation_selected,threshold,0.09375,0.125,0.10546875,0.1
32,138,constant,constant,0.46875,0.46875,0.5,0.5
32,138,threshold,threshold,0.0625,0.0625,0.09375,0.1
32,138,lookup,lookup,0.03125,0.1875,0.19921875,0.2
32,138,validation_selected,threshold,0.0625,0.0625,0.09375,0.1
32,139,constant,constant,0.375,0.46875,0.51953125,0.5
32,139,threshold,threshold,0.125,0.09375,0.1015625,0.1
32,139,lookup,lookup,0.09375,0.15625,0.2109375,0.2
32,139,validation_selected,threshold,0.125,0.09375,0.1015625,0.1
32,140,constant,constant,0.4375,0.46875,0.52734375,0.5
32,140,threshold,threshold,0.09375,0.09375,0.1171875,0.1
32,140,lookup,lookup,0.09375,0.09375,0.1171875,0.1
32,140,validation_selected,threshold,0.09375,0.09375,0.1171875,0.1
32,141,constant,constant,0.46875,0.40625,0.5234375,0.5
32,141,threshold,threshold,0.03125,0.21875,0.109375,0.1
32,141,lookup,lookup,0.03125,0.21875,0.109375,0.1
32,141,validation_selected,threshold,0.03125,0.21875,0.109375,0.1
32,142,constant,constant,0.375,0.53125,0.5078125,0.5
32,142,threshold,threshold,0.0625,0.0625,0.1015625,0.1
32,142,lookup,lookup,0.0625,0.125,0.21875,0.2
32,142,validation_selected,threshold,0.0625,0.0625,0.1015625,0.1
32,143,constant,constant,0.40625,0.4375,0.52734375,0.5
32,143,threshold,threshold,0.03125,0.125,0.12109375,0.1
32,143,lookup,lookup,0.03125,0.125,0.12109375,0.1
32,143,validation_selected,threshold,0.03125,0.125,0.12109375,0.1
32,144,constant,constant,0.46875,0.46875,0.52734375,0.5
32,144,threshold,threshold,0.0,0.0,0.109375,0.1
32,144,lookup,lookup,0.0,0.0,0.109375,0.1
32,144,validation_selected,threshold,0.0,0.0,0.109375,0.1
32,145,constant,constant,0.4375,0.46875,0.4921875,0.5
32,145,threshold,threshold,0.09375,0.15625,0.1015625,0.1
32,145,lookup,lookup,0.09375,0.15625,0.1015625,0.1
32,145,validation_selected,threshold,0.09375,0.15625,0.1015625,0.1
32,146,constant,constant,0.40625,0.4375,0.5390625,0.5
32,146,threshold,threshold,0.0,0.09375,0.08203125,0.1
32,146,lookup,lookup,0.0,0.09375,0.08203125,0.1
32,146,validation_selected,threshold,0.0,0.09375,0.08203125,0.1
32,147,constant,constant,0.40625,0.40625,0.48828125,0.5
32,147,threshold,threshold,0.125,0.125,0.109375,0.1
32,147,lookup,lookup,0.09375,0.3125,0.34375,0.3
32,147,validation_selected,threshold,0.125,0.125,0.109375,0.1
32,148,constant,constant,0.46875,0.46875,0.5078125,0.5
32,148,threshold,threshold,0.0625,0.0625,0.0859375,0.1
32,148,lookup,lookup,0.0625,0.0625,0.0859375,0.1
32,148,validation_selected,threshold,0.0625,0.0625,0.0859375,0.1
32,149,constant,constant,0.4375,0.53125,0.48828125,0.5
32,149,threshold,threshold,0.125,0.15625,0.15234375,0.1
32,149,lookup,lookup,0.125,0.15625,0.15234375,0.1
32,149,validation_selected,threshold,0.125,0.15625,0.15234375,0.1
32,150,constant,constant,0.4375,0.59375,0.484375,0.5
32,150,threshold,threshold,0.0625,0.15625,0.1015625,0.1
32,150,lookup,lookup,0.0625,0.1875,0.17578125,0.2
32,150,validation_selected,threshold,0.0625,0.15625,0.1015625,0.1
32,151,constant,constant,0.40625,0.40625,0.52734375,0.5
32,151,threshold,threshold,0.03125,0.09375,0.07421875,0.1
32,151,lookup,lookup,0.03125,0.09375,0.07421875,0.1
32,151,validation_selected,threshold,0.03125,0.09375,0.07421875,0.1
32,152,constant,constant,0.46875,0.59375,0.5234375,0.5
32,152,threshold,threshold,0.15625,0.15625,0.078125,0.1
32,152,lookup,lookup,0.15625,0.21875,0.19140625,0.2
32,152,validation_selected,threshold,0.15625,0.15625,0.078125,0.1
32,153,constant,constant,0.34375,0.375,0.46484375,0.5
32,153,threshold,threshold,0.0625,0.09375,0.1015625,0.1
32,153,lookup,lookup,0.0625,0.09375,0.1015625,0.1
32,153,validation_selected,threshold,0.0625,0.09375,0.1015625,0.1
32,154,constant,constant,0.40625,0.59375,0.4375,0.5
32,154,threshold,threshold,0.03125,0.03125,0.09375,0.1
32,154,lookup,lookup,0.03125,0.03125,0.09375,0.1
32,154,validation_selected,threshold,0.03125,0.03125,0.09375,0.1
32,155,constant,constant,0.4375,0.4375,0.44140625,0.5
32,155,threshold,threshold,0.03125,0.09375,0.11328125,0.1
32,155,lookup,lookup,0.03125,0.09375,0.11328125,0.1
32,155,validation_selected,threshold,0.03125,0.09375,0.11328125,0.1
32,156,constant,constant,0.28125,0.5,0.47265625,0.5
32,156,threshold,threshold,0.0625,0.03125,0.10546875,0.1
32,156,lookup,lookup,0.03125,0.15625,0.2265625,0.2
32,156,validation_selected,threshold,0.0625,0.03125,0.10546875,0.1
32,157,constant,constant,0.46875,0.5625,0.53515625,0.5
32,157,threshold,threshold,0.15625,0.09375,0.1171875,0.1
32,157,lookup,lookup,0.15625,0.15625,0.2265625,0.2
32,157,validation_selected,threshold,0.15625,0.09375,0.1171875,0.1
32,158,constant,constant,0.46875,0.46875,0.5,0.5
32,158,threshold,threshold,0.15625,0.15625,0.1796875,0.2
32,158,lookup,lookup,0.15625,0.15625,0.1796875,0.2
32,158,validation_selected,threshold,0.15625,0.15625,0.1796875,0.2
32,159,constant,constant,0.375,0.34375,0.50390625,0.5
32,159,threshold,threshold,0.125,0.15625,0.11328125,0.1
32,159,lookup,lookup,0.125,0.28125,0.1875,0.2
32,159,validation_selected,threshold,0.125,0.15625,0.11328125,0.1
32,160,constant,constant,0.3125,0.4375,0.49609375,0.5
32,160,threshold,threshold,0.09375,0.0625,0.125,0.1
32,160,lookup,lookup,0.09375,0.0625,0.125,0.1
32,160,validation_selected,threshold,0.09375,0.0625,0.125,0.1
32,161,constant,constant,0.5,0.4375,0.5078125,0.5
32,161,threshold,threshold,0.125,0.03125,0.15234375,0.1
32,161,lookup,lookup,0.125,0.03125,0.15234375,0.1
32,161,validation_selected,threshold,0.125,0.03125,0.15234375,0.1
32,162,constant,constant,0.46875,0.46875,0.53125,0.5
32,162,threshold,threshold,0.125,0.125,0.16796875,0.2
32,162,lookup,lookup,0.125,0.125,0.16796875,0.2
32,162,validation_selected,threshold,0.125,0.125,0.16796875,0.2
32,163,constant,constant,0.40625,0.53125,0.49609375,0.5
32,163,threshold,threshold,0.125,0.1875,0.109375,0.1
32,163,lookup,lookup,0.125,0.1875,0.109375,0.1
32,163,validation_selected,threshold,0.125,0.1875,0.109375,0.1
32,164,constant,constant,0.5,0.3125,0.5,0.5
32,164,threshold,threshold,0.09375,0.125,0.09765625,0.1
32,164,lookup,lookup,0.09375,0.125,0.1953125,0.2
32,164,validation_selected,threshold,0.09375,0.125,0.09765625,0.1
32,165,constant,constant,0.46875,0.4375,0.50390625,0.5
32,165,threshold,threshold,0.03125,0.0625,0.1875,0.2
32,165,lookup,lookup,0.03125,0.0625,0.1875,0.2
32,165,validation_selected,threshold,0.03125,0.0625,0.1875,0.2
32,166,constant,constant,0.4375,0.5,0.515625,0.5
32,166,threshold,threshold,0.15625,0.09375,0.0546875,0.1
32,166,lookup,lookup,0.15625,0.09375,0.0546875,0.1
32,166,validation_selected,threshold,0.15625,0.09375,0.0546875,0.1
32,167,constant,constant,0.5,0.53125,0.4921875,0.5
32,167,threshold,threshold,0.09375,0.0625,0.1171875,0.1
32,167,lookup,lookup,0.09375,0.0625,0.1171875,0.1
32,167,validation_selected,threshold,0.09375,0.0625,0.1171875,0.1
32,168,constant,constant,0.46875,0.5,0.41796875,0.5
32,168,threshold,threshold,0.09375,0.09375,0.09375,0.1
32,168,lookup,lookup,0.09375,0.09375,0.09375,0.1
32,168,validation_selected,threshold,0.09375,0.09375,0.09375,0.1
32,169,constant,constant,0.375,0.46875,0.49609375,0.5
32,169,threshold,threshold,0.15625,0.09375,0.09765625,0.1
32,169,lookup,lookup,0.125,0.21875,0.2265625,0.2
32,169,validation_selected,threshold,0.15625,0.09375,0.09765625,0.1
32,170,constant,constant,0.4375,0.5625,0.5078125,0.5
32,170,threshold,threshold,0.0625,0.0625,0.08984375,0.1
32,170,lookup,lookup,0.0625,0.0625,0.08984375,0.1
32,170,validation_selected,threshold,0.0625,0.0625,0.08984375,0.1
32,171,constant,constant,0.4375,0.5625,0.51953125,0.5
32,171,threshold,threshold,0.09375,0.09375,0.07421875,0.1
32,171,lookup,lookup,0.09375,0.09375,0.07421875,0.1
32,171,validation_selected,threshold,0.09375,0.09375,0.07421875,0.1
32,172,constant,constant,0.46875,0.5,0.484375,0.5
32,172,threshold,threshold,0.09375,0.15625,0.125,0.1
32,172,lookup,lookup,0.09375,0.15625,0.125,0.1
32,172,validation_selected,threshold,0.09375,0.15625,0.125,0.1
32,173,constant,constant,0.40625,0.53125,0.48828125,0.5
32,173,threshold,threshold,0.125,0.0,0.09765625,0.1
32,173,lookup,lookup,0.125,0.0,0.09765625,0.1
32,173,validation_selected,threshold,0.125,0.0,0.09765625,0.1
32,174,constant,constant,0.5,0.78125,0.53125,0.5
32,174,threshold,threshold,0.1875,0.15625,0.12890625,0.1
32,174,lookup,lookup,0.1875,0.15625,0.12890625,0.1
32,174,validation_selected,threshold,0.1875,0.15625,0.12890625,0.1
32,175,constant,constant,0.4375,0.5625,0.51171875,0.5
32,175,threshold,threshold,0.09375,0.125,0.08203125,0.1
32,175,lookup,lookup,0.09375,0.125,0.08203125,0.1
32,175,validation_selected,threshold,0.09375,0.125,0.08203125,0.1
32,176,constant,constant,0.3125,0.59375,0.56640625,0.5
32,176,threshold,threshold,0.09375,0.125,0.09765625,0.1
32,176,lookup,lookup,0.09375,0.125,0.09765625,0.1
32,176,validation_selected,threshold,0.09375,0.125,0.09765625,0.1
32,177,constant,constant,0.46875,0.53125,0.46875,0.5
32,177,threshold,threshold,0.09375,0.15625,0.10546875,0.1
32,177,lookup,lookup,0.09375,0.15625,0.10546875,0.1
32,177,validation_selected,threshold,0.09375,0.15625,0.10546875,0.1
32,178,constant,constant,0.375,0.5625,0.47265625,0.5
32,178,threshold,threshold,0.09375,0.0625,0.0703125,0.1
32,178,lookup,lookup,0.09375,0.0625,0.0703125,0.1
32,178,validation_selected,threshold,0.09375,0.0625,0.0703125,0.1
32,179,constant,constant,0.4375,0.4375,0.5546875,0.5
32,179,threshold,threshold,0.125,0.03125,0.09375,0.1
32,179,lookup,lookup,0.125,0.0625,0.21484375,0.2
32,179,validation_selected,threshold,0.125,0.03125,0.09375,0.1
32,180,constant,constant,0.4375,0.46875,0.45703125,0.5
32,180,threshold,threshold,0.0,0.0,0.0625,0.1
32,180,lookup,lookup,0.0,0.0,0.0625,0.1
32,180,validation_selected,threshold,0.0,0.0,0.0625,0.1
32,181,constant,constant,0.375,0.5,0.4609375,0.5
32,181,threshold,threshold,0.375,0.5,0.4609375,0.5
32,181,lookup,lookup,0.3125,0.4375,0.328125,0.3
32,181,validation_selected,lookup,0.3125,0.4375,0.328125,0.3
32,182,constant,constant,0.40625,0.5,0.48046875,0.5
32,182,threshold,threshold,0.0625,0.0625,0.09765625,0.1
32,182,lookup,lookup,0.0625,0.0625,0.09765625,0.1
32,182,validation_selected,threshold,0.0625,0.0625,0.09765625,0.1
32,183,constant,constant,0.5,0.28125,0.49609375,0.5
32,183,threshold,threshold,0.3125,0.1875,0.09765625,0.1
32,183,lookup,lookup,0.3125,0.25,0.19140625,0.2
32,183,validation_selected,threshold,0.3125,0.1875,0.09765625,0.1
32,184,constant,constant,0.34375,0.40625,0.51171875,0.5
32,184,threshold,threshold,0.0625,0.09375,0.09765625,0.1
32,184,lookup,lookup,0.0625,0.09375,0.09765625,0.1
32,184,validation_selected,threshold,0.0625,0.09375,0.09765625,0.1
32,185,constant,constant,0.4375,0.71875,0.51953125,0.5
32,185,threshold,threshold,0.125,0.125,0.078125,0.1
32,185,lookup,lookup,0.125,0.1875,0.15625,0.2
32,185,validation_selected,threshold,0.125,0.125,0.078125,0.1
32,186,constant,constant,0.5,0.46875,0.48828125,0.5
32,186,threshold,threshold,0.0625,0.21875,0.08984375,0.1
32,186,lookup,lookup,0.0625,0.21875,0.08984375,0.1
32,186,validation_selected,threshold,0.0625,0.21875,0.08984375,0.1
32,187,constant,constant,0.375,0.53125,0.453125,0.5
32,187,threshold,threshold,0.09375,0.09375,0.08984375,0.1
32,187,lookup,lookup,0.09375,0.09375,0.08984375,0.1
32,187,validation_selected,threshold,0.09375,0.09375,0.08984375,0.1
32,188,constant,constant,0.46875,0.5,0.4453125,0.5
32,188,threshold,threshold,0.0625,0.15625,0.08984375,0.1
32,188,lookup,lookup,0.0625,0.15625,0.08984375,0.1
32,188,validation_selected,threshold,0.0625,0.15625,0.08984375,0.1
32,189,constant,constant,0.46875,0.5625,0.47265625,0.5
32,189,threshold,threshold,0.0625,0.15625,0.08984375,0.1
32,189,lookup,lookup,0.0625,0.15625,0.08984375,0.1
32,189,validation_selected,threshold,0.0625,0.15625,0.08984375,0.1
32,190,constant,constant,0.46875,0.46875,0.48046875,0.5
32,190,threshold,threshold,0.09375,0.09375,0.09375,0.1
32,190,lookup,lookup,0.09375,0.21875,0.203125,0.2
32,190,validation_selected,threshold,0.09375,0.09375,0.09375,0.1
32,191,constant,constant,0.46875,0.5625,0.48828125,0.5
32,191,threshold,threshold,0.09375,0.15625,0.078125,0.1
32,191,lookup,lookup,0.09375,0.15625,0.078125,0.1
32,191,validation_selected,threshold,0.09375,0.15625,0.078125,0.1
32,192,constant,constant,0.46875,0.59375,0.5,0.5
32,192,threshold,threshold,0.125,0.03125,0.109375,0.1
32,192,lookup,lookup,0.125,0.03125,0.109375,0.1
32,192,validation_selected,threshold,0.125,0.03125,0.109375,0.1
32,193,constant,constant,0.34375,0.46875,0.54296875,0.5
32,193,threshold,threshold,0.03125,0.125,0.21484375,0.2
32,193,lookup,lookup,0.03125,0.125,0.21484375,0.2
32,193,validation_selected,threshold,0.03125,0.125,0.21484375,0.2
32,194,constant,constant,0.46875,0.34375,0.4765625,0.5
32,194,threshold,threshold,0.125,0.0625,0.1171875,0.1
32,194,lookup,lookup,0.125,0.0625,0.1171875,0.1
32,194,validation_selected,threshold,0.125,0.0625,0.1171875,0.1
32,195,constant,constant,0.46875,0.4375,0.5078125,0.5
32,195,threshold,threshold,0.0625,0.09375,0.0859375,0.1
32,195,lookup,lookup,0.0625,0.09375,0.0859375,0.1
32,195,validation_selected,threshold,0.0625,0.09375,0.0859375,0.1
32,196,constant,constant,0.46875,0.53125,0.46484375,0.5
32,196,threshold,threshold,0.09375,0.0,0.09765625,0.1
32,196,lookup,lookup,0.09375,0.0,0.09765625,0.1
32,196,validation_selected,threshold,0.09375,0.0,0.09765625,0.1
32,197,constant,constant,0.40625,0.625,0.51171875,0.5
32,197,threshold,threshold,0.0625,0.0625,0.06640625,0.1
32,197,lookup,lookup,0.0625,0.0625,0.06640625,0.1
32,197,validation_selected,threshold,0.0625,0.0625,0.06640625,0.1
32,198,constant,constant,0.46875,0.3125,0.45703125,0.5
32,198,threshold,threshold,0.0,0.1875,0.10546875,0.1
32,198,lookup,lookup,0.0,0.1875,0.10546875,0.1
32,198,validation_selected,threshold,0.0,0.1875,0.10546875,0.1
32,199,constant,constant,0.40625,0.5625,0.48828125,0.5
32,199,threshold,threshold,0.125,0.28125,0.2421875,0.2
32,199,lookup,lookup,0.125,0.28125,0.2421875,0.2
32,199,validation_selected,threshold,0.125,0.28125,0.2421875,0.2
32,200,constant,constant,0.46875,0.5625,0.5,0.5
32,200,threshold,threshold,0.0625,0.03125,0.13671875,0.1
32,200,lookup,lookup,0.0625,0.03125,0.13671875,0.1
32,200,validation_selected,threshold,0.0625,0.03125,0.13671875,0.1
32,201,constant,constant,0.5,0.34375,0.43359375,0.5
32,201,threshold,threshold,0.1875,0.09375,0.08984375,0.1
32,201,lookup,lookup,0.15625,0.21875,0.16015625,0.2
32,201,validation_selected,threshold,0.1875,0.09375,0.08984375,0.1
32,202,constant,constant,0.40625,0.53125,0.52734375,0.5
32,202,threshold,threshold,0.0,0.125,0.0859375,0.1
32,202,lookup,lookup,0.0,0.125,0.0859375,0.1
32,202,validation_selected,threshold,0.0,0.125,0.0859375,0.1
32,203,constant,constant,0.3125,0.4375,0.453125,0.5
32,203,threshold,threshold,0.0625,0.09375,0.08203125,0.1
32,203,lookup,lookup,0.0625,0.09375,0.08203125,0.1
32,203,validation_selected,threshold,0.0625,0.09375,0.08203125,0.1
32,204,constant,constant,0.40625,0.4375,0.4765625,0.5
32,204,threshold,threshold,0.15625,0.1875,0.13671875,0.1
32,204,lookup,lookup,0.15625,0.1875,0.13671875,0.1
32,204,validation_selected,threshold,0.15625,0.1875,0.13671875,0.1
32,205,constant,constant,0.3125,0.4375,0.53125,0.5
32,205,threshold,threshold,0.15625,0.0625,0.1015625,0.1
32,205,lookup,lookup,0.15625,0.125,0.1640625,0.2
32,205,validation_selected,threshold,0.15625,0.0625,0.1015625,0.1
32,206,constant,constant,0.5,0.46875,0.53515625,0.5
32,206,threshold,threshold,0.0625,0.09375,0.08984375,0.1
32,206,lookup,lookup,0.0625,0.09375,0.08984375,0.1
32,206,validation_selected,threshold,0.0625,0.09375,0.08984375,0.1
32,207,constant,constant,0.40625,0.59375,0.453125,0.5
32,207,threshold,threshold,0.09375,0.125,0.09375,0.1
32,207,lookup,lookup,0.09375,0.125,0.09375,0.1
32,207,validation_selected,threshold,0.09375,0.125,0.09375,0.1
32,208,constant,constant,0.46875,0.40625,0.46875,0.5
32,208,threshold,threshold,0.03125,0.03125,0.109375,0.1
32,208,lookup,lookup,0.03125,0.03125,0.109375,0.1
32,208,validation_selected,threshold,0.03125,0.03125,0.109375,0.1
32,209,constant,constant,0.375,0.59375,0.51171875,0.5
32,209,threshold,threshold,0.1875,0.03125,0.11328125,0.1
32,209,lookup,lookup,0.1875,0.03125,0.11328125,0.1
32,209,validation_selected,threshold,0.1875,0.03125,0.11328125,0.1
32,210,constant,constant,0.34375,0.25,0.51171875,0.5
32,210,threshold,threshold,0.03125,0.125,0.07421875,0.1
32,210,lookup,lookup,0.03125,0.125,0.07421875,0.1
32,210,validation_selected,threshold,0.03125,0.125,0.07421875,0.1
32,211,constant,constant,0.5,0.53125,0.48828125,0.5
32,211,threshold,threshold,0.0625,0.15625,0.1796875,0.2
32,211,lookup,lookup,0.0625,0.15625,0.1796875,0.2
32,211,validation_selected,threshold,0.0625,0.15625,0.1796875,0.2
32,212,constant,constant,0.46875,0.46875,0.5078125,0.5
32,212,threshold,threshold,0.09375,0.15625,0.08203125,0.1
32,212,lookup,lookup,0.09375,0.15625,0.08203125,0.1
32,212,validation_selected,threshold,0.09375,0.15625,0.08203125,0.1
32,213,constant,constant,0.40625,0.53125,0.53125,0.5
32,213,threshold,threshold,0.15625,0.03125,0.109375,0.1
32,213,lookup,lookup,0.125,0.09375,0.19140625,0.2
32,213,validation_selected,threshold,0.15625,0.03125,0.109375,0.1
32,214,constant,constant,0.46875,0.59375,0.51171875,0.5
32,214,threshold,threshold,0.09375,0.125,0.1875,0.2
32,214,lookup,lookup,0.09375,0.125,0.1875,0.2
32,214,validation_selected,threshold,0.09375,0.125,0.1875,0.2
32,215,constant,constant,0.40625,0.5625,0.5234375,0.5
32,215,threshold,threshold,0.0625,0.03125,0.09765625,0.1
32,215,lookup,lookup,0.0625,0.125,0.1875,0.2
32,215,validation_selected,threshold,0.0625,0.03125,0.09765625,0.1
32,216,constant,constant,0.46875,0.375,0.5234375,0.5
32,216,threshold,threshold,0.1875,0.15625,0.1015625,0.1
32,216,lookup,lookup,0.1875,0.15625,0.1015625,0.1
32,216,validation_selected,threshold,0.1875,0.15625,0.1015625,0.1
32,217,constant,constant,0.4375,0.4375,0.5078125,0.5
32,217,threshold,threshold,0.125,0.03125,0.11328125,0.1
32,217,lookup,lookup,0.125,0.125,0.2109375,0.2
32,217,validation_selected,threshold,0.125,0.03125,0.11328125,0.1
32,218,constant,constant,0.34375,0.5,0.515625,0.5
32,218,threshold,threshold,0.0625,0.1875,0.08984375,0.1
32,218,lookup,lookup,0.0625,0.1875,0.08984375,0.1
32,218,validation_selected,threshold,0.0625,0.1875,0.08984375,0.1
32,219,constant,constant,0.4375,0.3125,0.4765625,0.5
32,219,threshold,threshold,0.09375,0.03125,0.11328125,0.1
32,219,lookup,lookup,0.09375,0.03125,0.11328125,0.1
32,219,validation_selected,threshold,0.09375,0.03125,0.11328125,0.1
32,220,constant,constant,0.375,0.53125,0.52734375,0.5
32,220,threshold,threshold,0.0625,0.125,0.109375,0.1
32,220,lookup,lookup,0.0625,0.125,0.109375,0.1
32,220,validation_selected,threshold,0.0625,0.125,0.109375,0.1
32,221,constant,constant,0.46875,0.5,0.5078125,0.5
32,221,threshold,threshold,0.09375,0.125,0.05859375,0.1
32,221,lookup,lookup,0.09375,0.125,0.05859375,0.1
32,221,validation_selected,threshold,0.09375,0.125,0.05859375,0.1
32,222,constant,constant,0.46875,0.28125,0.484375,0.5
32,222,threshold,threshold,0.15625,0.09375,0.12109375,0.1
32,222,lookup,lookup,0.15625,0.28125,0.21484375,0.2
32,222,validation_selected,threshold,0.15625,0.09375,0.12109375,0.1
32,223,constant,constant,0.46875,0.46875,0.55078125,0.5
32,223,threshold,threshold,0.21875,0.0625,0.10546875,0.1
32,223,lookup,lookup,0.21875,0.0625,0.10546875,0.1
32,223,validation_selected,threshold,0.21875,0.0625,0.10546875,0.1
32,224,constant,constant,0.375,0.375,0.48046875,0.5
32,224,threshold,threshold,0.125,0.0625,0.17578125,0.2
32,224,lookup,lookup,0.125,0.0625,0.17578125,0.2
32,224,validation_selected,threshold,0.125,0.0625,0.17578125,0.2
32,225,constant,constant,0.4375,0.65625,0.4609375,0.5
32,225,threshold,threshold,0.0,0.0625,0.1015625,0.1
32,225,lookup,lookup,0.0,0.0625,0.1015625,0.1
32,225,validation_selected,threshold,0.0,0.0625,0.1015625,0.1
32,226,constant,constant,0.5,0.46875,0.5390625,0.5
32,226,threshold,threshold,0.0,0.125,0.078125,0.1
32,226,lookup,lookup,0.0,0.125,0.078125,0.1
32,226,validation_selected,threshold,0.0,0.125,0.078125,0.1
32,227,constant,constant,0.46875,0.46875,0.48046875,0.5
32,227,threshold,threshold,0.125,0.09375,0.09375,0.1
32,227,lookup,lookup,0.125,0.09375,0.09375,0.1
32,227,validation_selected,threshold,0.125,0.09375,0.09375,0.1
32,228,constant,constant,0.46875,0.59375,0.5,0.5
32,228,threshold,threshold,0.0,0.09375,0.12109375,0.1
32,228,lookup,lookup,0.0,0.09375,0.12109375,0.1
32,228,validation_selected,threshold,0.0,0.09375,0.12109375,0.1
32,229,constant,constant,0.46875,0.46875,0.49609375,0.5
32,229,threshold,threshold,0.125,0.0625,0.07421875,0.1
32,229,lookup,lookup,0.125,0.15625,0.21875,0.2
32,229,validation_selected,threshold,0.125,0.0625,0.07421875,0.1
32,230,constant,constant,0.46875,0.5,0.53515625,0.5
32,230,threshold,threshold,0.09375,0.0625,0.1015625,0.1
32,230,lookup,lookup,0.09375,0.0625,0.1015625,0.1
32,230,validation_selected,threshold,0.09375,0.0625,0.1015625,0.1
32,231,constant,constant,0.5,0.53125,0.4765625,0.5
32,231,threshold,threshold,0.09375,0.0625,0.1015625,0.1
32,231,lookup,lookup,0.09375,0.0625,0.1015625,0.1
32,231,validation_selected,threshold,0.09375,0.0625,0.1015625,0.1
32,232,constant,constant,0.4375,0.46875,0.45703125,0.5
32,232,threshold,threshold,0.09375,0.125,0.125,0.1
32,232,lookup,lookup,0.09375,0.21875,0.23828125,0.2
32,232,validation_selected,threshold,0.09375,0.125,0.125,0.1
32,233,constant,constant,0.46875,0.40625,0.48828125,0.5
32,233,threshold,threshold,0.09375,0.0625,0.0703125,0.1
32,233,lookup,lookup,0.09375,0.0625,0.0703125,0.1
32,233,validation_selected,threshold,0.09375,0.0625,0.0703125,0.1
32,234,constant,constant,0.34375,0.40625,0.52734375,0.5
32,234,threshold,threshold,0.0625,0.15625,0.2109375,0.2
32,234,lookup,lookup,0.0625,0.15625,0.2109375,0.2
32,234,validation_selected,threshold,0.0625,0.15625,0.2109375,0.2
32,235,constant,constant,0.46875,0.5,0.4921875,0.5
32,235,threshold,threshold,0.125,0.0,0.1171875,0.1
32,235,lookup,lookup,0.125,0.0,0.1171875,0.1
32,235,validation_selected,threshold,0.125,0.0,0.1171875,0.1
32,236,constant,constant,0.46875,0.46875,0.55078125,0.5
32,236,threshold,threshold,0.0625,0.0625,0.06640625,0.1
32,236,lookup,lookup,0.0625,0.0625,0.06640625,0.1
32,236,validation_selected,threshold,0.0625,0.0625,0.06640625,0.1
32,237,constant,constant,0.3125,0.6875,0.51953125,0.5
32,237,threshold,threshold,0.125,0.0,0.07421875,0.1
32,237,lookup,lookup,0.125,0.0,0.07421875,0.1
32,237,validation_selected,threshold,0.125,0.0,0.07421875,0.1
32,238,constant,constant,0.46875,0.4375,0.5625,0.5
32,238,threshold,threshold,0.125,0.15625,0.1015625,0.1
32,238,lookup,lookup,0.125,0.15625,0.1015625,0.1
32,238,validation_selected,threshold,0.125,0.15625,0.1015625,0.1
32,239,constant,constant,0.375,0.625,0.46484375,0.5
32,239,threshold,threshold,0.0625,0.09375,0.0703125,0.1
32,239,lookup,lookup,0.0625,0.09375,0.0703125,0.1
32,239,validation_selected,threshold,0.0625,0.09375,0.0703125,0.1
32,240,constant,constant,0.5,0.5,0.4765625,0.5
32,240,threshold,threshold,0.0625,0.0625,0.06640625,0.1
32,240,lookup,lookup,0.0625,0.0625,0.06640625,0.1
32,240,validation_selected,threshold,0.0625,0.0625,0.06640625,0.1
32,241,constant,constant,0.3125,0.375,0.5078125,0.5
32,241,threshold,threshold,0.125,0.21875,0.19140625,0.2
32,241,lookup,lookup,0.125,0.21875,0.19140625,0.2
32,241,validation_selected,threshold,0.125,0.21875,0.19140625,0.2
32,242,constant,constant,0.5,0.46875,0.453125,0.5
32,242,threshold,threshold,0.0,0.09375,0.078125,0.1
32,242,lookup,lookup,0.0,0.09375,0.078125,0.1
32,242,validation_selected,threshold,0.0,0.09375,0.078125,0.1
32,243,constant,constant,0.40625,0.5,0.484375,0.5
32,243,threshold,threshold,0.0,0.0625,0.08984375,0.1
32,243,lookup,lookup,0.0,0.0625,0.08984375,0.1
32,243,validation_selected,threshold,0.0,0.0625,0.08984375,0.1
32,244,constant,constant,0.5,0.5,0.50390625,0.5
32,244,threshold,threshold,0.09375,0.03125,0.10546875,0.1
32,244,lookup,lookup,0.09375,0.03125,0.10546875,0.1
32,244,validation_selected,threshold,0.09375,0.03125,0.10546875,0.1
32,245,constant,constant,0.4375,0.40625,0.4609375,0.5
32,245,threshold,threshold,0.0625,0.125,0.13671875,0.1
32,245,lookup,lookup,0.0625,0.125,0.13671875,0.1
32,245,validation_selected,threshold,0.0625,0.125,0.13671875,0.1
32,246,constant,constant,0.5,0.65625,0.53515625,0.5
32,246,threshold,threshold,0.09375,0.09375,0.10546875,0.1
32,246,lookup,lookup,0.09375,0.09375,0.10546875,0.1
32,246,validation_selected,threshold,0.09375,0.09375,0.10546875,0.1
32,247,constant,constant,0.375,0.5,0.54296875,0.5
32,247,threshold,threshold,0.09375,0.1875,0.11328125,0.1
32,247,lookup,lookup,0.09375,0.1875,0.11328125,0.1
32,247,validation_selected,threshold,0.09375,0.1875,0.11328125,0.1
32,248,constant,constant,0.3125,0.40625,0.54296875,0.5
32,248,threshold,threshold,0.03125,0.0625,0.1171875,0.1
32,248,lookup,lookup,0.03125,0.0625,0.1171875,0.1
32,248,validation_selected,threshold,0.03125,0.0625,0.1171875,0.1
32,249,constant,constant,0.5,0.5625,0.5078125,0.5
32,249,threshold,threshold,0.125,0.0625,0.09375,0.1
32,249,lookup,lookup,0.125,0.0625,0.09375,0.1
32,249,validation_selected,threshold,0.125,0.0625,0.09375,0.1
32,250,constant,constant,0.28125,0.75,0.53125,0.5
32,250,threshold,threshold,0.03125,0.28125,0.203125,0.2
32,250,lookup,lookup,0.03125,0.28125,0.203125,0.2
32,250,validation_selected,threshold,0.03125,0.28125,0.203125,0.2
32,251,constant,constant,0.40625,0.40625,0.5,0.5
32,251,threshold,threshold,0.0,0.125,0.07421875,0.1
32,251,lookup,lookup,0.0,0.125,0.07421875,0.1
32,251,validation_selected,threshold,0.0,0.125,0.07421875,0.1
32,252,constant,constant,0.375,0.34375,0.53515625,0.5
32,252,threshold,threshold,0.0625,0.0625,0.125,0.1
32,252,lookup,lookup,0.0625,0.0625,0.125,0.1
32,252,validation_selected,threshold,0.0625,0.0625,0.125,0.1
32,253,constant,constant,0.40625,0.625,0.54296875,0.5
32,253,threshold,threshold,0.0,0.15625,0.08203125,0.1
32,253,lookup,lookup,0.0,0.15625,0.08203125,0.1
32,253,validation_selected,threshold,0.0,0.15625,0.08203125,0.1
32,254,constant,constant,0.28125,0.46875,0.4375,0.5
32,254,threshold,threshold,0.15625,0.125,0.16796875,0.2
32,254,lookup,lookup,0.15625,0.125,0.16796875,0.2
32,254,validation_selected,threshold,0.15625,0.125,0.16796875,0.2
32,255,constant,constant,0.46875,0.59375,0.42578125,0.5
32,255,threshold,threshold,0.125,0.15625,0.05078125,0.1
32,255,lookup,lookup,0.125,0.15625,0.05078125,0.1
32,255,validation_selected,threshold,0.125,0.15625,0.05078125,0.1
32,256,constant,constant,0.34375,0.4375,0.4765625,0.5
32,256,threshold,threshold,0.1875,0.1875,0.1015625,0.1
32,256,lookup,lookup,0.1875,0.1875,0.1015625,0.1
32,256,validation_selected,threshold,0.1875,0.1875,0.1015625,0.1
32,257,constant,constant,0.46875,0.4375,0.5078125,0.5
32,257,threshold,threshold,0.0625,0.0625,0.06640625,0.1
32,257,lookup,lookup,0.0625,0.0625,0.06640625,0.1
32,257,validation_selected,threshold,0.0625,0.0625,0.06640625,0.1
32,258,constant,constant,0.40625,0.53125,0.4765625,0.5
32,258,threshold,threshold,0.15625,0.0625,0.109375,0.1
32,258,lookup,lookup,0.15625,0.0625,0.109375,0.1
32,258,validation_selected,threshold,0.15625,0.0625,0.109375,0.1
32,259,constant,constant,0.3125,0.5,0.4765625,0.5
32,259,threshold,threshold,0.0625,0.09375,0.05859375,0.1
32,259,lookup,lookup,0.0625,0.09375,0.05859375,0.1
32,259,validation_selected,threshold,0.0625,0.09375,0.05859375,0.1
32,260,constant,constant,0.4375,0.625,0.45703125,0.5
32,260,threshold,threshold,0.09375,0.03125,0.109375,0.1
32,260,lookup,lookup,0.09375,0.03125,0.109375,0.1
32,260,validation_selected,threshold,0.09375,0.03125,0.109375,0.1
32,261,constant,constant,0.40625,0.5,0.49609375,0.5
32,261,threshold,threshold,0.03125,0.0625,0.10546875,0.1
32,261,lookup,lookup,0.03125,0.0625,0.10546875,0.1
32,261,validation_selected,threshold,0.03125,0.0625,0.10546875,0.1
32,262,constant,constant,0.375,0.375,0.52734375,0.5
32,262,threshold,threshold,0.125,0.09375,0.13671875,0.1
32,262,lookup,lookup,0.125,0.1875,0.203125,0.2
32,262,validation_selected,threshold,0.125,0.09375,0.13671875,0.1
32,263,constant,constant,0.4375,0.4375,0.46484375,0.5
32,263,threshold,threshold,0.125,0.09375,0.10546875,0.1
32,263,lookup,lookup,0.125,0.09375,0.10546875,0.1
32,263,validation_selected,threshold,0.125,0.09375,0.10546875,0.1
32,264,constant,constant,0.46875,0.59375,0.4765625,0.5
32,264,threshold,threshold,0.125,0.125,0.1015625,0.1
32,264,lookup,lookup,0.125,0.28125,0.18359375,0.2
32,264,validation_selected,threshold,0.125,0.125,0.1015625,0.1
32,265,constant,constant,0.375,0.40625,0.48046875,0.5
32,265,threshold,threshold,0.09375,0.09375,0.06640625,0.1
32,265,lookup,lookup,0.09375,0.09375,0.06640625,0.1
32,265,validation_selected,threshold,0.09375,0.09375,0.06640625,0.1
32,266,constant,constant,0.46875,0.53125,0.48828125,0.5
32,266,threshold,threshold,0.0625,0.09375,0.11328125,0.1
32,266,lookup,lookup,0.0625,0.09375,0.11328125,0.1
32,266,validation_selected,threshold,0.0625,0.09375,0.11328125,0.1
32,267,constant,constant,0.46875,0.5,0.484375,0.5
32,267,threshold,threshold,0.0625,0.09375,0.109375,0.1
32,267,lookup,lookup,0.0625,0.09375,0.109375,0.1
32,267,validation_selected,threshold,0.0625,0.09375,0.109375,0.1
32,268,constant,constant,0.46875,0.4375,0.47265625,0.5
32,268,threshold,threshold,0.15625,0.125,0.1015625,0.1
32,268,lookup,lookup,0.15625,0.21875,0.22265625,0.2
32,268,validation_selected,threshold,0.15625,0.125,0.1015625,0.1
32,269,constant,constant,0.34375,0.4375,0.5078125,0.5
32,269,threshold,threshold,0.1875,0.125,0.11328125,0.1
32,269,lookup,lookup,0.15625,0.1875,0.23046875,0.2
32,269,validation_selected,threshold,0.1875,0.125,0.11328125,0.1
32,270,constant,constant,0.46875,0.40625,0.54296875,0.5
32,270,threshold,threshold,0.0625,0.21875,0.11328125,0.1
32,270,lookup,lookup,0.0625,0.21875,0.11328125,0.1
32,270,validation_selected,threshold,0.0625,0.21875,0.11328125,0.1
32,271,constant,constant,0.5,0.46875,0.46875,0.5
32,271,threshold,threshold,0.03125,0.0625,0.1015625,0.1
32,271,lookup,lookup,0.03125,0.0625,0.1015625,0.1
32,271,validation_selected,threshold,0.03125,0.0625,0.1015625,0.1
32,272,constant,constant,0.46875,0.5625,0.51171875,0.5
32,272,threshold,threshold,0.125,0.0625,0.0703125,0.1
32,272,lookup,lookup,0.125,0.0625,0.0703125,0.1
32,272,validation_selected,threshold,0.125,0.0625,0.0703125,0.1
32,273,constant,constant,0.40625,0.375,0.55859375,0.5
32,273,threshold,threshold,0.125,0.03125,0.09375,0.1
32,273,lookup,lookup,0.125,0.03125,0.09375,0.1
32,273,validation_selected,threshold,0.125,0.03125,0.09375,0.1
32,274,constant,constant,0.34375,0.59375,0.515625,0.5
32,274,threshold,threshold,0.1875,0.125,0.10546875,0.1
32,274,lookup,lookup,0.1875,0.125,0.10546875,0.1
32,274,validation_selected,threshold,0.1875,0.125,0.10546875,0.1
32,275,constant,constant,0.40625,0.5,0.52734375,0.5
32,275,threshold,threshold,0.125,0.03125,0.08984375,0.1
32,275,lookup,lookup,0.125,0.03125,0.08984375,0.1
32,275,validation_selected,threshold,0.125,0.03125,0.08984375,0.1
32,276,constant,constant,0.4375,0.5,0.52734375,0.5
32,276,threshold,threshold,0.125,0.0625,0.1171875,0.1
32,276,lookup,lookup,0.125,0.0625,0.1171875,0.1
32,276,validation_selected,threshold,0.125,0.0625,0.1171875,0.1
32,277,constant,constant,0.4375,0.4375,0.47265625,0.5
32,277,threshold,threshold,0.09375,0.15625,0.09375,0.1
32,277,lookup,lookup,0.09375,0.15625,0.09375,0.1
32,277,validation_selected,threshold,0.09375,0.15625,0.09375,0.1
32,278,constant,constant,0.40625,0.28125,0.5234375,0.5
32,278,threshold,threshold,0.15625,0.03125,0.08984375,0.1
32,278,lookup,lookup,0.15625,0.03125,0.08984375,0.1
32,278,validation_selected,threshold,0.15625,0.03125,0.08984375,0.1
32,279,constant,constant,0.40625,0.46875,0.46875,0.5
32,279,threshold,threshold,0.125,0.03125,0.07421875,0.1
32,279,lookup,lookup,0.125,0.03125,0.07421875,0.1
32,279,validation_selected,threshold,0.125,0.03125,0.07421875,0.1
32,280,constant,constant,0.4375,0.5,0.5234375,0.5
32,280,threshold,threshold,0.03125,0.125,0.1015625,0.1
32,280,lookup,lookup,0.03125,0.125,0.1015625,0.1
32,280,validation_selected,threshold,0.03125,0.125,0.1015625,0.1
32,281,constant,constant,0.46875,0.4375,0.51171875,0.5
32,281,threshold,threshold,0.15625,0.09375,0.08984375,0.1
32,281,lookup,lookup,0.15625,0.1875,0.203125,0.2
32,281,validation_selected,threshold,0.15625,0.09375,0.08984375,0.1
32,282,constant,constant,0.5,0.4375,0.46484375,0.5
32,282,threshold,threshold,0.1875,0.09375,0.09375,0.1
32,282,lookup,lookup,0.1875,0.09375,0.09375,0.1
32,282,validation_selected,threshold,0.1875,0.09375,0.09375,0.1
32,283,constant,constant,0.4375,0.5,0.47265625,0.5
32,283,threshold,threshold,0.125,0.09375,0.0859375,0.1
32,283,lookup,lookup,0.125,0.09375,0.0859375,0.1
32,283,validation_selected,threshold,0.125,0.09375,0.0859375,0.1
32,284,constant,constant,0.46875,0.375,0.50390625,0.5
32,284,threshold,threshold,0.03125,0.0625,0.11328125,0.1
32,284,lookup,lookup,0.03125,0.0625,0.11328125,0.1
32,284,validation_selected,threshold,0.03125,0.0625,0.11328125,0.1
32,285,constant,constant,0.40625,0.4375,0.48828125,0.5
32,285,threshold,threshold,0.09375,0.0625,0.140625,0.1
32,285,lookup,lookup,0.09375,0.0625,0.140625,0.1
32,285,validation_selected,threshold,0.09375,0.0625,0.140625,0.1
32,286,constant,constant,0.46875,0.5625,0.46484375,0.5
32,286,threshold,threshold,0.03125,0.09375,0.109375,0.1
32,286,lookup,lookup,0.03125,0.09375,0.109375,0.1
32,286,validation_selected,threshold,0.03125,0.09375,0.109375,0.1
32,287,constant,constant,0.46875,0.34375,0.5078125,0.5
32,287,threshold,threshold,0.0625,0.125,0.125,0.1
32,287,lookup,lookup,0.0625,0.125,0.125,0.1
32,287,validation_selected,threshold,0.0625,0.125,0.125,0.1
32,288,constant,constant,0.5,0.4375,0.56640625,0.5
32,288,threshold,threshold,0.125,0.03125,0.10546875,0.1
32,288,lookup,lookup,0.125,0.03125,0.10546875,0.1
32,288,validation_selected,threshold,0.125,0.03125,0.10546875,0.1
32,289,constant,constant,0.40625,0.40625,0.5390625,0.5
32,289,threshold,threshold,0.09375,0.0625,0.09765625,0.1
32,289,lookup,lookup,0.09375,0.0625,0.09765625,0.1
32,289,validation_selected,threshold,0.09375,0.0625,0.09765625,0.1
32,290,constant,constant,0.4375,0.53125,0.5234375,0.5
32,290,threshold,threshold,0.1875,0.0625,0.1171875,0.1
32,290,lookup,lookup,0.15625,0.125,0.21484375,0.2
32,290,validation_selected,threshold,0.1875,0.0625,0.1171875,0.1
32,291,constant,constant,0.40625,0.53125,0.48828125,0.5
32,291,threshold,threshold,0.0625,0.125,0.1015625,0.1
32,291,lookup,lookup,0.0625,0.25,0.19140625,0.2
32,291,validation_selected,threshold,0.0625,0.125,0.1015625,0.1
32,292,constant,constant,0.4375,0.5625,0.5234375,0.5
32,292,threshold,threshold,0.09375,0.15625,0.046875,0.1
32,292,lookup,lookup,0.09375,0.15625,0.046875,0.1
32,292,validation_selected,threshold,0.09375,0.15625,0.046875,0.1
32,293,constant,constant,0.375,0.625,0.50390625,0.5
32,293,threshold,threshold,0.15625,0.1875,0.19140625,0.2
32,293,lookup,lookup,0.15625,0.1875,0.19140625,0.2
32,293,validation_selected,threshold,0.15625,0.1875,0.19140625,0.2
32,294,constant,constant,0.46875,0.5625,0.44921875,0.5
32,294,threshold,threshold,0.03125,0.0625,0.13671875,0.1
32,294,lookup,lookup,0.03125,0.1875,0.20703125,0.2
32,294,validation_selected,threshold,0.03125,0.0625,0.13671875,0.1
32,295,constant,constant,0.46875,0.625,0.46484375,0.5
32,295,threshold,threshold,0.0625,0.125,0.1171875,0.1
32,295,lookup,lookup,0.0625,0.125,0.1171875,0.1
32,295,validation_selected,threshold,0.0625,0.125,0.1171875,0.1
32,296,constant,constant,0.40625,0.53125,0.47265625,0.5
32,296,threshold,threshold,0.0,0.09375,0.109375,0.1
32,296,lookup,lookup,0.0,0.09375,0.109375,0.1
32,296,validation_selected,threshold,0.0,0.09375,0.109375,0.1
32,297,constant,constant,0.40625,0.59375,0.4296875,0.5
32,297,threshold,threshold,0.03125,0.09375,0.08984375,0.1
32,297,lookup,lookup,0.03125,0.09375,0.08984375,0.1
32,297,validation_selected,threshold,0.03125,0.09375,0.08984375,0.1
32,298,constant,constant,0.4375,0.375,0.515625,0.5
32,298,threshold,threshold,0.0625,0.1875,0.16015625,0.2
32,298,lookup,lookup,0.0625,0.1875,0.16015625,0.2
32,298,validation_selected,threshold,0.0625,0.1875,0.16015625,0.2
32,299,constant,constant,0.40625,0.53125,0.515625,0.5
32,299,threshold,threshold,0.15625,0.21875,0.18359375,0.2
32,299,lookup,lookup,0.15625,0.21875,0.18359375,0.2
32,299,validation_selected,threshold,0.15625,0.21875,0.18359375,0.2
32,300,constant,constant,0.375,0.625,0.45703125,0.5
32,300,threshold,threshold,0.15625,0.125,0.09375,0.1
32,300,lookup,lookup,0.15625,0.25,0.1953125,0.2
32,300,validation_selected,threshold,0.15625,0.125,0.09375,0.1
32,301,constant,constant,0.46875,0.625,0.46484375,0.5
32,301,threshold,threshold,0.03125,0.25,0.203125,0.2
32,301,lookup,lookup,0.03125,0.25,0.203125,0.2
32,301,validation_selected,threshold,0.03125,0.25,0.203125,0.2
32,302,constant,constant,0.4375,0.65625,0.4921875,0.5
32,302,threshold,threshold,0.0,0.125,0.08984375,0.1
32,302,lookup,lookup,0.0,0.125,0.08984375,0.1
32,302,validation_selected,threshold,0.0,0.125,0.08984375,0.1
32,303,constant,constant,0.3125,0.46875,0.46875,0.5
32,303,threshold,threshold,0.0625,0.15625,0.0703125,0.1
32,303,lookup,lookup,0.0625,0.15625,0.0703125,0.1
32,303,validation_selected,threshold,0.0625,0.15625,0.0703125,0.1
32,304,constant,constant,0.40625,0.375,0.46484375,0.5
32,304,threshold,threshold,0.1875,0.0625,0.0859375,0.1
32,304,lookup,lookup,0.1875,0.1875,0.27734375,0.3
32,304,validation_selected,threshold,0.1875,0.0625,0.0859375,0.1
32,305,constant,constant,0.46875,0.4375,0.4609375,0.5
32,305,threshold,threshold,0.09375,0.0625,0.10546875,0.1
32,305,lookup,lookup,0.09375,0.0625,0.10546875,0.1
32,305,validation_selected,threshold,0.09375,0.0625,0.10546875,0.1
32,306,constant,constant,0.5,0.6875,0.515625,0.5
32,306,threshold,threshold,0.09375,0.1875,0.09765625,0.1
32,306,lookup,lookup,0.09375,0.1875,0.09765625,0.1
32,306,validation_selected,threshold,0.09375,0.1875,0.09765625,0.1
32,307,constant,constant,0.46875,0.375,0.48046875,0.5
32,307,threshold,threshold,0.15625,0.125,0.11328125,0.1
32,307,lookup,lookup,0.125,0.25,0.23046875,0.2
32,307,validation_selected,threshold,0.15625,0.125,0.11328125,0.1
32,308,constant,constant,0.34375,0.625,0.5078125,0.5
32,308,threshold,threshold,0.09375,0.15625,0.1328125,0.1
32,308,lookup,lookup,0.0625,0.28125,0.19921875,0.2
32,308,validation_selected,threshold,0.09375,0.15625,0.1328125,0.1
32,309,constant,constant,0.3125,0.4375,0.46875,0.5
32,309,threshold,threshold,0.0625,0.0625,0.078125,0.1
32,309,lookup,lookup,0.0625,0.15625,0.16796875,0.2
32,309,validation_selected,threshold,0.0625,0.0625,0.078125,0.1
32,310,constant,constant,0.34375,0.46875,0.5078125,0.5
32,310,threshold,threshold,0.0,0.09375,0.09375,0.1
32,310,lookup,lookup,0.0,0.09375,0.09375,0.1
32,310,validation_selected,threshold,0.0,0.09375,0.09375,0.1
32,311,constant,constant,0.34375,0.5,0.47265625,0.5
32,311,threshold,threshold,0.125,0.09375,0.1015625,0.1
32,311,lookup,lookup,0.125,0.09375,0.1015625,0.1
32,311,validation_selected,threshold,0.125,0.09375,0.1015625,0.1
32,312,constant,constant,0.46875,0.40625,0.484375,0.5
32,312,threshold,threshold,0.09375,0.21875,0.19140625,0.2
32,312,lookup,lookup,0.09375,0.21875,0.19140625,0.2
32,312,validation_selected,threshold,0.09375,0.21875,0.19140625,0.2
32,313,constant,constant,0.375,0.46875,0.45703125,0.5
32,313,threshold,threshold,0.0,0.0625,0.11328125,0.1
32,313,lookup,lookup,0.0,0.0625,0.11328125,0.1
32,313,validation_selected,threshold,0.0,0.0625,0.11328125,0.1
32,314,constant,constant,0.5,0.65625,0.48828125,0.5
32,314,threshold,threshold,0.09375,0.03125,0.09765625,0.1
32,314,lookup,lookup,0.09375,0.1875,0.171875,0.2
32,314,validation_selected,threshold,0.09375,0.03125,0.09765625,0.1
32,315,constant,constant,0.5,0.4375,0.48046875,0.5
32,315,threshold,threshold,0.0625,0.15625,0.09375,0.1
32,315,lookup,lookup,0.0625,0.1875,0.16796875,0.2
32,315,validation_selected,threshold,0.0625,0.15625,0.09375,0.1
32,316,constant,constant,0.375,0.40625,0.51171875,0.5
32,316,threshold,threshold,0.125,0.0,0.08984375,0.1
32,316,lookup,lookup,0.125,0.0,0.08984375,0.1
32,316,validation_selected,threshold,0.125,0.0,0.08984375,0.1
32,317,constant,constant,0.40625,0.53125,0.48828125,0.5
32,317,threshold,threshold,0.09375,0.125,0.08203125,0.1
32,317,lookup,lookup,0.09375,0.125,0.08203125,0.1
32,317,validation_selected,threshold,0.09375,0.125,0.08203125,0.1
32,318,constant,constant,0.34375,0.4375,0.5546875,0.5
32,318,threshold,threshold,0.03125,0.25,0.2265625,0.2
32,318,lookup,lookup,0.03125,0.25,0.2265625,0.2
32,318,validation_selected,threshold,0.03125,0.25,0.2265625,0.2
32,319,constant,constant,0.5,0.5,0.484375,0.5
32,319,threshold,threshold,0.15625,0.125,0.09765625,0.1
32,319,lookup,lookup,0.15625,0.125,0.234375,0.2
32,319,validation_selected,threshold,0.15625,0.125,0.09765625,0.1
32,320,constant,constant,0.3125,0.53125,0.44921875,0.5
32,320,threshold,threshold,0.15625,0.34375,0.30859375,0.3
32,320,lookup,lookup,0.15625,0.34375,0.30859375,0.3
32,320,validation_selected,threshold,0.15625,0.34375,0.30859375,0.3
32,321,constant,constant,0.46875,0.625,0.5078125,0.5
32,321,threshold,threshold,0.21875,0.1875,0.09375,0.1
32,321,lookup,lookup,0.1875,0.25,0.19921875,0.2
32,321,validation_selected,threshold,0.21875,0.1875,0.09375,0.1
32,322,constant,constant,0.46875,0.46875,0.53515625,0.5
32,322,threshold,threshold,0.03125,0.125,0.07421875,0.1
32,322,lookup,lookup,0.03125,0.125,0.07421875,0.1
32,322,validation_selected,threshold,0.03125,0.125,0.07421875,0.1
32,323,constant,constant,0.46875,0.59375,0.5078125,0.5
32,323,threshold,threshold,0.25,0.09375,0.12109375,0.1
32,323,lookup,lookup,0.21875,0.25,0.2265625,0.2
32,323,validation_selected,threshold,0.25,0.09375,0.12109375,0.1
32,324,constant,constant,0.375,0.59375,0.4765625,0.5
32,324,threshold,threshold,0.1875,0.25,0.11328125,0.1
32,324,lookup,lookup,0.1875,0.25,0.11328125,0.1
32,324,validation_selected,threshold,0.1875,0.25,0.11328125,0.1
32,325,constant,constant,0.46875,0.4375,0.48046875,0.5
32,325,threshold,threshold,0.125,0.0625,0.06640625,0.1
32,325,lookup,lookup,0.125,0.0625,0.15625,0.2
32,325,validation_selected,threshold,0.125,0.0625,0.06640625,0.1
32,326,constant,constant,0.5,0.40625,0.5078125,0.5
32,326,threshold,threshold,0.09375,0.0,0.09375,0.1
32,326,lookup,lookup,0.09375,0.0,0.09375,0.1
32,326,validation_selected,threshold,0.09375,0.0,0.09375,0.1
32,327,constant,constant,0.40625,0.5625,0.48828125,0.5
32,327,threshold,threshold,0.15625,0.125,0.09765625,0.1
32,327,lookup,lookup,0.15625,0.125,0.09765625,0.1
32,327,validation_selected,threshold,0.15625,0.125,0.09765625,0.1
32,328,constant,constant,0.4375,0.59375,0.4921875,0.5
32,328,threshold,threshold,0.03125,0.125,0.09375,0.1
32,328,lookup,lookup,0.03125,0.25,0.1953125,0.2
32,328,validation_selected,threshold,0.03125,0.125,0.09375,0.1
32,329,constant,constant,0.40625,0.5625,0.515625,0.5
32,329,threshold,threshold,0.15625,0.125,0.1015625,0.1
32,329,lookup,lookup,0.15625,0.25,0.23046875,0.2
32,329,validation_selected,threshold,0.15625,0.125,0.1015625,0.1
32,330,constant,constant,0.4375,0.4375,0.49609375,0.5
32,330,threshold,threshold,0.09375,0.1875,0.09375,0.1
32,330,lookup,lookup,0.09375,0.25,0.2109375,0.2
32,330,validation_selected,threshold,0.09375,0.1875,0.09375,0.1
32,331,constant,constant,0.46875,0.46875,0.5234375,0.5
32,331,threshold,threshold,0.0625,0.0625,0.0859375,0.1
32,331,lookup,lookup,0.0625,0.0625,0.0859375,0.1
32,331,validation_selected,threshold,0.0625,0.0625,0.0859375,0.1
32,332,constant,constant,0.5,0.34375,0.484375,0.5
32,332,threshold,threshold,0.03125,0.15625,0.11328125,0.1
32,332,lookup,lookup,0.03125,0.15625,0.11328125,0.1
32,332,validation_selected,threshold,0.03125,0.15625,0.11328125,0.1
32,333,constant,constant,0.40625,0.5625,0.515625,0.5
32,333,threshold,threshold,0.15625,0.15625,0.06640625,0.1
32,333,lookup,lookup,0.15625,0.15625,0.06640625,0.1
32,333,validation_selected,threshold,0.15625,0.15625,0.06640625,0.1
32,334,constant,constant,0.4375,0.375,0.51171875,0.5
32,334,threshold,threshold,0.125,0.28125,0.08203125,0.1
32,334,lookup,lookup,0.125,0.28125,0.08203125,0.1
32,334,validation_selected,threshold,0.125,0.28125,0.08203125,0.1
32,335,constant,constant,0.5,0.34375,0.51171875,0.5
32,335,threshold,threshold,0.03125,0.1875,0.11328125,0.1
32,335,lookup,lookup,0.03125,0.1875,0.11328125,0.1
32,335,validation_selected,threshold,0.03125,0.1875,0.11328125,0.1
32,336,constant,constant,0.4375,0.53125,0.453125,0.5
32,336,threshold,threshold,0.09375,0.15625,0.11328125,0.1
32,336,lookup,lookup,0.09375,0.34375,0.21484375,0.2
32,336,validation_selected,threshold,0.09375,0.15625,0.11328125,0.1
32,337,constant,constant,0.5,0.53125,0.51171875,0.5
32,337,threshold,threshold,0.09375,0.28125,0.20703125,0.2
32,337,lookup,lookup,0.09375,0.28125,0.20703125,0.2
32,337,validation_selected,threshold,0.09375,0.28125,0.20703125,0.2
32,338,constant,constant,0.375,0.5,0.49609375,0.5
32,338,threshold,threshold,0.0625,0.125,0.12109375,0.1
32,338,lookup,lookup,0.0625,0.125,0.12109375,0.1
32,338,validation_selected,threshold,0.0625,0.125,0.12109375,0.1
32,339,constant,constant,0.40625,0.53125,0.52734375,0.5
32,339,threshold,threshold,0.0625,0.03125,0.109375,0.1
32,339,lookup,lookup,0.0625,0.03125,0.109375,0.1
32,339,validation_selected,threshold,0.0625,0.03125,0.109375,0.1
32,340,constant,constant,0.25,0.53125,0.46875,0.5
32,340,threshold,threshold,0.0625,0.03125,0.11328125,0.1
32,340,lookup,lookup,0.0625,0.03125,0.11328125,0.1
32,340,validation_selected,threshold,0.0625,0.03125,0.11328125,0.1
32,341,constant,constant,0.375,0.5625,0.5078125,0.5
32,341,threshold,threshold,0.125,0.09375,0.12890625,0.1
32,341,lookup,lookup,0.09375,0.1875,0.21875,0.2
32,341,validation_selected,threshold,0.125,0.09375,0.12890625,0.1
32,342,constant,constant,0.46875,0.53125,0.4453125,0.5
32,342,threshold,threshold,0.09375,0.0625,0.1328125,0.1
32,342,lookup,lookup,0.09375,0.0625,0.1328125,0.1
32,342,validation_selected,threshold,0.09375,0.0625,0.1328125,0.1
32,343,constant,constant,0.34375,0.53125,0.5234375,0.5
32,343,threshold,threshold,0.125,0.0,0.09375,0.1
32,343,lookup,lookup,0.125,0.0,0.09375,0.1
32,343,validation_selected,threshold,0.125,0.0,0.09375,0.1
32,344,constant,constant,0.40625,0.53125,0.4765625,0.5
32,344,threshold,threshold,0.0625,0.1875,0.13671875,0.1
32,344,lookup,lookup,0.0625,0.1875,0.13671875,0.1
32,344,validation_selected,threshold,0.0625,0.1875,0.13671875,0.1
32,345,constant,constant,0.40625,0.46875,0.44140625,0.5
32,345,threshold,threshold,0.15625,0.03125,0.13671875,0.1
32,345,lookup,lookup,0.125,0.15625,0.18359375,0.2
32,345,validation_selected,threshold,0.15625,0.03125,0.13671875,0.1
32,346,constant,constant,0.5,0.59375,0.546875,0.5
32,346,threshold,threshold,0.0625,0.0625,0.0859375,0.1
32,346,lookup,lookup,0.0625,0.0625,0.0859375,0.1
32,346,validation_selected,threshold,0.0625,0.0625,0.0859375,0.1
32,347,constant,constant,0.375,0.46875,0.52734375,0.5
32,347,threshold,threshold,0.125,0.03125,0.0859375,0.1
32,347,lookup,lookup,0.125,0.09375,0.1875,0.2
32,347,validation_selected,threshold,0.125,0.03125,0.0859375,0.1
32,348,constant,constant,0.4375,0.53125,0.50390625,0.5
32,348,threshold,threshold,0.03125,0.03125,0.0859375,0.1
32,348,lookup,lookup,0.03125,0.03125,0.0859375,0.1
32,348,validation_selected,threshold,0.03125,0.03125,0.0859375,0.1
32,349,constant,constant,0.40625,0.53125,0.56640625,0.5
32,349,threshold,threshold,0.0,0.09375,0.09765625,0.1
32,349,lookup,lookup,0.0,0.09375,0.09765625,0.1
32,349,validation_selected,threshold,0.0,0.09375,0.09765625,0.1
32,350,constant,constant,0.40625,0.40625,0.43359375,0.5
32,350,threshold,threshold,0.09375,0.09375,0.109375,0.1
32,350,lookup,lookup,0.09375,0.09375,0.109375,0.1
32,350,validation_selected,threshold,0.09375,0.09375,0.109375,0.1
32,351,constant,constant,0.46875,0.46875,0.5078125,0.5
32,351,threshold,threshold,0.125,0.0625,0.09375,0.1
32,351,lookup,lookup,0.125,0.0625,0.09375,0.1
32,351,validation_selected,threshold,0.125,0.0625,0.09375,0.1
32,352,constant,constant,0.46875,0.5,0.5078125,0.5
32,352,threshold,threshold,0.125,0.09375,0.0859375,0.1
32,352,lookup,lookup,0.125,0.21875,0.18359375,0.2
32,352,validation_selected,threshold,0.125,0.09375,0.0859375,0.1
32,353,constant,constant,0.375,0.5,0.47265625,0.5
32,353,threshold,threshold,0.0625,0.09375,0.09765625,0.1
32,353,lookup,lookup,0.0625,0.09375,0.09765625,0.1
32,353,validation_selected,threshold,0.0625,0.09375,0.09765625,0.1
32,354,constant,constant,0.40625,0.4375,0.48828125,0.5
32,354,threshold,threshold,0.0625,0.09375,0.09375,0.1
32,354,lookup,lookup,0.0625,0.09375,0.09375,0.1
32,354,validation_selected,threshold,0.0625,0.09375,0.09375,0.1
32,355,constant,constant,0.40625,0.65625,0.484375,0.5
32,355,threshold,threshold,0.0625,0.1875,0.08203125,0.1
32,355,lookup,lookup,0.03125,0.21875,0.20703125,0.2
32,355,validation_selected,threshold,0.0625,0.1875,0.08203125,0.1
32,356,constant,constant,0.4375,0.6875,0.5,0.5
32,356,threshold,threshold,0.125,0.15625,0.09765625,0.1
32,356,lookup,lookup,0.125,0.15625,0.09765625,0.1
32,356,validation_selected,threshold,0.125,0.15625,0.09765625,0.1
32,357,constant,constant,0.40625,0.46875,0.5546875,0.5
32,357,threshold,threshold,0.15625,0.15625,0.09765625,0.1
32,357,lookup,lookup,0.15625,0.21875,0.21484375,0.2
32,357,validation_selected,threshold,0.15625,0.15625,0.09765625,0.1
32,358,constant,constant,0.375,0.5,0.42578125,0.5
32,358,threshold,threshold,0.125,0.09375,0.08203125,0.1
32,358,lookup,lookup,0.125,0.09375,0.08203125,0.1
32,358,validation_selected,threshold,0.125,0.09375,0.08203125,0.1
32,359,constant,constant,0.375,0.5625,0.55859375,0.5
32,359,threshold,threshold,0.0625,0.03125,0.0859375,0.1
32,359,lookup,lookup,0.0625,0.03125,0.0859375,0.1
32,359,validation_selected,threshold,0.0625,0.03125,0.0859375,0.1
32,360,constant,constant,0.40625,0.5,0.49609375,0.5
32,360,threshold,threshold,0.09375,0.09375,0.1015625,0.1
32,360,lookup,lookup,0.09375,0.09375,0.1015625,0.1
32,360,validation_selected,threshold,0.09375,0.09375,0.1015625,0.1
32,361,constant,constant,0.34375,0.375,0.53125,0.5
32,361,threshold,threshold,0.0625,0.0625,0.078125,0.1
32,361,lookup,lookup,0.0625,0.0625,0.078125,0.1
32,361,validation_selected,threshold,0.0625,0.0625,0.078125,0.1
32,362,constant,constant,0.4375,0.5,0.4921875,0.5
32,362,threshold,threshold,0.0625,0.0625,0.1015625,0.1
32,362,lookup,lookup,0.0625,0.0625,0.1015625,0.1
32,362,validation_selected,threshold,0.0625,0.0625,0.1015625,0.1
32,363,constant,constant,0.40625,0.4375,0.53125,0.5
32,363,threshold,threshold,0.125,0.09375,0.09375,0.1
32,363,lookup,lookup,0.125,0.15625,0.1953125,0.2
32,363,validation_selected,threshold,0.125,0.09375,0.09375,0.1
32,364,constant,constant,0.375,0.40625,0.5546875,0.5
32,364,threshold,threshold,0.0625,0.09375,0.1171875,0.1
32,364,lookup,lookup,0.0625,0.09375,0.1171875,0.1
32,364,validation_selected,threshold,0.0625,0.09375,0.1171875,0.1
32,365,constant,constant,0.5,0.46875,0.52734375,0.5
32,365,threshold,threshold,0.125,0.125,0.09765625,0.1
32,365,lookup,lookup,0.125,0.125,0.09765625,0.1
32,365,validation_selected,threshold,0.125,0.125,0.09765625,0.1
32,366,constant,constant,0.5,0.53125,0.5859375,0.5
32,366,threshold,threshold,0.125,0.125,0.0859375,0.1
32,366,lookup,lookup,0.125,0.125,0.0859375,0.1
32,366,validation_selected,threshold,0.125,0.125,0.0859375,0.1
32,367,constant,constant,0.28125,0.59375,0.5,0.5
32,367,threshold,threshold,0.125,0.125,0.06640625,0.1
32,367,lookup,lookup,0.125,0.125,0.06640625,0.1
32,367,validation_selected,threshold,0.125,0.125,0.06640625,0.1
32,368,constant,constant,0.46875,0.40625,0.484375,0.5
32,368,threshold,threshold,0.09375,0.15625,0.19140625,0.2
32,368,lookup,lookup,0.09375,0.15625,0.19140625,0.2
32,368,validation_selected,threshold,0.09375,0.15625,0.19140625,0.2
32,369,constant,constant,0.40625,0.4375,0.48046875,0.5
32,369,threshold,threshold,0.0625,0.09375,0.10546875,0.1
32,369,lookup,lookup,0.0625,0.09375,0.10546875,0.1
32,369,validation_selected,threshold,0.0625,0.09375,0.10546875,0.1
32,370,constant,constant,0.46875,0.5,0.48828125,0.5
32,370,threshold,threshold,0.09375,0.09375,0.1015625,0.1
32,370,lookup,lookup,0.09375,0.09375,0.1015625,0.1
32,370,validation_selected,threshold,0.09375,0.09375,0.1015625,0.1
32,371,constant,constant,0.375,0.625,0.5,0.5
32,371,threshold,threshold,0.03125,0.1875,0.1171875,0.1
32,371,lookup,lookup,0.03125,0.1875,0.1171875,0.1
32,371,validation_selected,threshold,0.03125,0.1875,0.1171875,0.1
32,372,constant,constant,0.4375,0.40625,0.50390625,0.5
32,372,threshold,threshold,0.125,0.09375,0.1015625,0.1
32,372,lookup,lookup,0.125,0.03125,0.19140625,0.2
32,372,validation_selected,lookup,0.125,0.03125,0.19140625,0.2
32,373,constant,constant,0.46875,0.5,0.54296875,0.5
32,373,threshold,threshold,0.1875,0.125,0.14453125,0.1
32,373,lookup,lookup,0.1875,0.28125,0.234375,0.2
32,373,validation_selected,threshold,0.1875,0.125,0.14453125,0.1
32,374,constant,constant,0.40625,0.59375,0.51953125,0.5
32,374,threshold,threshold,0.09375,0.125,0.078125,0.1
32,374,lookup,lookup,0.09375,0.125,0.078125,0.1
32,374,validation_selected,threshold,0.09375,0.125,0.078125,0.1
32,375,constant,constant,0.46875,0.625,0.54296875,0.5
32,375,threshold,threshold,0.15625,0.21875,0.1015625,0.1
32,375,lookup,lookup,0.15625,0.21875,0.1015625,0.1
32,375,validation_selected,threshold,0.15625,0.21875,0.1015625,0.1
32,376,constant,constant,0.4375,0.46875,0.45703125,0.5
32,376,threshold,threshold,0.09375,0.0,0.08203125,0.1
32,376,lookup,lookup,0.09375,0.0,0.08203125,0.1
32,376,validation_selected,threshold,0.09375,0.0,0.08203125,0.1
32,377,constant,constant,0.5,0.46875,0.48046875,0.5
32,377,threshold,threshold,0.0625,0.09375,0.1015625,0.1
32,377,lookup,lookup,0.0625,0.09375,0.1015625,0.1
32,377,validation_selected,threshold,0.0625,0.09375,0.1015625,0.1
32,378,constant,constant,0.40625,0.46875,0.484375,0.5
32,378,threshold,threshold,0.09375,0.09375,0.09765625,0.1
32,378,lookup,lookup,0.09375,0.09375,0.09765625,0.1
32,378,validation_selected,threshold,0.09375,0.09375,0.09765625,0.1
32,379,constant,constant,0.5,0.4375,0.49609375,0.5
32,379,threshold,threshold,0.0,0.09375,0.1171875,0.1
32,379,lookup,lookup,0.0,0.09375,0.1171875,0.1
32,379,validation_selected,threshold,0.0,0.09375,0.1171875,0.1
32,380,constant,constant,0.5,0.625,0.49609375,0.5
32,380,threshold,threshold,0.09375,0.09375,0.07421875,0.1
32,380,lookup,lookup,0.09375,0.09375,0.07421875,0.1
32,380,validation_selected,threshold,0.09375,0.09375,0.07421875,0.1
32,381,constant,constant,0.375,0.5625,0.51171875,0.5
32,381,threshold,threshold,0.1875,0.09375,0.125,0.1
32,381,lookup,lookup,0.125,0.15625,0.2109375,0.2
32,381,validation_selected,threshold,0.1875,0.09375,0.125,0.1
32,382,constant,constant,0.46875,0.46875,0.53515625,0.5
32,382,threshold,threshold,0.09375,0.0,0.1015625,0.1
32,382,lookup,lookup,0.09375,0.0,0.1015625,0.1
32,382,validation_selected,threshold,0.09375,0.0,0.1015625,0.1
32,383,constant,constant,0.46875,0.4375,0.55078125,0.5
32,383,threshold,threshold,0.09375,0.25,0.109375,0.1
32,383,lookup,lookup,0.09375,0.28125,0.22265625,0.2
32,383,validation_selected,threshold,0.09375,0.25,0.109375,0.1
32,384,constant,constant,0.4375,0.5,0.49609375,0.5
32,384,threshold,threshold,0.15625,0.09375,0.1171875,0.1
32,384,lookup,lookup,0.125,0.1875,0.203125,0.2
32,384,validation_selected,threshold,0.15625,0.09375,0.1171875,0.1
32,385,constant,constant,0.40625,0.4375,0.5078125,0.5
32,385,threshold,threshold,0.09375,0.09375,0.11328125,0.1
32,385,lookup,lookup,0.09375,0.09375,0.11328125,0.1
32,385,validation_selected,threshold,0.09375,0.09375,0.11328125,0.1
32,386,constant,constant,0.40625,0.46875,0.48828125,0.5
32,386,threshold,threshold,0.09375,0.1875,0.09765625,0.1
32,386,lookup,lookup,0.09375,0.1875,0.09765625,0.1
32,386,validation_selected,threshold,0.09375,0.1875,0.09765625,0.1
32,387,constant,constant,0.46875,0.625,0.48046875,0.5
32,387,threshold,threshold,0.0625,0.09375,0.12109375,0.1
32,387,lookup,lookup,0.0625,0.09375,0.12109375,0.1
32,387,validation_selected,threshold,0.0625,0.09375,0.12109375,0.1
32,388,constant,constant,0.4375,0.53125,0.51953125,0.5
32,388,threshold,threshold,0.0625,0.0625,0.08203125,0.1
32,388,lookup,lookup,0.0625,0.0625,0.08203125,0.1
32,388,validation_selected,threshold,0.0625,0.0625,0.08203125,0.1
32,389,constant,constant,0.4375,0.375,0.49609375,0.5
32,389,threshold,threshold,0.15625,0.03125,0.0859375,0.1
32,389,lookup,lookup,0.15625,0.03125,0.0859375,0.1
32,389,validation_selected,threshold,0.15625,0.03125,0.0859375,0.1
32,390,constant,constant,0.5,0.625,0.515625,0.5
32,390,threshold,threshold,0.03125,0.09375,0.12109375,0.1
32,390,lookup,lookup,0.03125,0.09375,0.12109375,0.1
32,390,validation_selected,threshold,0.03125,0.09375,0.12109375,0.1
32,391,constant,constant,0.4375,0.46875,0.5078125,0.5
32,391,threshold,threshold,0.1875,0.15625,0.2109375,0.2
32,391,lookup,lookup,0.1875,0.375,0.35546875,0.3
32,391,validation_selected,threshold,0.1875,0.15625,0.2109375,0.2
32,392,constant,constant,0.3125,0.53125,0.46875,0.5
32,392,threshold,threshold,0.15625,0.125,0.1328125,0.1
32,392,lookup,lookup,0.09375,0.1875,0.1953125,0.2
32,392,validation_selected,threshold,0.15625,0.125,0.1328125,0.1
32,393,constant,constant,0.5,0.46875,0.4375,0.5
32,393,threshold,threshold,0.0625,0.09375,0.08984375,0.1
32,393,lookup,lookup,0.0625,0.09375,0.08984375,0.1
32,393,validation_selected,threshold,0.0625,0.09375,0.08984375,0.1
32,394,constant,constant,0.4375,0.5625,0.49609375,0.5
32,394,threshold,threshold,0.03125,0.03125,0.1171875,0.1
32,394,lookup,lookup,0.03125,0.03125,0.1171875,0.1
32,394,validation_selected,threshold,0.03125,0.03125,0.1171875,0.1
32,395,constant,constant,0.46875,0.28125,0.4453125,0.5
32,395,threshold,threshold,0.125,0.1875,0.05859375,0.1
32,395,lookup,lookup,0.125,0.25,0.12890625,0.2
32,395,validation_selected,threshold,0.125,0.1875,0.05859375,0.1
32,396,constant,constant,0.46875,0.40625,0.4921875,0.5
32,396,threshold,threshold,0.1875,0.0,0.109375,0.1
32,396,lookup,lookup,0.1875,0.0,0.109375,0.1
32,396,validation_selected,threshold,0.1875,0.0,0.109375,0.1
32,397,constant,constant,0.34375,0.75,0.49609375,0.5
32,397,threshold,threshold,0.0625,0.0625,0.08203125,0.1
32,397,lookup,lookup,0.0625,0.0625,0.08203125,0.1
32,397,validation_selected,threshold,0.0625,0.0625,0.08203125,0.1
32,398,constant,constant,0.4375,0.5625,0.515625,0.5
32,398,threshold,threshold,0.25,0.28125,0.3046875,0.3
32,398,lookup,lookup,0.15625,0.28125,0.296875,0.3
32,398,validation_selected,threshold,0.25,0.28125,0.3046875,0.3
32,399,constant,constant,0.34375,0.5,0.56640625,0.5
32,399,threshold,threshold,0.09375,0.0625,0.08984375,0.1
32,399,lookup,lookup,0.09375,0.0625,0.08984375,0.1
32,399,validation_selected,threshold,0.09375,0.0625,0.08984375,0.1
32,400,constant,constant,0.34375,0.4375,0.515625,0.5
32,400,threshold,threshold,0.09375,0.09375,0.09375,0.1
32,400,lookup,lookup,0.09375,0.21875,0.18359375,0.2
32,400,validation_selected,threshold,0.09375,0.09375,0.09375,0.1
32,401,constant,constant,0.3125,0.53125,0.49609375,0.5
32,401,threshold,threshold,0.09375,0.15625,0.21875,0.2
32,401,lookup,lookup,0.09375,0.1875,0.296875,0.3
32,401,validation_selected,threshold,0.09375,0.15625,0.21875,0.2
32,402,constant,constant,0.40625,0.5625,0.48046875,0.5
32,402,threshold,threshold,0.25,0.15625,0.1015625,0.1
32,402,lookup,lookup,0.25,0.15625,0.1015625,0.1
32,402,validation_selected,threshold,0.25,0.15625,0.1015625,0.1
32,403,constant,constant,0.46875,0.5625,0.4921875,0.5
32,403,threshold,threshold,0.125,0.15625,0.078125,0.1
32,403,lookup,lookup,0.125,0.15625,0.078125,0.1
32,403,validation_selected,threshold,0.125,0.15625,0.078125,0.1
32,404,constant,constant,0.5,0.40625,0.5,0.5
32,404,threshold,threshold,0.0625,0.125,0.078125,0.1
32,404,lookup,lookup,0.0625,0.125,0.078125,0.1
32,404,validation_selected,threshold,0.0625,0.125,0.078125,0.1
32,405,constant,constant,0.34375,0.53125,0.5078125,0.5
32,405,threshold,threshold,0.09375,0.0625,0.08203125,0.1
32,405,lookup,lookup,0.09375,0.1875,0.19140625,0.2
32,405,validation_selected,threshold,0.09375,0.0625,0.08203125,0.1
32,406,constant,constant,0.5,0.40625,0.515625,0.5
32,406,threshold,threshold,0.0625,0.03125,0.05078125,0.1
32,406,lookup,lookup,0.0625,0.03125,0.05078125,0.1
32,406,validation_selected,threshold,0.0625,0.03125,0.05078125,0.1
32,407,constant,constant,0.46875,0.5625,0.4921875,0.5
32,407,threshold,threshold,0.0625,0.15625,0.109375,0.1
32,407,lookup,lookup,0.0625,0.15625,0.109375,0.1
32,407,validation_selected,threshold,0.0625,0.15625,0.109375,0.1
32,408,constant,constant,0.4375,0.46875,0.53125,0.5
32,408,threshold,threshold,0.0625,0.0625,0.08203125,0.1
32,408,lookup,lookup,0.0625,0.0625,0.08203125,0.1
32,408,validation_selected,threshold,0.0625,0.0625,0.08203125,0.1
32,409,constant,constant,0.46875,0.53125,0.49609375,0.5
32,409,threshold,threshold,0.0625,0.0625,0.08203125,0.1
32,409,lookup,lookup,0.03125,0.0625,0.19921875,0.2
32,409,validation_selected,threshold,0.0625,0.0625,0.08203125,0.1
32,410,constant,constant,0.40625,0.5,0.54296875,0.5
32,410,threshold,threshold,0.0,0.125,0.0859375,0.1
32,410,lookup,lookup,0.0,0.125,0.0859375,0.1
32,410,validation_selected,threshold,0.0,0.125,0.0859375,0.1
32,411,constant,constant,0.4375,0.40625,0.48046875,0.5
32,411,threshold,threshold,0.1875,0.03125,0.09375,0.1
32,411,lookup,lookup,0.1875,0.03125,0.09375,0.1
32,411,validation_selected,threshold,0.1875,0.03125,0.09375,0.1
32,412,constant,constant,0.46875,0.46875,0.46484375,0.5
32,412,threshold,threshold,0.15625,0.09375,0.09765625,0.1
32,412,lookup,lookup,0.15625,0.09375,0.09765625,0.1
32,412,validation_selected,threshold,0.15625,0.09375,0.09765625,0.1
32,413,constant,constant,0.40625,0.5,0.51953125,0.5
32,413,threshold,threshold,0.1875,0.03125,0.08203125,0.1
32,413,lookup,lookup,0.09375,0.15625,0.22265625,0.2
32,413,validation_selected,threshold,0.1875,0.03125,0.08203125,0.1
32,414,constant,constant,0.375,0.5,0.4609375,0.5
32,414,threshold,threshold,0.0625,0.09375,0.06640625,0.1
32,414,lookup,lookup,0.0625,0.09375,0.06640625,0.1
32,414,validation_selected,threshold,0.0625,0.09375,0.06640625,0.1
32,415,constant,constant,0.4375,0.625,0.5859375,0.5
32,415,threshold,threshold,0.0625,0.125,0.11328125,0.1
32,415,lookup,lookup,0.0625,0.125,0.11328125,0.1
32,415,validation_selected,threshold,0.0625,0.125,0.11328125,0.1
32,416,constant,constant,0.5,0.46875,0.50390625,0.5
32,416,threshold,threshold,0.09375,0.0625,0.078125,0.1
32,416,lookup,lookup,0.09375,0.0625,0.078125,0.1
32,416,validation_selected,threshold,0.09375,0.0625,0.078125,0.1
32,417,constant,constant,0.4375,0.4375,0.50390625,0.5
32,417,threshold,threshold,0.125,0.09375,0.0859375,0.1
32,417,lookup,lookup,0.125,0.25,0.15234375,0.2
32,417,validation_selected,threshold,0.125,0.09375,0.0859375,0.1
32,418,constant,constant,0.4375,0.46875,0.47265625,0.5
32,418,threshold,threshold,0.125,0.15625,0.09375,0.1
32,418,lookup,lookup,0.125,0.15625,0.09375,0.1
32,418,validation_selected,threshold,0.125,0.15625,0.09375,0.1
32,419,constant,constant,0.375,0.53125,0.4765625,0.5
32,419,threshold,threshold,0.0625,0.03125,0.09375,0.1
32,419,lookup,lookup,0.0625,0.03125,0.09375,0.1
32,419,validation_selected,threshold,0.0625,0.03125,0.09375,0.1
32,420,constant,constant,0.4375,0.4375,0.484375,0.5
32,420,threshold,threshold,0.15625,0.25,0.2109375,0.2
32,420,lookup,lookup,0.15625,0.25,0.2109375,0.2
32,420,validation_selected,threshold,0.15625,0.25,0.2109375,0.2
32,421,constant,constant,0.40625,0.625,0.53125,0.5
32,421,threshold,threshold,0.09375,0.0625,0.09765625,0.1
32,421,lookup,lookup,0.09375,0.0625,0.09765625,0.1
32,421,validation_selected,threshold,0.09375,0.0625,0.09765625,0.1
32,422,constant,constant,0.46875,0.5625,0.51171875,0.5
32,422,threshold,threshold,0.125,0.03125,0.06640625,0.1
32,422,lookup,lookup,0.125,0.03125,0.06640625,0.1
32,422,validation_selected,threshold,0.125,0.03125,0.06640625,0.1
32,423,constant,constant,0.46875,0.5,0.5234375,0.5
32,423,threshold,threshold,0.03125,0.03125,0.13671875,0.1
32,423,lookup,lookup,0.03125,0.03125,0.13671875,0.1
32,423,validation_selected,threshold,0.03125,0.03125,0.13671875,0.1
32,424,constant,constant,0.34375,0.53125,0.49609375,0.5
32,424,threshold,threshold,0.15625,0.09375,0.109375,0.1
32,424,lookup,lookup,0.15625,0.09375,0.109375,0.1
32,424,validation_selected,threshold,0.15625,0.09375,0.109375,0.1
32,425,constant,constant,0.4375,0.40625,0.4765625,0.5
32,425,threshold,threshold,0.09375,0.15625,0.0859375,0.1
32,425,lookup,lookup,0.09375,0.15625,0.0859375,0.1
32,425,validation_selected,threshold,0.09375,0.15625,0.0859375,0.1
32,426,constant,constant,0.4375,0.46875,0.48828125,0.5
32,426,threshold,threshold,0.0625,0.0625,0.09375,0.1
32,426,lookup,lookup,0.0625,0.0625,0.09375,0.1
32,426,validation_selected,threshold,0.0625,0.0625,0.09375,0.1
32,427,constant,constant,0.5,0.40625,0.53125,0.5
32,427,threshold,threshold,0.0625,0.09375,0.09765625,0.1
32,427,lookup,lookup,0.0625,0.09375,0.09765625,0.1
32,427,validation_selected,threshold,0.0625,0.09375,0.09765625,0.1
32,428,constant,constant,0.40625,0.40625,0.515625,0.5
32,428,threshold,threshold,0.03125,0.03125,0.1015625,0.1
32,428,lookup,lookup,0.03125,0.03125,0.1015625,0.1
32,428,validation_selected,threshold,0.03125,0.03125,0.1015625,0.1
32,429,constant,constant,0.46875,0.5625,0.5078125,0.5
32,429,threshold,threshold,0.09375,0.09375,0.07421875,0.1
32,429,lookup,lookup,0.09375,0.09375,0.07421875,0.1
32,429,validation_selected,threshold,0.09375,0.09375,0.07421875,0.1
32,430,constant,constant,0.3125,0.40625,0.515625,0.5
32,430,threshold,threshold,0.0625,0.125,0.1328125,0.1
32,430,lookup,lookup,0.0625,0.125,0.1328125,0.1
32,430,validation_selected,threshold,0.0625,0.125,0.1328125,0.1
32,431,constant,constant,0.4375,0.53125,0.484375,0.5
32,431,threshold,threshold,0.03125,0.0625,0.09375,0.1
32,431,lookup,lookup,0.03125,0.0625,0.09375,0.1
32,431,validation_selected,threshold,0.03125,0.0625,0.09375,0.1
32,432,constant,constant,0.34375,0.375,0.5078125,0.5
32,432,threshold,threshold,0.09375,0.0625,0.1015625,0.1
32,432,lookup,lookup,0.09375,0.0625,0.1015625,0.1
32,432,validation_selected,threshold,0.09375,0.0625,0.1015625,0.1
32,433,constant,constant,0.46875,0.46875,0.47265625,0.5
32,433,threshold,threshold,0.09375,0.09375,0.11328125,0.1
32,433,lookup,lookup,0.09375,0.09375,0.11328125,0.1
32,433,validation_selected,threshold,0.09375,0.09375,0.11328125,0.1
32,434,constant,constant,0.4375,0.5,0.53125,0.5
32,434,threshold,threshold,0.03125,0.15625,0.08984375,0.1
32,434,lookup,lookup,0.03125,0.15625,0.08984375,0.1
32,434,validation_selected,threshold,0.03125,0.15625,0.08984375,0.1
32,435,constant,constant,0.40625,0.5,0.5625,0.5
32,435,threshold,threshold,0.125,0.09375,0.0703125,0.1
32,435,lookup,lookup,0.125,0.21875,0.20703125,0.2
32,435,validation_selected,threshold,0.125,0.09375,0.0703125,0.1
32,436,constant,constant,0.375,0.46875,0.4765625,0.5
32,436,threshold,threshold,0.09375,0.03125,0.109375,0.1
32,436,lookup,lookup,0.09375,0.03125,0.109375,0.1
32,436,validation_selected,threshold,0.09375,0.03125,0.109375,0.1
32,437,constant,constant,0.4375,0.34375,0.5390625,0.5
32,437,threshold,threshold,0.0625,0.125,0.08984375,0.1
32,437,lookup,lookup,0.0625,0.125,0.08984375,0.1
32,437,validation_selected,threshold,0.0625,0.125,0.08984375,0.1
32,438,constant,constant,0.4375,0.4375,0.4921875,0.5
32,438,threshold,threshold,0.03125,0.03125,0.10546875,0.1
32,438,lookup,lookup,0.03125,0.03125,0.10546875,0.1
32,438,validation_selected,threshold,0.03125,0.03125,0.10546875,0.1
32,439,constant,constant,0.46875,0.5625,0.5390625,0.5
32,439,threshold,threshold,0.15625,0.09375,0.10546875,0.1
32,439,lookup,lookup,0.15625,0.09375,0.10546875,0.1
32,439,validation_selected,threshold,0.15625,0.09375,0.10546875,0.1
32,440,constant,constant,0.40625,0.53125,0.546875,0.5
32,440,threshold,threshold,0.25,0.09375,0.125,0.1
32,440,lookup,lookup,0.21875,0.1875,0.171875,0.2
32,440,validation_selected,threshold,0.25,0.09375,0.125,0.1
32,441,constant,constant,0.46875,0.46875,0.51171875,0.5
32,441,threshold,threshold,0.15625,0.25,0.13671875,0.1
32,441,lookup,lookup,0.125,0.3125,0.23828125,0.2
32,441,validation_selected,threshold,0.15625,0.25,0.13671875,0.1
32,442,constant,constant,0.4375,0.4375,0.4453125,0.5
32,442,threshold,threshold,0.0625,0.1875,0.10546875,0.1
32,442,lookup,lookup,0.0625,0.3125,0.1640625,0.2
32,442,validation_selected,threshold,0.0625,0.1875,0.10546875,0.1
32,443,constant,constant,0.46875,0.5625,0.5078125,0.5
32,443,threshold,threshold,0.09375,0.09375,0.07421875,0.1
32,443,lookup,lookup,0.09375,0.09375,0.07421875,0.1
32,443,validation_selected,threshold,0.09375,0.09375,0.07421875,0.1
32,444,constant,constant,0.46875,0.4375,0.48828125,0.5
32,444,threshold,threshold,0.0625,0.09375,0.078125,0.1
32,444,lookup,lookup,0.0625,0.09375,0.078125,0.1
32,444,validation_selected,threshold,0.0625,0.09375,0.078125,0.1
32,445,constant,constant,0.375,0.46875,0.41796875,0.5
32,445,threshold,threshold,0.125,0.09375,0.109375,0.1
32,445,lookup,lookup,0.125,0.09375,0.109375,0.1
32,445,validation_selected,threshold,0.125,0.09375,0.109375,0.1
32,446,constant,constant,0.40625,0.59375,0.46875,0.5
32,446,threshold,threshold,0.1875,0.03125,0.109375,0.1
32,446,lookup,lookup,0.1875,0.21875,0.171875,0.2
32,446,validation_selected,threshold,0.1875,0.03125,0.109375,0.1
32,447,constant,constant,0.4375,0.53125,0.48828125,0.5
32,447,threshold,threshold,0.15625,0.09375,0.09765625,0.1
32,447,lookup,lookup,0.125,0.3125,0.18359375,0.2
32,447,validation_selected,threshold,0.15625,0.09375,0.09765625,0.1
32,448,constant,constant,0.4375,0.46875,0.47265625,0.5
32,448,threshold,threshold,0.09375,0.03125,0.12109375,0.1
32,448,lookup,lookup,0.09375,0.03125,0.12109375,0.1
32,448,validation_selected,threshold,0.09375,0.03125,0.12109375,0.1
32,449,constant,constant,0.375,0.4375,0.55078125,0.5
32,449,threshold,threshold,0.09375,0.15625,0.0859375,0.1
32,449,lookup,lookup,0.0625,0.1875,0.19140625,0.2
32,449,validation_selected,threshold,0.09375,0.15625,0.0859375,0.1
32,450,constant,constant,0.34375,0.625,0.5078125,0.5
32,450,threshold,threshold,0.0,0.09375,0.09375,0.1
32,450,lookup,lookup,0.0,0.09375,0.09375,0.1
32,450,validation_selected,threshold,0.0,0.09375,0.09375,0.1
32,451,constant,constant,0.4375,0.34375,0.42578125,0.5
32,451,threshold,threshold,0.0625,0.09375,0.10546875,0.1
32,451,lookup,lookup,0.0625,0.15625,0.1875,0.2
32,451,validation_selected,threshold,0.0625,0.09375,0.10546875,0.1
32,452,constant,constant,0.34375,0.53125,0.49609375,0.5
32,452,threshold,threshold,0.125,0.0,0.1171875,0.1
32,452,lookup,lookup,0.09375,0.1875,0.359375,0.3
32,452,validation_selected,threshold,0.125,0.0,0.1171875,0.1
32,453,constant,constant,0.46875,0.5,0.5546875,0.5
32,453,threshold,threshold,0.125,0.15625,0.0859375,0.1
32,453,lookup,lookup,0.125,0.15625,0.0859375,0.1
32,453,validation_selected,threshold,0.125,0.15625,0.0859375,0.1
32,454,constant,constant,0.4375,0.5,0.5078125,0.5
32,454,threshold,threshold,0.0625,0.15625,0.0859375,0.1
32,454,lookup,lookup,0.0625,0.40625,0.1640625,0.2
32,454,validation_selected,threshold,0.0625,0.15625,0.0859375,0.1
32,455,constant,constant,0.46875,0.5625,0.53125,0.5
32,455,threshold,threshold,0.0,0.21875,0.078125,0.1
32,455,lookup,lookup,0.0,0.21875,0.078125,0.1
32,455,validation_selected,threshold,0.0,0.21875,0.078125,0.1
32,456,constant,constant,0.5,0.5,0.5703125,0.5
32,456,threshold,threshold,0.15625,0.09375,0.08203125,0.1
32,456,lookup,lookup,0.15625,0.15625,0.19140625,0.2
32,456,validation_selected,threshold,0.15625,0.09375,0.08203125,0.1
32,457,constant,constant,0.375,0.5,0.4453125,0.5
32,457,threshold,threshold,0.0,0.15625,0.07421875,0.1
32,457,lookup,lookup,0.0,0.15625,0.07421875,0.1
32,457,validation_selected,threshold,0.0,0.15625,0.07421875,0.1
32,458,constant,constant,0.40625,0.375,0.54296875,0.5
32,458,threshold,threshold,0.09375,0.0625,0.109375,0.1
32,458,lookup,lookup,0.09375,0.0625,0.109375,0.1
32,458,validation_selected,threshold,0.09375,0.0625,0.109375,0.1
32,459,constant,constant,0.40625,0.40625,0.51953125,0.5
32,459,threshold,threshold,0.0625,0.21875,0.08203125,0.1
32,459,lookup,lookup,0.0625,0.34375,0.21484375,0.2
32,459,validation_selected,threshold,0.0625,0.21875,0.08203125,0.1
32,460,constant,constant,0.5,0.53125,0.453125,0.5
32,460,threshold,threshold,0.03125,0.3125,0.07421875,0.1
32,460,lookup,lookup,0.03125,0.3125,0.07421875,0.1
32,460,validation_selected,threshold,0.03125,0.3125,0.07421875,0.1
32,461,constant,constant,0.40625,0.5,0.4375,0.5
32,461,threshold,threshold,0.09375,0.21875,0.2109375,0.2
32,461,lookup,lookup,0.09375,0.21875,0.2109375,0.2
32,461,validation_selected,threshold,0.09375,0.21875,0.2109375,0.2
32,462,constant,constant,0.5,0.5,0.48828125,0.5
32,462,threshold,threshold,0.0625,0.1875,0.1953125,0.2
32,462,lookup,lookup,0.0625,0.1875,0.1953125,0.2
32,462,validation_selected,threshold,0.0625,0.1875,0.1953125,0.2
32,463,constant,constant,0.4375,0.5625,0.55859375,0.5
32,463,threshold,threshold,0.09375,0.125,0.1171875,0.1
32,463,lookup,lookup,0.09375,0.125,0.1171875,0.1
32,463,validation_selected,threshold,0.09375,0.125,0.1171875,0.1
32,464,constant,constant,0.40625,0.46875,0.54296875,0.5
32,464,threshold,threshold,0.0625,0.09375,0.09765625,0.1
32,464,lookup,lookup,0.0625,0.09375,0.09765625,0.1
32,464,validation_selected,threshold,0.0625,0.09375,0.09765625,0.1
32,465,constant,constant,0.46875,0.375,0.5078125,0.5
32,465,threshold,threshold,0.125,0.125,0.0859375,0.1
32,465,lookup,lookup,0.125,0.125,0.0859375,0.1
32,465,validation_selected,threshold,0.125,0.125,0.0859375,0.1
32,466,constant,constant,0.40625,0.46875,0.47265625,0.5
32,466,threshold,threshold,0.0625,0.0625,0.125,0.1
32,466,lookup,lookup,0.0625,0.0625,0.125,0.1
32,466,validation_selected,threshold,0.0625,0.0625,0.125,0.1
32,467,constant,constant,0.46875,0.46875,0.48046875,0.5
32,467,threshold,threshold,0.15625,0.09375,0.09765625,0.1
32,467,lookup,lookup,0.15625,0.09375,0.09765625,0.1
32,467,validation_selected,threshold,0.15625,0.09375,0.09765625,0.1
32,468,constant,constant,0.34375,0.6875,0.4765625,0.5
32,468,threshold,threshold,0.09375,0.03125,0.08203125,0.1
32,468,lookup,lookup,0.09375,0.03125,0.08203125,0.1
32,468,validation_selected,threshold,0.09375,0.03125,0.08203125,0.1
32,469,constant,constant,0.46875,0.46875,0.48828125,0.5
32,469,threshold,threshold,0.0625,0.15625,0.09375,0.1
32,469,lookup,lookup,0.0625,0.15625,0.09375,0.1
32,469,validation_selected,threshold,0.0625,0.15625,0.09375,0.1
32,470,constant,constant,0.375,0.46875,0.5078125,0.5
32,470,threshold,threshold,0.15625,0.0625,0.07421875,0.1
32,470,lookup,lookup,0.15625,0.0625,0.07421875,0.1
32,470,validation_selected,threshold,0.15625,0.0625,0.07421875,0.1
32,471,constant,constant,0.375,0.5,0.5625,0.5
32,471,threshold,threshold,0.03125,0.125,0.1015625,0.1
32,471,lookup,lookup,0.03125,0.125,0.1015625,0.1
32,471,validation_selected,threshold,0.03125,0.125,0.1015625,0.1
32,472,constant,constant,0.3125,0.53125,0.51953125,0.5
32,472,threshold,threshold,0.0625,0.125,0.12109375,0.1
32,472,lookup,lookup,0.0625,0.125,0.12109375,0.1
32,472,validation_selected,threshold,0.0625,0.125,0.12109375,0.1
32,473,constant,constant,0.4375,0.40625,0.54296875,0.5
32,473,threshold,threshold,0.15625,0.09375,0.08984375,0.1
32,473,lookup,lookup,0.15625,0.09375,0.08984375,0.1
32,473,validation_selected,threshold,0.15625,0.09375,0.08984375,0.1
32,474,constant,constant,0.4375,0.4375,0.5625,0.5
32,474,threshold,threshold,0.03125,0.15625,0.0703125,0.1
32,474,lookup,lookup,0.03125,0.15625,0.0703125,0.1
32,474,validation_selected,threshold,0.03125,0.15625,0.0703125,0.1
32,475,constant,constant,0.4375,0.59375,0.55859375,0.5
32,475,threshold,threshold,0.09375,0.03125,0.06640625,0.1
32,475,lookup,lookup,0.09375,0.125,0.203125,0.2
32,475,validation_selected,threshold,0.09375,0.03125,0.06640625,0.1
32,476,constant,constant,0.4375,0.4375,0.5078125,0.5
32,476,threshold,threshold,0.0625,0.125,0.09375,0.1
32,476,lookup,lookup,0.0625,0.125,0.09375,0.1
32,476,validation_selected,threshold,0.0625,0.125,0.09375,0.1
32,477,constant,constant,0.375,0.65625,0.44140625,0.5
32,477,threshold,threshold,0.03125,0.09375,0.10546875,0.1
32,477,lookup,lookup,0.03125,0.09375,0.10546875,0.1
32,477,validation_selected,threshold,0.03125,0.09375,0.10546875,0.1
32,478,constant,constant,0.5,0.5625,0.48828125,0.5
32,478,threshold,threshold,0.1875,0.09375,0.12890625,0.1
32,478,lookup,lookup,0.1875,0.09375,0.12890625,0.1
32,478,validation_selected,threshold,0.1875,0.09375,0.12890625,0.1
32,479,constant,constant,0.5,0.53125,0.49609375,0.5
32,479,threshold,threshold,0.09375,0.03125,0.1328125,0.1
32,479,lookup,lookup,0.09375,0.03125,0.1328125,0.1
32,479,validation_selected,threshold,0.09375,0.03125,0.1328125,0.1
32,480,constant,constant,0.40625,0.53125,0.47265625,0.5
32,480,threshold,threshold,0.0625,0.09375,0.1328125,0.1
32,480,lookup,lookup,0.0625,0.09375,0.1328125,0.1
32,480,validation_selected,threshold,0.0625,0.09375,0.1328125,0.1
32,481,constant,constant,0.46875,0.46875,0.4453125,0.5
32,481,threshold,threshold,0.09375,0.09375,0.09765625,0.1
32,481,lookup,lookup,0.09375,0.09375,0.09765625,0.1
32,481,validation_selected,threshold,0.09375,0.09375,0.09765625,0.1
32,482,constant,constant,0.34375,0.46875,0.5,0.5
32,482,threshold,threshold,0.125,0.0625,0.09375,0.1
32,482,lookup,lookup,0.125,0.0625,0.09375,0.1
32,482,validation_selected,threshold,0.125,0.0625,0.09375,0.1
32,483,constant,constant,0.40625,0.53125,0.5234375,0.5
32,483,threshold,threshold,0.03125,0.09375,0.08203125,0.1
32,483,lookup,lookup,0.03125,0.09375,0.08203125,0.1
32,483,validation_selected,threshold,0.03125,0.09375,0.08203125,0.1
32,484,constant,constant,0.5,0.40625,0.5234375,0.5
32,484,threshold,threshold,0.0625,0.125,0.11328125,0.1
32,484,lookup,lookup,0.0625,0.125,0.11328125,0.1
32,484,validation_selected,threshold,0.0625,0.125,0.11328125,0.1
32,485,constant,constant,0.4375,0.5,0.5234375,0.5
32,485,threshold,threshold,0.125,0.09375,0.109375,0.1
32,485,lookup,lookup,0.09375,0.25,0.18359375,0.2
32,485,validation_selected,threshold,0.125,0.09375,0.109375,0.1
32,486,constant,constant,0.34375,0.65625,0.51953125,0.5
32,486,threshold,threshold,0.03125,0.0625,0.07421875,0.1
32,486,lookup,lookup,0.03125,0.0625,0.07421875,0.1
32,486,validation_selected,threshold,0.03125,0.0625,0.07421875,0.1
32,487,constant,constant,0.40625,0.34375,0.546875,0.5
32,487,threshold,threshold,0.0625,0.125,0.09375,0.1
32,487,lookup,lookup,0.0625,0.125,0.09375,0.1
32,487,validation_selected,threshold,0.0625,0.125,0.09375,0.1
32,488,constant,constant,0.375,0.46875,0.4765625,0.5
32,488,threshold,threshold,0.0,0.09375,0.08984375,0.1
32,488,lookup,lookup,0.0,0.09375,0.08984375,0.1
32,488,validation_selected,threshold,0.0,0.09375,0.08984375,0.1
32,489,constant,constant,0.40625,0.34375,0.5,0.5
32,489,threshold,threshold,0.15625,0.1875,0.08984375,0.1
32,489,lookup,lookup,0.15625,0.1875,0.18359375,0.2
32,489,validation_selected,threshold,0.15625,0.1875,0.08984375,0.1
32,490,constant,constant,0.4375,0.53125,0.515625,0.5
32,490,threshold,threshold,0.03125,0.34375,0.0859375,0.1
32,490,lookup,lookup,0.03125,0.34375,0.0859375,0.1
32,490,validation_selected,threshold,0.03125,0.34375,0.0859375,0.1
32,491,constant,constant,0.5,0.4375,0.484375,0.5
32,491,threshold,threshold,0.09375,0.0625,0.1171875,0.1
32,491,lookup,lookup,0.09375,0.0625,0.1171875,0.1
32,491,validation_selected,threshold,0.09375,0.0625,0.1171875,0.1
32,492,constant,constant,0.40625,0.40625,0.546875,0.5
32,492,threshold,threshold,0.09375,0.09375,0.18359375,0.2
32,492,lookup,lookup,0.09375,0.28125,0.2890625,0.3
32,492,validation_selected,threshold,0.09375,0.09375,0.18359375,0.2
32,493,constant,constant,0.375,0.5625,0.53515625,0.5
32,493,threshold,threshold,0.15625,0.0625,0.09375,0.1
32,493,lookup,lookup,0.15625,0.0625,0.09375,0.1
32,493,validation_selected,threshold,0.15625,0.0625,0.09375,0.1
32,494,constant,constant,0.34375,0.53125,0.45703125,0.5
32,494,threshold,threshold,0.09375,0.125,0.1171875,0.1
32,494,lookup,lookup,0.09375,0.125,0.1171875,0.1
32,494,validation_selected,threshold,0.09375,0.125,0.1171875,0.1
32,495,constant,constant,0.40625,0.40625,0.44140625,0.5
32,495,threshold,threshold,0.09375,0.09375,0.08984375,0.1
32,495,lookup,lookup,0.09375,0.09375,0.08984375,0.1
32,495,validation_selected,threshold,0.09375,0.09375,0.08984375,0.1
32,496,constant,constant,0.375,0.375,0.44140625,0.5
32,496,threshold,threshold,0.09375,0.1875,0.11328125,0.1
32,496,lookup,lookup,0.09375,0.1875,0.11328125,0.1
32,496,validation_selected,threshold,0.09375,0.1875,0.11328125,0.1
32,497,constant,constant,0.3125,0.28125,0.52734375,0.5
32,497,threshold,threshold,0.09375,0.15625,0.203125,0.2
32,497,lookup,lookup,0.09375,0.15625,0.203125,0.2
32,497,validation_selected,threshold,0.09375,0.15625,0.203125,0.2
32,498,constant,constant,0.40625,0.40625,0.453125,0.5
32,498,threshold,threshold,0.125,0.09375,0.12890625,0.1
32,498,lookup,lookup,0.125,0.09375,0.12890625,0.1
32,498,validation_selected,threshold,0.125,0.09375,0.12890625,0.1
32,499,constant,constant,0.4375,0.5625,0.484375,0.5
32,499,threshold,threshold,0.03125,0.0625,0.1328125,0.1
32,499,lookup,lookup,0.03125,0.0625,0.1328125,0.1
32,499,validation_selected,threshold,0.03125,0.0625,0.1328125,0.1
32,500,constant,constant,0.4375,0.53125,0.56640625,0.5
32,500,threshold,threshold,0.125,0.09375,0.10546875,0.1
32,500,lookup,lookup,0.125,0.09375,0.10546875,0.1
32,500,validation_selected,threshold,0.125,0.09375,0.10546875,0.1
32,501,constant,constant,0.4375,0.5625,0.515625,0.5
32,501,threshold,threshold,0.03125,0.125,0.109375,0.1
32,501,lookup,lookup,0.03125,0.125,0.109375,0.1
32,501,validation_selected,threshold,0.03125,0.125,0.109375,0.1
32,502,constant,constant,0.4375,0.59375,0.52734375,0.5
32,502,threshold,threshold,0.0625,0.0625,0.109375,0.1
32,502,lookup,lookup,0.0625,0.0625,0.109375,0.1
32,502,validation_selected,threshold,0.0625,0.0625,0.109375,0.1
32,503,constant,constant,0.5,0.4375,0.5078125,0.5
32,503,threshold,threshold,0.125,0.03125,0.1015625,0.1
32,503,lookup,lookup,0.125,0.03125,0.1015625,0.1
32,503,validation_selected,threshold,0.125,0.03125,0.1015625,0.1
32,504,constant,constant,0.4375,0.34375,0.53515625,0.5
32,504,threshold,threshold,0.0625,0.1875,0.11328125,0.1
32,504,lookup,lookup,0.0625,0.1875,0.11328125,0.1
32,504,validation_selected,threshold,0.0625,0.1875,0.11328125,0.1
32,505,constant,constant,0.5,0.46875,0.51953125,0.5
32,505,threshold,threshold,0.09375,0.0625,0.07421875,0.1
32,505,lookup,lookup,0.09375,0.0625,0.07421875,0.1
32,505,validation_selected,threshold,0.09375,0.0625,0.07421875,0.1
32,506,constant,constant,0.4375,0.6875,0.50390625,0.5
32,506,threshold,threshold,0.125,0.125,0.09765625,0.1
32,506,lookup,lookup,0.125,0.125,0.09765625,0.1
32,506,validation_selected,threshold,0.125,0.125,0.09765625,0.1
32,507,constant,constant,0.46875,0.4375,0.4921875,0.5
32,507,threshold,threshold,0.1875,0.09375,0.09765625,0.1
32,507,lookup,lookup,0.1875,0.09375,0.09765625,0.1
32,507,validation_selected,threshold,0.1875,0.09375,0.09765625,0.1
32,508,constant,constant,0.40625,0.46875,0.49609375,0.5
32,508,threshold,threshold,0.125,0.21875,0.19140625,0.2
32,508,lookup,lookup,0.125,0.21875,0.19140625,0.2
32,508,validation_selected,threshold,0.125,0.21875,0.19140625,0.2
32,509,constant,constant,0.3125,0.4375,0.4609375,0.5
32,509,threshold,threshold,0.03125,0.0625,0.08984375,0.1
32,509,lookup,lookup,0.03125,0.0625,0.08984375,0.1
32,509,validation_selected,threshold,0.03125,0.0625,0.08984375,0.1
32,510,constant,constant,0.40625,0.46875,0.54296875,0.5
32,510,threshold,threshold,0.125,0.15625,0.1171875,0.1
32,510,lookup,lookup,0.125,0.15625,0.1171875,0.1
32,510,validation_selected,threshold,0.125,0.15625,0.1171875,0.1
32,511,constant,constant,0.46875,0.5,0.53125,0.5
32,511,threshold,threshold,0.0625,0.03125,0.10546875,0.1
32,511,lookup,lookup,0.0625,0.03125,0.10546875,0.1
32,511,validation_selected,threshold,0.0625,0.03125,0.10546875,0.1
32,512,constant,constant,0.46875,0.53125,0.5390625,0.5
32,512,threshold,threshold,0.125,0.09375,0.1015625,0.1
32,512,lookup,lookup,0.125,0.09375,0.1015625,0.1
32,512,validation_selected,threshold,0.125,0.09375,0.1015625,0.1
32,513,constant,constant,0.4375,0.5625,0.4765625,0.5
32,513,threshold,threshold,0.0625,0.15625,0.203125,0.2
32,513,lookup,lookup,0.0625,0.15625,0.203125,0.2
32,513,validation_selected,threshold,0.0625,0.15625,0.203125,0.2
32,514,constant,constant,0.4375,0.46875,0.4765625,0.5
32,514,threshold,threshold,0.09375,0.03125,0.1171875,0.1
32,514,lookup,lookup,0.09375,0.09375,0.1796875,0.2
32,514,validation_selected,threshold,0.09375,0.03125,0.1171875,0.1
32,515,constant,constant,0.375,0.46875,0.5234375,0.5
32,515,threshold,threshold,0.09375,0.09375,0.25,0.2
32,515,lookup,lookup,0.09375,0.09375,0.25,0.2
32,515,validation_selected,threshold,0.09375,0.09375,0.25,0.2
32,516,constant,constant,0.375,0.46875,0.51171875,0.5
32,516,threshold,threshold,0.125,0.0625,0.08203125,0.1
32,516,lookup,lookup,0.125,0.0625,0.08203125,0.1
32,516,validation_selected,threshold,0.125,0.0625,0.08203125,0.1
32,517,constant,constant,0.34375,0.59375,0.46484375,0.5
32,517,threshold,threshold,0.03125,0.09375,0.08203125,0.1
32,517,lookup,lookup,0.03125,0.09375,0.08203125,0.1
32,517,validation_selected,threshold,0.03125,0.09375,0.08203125,0.1
32,518,constant,constant,0.375,0.46875,0.53125,0.5
32,518,threshold,threshold,0.15625,0.09375,0.08203125,0.1
32,518,lookup,lookup,0.15625,0.09375,0.08203125,0.1
32,518,validation_selected,threshold,0.15625,0.09375,0.08203125,0.1
32,519,constant,constant,0.5,0.625,0.48828125,0.5
32,519,threshold,threshold,0.0625,0.125,0.125,0.1
32,519,lookup,lookup,0.0625,0.125,0.125,0.1
32,519,validation_selected,threshold,0.0625,0.125,0.125,0.1
32,520,constant,constant,0.46875,0.40625,0.5234375,0.5
32,520,threshold,threshold,0.09375,0.1875,0.1171875,0.1
32,520,lookup,lookup,0.09375,0.1875,0.1171875,0.1
32,520,validation_selected,threshold,0.09375,0.1875,0.1171875,0.1
32,521,constant,constant,0.46875,0.59375,0.53515625,0.5
32,521,threshold,threshold,0.09375,0.1875,0.234375,0.2
32,521,lookup,lookup,0.09375,0.1875,0.234375,0.2
32,521,validation_selected,threshold,0.09375,0.1875,0.234375,0.2
32,522,constant,constant,0.40625,0.5625,0.5,0.5
32,522,threshold,threshold,0.09375,0.15625,0.08984375,0.1
32,522,lookup,lookup,0.09375,0.15625,0.08984375,0.1
32,522,validation_selected,threshold,0.09375,0.15625,0.08984375,0.1
32,523,constant,constant,0.40625,0.46875,0.51171875,0.5
32,523,threshold,threshold,0.125,0.1875,0.09375,0.1
32,523,lookup,lookup,0.125,0.1875,0.09375,0.1
32,523,validation_selected,threshold,0.125,0.1875,0.09375,0.1
32,524,constant,constant,0.4375,0.65625,0.53125,0.5
32,524,threshold,threshold,0.15625,0.0625,0.09375,0.1
32,524,lookup,lookup,0.15625,0.0625,0.09375,0.1
32,524,validation_selected,threshold,0.15625,0.0625,0.09375,0.1
32,525,constant,constant,0.34375,0.34375,0.5546875,0.5
32,525,threshold,threshold,0.15625,0.0625,0.10546875,0.1
32,525,lookup,lookup,0.15625,0.0625,0.10546875,0.1
32,525,validation_selected,threshold,0.15625,0.0625,0.10546875,0.1
32,526,constant,constant,0.46875,0.40625,0.484375,0.5
32,526,threshold,threshold,0.03125,0.09375,0.1484375,0.1
32,526,lookup,lookup,0.03125,0.09375,0.1484375,0.1
32,526,validation_selected,threshold,0.03125,0.09375,0.1484375,0.1
32,527,constant,constant,0.34375,0.53125,0.4921875,0.5
32,527,threshold,threshold,0.09375,0.1875,0.046875,0.1
32,527,lookup,lookup,0.09375,0.1875,0.046875,0.1
32,527,validation_selected,threshold,0.09375,0.1875,0.046875,0.1
32,528,constant,constant,0.375,0.5,0.51171875,0.5
32,528,threshold,threshold,0.0625,0.09375,0.1171875,0.1
32,528,lookup,lookup,0.0625,0.09375,0.1171875,0.1
32,528,validation_selected,threshold,0.0625,0.09375,0.1171875,0.1
32,529,constant,constant,0.46875,0.34375,0.48046875,0.5
32,529,threshold,threshold,0.15625,0.125,0.11328125,0.1
32,529,lookup,lookup,0.15625,0.125,0.11328125,0.1
32,529,validation_selected,threshold,0.15625,0.125,0.11328125,0.1
32,530,constant,constant,0.46875,0.5,0.5,0.5
32,530,threshold,threshold,0.15625,0.03125,0.09765625,0.1
32,530,lookup,lookup,0.15625,0.03125,0.09765625,0.1
32,530,validation_selected,threshold,0.15625,0.03125,0.09765625,0.1
32,531,constant,constant,0.40625,0.53125,0.49609375,0.5
32,531,threshold,threshold,0.125,0.125,0.12890625,0.1
32,531,lookup,lookup,0.125,0.25,0.23828125,0.2
32,531,validation_selected,threshold,0.125,0.125,0.12890625,0.1
32,532,constant,constant,0.4375,0.53125,0.49609375,0.5
32,532,threshold,threshold,0.03125,0.1875,0.12109375,0.1
32,532,lookup,lookup,0.03125,0.1875,0.12109375,0.1
32,532,validation_selected,threshold,0.03125,0.1875,0.12109375,0.1
32,533,constant,constant,0.40625,0.34375,0.53515625,0.5
32,533,threshold,threshold,0.15625,0.09375,0.11328125,0.1
32,533,lookup,lookup,0.15625,0.09375,0.11328125,0.1
32,533,validation_selected,threshold,0.15625,0.09375,0.11328125,0.1
32,534,constant,constant,0.4375,0.5,0.484375,0.5
32,534,threshold,threshold,0.125,0.15625,0.08203125,0.1
32,534,lookup,lookup,0.125,0.15625,0.08203125,0.1
32,534,validation_selected,threshold,0.125,0.15625,0.08203125,0.1
32,535,constant,constant,0.46875,0.40625,0.53515625,0.5
32,535,threshold,threshold,0.21875,0.09375,0.1015625,0.1
32,535,lookup,lookup,0.21875,0.09375,0.1015625,0.1
32,535,validation_selected,threshold,0.21875,0.09375,0.1015625,0.1
32,536,constant,constant,0.375,0.46875,0.5,0.5
32,536,threshold,threshold,0.09375,0.125,0.1015625,0.1
32,536,lookup,lookup,0.09375,0.125,0.1015625,0.1
32,536,validation_selected,threshold,0.09375,0.125,0.1015625,0.1
32,537,constant,constant,0.34375,0.5625,0.4609375,0.5
32,537,threshold,threshold,0.125,0.25,0.10546875,0.1
32,537,lookup,lookup,0.125,0.375,0.1875,0.2
32,537,validation_selected,threshold,0.125,0.25,0.10546875,0.1
32,538,constant,constant,0.40625,0.46875,0.4765625,0.5
32,538,threshold,threshold,0.125,0.21875,0.08984375,0.1
32,538,lookup,lookup,0.125,0.21875,0.08984375,0.1
32,538,validation_selected,threshold,0.125,0.21875,0.08984375,0.1
32,539,constant,constant,0.4375,0.40625,0.50390625,0.5
32,539,threshold,threshold,0.09375,0.15625,0.1015625,0.1
32,539,lookup,lookup,0.09375,0.15625,0.1015625,0.1
32,539,validation_selected,threshold,0.09375,0.15625,0.1015625,0.1
32,540,constant,constant,0.34375,0.3125,0.46875,0.5
32,540,threshold,threshold,0.125,0.15625,0.203125,0.2
32,540,lookup,lookup,0.125,0.15625,0.203125,0.2
32,540,validation_selected,threshold,0.125,0.15625,0.203125,0.2
32,541,constant,constant,0.5,0.5,0.5546875,0.5
32,541,threshold,threshold,0.09375,0.03125,0.078125,0.1
32,541,lookup,lookup,0.09375,0.03125,0.078125,0.1
32,541,validation_selected,threshold,0.09375,0.03125,0.078125,0.1
32,542,constant,constant,0.46875,0.4375,0.4921875,0.5
32,542,threshold,threshold,0.09375,0.09375,0.06640625,0.1
32,542,lookup,lookup,0.09375,0.09375,0.06640625,0.1
32,542,validation_selected,threshold,0.09375,0.09375,0.06640625,0.1
32,543,constant,constant,0.4375,0.53125,0.5,0.5
32,543,threshold,threshold,0.0625,0.09375,0.1015625,0.1
32,543,lookup,lookup,0.0625,0.09375,0.1015625,0.1
32,543,validation_selected,threshold,0.0625,0.09375,0.1015625,0.1
32,544,constant,constant,0.40625,0.625,0.4609375,0.5
32,544,threshold,threshold,0.125,0.03125,0.12890625,0.1
32,544,lookup,lookup,0.125,0.03125,0.12890625,0.1
32,544,validation_selected,threshold,0.125,0.03125,0.12890625,0.1
32,545,constant,constant,0.46875,0.5,0.4453125,0.5
32,545,threshold,threshold,0.125,0.125,0.07421875,0.1
32,545,lookup,lookup,0.09375,0.34375,0.28515625,0.3
32,545,validation_selected,threshold,0.125,0.125,0.07421875,0.1
32,546,constant,constant,0.5,0.53125,0.51171875,0.5
32,546,threshold,threshold,0.1875,0.03125,0.09765625,0.1
32,546,lookup,lookup,0.1875,0.03125,0.09765625,0.1
32,546,validation_selected,threshold,0.1875,0.03125,0.09765625,0.1
32,547,constant,constant,0.5,0.28125,0.44921875,0.5
32,547,threshold,threshold,0.0625,0.09375,0.08984375,0.1
32,547,lookup,lookup,0.0625,0.09375,0.08984375,0.1
32,547,validation_selected,threshold,0.0625,0.09375,0.08984375,0.1
32,548,constant,constant,0.4375,0.59375,0.5234375,0.5
32,548,threshold,threshold,0.0625,0.0625,0.09375,0.1
32,548,lookup,lookup,0.0625,0.0625,0.09375,0.1
32,548,validation_selected,threshold,0.0625,0.0625,0.09375,0.1
32,549,constant,constant,0.5,0.46875,0.48046875,0.5
32,549,threshold,threshold,0.15625,0.0625,0.09765625,0.1
32,549,lookup,lookup,0.15625,0.0625,0.09765625,0.1
32,549,validation_selected,threshold,0.15625,0.0625,0.09765625,0.1
32,550,constant,constant,0.40625,0.3125,0.5625,0.5
32,550,threshold,threshold,0.25,0.125,0.09375,0.1
32,550,lookup,lookup,0.21875,0.1875,0.19921875,0.2
32,550,validation_selected,threshold,0.25,0.125,0.09375,0.1
32,551,constant,constant,0.46875,0.5,0.546875,0.5
32,551,threshold,threshold,0.09375,0.15625,0.2265625,0.2
32,551,lookup,lookup,0.09375,0.15625,0.2265625,0.2
32,551,validation_selected,threshold,0.09375,0.15625,0.2265625,0.2
32,552,constant,constant,0.4375,0.5,0.5,0.5
32,552,threshold,threshold,0.03125,0.03125,0.09375,0.1
32,552,lookup,lookup,0.03125,0.03125,0.09375,0.1
32,552,validation_selected,threshold,0.03125,0.03125,0.09375,0.1
32,553,constant,constant,0.46875,0.59375,0.4765625,0.5
32,553,threshold,threshold,0.09375,0.15625,0.203125,0.2
32,553,lookup,lookup,0.09375,0.15625,0.203125,0.2
32,553,validation_selected,threshold,0.09375,0.15625,0.203125,0.2
32,554,constant,constant,0.4375,0.53125,0.51953125,0.5
32,554,threshold,threshold,0.03125,0.0625,0.09765625,0.1
32,554,lookup,lookup,0.03125,0.0625,0.09765625,0.1
32,554,validation_selected,threshold,0.03125,0.0625,0.09765625,0.1
32,555,constant,constant,0.4375,0.5,0.5390625,0.5
32,555,threshold,threshold,0.09375,0.1875,0.06640625,0.1
32,555,lookup,lookup,0.09375,0.1875,0.06640625,0.1
32,555,validation_selected,threshold,0.09375,0.1875,0.06640625,0.1
32,556,constant,constant,0.4375,0.375,0.484375,0.5
32,556,threshold,threshold,0.0625,0.125,0.09765625,0.1
32,556,lookup,lookup,0.0625,0.125,0.09765625,0.1
32,556,validation_selected,threshold,0.0625,0.125,0.09765625,0.1
32,557,constant,constant,0.34375,0.40625,0.50390625,0.5
32,557,threshold,threshold,0.09375,0.125,0.0703125,0.1
32,557,lookup,lookup,0.09375,0.15625,0.22265625,0.2
32,557,validation_selected,threshold,0.09375,0.125,0.0703125,0.1
32,558,constant,constant,0.5,0.5,0.5,0.5
32,558,threshold,threshold,0.03125,0.09375,0.12890625,0.1
32,558,lookup,lookup,0.03125,0.09375,0.12890625,0.1
32,558,validation_selected,threshold,0.03125,0.09375,0.12890625,0.1
32,559,constant,constant,0.375,0.375,0.53125,0.5
32,559,threshold,threshold,0.0,0.125,0.0859375,0.1
32,559,lookup,lookup,0.0,0.125,0.0859375,0.1
32,559,validation_selected,threshold,0.0,0.125,0.0859375,0.1
32,560,constant,constant,0.46875,0.34375,0.4609375,0.5
32,560,threshold,threshold,0.09375,0.09375,0.10546875,0.1
32,560,lookup,lookup,0.09375,0.09375,0.10546875,0.1
32,560,validation_selected,threshold,0.09375,0.09375,0.10546875,0.1
32,561,constant,constant,0.46875,0.5,0.45703125,0.5
32,561,threshold,threshold,0.09375,0.09375,0.08984375,0.1
32,561,lookup,lookup,0.09375,0.09375,0.08984375,0.1
32,561,validation_selected,threshold,0.09375,0.09375,0.08984375,0.1
32,562,constant,constant,0.375,0.53125,0.48828125,0.5
32,562,threshold,threshold,0.0625,0.15625,0.1171875,0.1
32,562,lookup,lookup,0.03125,0.28125,0.234375,0.2
32,562,validation_selected,threshold,0.0625,0.15625,0.1171875,0.1
32,563,constant,constant,0.3125,0.625,0.54296875,0.5
32,563,threshold,threshold,0.25,0.09375,0.09375,0.1
32,563,lookup,lookup,0.21875,0.1875,0.21484375,0.2
32,563,validation_selected,threshold,0.25,0.09375,0.09375,0.1
32,564,constant,constant,0.4375,0.5625,0.4609375,0.5
32,564,threshold,threshold,0.0625,0.125,0.09765625,0.1
32,564,lookup,lookup,0.0625,0.125,0.09765625,0.1
32,564,validation_selected,threshold,0.0625,0.125,0.09765625,0.1
32,565,constant,constant,0.34375,0.5,0.4609375,0.5
32,565,threshold,threshold,0.09375,0.125,0.1171875,0.1
32,565,lookup,lookup,0.09375,0.15625,0.1875,0.2
32,565,validation_selected,threshold,0.09375,0.125,0.1171875,0.1
32,566,constant,constant,0.46875,0.375,0.56640625,0.5
32,566,threshold,threshold,0.21875,0.125,0.125,0.1
32,566,lookup,lookup,0.21875,0.15625,0.20703125,0.2
32,566,validation_selected,threshold,0.21875,0.125,0.125,0.1
32,567,constant,constant,0.40625,0.59375,0.484375,0.5
32,567,threshold,threshold,0.125,0.0625,0.125,0.1
32,567,lookup,lookup,0.125,0.0625,0.125,0.1
32,567,validation_selected,threshold,0.125,0.0625,0.125,0.1
32,568,constant,constant,0.3125,0.5,0.52734375,0.5
32,568,threshold,threshold,0.1875,0.09375,0.1328125,0.1
32,568,lookup,lookup,0.1875,0.1875,0.234375,0.2
32,568,validation_selected,threshold,0.1875,0.09375,0.1328125,0.1
32,569,constant,constant,0.40625,0.53125,0.51953125,0.5
32,569,threshold,threshold,0.125,0.0625,0.09765625,0.1
32,569,lookup,lookup,0.125,0.0625,0.09765625,0.1
32,569,validation_selected,threshold,0.125,0.0625,0.09765625,0.1
32,570,constant,constant,0.375,0.53125,0.44140625,0.5
32,570,threshold,threshold,0.125,0.03125,0.09765625,0.1
32,570,lookup,lookup,0.125,0.03125,0.09765625,0.1
32,570,validation_selected,threshold,0.125,0.03125,0.09765625,0.1
32,571,constant,constant,0.5,0.46875,0.5078125,0.5
32,571,threshold,threshold,0.0625,0.0625,0.109375,0.1
32,571,lookup,lookup,0.0625,0.0625,0.109375,0.1
32,571,validation_selected,threshold,0.0625,0.0625,0.109375,0.1
32,572,constant,constant,0.46875,0.375,0.5,0.5
32,572,threshold,threshold,0.1875,0.09375,0.08984375,0.1
32,572,lookup,lookup,0.1875,0.09375,0.08984375,0.1
32,572,validation_selected,threshold,0.1875,0.09375,0.08984375,0.1
32,573,constant,constant,0.40625,0.65625,0.50390625,0.5
32,573,threshold,threshold,0.15625,0.28125,0.30078125,0.3
32,573,lookup,lookup,0.15625,0.1875,0.19140625,0.2
32,573,validation_selected,lookup,0.15625,0.1875,0.19140625,0.2
32,574,constant,constant,0.375,0.5,0.4609375,0.5
32,574,threshold,threshold,0.125,0.03125,0.09765625,0.1
32,574,lookup,lookup,0.125,0.21875,0.21875,0.2
32,574,validation_selected,threshold,0.125,0.03125,0.09765625,0.1
32,575,constant,constant,0.46875,0.53125,0.52734375,0.5
32,575,threshold,threshold,0.09375,0.09375,0.09375,0.1
32,575,lookup,lookup,0.09375,0.09375,0.09375,0.1
32,575,validation_selected,threshold,0.09375,0.09375,0.09375,0.1
32,576,constant,constant,0.28125,0.375,0.53125,0.5
32,576,threshold,threshold,0.15625,0.09375,0.109375,0.1
32,576,lookup,lookup,0.125,0.21875,0.234375,0.2
32,576,validation_selected,threshold,0.15625,0.09375,0.109375,0.1
32,577,constant,constant,0.375,0.5,0.53515625,0.5
32,577,threshold,threshold,0.125,0.21875,0.171875,0.2
32,577,lookup,lookup,0.125,0.21875,0.171875,0.2
32,577,validation_selected,threshold,0.125,0.21875,0.171875,0.2
32,578,constant,constant,0.46875,0.6875,0.48046875,0.5
32,578,threshold,threshold,0.15625,0.09375,0.125,0.1
32,578,lookup,lookup,0.15625,0.09375,0.125,0.1
32,578,validation_selected,threshold,0.15625,0.09375,0.125,0.1
32,579,constant,constant,0.5,0.34375,0.453125,0.5
32,579,threshold,threshold,0.09375,0.0625,0.06640625,0.1
32,579,lookup,lookup,0.09375,0.1875,0.1640625,0.2
32,579,validation_selected,threshold,0.09375,0.0625,0.06640625,0.1
32,580,constant,constant,0.4375,0.5,0.5,0.5
32,580,threshold,threshold,0.09375,0.03125,0.12109375,0.1
32,580,lookup,lookup,0.09375,0.03125,0.12109375,0.1
32,580,validation_selected,threshold,0.09375,0.03125,0.12109375,0.1
32,581,constant,constant,0.34375,0.5625,0.46875,0.5
32,581,threshold,threshold,0.125,0.25,0.2109375,0.2
32,581,lookup,lookup,0.125,0.25,0.2109375,0.2
32,581,validation_selected,threshold,0.125,0.25,0.2109375,0.2
32,582,constant,constant,0.4375,0.71875,0.53515625,0.5
32,582,threshold,threshold,0.125,0.03125,0.140625,0.1
32,582,lookup,lookup,0.125,0.03125,0.140625,0.1
32,582,validation_selected,threshold,0.125,0.03125,0.140625,0.1
32,583,constant,constant,0.40625,0.6875,0.484375,0.5
32,583,threshold,threshold,0.03125,0.1875,0.1328125,0.1
32,583,lookup,lookup,0.03125,0.1875,0.1328125,0.1
32,583,validation_selected,threshold,0.03125,0.1875,0.1328125,0.1
32,584,constant,constant,0.46875,0.5625,0.47265625,0.5
32,584,threshold,threshold,0.15625,0.25,0.19140625,0.2
32,584,lookup,lookup,0.15625,0.25,0.19140625,0.2
32,584,validation_selected,threshold,0.15625,0.25,0.19140625,0.2
32,585,constant,constant,0.40625,0.46875,0.47265625,0.5
32,585,threshold,threshold,0.03125,0.09375,0.1015625,0.1
32,585,lookup,lookup,0.03125,0.09375,0.1015625,0.1
32,585,validation_selected,threshold,0.03125,0.09375,0.1015625,0.1
32,586,constant,constant,0.375,0.5,0.4921875,0.5
32,586,threshold,threshold,0.03125,0.03125,0.1171875,0.1
32,586,lookup,lookup,0.03125,0.03125,0.1171875,0.1
32,586,validation_selected,threshold,0.03125,0.03125,0.1171875,0.1
32,587,constant,constant,0.46875,0.375,0.515625,0.5
32,587,threshold,threshold,0.125,0.09375,0.12109375,0.1
32,587,lookup,lookup,0.125,0.21875,0.19140625,0.2
32,587,validation_selected,threshold,0.125,0.09375,0.12109375,0.1
32,588,constant,constant,0.5,0.40625,0.484375,0.5
32,588,threshold,threshold,0.125,0.09375,0.09375,0.1
32,588,lookup,lookup,0.125,0.09375,0.09375,0.1
32,588,validation_selected,threshold,0.125,0.09375,0.09375,0.1
32,589,constant,constant,0.40625,0.3125,0.48046875,0.5
32,589,threshold,threshold,0.0625,0.125,0.09375,0.1
32,589,lookup,lookup,0.0625,0.125,0.09375,0.1
32,589,validation_selected,threshold,0.0625,0.125,0.09375,0.1
32,590,constant,constant,0.375,0.53125,0.546875,0.5
32,590,threshold,threshold,0.09375,0.25,0.203125,0.2
32,590,lookup,lookup,0.09375,0.25,0.203125,0.2
32,590,validation_selected,threshold,0.09375,0.25,0.203125,0.2
32,591,constant,constant,0.46875,0.5,0.48046875,0.5
32,591,threshold,threshold,0.09375,0.125,0.109375,0.1
32,591,lookup,lookup,0.09375,0.125,0.109375,0.1
32,591,validation_selected,threshold,0.09375,0.125,0.109375,0.1
32,592,constant,constant,0.40625,0.53125,0.49609375,0.5
32,592,threshold,threshold,0.0625,0.09375,0.09765625,0.1
32,592,lookup,lookup,0.0625,0.09375,0.09765625,0.1
32,592,validation_selected,threshold,0.0625,0.09375,0.09765625,0.1
32,593,constant,constant,0.46875,0.40625,0.48046875,0.5
32,593,threshold,threshold,0.125,0.15625,0.109375,0.1
32,593,lookup,lookup,0.125,0.15625,0.109375,0.1
32,593,validation_selected,threshold,0.125,0.15625,0.109375,0.1
32,594,constant,constant,0.4375,0.40625,0.48046875,0.5
32,594,threshold,threshold,0.125,0.3125,0.16796875,0.2
32,594,lookup,lookup,0.125,0.3125,0.16796875,0.2
32,594,validation_selected,threshold,0.125,0.3125,0.16796875,0.2
32,595,constant,constant,0.4375,0.4375,0.53515625,0.5
32,595,threshold,threshold,0.15625,0.15625,0.12890625,0.1
32,595,lookup,lookup,0.15625,0.15625,0.12890625,0.1
32,595,validation_selected,threshold,0.15625,0.15625,0.12890625,0.1
32,596,constant,constant,0.34375,0.59375,0.5,0.5
32,596,threshold,threshold,0.09375,0.15625,0.09765625,0.1
32,596,lookup,lookup,0.09375,0.28125,0.1796875,0.2
32,596,validation_selected,threshold,0.09375,0.15625,0.09765625,0.1
32,597,constant,constant,0.46875,0.40625,0.48828125,0.5
32,597,threshold,threshold,0.125,0.15625,0.21875,0.2
32,597,lookup,lookup,0.125,0.15625,0.21875,0.2
32,597,validation_selected,threshold,0.125,0.15625,0.21875,0.2
32,598,constant,constant,0.375,0.5625,0.4765625,0.5
32,598,threshold,threshold,0.0625,0.0625,0.109375,0.1
32,598,lookup,lookup,0.0625,0.0625,0.109375,0.1
32,598,validation_selected,threshold,0.0625,0.0625,0.109375,0.1
32,599,constant,constant,0.5,0.53125,0.453125,0.5
32,599,threshold,threshold,0.0625,0.15625,0.08984375,0.1
32,599,lookup,lookup,0.0625,0.15625,0.08984375,0.1
32,599,validation_selected,threshold,0.0625,0.15625,0.08984375,0.1
32,600,constant,constant,0.34375,0.46875,0.5234375,0.5
32,600,threshold,threshold,0.125,0.03125,0.1171875,0.1
32,600,lookup,lookup,0.125,0.03125,0.1171875,0.1
32,600,validation_selected,threshold,0.125,0.03125,0.1171875,0.1
32,601,constant,constant,0.46875,0.46875,0.44921875,0.5
32,601,threshold,threshold,0.09375,0.125,0.0859375,0.1
32,601,lookup,lookup,0.09375,0.125,0.0859375,0.1
32,601,validation_selected,threshold,0.09375,0.125,0.0859375,0.1
32,602,constant,constant,0.46875,0.40625,0.50390625,0.5
32,602,threshold,threshold,0.0625,0.125,0.1015625,0.1
32,602,lookup,lookup,0.0625,0.125,0.21875,0.2
32,602,validation_selected,threshold,0.0625,0.125,0.1015625,0.1
32,603,constant,constant,0.46875,0.53125,0.5078125,0.5
32,603,threshold,threshold,0.125,0.125,0.109375,0.1
32,603,lookup,lookup,0.125,0.125,0.109375,0.1
32,603,validation_selected,threshold,0.125,0.125,0.109375,0.1
32,604,constant,constant,0.4375,0.59375,0.47265625,0.5
32,604,threshold,threshold,0.1875,0.125,0.0859375,0.1
32,604,lookup,lookup,0.1875,0.125,0.0859375,0.1
32,604,validation_selected,threshold,0.1875,0.125,0.0859375,0.1
32,605,constant,constant,0.375,0.375,0.5546875,0.5
32,605,threshold,threshold,0.03125,0.125,0.10546875,0.1
32,605,lookup,lookup,0.03125,0.21875,0.26953125,0.2
32,605,validation_selected,threshold,0.03125,0.125,0.10546875,0.1
32,606,constant,constant,0.375,0.5,0.53125,0.5
32,606,threshold,threshold,0.03125,0.03125,0.08203125,0.1
32,606,lookup,lookup,0.03125,0.03125,0.08203125,0.1
32,606,validation_selected,threshold,0.03125,0.03125,0.08203125,0.1
32,607,constant,constant,0.46875,0.46875,0.546875,0.5
32,607,threshold,threshold,0.0625,0.03125,0.1171875,0.1
32,607,lookup,lookup,0.0625,0.03125,0.1171875,0.1
32,607,validation_selected,threshold,0.0625,0.03125,0.1171875,0.1
32,608,constant,constant,0.40625,0.5,0.47265625,0.5
32,608,threshold,threshold,0.15625,0.03125,0.1015625,0.1
32,608,lookup,lookup,0.125,0.25,0.28515625,0.3
32,608,validation_selected,threshold,0.15625,0.03125,0.1015625,0.1
32,609,constant,constant,0.34375,0.3125,0.50390625,0.5
32,609,threshold,threshold,0.09375,0.21875,0.21875,0.2
32,609,lookup,lookup,0.09375,0.21875,0.21875,0.2
32,609,validation_selected,threshold,0.09375,0.21875,0.21875,0.2
32,610,constant,constant,0.46875,0.5,0.47265625,0.5
32,610,threshold,threshold,0.15625,0.0,0.109375,0.1
32,610,lookup,lookup,0.15625,0.0,0.109375,0.1
32,610,validation_selected,threshold,0.15625,0.0,0.109375,0.1
32,611,constant,constant,0.40625,0.5625,0.51171875,0.5
32,611,threshold,threshold,0.03125,0.0625,0.07421875,0.1
32,611,lookup,lookup,0.03125,0.0625,0.07421875,0.1
32,611,validation_selected,threshold,0.03125,0.0625,0.07421875,0.1
32,612,constant,constant,0.46875,0.46875,0.453125,0.5
32,612,threshold,threshold,0.09375,0.15625,0.08984375,0.1
32,612,lookup,lookup,0.09375,0.15625,0.08984375,0.1
32,612,validation_selected,threshold,0.09375,0.15625,0.08984375,0.1
32,613,constant,constant,0.46875,0.46875,0.49609375,0.5
32,613,threshold,threshold,0.15625,0.15625,0.09765625,0.1
32,613,lookup,lookup,0.15625,0.15625,0.09765625,0.1
32,613,validation_selected,threshold,0.15625,0.15625,0.09765625,0.1
32,614,constant,constant,0.46875,0.53125,0.4375,0.5
32,614,threshold,threshold,0.0625,0.0625,0.08984375,0.1
32,614,lookup,lookup,0.0625,0.0625,0.08984375,0.1
32,614,validation_selected,threshold,0.0625,0.0625,0.08984375,0.1
32,615,constant,constant,0.4375,0.375,0.50390625,0.5
32,615,threshold,threshold,0.09375,0.125,0.078125,0.1
32,615,lookup,lookup,0.09375,0.125,0.078125,0.1
32,615,validation_selected,threshold,0.09375,0.125,0.078125,0.1
32,616,constant,constant,0.40625,0.59375,0.4375,0.5
32,616,threshold,threshold,0.03125,0.1875,0.08203125,0.1
32,616,lookup,lookup,0.03125,0.1875,0.08203125,0.1
32,616,validation_selected,threshold,0.03125,0.1875,0.08203125,0.1
32,617,constant,constant,0.46875,0.53125,0.5234375,0.5
32,617,threshold,threshold,0.09375,0.15625,0.109375,0.1
32,617,lookup,lookup,0.09375,0.15625,0.109375,0.1
32,617,validation_selected,threshold,0.09375,0.15625,0.109375,0.1
32,618,constant,constant,0.4375,0.65625,0.453125,0.5
32,618,threshold,threshold,0.03125,0.15625,0.08984375,0.1
32,618,lookup,lookup,0.03125,0.15625,0.08984375,0.1
32,618,validation_selected,threshold,0.03125,0.15625,0.08984375,0.1
32,619,constant,constant,0.46875,0.46875,0.48828125,0.5
32,619,threshold,threshold,0.0625,0.125,0.11328125,0.1
32,619,lookup,lookup,0.0625,0.125,0.11328125,0.1
32,619,validation_selected,threshold,0.0625,0.125,0.11328125,0.1
32,620,constant,constant,0.3125,0.59375,0.47265625,0.5
32,620,threshold,threshold,0.09375,0.1875,0.10546875,0.1
32,620,lookup,lookup,0.09375,0.1875,0.10546875,0.1
32,620,validation_selected,threshold,0.09375,0.1875,0.10546875,0.1
32,621,constant,constant,0.46875,0.53125,0.4453125,0.5
32,621,threshold,threshold,0.15625,0.03125,0.05859375,0.1
32,621,lookup,lookup,0.15625,0.03125,0.05859375,0.1
32,621,validation_selected,threshold,0.15625,0.03125,0.05859375,0.1
32,622,constant,constant,0.375,0.5,0.55859375,0.5
32,622,threshold,threshold,0.09375,0.09375,0.09765625,0.1
32,622,lookup,lookup,0.09375,0.09375,0.09765625,0.1
32,622,validation_selected,threshold,0.09375,0.09375,0.09765625,0.1
32,623,constant,constant,0.46875,0.5625,0.45703125,0.5
32,623,threshold,threshold,0.03125,0.03125,0.1015625,0.1
32,623,lookup,lookup,0.03125,0.03125,0.1015625,0.1
32,623,validation_selected,threshold,0.03125,0.03125,0.1015625,0.1
32,624,constant,constant,0.5,0.75,0.5390625,0.5
32,624,threshold,threshold,0.03125,0.0625,0.09375,0.1
32,624,lookup,lookup,0.03125,0.0625,0.09375,0.1
32,624,validation_selected,threshold,0.03125,0.0625,0.09375,0.1
32,625,constant,constant,0.4375,0.375,0.5,0.5
32,625,threshold,threshold,0.125,0.09375,0.09765625,0.1
32,625,lookup,lookup,0.125,0.09375,0.09765625,0.1
32,625,validation_selected,threshold,0.125,0.09375,0.09765625,0.1
32,626,constant,constant,0.4375,0.40625,0.53515625,0.5
32,626,threshold,threshold,0.0,0.09375,0.17578125,0.1
32,626,lookup,lookup,0.0,0.09375,0.17578125,0.1
32,626,validation_selected,threshold,0.0,0.09375,0.17578125,0.1
32,627,constant,constant,0.46875,0.40625,0.484375,0.5
32,627,threshold,threshold,0.09375,0.0625,0.125,0.1
32,627,lookup,lookup,0.09375,0.0625,0.125,0.1
32,627,validation_selected,threshold,0.09375,0.0625,0.125,0.1
32,628,constant,constant,0.40625,0.53125,0.5078125,0.5
32,628,threshold,threshold,0.125,0.1875,0.21875,0.2
32,628,lookup,lookup,0.125,0.1875,0.21875,0.2
32,628,validation_selected,threshold,0.125,0.1875,0.21875,0.2
32,629,constant,constant,0.40625,0.5625,0.50390625,0.5
32,629,threshold,threshold,0.03125,0.0625,0.12890625,0.1
32,629,lookup,lookup,0.03125,0.0625,0.12890625,0.1
32,629,validation_selected,threshold,0.03125,0.0625,0.12890625,0.1
32,630,constant,constant,0.46875,0.5,0.515625,0.5
32,630,threshold,threshold,0.0,0.09375,0.07421875,0.1
32,630,lookup,lookup,0.0,0.09375,0.07421875,0.1
32,630,validation_selected,threshold,0.0,0.09375,0.07421875,0.1
32,631,constant,constant,0.375,0.625,0.484375,0.5
32,631,threshold,threshold,0.0625,0.25,0.1796875,0.2
32,631,lookup,lookup,0.0625,0.25,0.1796875,0.2
32,631,validation_selected,threshold,0.0625,0.25,0.1796875,0.2
32,632,constant,constant,0.4375,0.5,0.4453125,0.5
32,632,threshold,threshold,0.125,0.03125,0.12890625,0.1
32,632,lookup,lookup,0.125,0.03125,0.12890625,0.1
32,632,validation_selected,threshold,0.125,0.03125,0.12890625,0.1
32,633,constant,constant,0.5,0.4375,0.49609375,0.5
32,633,threshold,threshold,0.09375,0.125,0.13671875,0.1
32,633,lookup,lookup,0.0625,0.15625,0.203125,0.2
32,633,validation_selected,threshold,0.09375,0.125,0.13671875,0.1
32,634,constant,constant,0.375,0.5625,0.53515625,0.5
32,634,threshold,threshold,0.09375,0.15625,0.10546875,0.1
32,634,lookup,lookup,0.09375,0.15625,0.10546875,0.1
32,634,validation_selected,threshold,0.09375,0.15625,0.10546875,0.1
32,635,constant,constant,0.5,0.46875,0.484375,0.5
32,635,threshold,threshold,0.125,0.03125,0.11328125,0.1
32,635,lookup,lookup,0.125,0.15625,0.21875,0.2
32,635,validation_selected,threshold,0.125,0.03125,0.11328125,0.1
32,636,constant,constant,0.46875,0.625,0.4765625,0.5
32,636,threshold,threshold,0.125,0.15625,0.15234375,0.1
32,636,lookup,lookup,0.125,0.15625,0.15234375,0.1
32,636,validation_selected,threshold,0.125,0.15625,0.15234375,0.1
32,637,constant,constant,0.5,0.5,0.5,0.5
32,637,threshold,threshold,0.09375,0.09375,0.09375,0.1
32,637,lookup,lookup,0.09375,0.09375,0.09375,0.1
32,637,validation_selected,threshold,0.09375,0.09375,0.09375,0.1
32,638,constant,constant,0.4375,0.53125,0.51953125,0.5
32,638,threshold,threshold,0.15625,0.125,0.11328125,0.1
32,638,lookup,lookup,0.15625,0.125,0.11328125,0.1
32,638,validation_selected,threshold,0.15625,0.125,0.11328125,0.1
32,639,constant,constant,0.5,0.625,0.53515625,0.5
32,639,threshold,threshold,0.0625,0.0625,0.1015625,0.1
32,639,lookup,lookup,0.0625,0.0625,0.1015625,0.1
32,639,validation_selected,threshold,0.0625,0.0625,0.1015625,0.1
32,640,constant,constant,0.5,0.46875,0.51171875,0.5
32,640,threshold,threshold,0.09375,0.125,0.1171875,0.1
32,640,lookup,lookup,0.09375,0.125,0.1171875,0.1
32,640,validation_selected,threshold,0.09375,0.125,0.1171875,0.1
32,641,constant,constant,0.375,0.625,0.5,0.5
32,641,threshold,threshold,0.0625,0.09375,0.109375,0.1
32,641,lookup,lookup,0.0625,0.09375,0.109375,0.1
32,641,validation_selected,threshold,0.0625,0.09375,0.109375,0.1
32,642,constant,constant,0.40625,0.46875,0.51171875,0.5
32,642,threshold,threshold,0.03125,0.1875,0.10546875,0.1
32,642,lookup,lookup,0.03125,0.1875,0.10546875,0.1
32,642,validation_selected,threshold,0.03125,0.1875,0.10546875,0.1
32,643,constant,constant,0.28125,0.53125,0.5078125,0.5
32,643,threshold,threshold,0.03125,0.03125,0.125,0.1
32,643,lookup,lookup,0.03125,0.03125,0.125,0.1
32,643,validation_selected,threshold,0.03125,0.03125,0.125,0.1
32,644,constant,constant,0.34375,0.46875,0.45703125,0.5
32,644,threshold,threshold,0.21875,0.03125,0.09765625,0.1
32,644,lookup,lookup,0.15625,0.09375,0.18359375,0.2
32,644,validation_selected,threshold,0.21875,0.03125,0.09765625,0.1
32,645,constant,constant,0.4375,0.40625,0.49609375,0.5
32,645,threshold,threshold,0.0625,0.09375,0.1015625,0.1
32,645,lookup,lookup,0.0625,0.09375,0.1015625,0.1
32,645,validation_selected,threshold,0.0625,0.09375,0.1015625,0.1
32,646,constant,constant,0.375,0.46875,0.49609375,0.5
32,646,threshold,threshold,0.09375,0.0625,0.1015625,0.1
32,646,lookup,lookup,0.09375,0.0625,0.1015625,0.1
32,646,validation_selected,threshold,0.09375,0.0625,0.1015625,0.1
32,647,constant,constant,0.5,0.53125,0.4375,0.5
32,647,threshold,threshold,0.0625,0.125,0.10546875,0.1
32,647,lookup,lookup,0.0625,0.125,0.10546875,0.1
32,647,validation_selected,threshold,0.0625,0.125,0.10546875,0.1
32,648,constant,constant,0.46875,0.5,0.48828125,0.5
32,648,threshold,threshold,0.15625,0.0625,0.125,0.1
32,648,lookup,lookup,0.15625,0.0625,0.125,0.1
32,648,validation_selected,threshold,0.15625,0.0625,0.125,0.1
32,649,constant,constant,0.375,0.5625,0.5078125,0.5
32,649,threshold,threshold,0.03125,0.125,0.12109375,0.1
32,649,lookup,lookup,0.03125,0.125,0.12109375,0.1
32,649,validation_selected,threshold,0.03125,0.125,0.12109375,0.1
32,650,constant,constant,0.4375,0.46875,0.44921875,0.5
32,650,threshold,threshold,0.09375,0.09375,0.09765625,0.1
32,650,lookup,lookup,0.09375,0.09375,0.09765625,0.1
32,650,validation_selected,threshold,0.09375,0.09375,0.09765625,0.1
32,651,constant,constant,0.40625,0.4375,0.51171875,0.5
32,651,threshold,threshold,0.09375,0.09375,0.09375,0.1
32,651,lookup,lookup,0.09375,0.125,0.203125,0.2
32,651,validation_selected,threshold,0.09375,0.09375,0.09375,0.1
32,652,constant,constant,0.40625,0.59375,0.49609375,0.5
32,652,threshold,threshold,0.0625,0.0625,0.09765625,0.1
32,652,lookup,lookup,0.0625,0.0625,0.09765625,0.1
32,652,validation_selected,threshold,0.0625,0.0625,0.09765625,0.1
32,653,constant,constant,0.46875,0.53125,0.5078125,0.5
32,653,threshold,threshold,0.0625,0.15625,0.08203125,0.1
32,653,lookup,lookup,0.0625,0.15625,0.08203125,0.1
32,653,validation_selected,threshold,0.0625,0.15625,0.08203125,0.1
32,654,constant,constant,0.375,0.625,0.4765625,0.5
32,654,threshold,threshold,0.125,0.0,0.07421875,0.1
32,654,lookup,lookup,0.125,0.0,0.07421875,0.1
32,654,validation_selected,threshold,0.125,0.0,0.07421875,0.1
32,655,constant,constant,0.4375,0.34375,0.4453125,0.5
32,655,threshold,threshold,0.03125,0.15625,0.140625,0.1
32,655,lookup,lookup,0.03125,0.15625,0.140625,0.1
32,655,validation_selected,threshold,0.03125,0.15625,0.140625,0.1
32,656,constant,constant,0.40625,0.625,0.48828125,0.5
32,656,threshold,threshold,0.09375,0.09375,0.1328125,0.1
32,656,lookup,lookup,0.09375,0.09375,0.1328125,0.1
32,656,validation_selected,threshold,0.09375,0.09375,0.1328125,0.1
32,657,constant,constant,0.375,0.4375,0.55078125,0.5
32,657,threshold,threshold,0.125,0.03125,0.07421875,0.1
32,657,lookup,lookup,0.125,0.25,0.20703125,0.2
32,657,validation_selected,threshold,0.125,0.03125,0.07421875,0.1
32,658,constant,constant,0.40625,0.625,0.5234375,0.5
32,658,threshold,threshold,0.1875,0.125,0.078125,0.1
32,658,lookup,lookup,0.1875,0.125,0.078125,0.1
32,658,validation_selected,threshold,0.1875,0.125,0.078125,0.1
32,659,constant,constant,0.40625,0.4375,0.484375,0.5
32,659,threshold,threshold,0.0625,0.15625,0.078125,0.1
32,659,lookup,lookup,0.0625,0.15625,0.078125,0.1
32,659,validation_selected,threshold,0.0625,0.15625,0.078125,0.1
32,660,constant,constant,0.4375,0.46875,0.48046875,0.5
32,660,threshold,threshold,0.125,0.03125,0.1171875,0.1
32,660,lookup,lookup,0.125,0.03125,0.1171875,0.1
32,660,validation_selected,threshold,0.125,0.03125,0.1171875,0.1
32,661,constant,constant,0.46875,0.46875,0.5078125,0.5
32,661,threshold,threshold,0.125,0.0625,0.08203125,0.1
32,661,lookup,lookup,0.125,0.15625,0.18359375,0.2
32,661,validation_selected,threshold,0.125,0.0625,0.08203125,0.1
32,662,constant,constant,0.46875,0.53125,0.53125,0.5
32,662,threshold,threshold,0.0,0.09375,0.109375,0.1
32,662,lookup,lookup,0.0,0.09375,0.109375,0.1
32,662,validation_selected,threshold,0.0,0.09375,0.109375,0.1
32,663,constant,constant,0.5,0.53125,0.48828125,0.5
32,663,threshold,threshold,0.0625,0.125,0.09375,0.1
32,663,lookup,lookup,0.0625,0.125,0.09375,0.1
32,663,validation_selected,threshold,0.0625,0.125,0.09375,0.1
32,664,constant,constant,0.5,0.5,0.52734375,0.5
32,664,threshold,threshold,0.03125,0.21875,0.12890625,0.1
32,664,lookup,lookup,0.03125,0.21875,0.12890625,0.1
32,664,validation_selected,threshold,0.03125,0.21875,0.12890625,0.1
32,665,constant,constant,0.46875,0.5625,0.5078125,0.5
32,665,threshold,threshold,0.03125,0.0625,0.1328125,0.1
32,665,lookup,lookup,0.03125,0.0625,0.1328125,0.1
32,665,validation_selected,threshold,0.03125,0.0625,0.1328125,0.1
32,666,constant,constant,0.46875,0.5625,0.546875,0.5
32,666,threshold,threshold,0.15625,0.25,0.2265625,0.2
32,666,lookup,lookup,0.15625,0.25,0.2265625,0.2
32,666,validation_selected,threshold,0.15625,0.25,0.2265625,0.2
32,667,constant,constant,0.34375,0.59375,0.453125,0.5
32,667,threshold,threshold,0.125,0.0625,0.1171875,0.1
32,667,lookup,lookup,0.125,0.0625,0.1171875,0.1
32,667,validation_selected,threshold,0.125,0.0625,0.1171875,0.1
32,668,constant,constant,0.40625,0.46875,0.5625,0.5
32,668,threshold,threshold,0.0625,0.03125,0.0859375,0.1
32,668,lookup,lookup,0.0625,0.03125,0.0859375,0.1
32,668,validation_selected,threshold,0.0625,0.03125,0.0859375,0.1
32,669,constant,constant,0.46875,0.65625,0.5,0.5
32,669,threshold,threshold,0.09375,0.03125,0.08984375,0.1
32,669,lookup,lookup,0.09375,0.03125,0.08984375,0.1
32,669,validation_selected,threshold,0.09375,0.03125,0.08984375,0.1
32,670,constant,constant,0.375,0.53125,0.515625,0.5
32,670,threshold,threshold,0.125,0.0625,0.125,0.1
32,670,lookup,lookup,0.125,0.0625,0.125,0.1
32,670,validation_selected,threshold,0.125,0.0625,0.125,0.1
32,671,constant,constant,0.4375,0.5,0.50390625,0.5
32,671,threshold,threshold,0.09375,0.125,0.10546875,0.1
32,671,lookup,lookup,0.09375,0.28125,0.1953125,0.2
32,671,validation_selected,threshold,0.09375,0.125,0.10546875,0.1
32,672,constant,constant,0.46875,0.71875,0.4453125,0.5
32,672,threshold,threshold,0.09375,0.09375,0.09375,0.1
32,672,lookup,lookup,0.09375,0.09375,0.09375,0.1
32,672,validation_selected,threshold,0.09375,0.09375,0.09375,0.1
32,673,constant,constant,0.46875,0.375,0.4921875,0.5
32,673,threshold,threshold,0.0625,0.15625,0.125,0.1
32,673,lookup,lookup,0.0625,0.15625,0.125,0.1
32,673,validation_selected,threshold,0.0625,0.15625,0.125,0.1
32,674,constant,constant,0.4375,0.34375,0.4453125,0.5
32,674,threshold,threshold,0.125,0.0625,0.08984375,0.1
32,674,lookup,lookup,0.125,0.0625,0.08984375,0.1
32,674,validation_selected,threshold,0.125,0.0625,0.08984375,0.1
32,675,constant,constant,0.5,0.65625,0.6015625,0.5
32,675,threshold,threshold,0.03125,0.09375,0.10546875,0.1
32,675,lookup,lookup,0.03125,0.09375,0.10546875,0.1
32,675,validation_selected,threshold,0.03125,0.09375,0.10546875,0.1
32,676,constant,constant,0.4375,0.53125,0.48046875,0.5
32,676,threshold,threshold,0.15625,0.09375,0.09375,0.1
32,676,lookup,lookup,0.15625,0.09375,0.09375,0.1
32,676,validation_selected,threshold,0.15625,0.09375,0.09375,0.1
32,677,constant,constant,0.5,0.4375,0.4765625,0.5
32,677,threshold,threshold,0.125,0.15625,0.21875,0.2
32,677,lookup,lookup,0.09375,0.3125,0.31640625,0.3
32,677,validation_selected,threshold,0.125,0.15625,0.21875,0.2
32,678,constant,constant,0.5,0.53125,0.47265625,0.5
32,678,threshold,threshold,0.09375,0.15625,0.0859375,0.1
32,678,lookup,lookup,0.09375,0.15625,0.0859375,0.1
32,678,validation_selected,threshold,0.09375,0.15625,0.0859375,0.1
32,679,constant,constant,0.28125,0.5,0.48046875,0.5
32,679,threshold,threshold,0.03125,0.03125,0.1015625,0.1
32,679,lookup,lookup,0.03125,0.03125,0.1015625,0.1
32,679,validation_selected,threshold,0.03125,0.03125,0.1015625,0.1
32,680,constant,constant,0.4375,0.46875,0.5390625,0.5
32,680,threshold,threshold,0.03125,0.15625,0.0859375,0.1
32,680,lookup,lookup,0.03125,0.15625,0.0859375,0.1
32,680,validation_selected,threshold,0.03125,0.15625,0.0859375,0.1
32,681,constant,constant,0.40625,0.5,0.55078125,0.5
32,681,threshold,threshold,0.03125,0.09375,0.09765625,0.1
32,681,lookup,lookup,0.03125,0.09375,0.09765625,0.1
32,681,validation_selected,threshold,0.03125,0.09375,0.09765625,0.1
32,682,constant,constant,0.5,0.5625,0.5078125,0.5
32,682,threshold,threshold,0.15625,0.09375,0.09375,0.1
32,682,lookup,lookup,0.15625,0.09375,0.09375,0.1
32,682,validation_selected,threshold,0.15625,0.09375,0.09375,0.1
32,683,constant,constant,0.46875,0.65625,0.4296875,0.5
32,683,threshold,threshold,0.09375,0.15625,0.09765625,0.1
32,683,lookup,lookup,0.09375,0.15625,0.09765625,0.1
32,683,validation_selected,threshold,0.09375,0.15625,0.09765625,0.1
32,684,constant,constant,0.46875,0.34375,0.5234375,0.5
32,684,threshold,threshold,0.125,0.0625,0.09375,0.1
32,684,lookup,lookup,0.09375,0.1875,0.1953125,0.2
32,684,validation_selected,threshold,0.125,0.0625,0.09375,0.1
32,685,constant,constant,0.40625,0.46875,0.5625,0.5
32,685,threshold,threshold,0.0625,0.0625,0.0859375,0.1
32,685,lookup,lookup,0.0625,0.0625,0.23828125,0.2
32,685,validation_selected,threshold,0.0625,0.0625,0.0859375,0.1
32,686,constant,constant,0.375,0.5625,0.5390625,0.5
32,686,threshold,threshold,0.125,0.09375,0.1015625,0.1
32,686,lookup,lookup,0.125,0.09375,0.1015625,0.1
32,686,validation_selected,threshold,0.125,0.09375,0.1015625,0.1
32,687,constant,constant,0.4375,0.4375,0.5078125,0.5
32,687,threshold,threshold,0.09375,0.09375,0.10546875,0.1
32,687,lookup,lookup,0.09375,0.125,0.203125,0.2
32,687,validation_selected,threshold,0.09375,0.09375,0.10546875,0.1
32,688,constant,constant,0.4375,0.46875,0.4453125,0.5
32,688,threshold,threshold,0.0625,0.09375,0.11328125,0.1
32,688,lookup,lookup,0.0625,0.09375,0.11328125,0.1
32,688,validation_selected,threshold,0.0625,0.09375,0.11328125,0.1
32,689,constant,constant,0.40625,0.375,0.4609375,0.5
32,689,threshold,threshold,0.03125,0.09375,0.12890625,0.1
32,689,lookup,lookup,0.03125,0.09375,0.12890625,0.1
32,689,validation_selected,threshold,0.03125,0.09375,0.12890625,0.1
32,690,constant,constant,0.4375,0.59375,0.515625,0.5
32,690,threshold,threshold,0.0625,0.0625,0.10546875,0.1
32,690,lookup,lookup,0.0625,0.0625,0.10546875,0.1
32,690,validation_selected,threshold,0.0625,0.0625,0.10546875,0.1
32,691,constant,constant,0.375,0.5,0.53125,0.5
32,691,threshold,threshold,0.125,0.03125,0.0703125,0.1
32,691,lookup,lookup,0.125,0.15625,0.15234375,0.2
32,691,validation_selected,threshold,0.125,0.03125,0.0703125,0.1
32,692,constant,constant,0.46875,0.46875,0.48828125,0.5
32,692,threshold,threshold,0.03125,0.0625,0.10546875,0.1
32,692,lookup,lookup,0.03125,0.15625,0.1875,0.2
32,692,validation_selected,threshold,0.03125,0.0625,0.10546875,0.1
32,693,constant,constant,0.4375,0.53125,0.5,0.5
32,693,threshold,threshold,0.0625,0.15625,0.09375,0.1
32,693,lookup,lookup,0.0625,0.15625,0.09375,0.1
32,693,validation_selected,threshold,0.0625,0.15625,0.09375,0.1
32,694,constant,constant,0.5,0.5625,0.50390625,0.5
32,694,threshold,threshold,0.1875,0.09375,0.11328125,0.1
32,694,lookup,lookup,0.1875,0.09375,0.11328125,0.1
32,694,validation_selected,threshold,0.1875,0.09375,0.11328125,0.1
32,695,constant,constant,0.4375,0.46875,0.43359375,0.5
32,695,threshold,threshold,0.1875,0.1875,0.0859375,0.1
32,695,lookup,lookup,0.15625,0.25,0.1796875,0.2
32,695,validation_selected,threshold,0.1875,0.1875,0.0859375,0.1
32,696,constant,constant,0.40625,0.5,0.5,0.5
32,696,threshold,threshold,0.125,0.0625,0.06640625,0.1
32,696,lookup,lookup,0.125,0.0625,0.06640625,0.1
32,696,validation_selected,threshold,0.125,0.0625,0.06640625,0.1
32,697,constant,constant,0.4375,0.59375,0.5078125,0.5
32,697,threshold,threshold,0.0625,0.125,0.109375,0.1
32,697,lookup,lookup,0.0625,0.125,0.109375,0.1
32,697,validation_selected,threshold,0.0625,0.125,0.109375,0.1
32,698,constant,constant,0.34375,0.46875,0.51171875,0.5
32,698,threshold,threshold,0.15625,0.1875,0.12890625,0.1
32,698,lookup,lookup,0.15625,0.1875,0.12890625,0.1
32,698,validation_selected,threshold,0.15625,0.1875,0.12890625,0.1
32,699,constant,constant,0.5,0.5,0.52734375,0.5
32,699,threshold,threshold,0.09375,0.0625,0.10546875,0.1
32,699,lookup,lookup,0.09375,0.125,0.22265625,0.2
32,699,validation_selected,threshold,0.09375,0.0625,0.10546875,0.1
32,700,constant,constant,0.34375,0.59375,0.4765625,0.5
32,700,threshold,threshold,0.03125,0.1875,0.12890625,0.1
32,700,lookup,lookup,0.03125,0.3125,0.24609375,0.2
32,700,validation_selected,threshold,0.03125,0.1875,0.12890625,0.1
32,701,constant,constant,0.46875,0.3125,0.453125,0.5
32,701,threshold,threshold,0.09375,0.15625,0.10546875,0.1
32,701,lookup,lookup,0.09375,0.15625,0.10546875,0.1
32,701,validation_selected,threshold,0.09375,0.15625,0.10546875,0.1
32,702,constant,constant,0.4375,0.625,0.52734375,0.5
32,702,threshold,threshold,0.125,0.09375,0.10546875,0.1
32,702,lookup,lookup,0.125,0.09375,0.10546875,0.1
32,702,validation_selected,threshold,0.125,0.09375,0.10546875,0.1
32,703,constant,constant,0.5,0.5,0.45703125,0.5
32,703,threshold,threshold,0.09375,0.0625,0.07421875,0.1
32,703,lookup,lookup,0.09375,0.0625,0.07421875,0.1
32,703,validation_selected,threshold,0.09375,0.0625,0.07421875,0.1
32,704,constant,constant,0.46875,0.53125,0.46875,0.5
32,704,threshold,threshold,0.09375,0.28125,0.16015625,0.2
32,704,lookup,lookup,0.09375,0.28125,0.16015625,0.2
32,704,validation_selected,threshold,0.09375,0.28125,0.16015625,0.2
32,705,constant,constant,0.40625,0.5,0.5,0.5
32,705,threshold,threshold,0.03125,0.375,0.20703125,0.2
32,705,lookup,lookup,0.03125,0.375,0.20703125,0.2
32,705,validation_selected,threshold,0.03125,0.375,0.20703125,0.2
32,706,constant,constant,0.46875,0.1875,0.51171875,0.5
32,706,threshold,threshold,0.09375,0.0625,0.109375,0.1
32,706,lookup,lookup,0.09375,0.0625,0.109375,0.1
32,706,validation_selected,threshold,0.09375,0.0625,0.109375,0.1
32,707,constant,constant,0.5,0.40625,0.47265625,0.5
32,707,threshold,threshold,0.09375,0.125,0.08203125,0.1
32,707,lookup,lookup,0.09375,0.125,0.08203125,0.1
32,707,validation_selected,threshold,0.09375,0.125,0.08203125,0.1
32,708,constant,constant,0.375,0.59375,0.49609375,0.5
32,708,threshold,threshold,0.0625,0.03125,0.109375,0.1
32,708,lookup,lookup,0.0625,0.03125,0.109375,0.1
32,708,validation_selected,threshold,0.0625,0.03125,0.109375,0.1
32,709,constant,constant,0.46875,0.40625,0.515625,0.5
32,709,threshold,threshold,0.09375,0.0,0.1171875,0.1
32,709,lookup,lookup,0.09375,0.0,0.1171875,0.1
32,709,validation_selected,threshold,0.09375,0.0,0.1171875,0.1
32,710,constant,constant,0.5,0.625,0.50390625,0.5
32,710,threshold,threshold,0.125,0.125,0.109375,0.1
32,710,lookup,lookup,0.125,0.125,0.109375,0.1
32,710,validation_selected,threshold,0.125,0.125,0.109375,0.1
32,711,constant,constant,0.46875,0.34375,0.51171875,0.5
32,711,threshold,threshold,0.15625,0.125,0.12109375,0.1
32,711,lookup,lookup,0.15625,0.125,0.12109375,0.1
32,711,validation_selected,threshold,0.15625,0.125,0.12109375,0.1
32,712,constant,constant,0.46875,0.46875,0.50390625,0.5
32,712,threshold,threshold,0.09375,0.15625,0.09375,0.1
32,712,lookup,lookup,0.09375,0.1875,0.19921875,0.2
32,712,validation_selected,threshold,0.09375,0.15625,0.09375,0.1
32,713,constant,constant,0.40625,0.53125,0.52734375,0.5
32,713,threshold,threshold,0.15625,0.09375,0.10546875,0.1
32,713,lookup,lookup,0.125,0.34375,0.1796875,0.2
32,713,validation_selected,threshold,0.15625,0.09375,0.10546875,0.1
32,714,constant,constant,0.4375,0.4375,0.50390625,0.5
32,714,threshold,threshold,0.09375,0.15625,0.078125,0.1
32,714,lookup,lookup,0.09375,0.15625,0.078125,0.1
32,714,validation_selected,threshold,0.09375,0.15625,0.078125,0.1
32,715,constant,constant,0.375,0.40625,0.46484375,0.5
32,715,threshold,threshold,0.0625,0.125,0.109375,0.1
32,715,lookup,lookup,0.0625,0.125,0.109375,0.1
32,715,validation_selected,threshold,0.0625,0.125,0.109375,0.1
32,716,constant,constant,0.5,0.40625,0.50390625,0.5
32,716,threshold,threshold,0.1875,0.03125,0.10546875,0.1
32,716,lookup,lookup,0.1875,0.125,0.19140625,0.2
32,716,validation_selected,threshold,0.1875,0.03125,0.10546875,0.1
32,717,constant,constant,0.4375,0.5,0.42578125,0.5
32,717,threshold,threshold,0.03125,0.1875,0.0859375,0.1
32,717,lookup,lookup,0.03125,0.1875,0.0859375,0.1
32,717,validation_selected,threshold,0.03125,0.1875,0.0859375,0.1
32,718,constant,constant,0.3125,0.375,0.484375,0.5
32,718,threshold,threshold,0.0,0.0625,0.109375,0.1
32,718,lookup,lookup,0.0,0.0625,0.109375,0.1
32,718,validation_selected,threshold,0.0,0.0625,0.109375,0.1
32,719,constant,constant,0.34375,0.46875,0.45703125,0.5
32,719,threshold,threshold,0.125,0.125,0.09375,0.1
32,719,lookup,lookup,0.125,0.125,0.09375,0.1
32,719,validation_selected,threshold,0.125,0.125,0.09375,0.1
32,720,constant,constant,0.46875,0.5,0.5234375,0.5
32,720,threshold,threshold,0.09375,0.125,0.1015625,0.1
32,720,lookup,lookup,0.09375,0.125,0.1015625,0.1
32,720,validation_selected,threshold,0.09375,0.125,0.1015625,0.1
32,721,constant,constant,0.46875,0.46875,0.5625,0.5
32,721,threshold,threshold,0.0625,0.1875,0.0625,0.1
32,721,lookup,lookup,0.0625,0.1875,0.0625,0.1
32,721,validation_selected,threshold,0.0625,0.1875,0.0625,0.1
32,722,constant,constant,0.46875,0.625,0.51171875,0.5
32,722,threshold,threshold,0.21875,0.0625,0.09375,0.1
32,722,lookup,lookup,0.21875,0.0625,0.09375,0.1
32,722,validation_selected,threshold,0.21875,0.0625,0.09375,0.1
32,723,constant,constant,0.46875,0.40625,0.515625,0.5
32,723,threshold,threshold,0.0625,0.25,0.09375,0.1
32,723,lookup,lookup,0.0625,0.25,0.09375,0.1
32,723,validation_selected,threshold,0.0625,0.25,0.09375,0.1
32,724,constant,constant,0.46875,0.40625,0.49609375,0.5
32,724,threshold,threshold,0.125,0.09375,0.1171875,0.1
32,724,lookup,lookup,0.125,0.3125,0.1953125,0.2
32,724,validation_selected,threshold,0.125,0.09375,0.1171875,0.1
32,725,constant,constant,0.5,0.46875,0.5390625,0.5
32,725,threshold,threshold,0.09375,0.125,0.1015625,0.1
32,725,lookup,lookup,0.09375,0.125,0.1015625,0.1
32,725,validation_selected,threshold,0.09375,0.125,0.1015625,0.1
32,726,constant,constant,0.46875,0.375,0.5390625,0.5
32,726,threshold,threshold,0.125,0.09375,0.1015625,0.1
32,726,lookup,lookup,0.125,0.09375,0.1015625,0.1
32,726,validation_selected,threshold,0.125,0.09375,0.1015625,0.1
32,727,constant,constant,0.375,0.5625,0.48828125,0.5
32,727,threshold,threshold,0.03125,0.125,0.07421875,0.1
32,727,lookup,lookup,0.03125,0.125,0.07421875,0.1
32,727,validation_selected,threshold,0.03125,0.125,0.07421875,0.1
32,728,constant,constant,0.375,0.5,0.49609375,0.5
32,728,threshold,threshold,0.09375,0.0625,0.1015625,0.1
32,728,lookup,lookup,0.09375,0.0625,0.1015625,0.1
32,728,validation_selected,threshold,0.09375,0.0625,0.1015625,0.1
32,729,constant,constant,0.4375,0.40625,0.55859375,0.5
32,729,threshold,threshold,0.21875,0.25,0.2578125,0.3
32,729,lookup,lookup,0.15625,0.125,0.17578125,0.2
32,729,validation_selected,lookup,0.15625,0.125,0.17578125,0.2
32,730,constant,constant,0.46875,0.46875,0.515625,0.5
32,730,threshold,threshold,0.09375,0.1875,0.1171875,0.1
32,730,lookup,lookup,0.09375,0.1875,0.1171875,0.1
32,730,validation_selected,threshold,0.09375,0.1875,0.1171875,0.1
32,731,constant,constant,0.4375,0.40625,0.5234375,0.5
32,731,threshold,threshold,0.15625,0.09375,0.1171875,0.1
32,731,lookup,lookup,0.15625,0.09375,0.1171875,0.1
32,731,validation_selected,threshold,0.15625,0.09375,0.1171875,0.1
32,732,constant,constant,0.46875,0.59375,0.5078125,0.5
32,732,threshold,threshold,0.09375,0.1875,0.12890625,0.1
32,732,lookup,lookup,0.09375,0.21875,0.234375,0.2
32,732,validation_selected,threshold,0.09375,0.1875,0.12890625,0.1
32,733,constant,constant,0.5,0.5,0.53125,0.5
32,733,threshold,threshold,0.09375,0.09375,0.08203125,0.1
32,733,lookup,lookup,0.0625,0.125,0.17578125,0.2
32,733,validation_selected,threshold,0.09375,0.09375,0.08203125,0.1
32,734,constant,constant,0.5,0.46875,0.47265625,0.5
32,734,threshold,threshold,0.09375,0.03125,0.09375,0.1
32,734,lookup,lookup,0.09375,0.03125,0.09375,0.1
32,734,validation_selected,threshold,0.09375,0.03125,0.09375,0.1
32,735,constant,constant,0.46875,0.53125,0.51953125,0.5
32,735,threshold,threshold,0.09375,0.125,0.1015625,0.1
32,735,lookup,lookup,0.0625,0.28125,0.2109375,0.2
32,735,validation_selected,threshold,0.09375,0.125,0.1015625,0.1
32,736,constant,constant,0.375,0.5,0.48046875,0.5
32,736,threshold,threshold,0.15625,0.0625,0.09765625,0.1
32,736,lookup,lookup,0.15625,0.0625,0.09765625,0.1
32,736,validation_selected,threshold,0.15625,0.0625,0.09765625,0.1
32,737,constant,constant,0.40625,0.59375,0.51953125,0.5
32,737,threshold,threshold,0.1875,0.0625,0.1015625,0.1
32,737,lookup,lookup,0.15625,0.25,0.19140625,0.2
32,737,validation_selected,threshold,0.1875,0.0625,0.1015625,0.1
32,738,constant,constant,0.4375,0.46875,0.51171875,0.5
32,738,threshold,threshold,0.21875,0.03125,0.1015625,0.1
32,738,lookup,lookup,0.15625,0.1875,0.2734375,0.3
32,738,validation_selected,threshold,0.21875,0.03125,0.1015625,0.1
32,739,constant,constant,0.4375,0.5,0.48828125,0.5
32,739,threshold,threshold,0.03125,0.09375,0.1171875,0.1
32,739,lookup,lookup,0.03125,0.09375,0.1171875,0.1
32,739,validation_selected,threshold,0.03125,0.09375,0.1171875,0.1
32,740,constant,constant,0.4375,0.5625,0.46875,0.5
32,740,threshold,threshold,0.0625,0.125,0.11328125,0.1
32,740,lookup,lookup,0.0625,0.125,0.11328125,0.1
32,740,validation_selected,threshold,0.0625,0.125,0.11328125,0.1
32,741,constant,constant,0.46875,0.46875,0.44921875,0.5
32,741,threshold,threshold,0.03125,0.03125,0.08984375,0.1
32,741,lookup,lookup,0.0,0.15625,0.2265625,0.2
32,741,validation_selected,threshold,0.03125,0.03125,0.08984375,0.1
32,742,constant,constant,0.46875,0.5,0.51171875,0.5
32,742,threshold,threshold,0.0625,0.125,0.12109375,0.1
32,742,lookup,lookup,0.0625,0.125,0.12109375,0.1
32,742,validation_selected,threshold,0.0625,0.125,0.12109375,0.1
32,743,constant,constant,0.46875,0.53125,0.47265625,0.5
32,743,threshold,threshold,0.15625,0.28125,0.0859375,0.1
32,743,lookup,lookup,0.15625,0.28125,0.0859375,0.1
32,743,validation_selected,threshold,0.15625,0.28125,0.0859375,0.1
32,744,constant,constant,0.46875,0.5625,0.5234375,0.5
32,744,threshold,threshold,0.03125,0.15625,0.11328125,0.1
32,744,lookup,lookup,0.03125,0.15625,0.11328125,0.1
32,744,validation_selected,threshold,0.03125,0.15625,0.11328125,0.1
32,745,constant,constant,0.46875,0.65625,0.46875,0.5
32,745,threshold,threshold,0.03125,0.09375,0.1328125,0.1
32,745,lookup,lookup,0.03125,0.09375,0.1328125,0.1
32,745,validation_selected,threshold,0.03125,0.09375,0.1328125,0.1
32,746,constant,constant,0.34375,0.59375,0.5546875,0.5
32,746,threshold,threshold,0.03125,0.09375,0.0859375,0.1
32,746,lookup,lookup,0.03125,0.09375,0.0859375,0.1
32,746,validation_selected,threshold,0.03125,0.09375,0.0859375,0.1
32,747,constant,constant,0.40625,0.5,0.55078125,0.5
32,747,threshold,threshold,0.09375,0.0625,0.08984375,0.1
32,747,lookup,lookup,0.0625,0.21875,0.23828125,0.2
32,747,validation_selected,threshold,0.09375,0.0625,0.08984375,0.1
32,748,constant,constant,0.40625,0.5625,0.48046875,0.5
32,748,threshold,threshold,0.125,0.09375,0.08984375,0.1
32,748,lookup,lookup,0.125,0.09375,0.08984375,0.1
32,748,validation_selected,threshold,0.125,0.09375,0.08984375,0.1
32,749,constant,constant,0.5,0.5,0.55859375,0.5
32,749,threshold,threshold,0.03125,0.125,0.12109375,0.1
32,749,lookup,lookup,0.03125,0.125,0.12109375,0.1
32,749,validation_selected,threshold,0.03125,0.125,0.12109375,0.1
32,750,constant,constant,0.46875,0.40625,0.4609375,0.5
32,750,threshold,threshold,0.125,0.125,0.0859375,0.1
32,750,lookup,lookup,0.09375,0.21875,0.21484375,0.2
32,750,validation_selected,threshold,0.125,0.125,0.0859375,0.1
32,751,constant,constant,0.5,0.625,0.5390625,0.5
32,751,threshold,threshold,0.0,0.09375,0.09765625,0.1
32,751,lookup,lookup,0.0,0.09375,0.09765625,0.1
32,751,validation_selected,threshold,0.0,0.09375,0.09765625,0.1
32,752,constant,constant,0.4375,0.46875,0.5390625,0.5
32,752,threshold,threshold,0.15625,0.09375,0.0859375,0.1
32,752,lookup,lookup,0.15625,0.09375,0.0859375,0.1
32,752,validation_selected,threshold,0.15625,0.09375,0.0859375,0.1
32,753,constant,constant,0.5,0.375,0.55078125,0.5
32,753,threshold,threshold,0.125,0.125,0.0859375,0.1
32,753,lookup,lookup,0.125,0.125,0.0859375,0.1
32,753,validation_selected,threshold,0.125,0.125,0.0859375,0.1
32,754,constant,constant,0.46875,0.53125,0.47265625,0.5
32,754,threshold,threshold,0.15625,0.03125,0.10546875,0.1
32,754,lookup,lookup,0.125,0.125,0.19921875,0.2
32,754,validation_selected,threshold,0.15625,0.03125,0.10546875,0.1
32,755,constant,constant,0.5,0.40625,0.44921875,0.5
32,755,threshold,threshold,0.03125,0.03125,0.1171875,0.1
32,755,lookup,lookup,0.03125,0.03125,0.1171875,0.1
32,755,validation_selected,threshold,0.03125,0.03125,0.1171875,0.1
32,756,constant,constant,0.40625,0.59375,0.5390625,0.5
32,756,threshold,threshold,0.125,0.25,0.07421875,0.1
32,756,lookup,lookup,0.125,0.25,0.07421875,0.1
32,756,validation_selected,threshold,0.125,0.25,0.07421875,0.1
32,757,constant,constant,0.40625,0.4375,0.484375,0.5
32,757,threshold,threshold,0.125,0.0625,0.13671875,0.1
32,757,lookup,lookup,0.125,0.0625,0.13671875,0.1
32,757,validation_selected,threshold,0.125,0.0625,0.13671875,0.1
32,758,constant,constant,0.46875,0.5625,0.47265625,0.5
32,758,threshold,threshold,0.15625,0.15625,0.0703125,0.1
32,758,lookup,lookup,0.15625,0.15625,0.0703125,0.1
32,758,validation_selected,threshold,0.15625,0.15625,0.0703125,0.1
32,759,constant,constant,0.5,0.5,0.45703125,0.5
32,759,threshold,threshold,0.0,0.125,0.1171875,0.1
32,759,lookup,lookup,0.0,0.125,0.1171875,0.1
32,759,validation_selected,threshold,0.0,0.125,0.1171875,0.1
32,760,constant,constant,0.5,0.5,0.5390625,0.5
32,760,threshold,threshold,0.21875,0.0,0.0859375,0.1
32,760,lookup,lookup,0.21875,0.0,0.0859375,0.1
32,760,validation_selected,threshold,0.21875,0.0,0.0859375,0.1
32,761,constant,constant,0.3125,0.46875,0.515625,0.5
32,761,threshold,threshold,0.15625,0.0625,0.14453125,0.1
32,761,lookup,lookup,0.125,0.21875,0.24609375,0.2
32,761,validation_selected,threshold,0.15625,0.0625,0.14453125,0.1
32,762,constant,constant,0.5,0.40625,0.5234375,0.5
32,762,threshold,threshold,0.15625,0.03125,0.09765625,0.1
32,762,lookup,lookup,0.15625,0.03125,0.09765625,0.1
32,762,validation_selected,threshold,0.15625,0.03125,0.09765625,0.1
32,763,constant,constant,0.46875,0.46875,0.5078125,0.5
32,763,threshold,threshold,0.03125,0.0625,0.125,0.1
32,763,lookup,lookup,0.03125,0.0625,0.125,0.1
32,763,validation_selected,threshold,0.03125,0.0625,0.125,0.1
32,764,constant,constant,0.5,0.46875,0.46875,0.5
32,764,threshold,threshold,0.09375,0.0625,0.09375,0.1
32,764,lookup,lookup,0.09375,0.0625,0.09375,0.1
32,764,validation_selected,threshold,0.09375,0.0625,0.09375,0.1
32,765,constant,constant,0.4375,0.53125,0.4921875,0.5
32,765,threshold,threshold,0.15625,0.09375,0.109375,0.1
32,765,lookup,lookup,0.125,0.21875,0.1796875,0.2
32,765,validation_selected,threshold,0.15625,0.09375,0.109375,0.1
32,766,constant,constant,0.40625,0.53125,0.51171875,0.5
32,766,threshold,threshold,0.09375,0.21875,0.08984375,0.1
32,766,lookup,lookup,0.09375,0.21875,0.08984375,0.1
32,766,validation_selected,threshold,0.09375,0.21875,0.08984375,0.1
32,767,constant,constant,0.46875,0.625,0.515625,0.5
32,767,threshold,threshold,0.125,0.09375,0.08203125,0.1
32,767,lookup,lookup,0.125,0.09375,0.08203125,0.1
32,767,validation_selected,threshold,0.125,0.09375,0.08203125,0.1
32,768,constant,constant,0.40625,0.5,0.546875,0.5
32,768,threshold,threshold,0.09375,0.03125,0.12890625,0.1
32,768,lookup,lookup,0.09375,0.03125,0.12890625,0.1
32,768,validation_selected,threshold,0.09375,0.03125,0.12890625,0.1
32,769,constant,constant,0.5,0.59375,0.4921875,0.5
32,769,threshold,threshold,0.0,0.0625,0.08984375,0.1
32,769,lookup,lookup,0.0,0.0625,0.08984375,0.1
32,769,validation_selected,threshold,0.0,0.0625,0.08984375,0.1
32,770,constant,constant,0.46875,0.4375,0.5546875,0.5
32,770,threshold,threshold,0.03125,0.0625,0.0625,0.1
32,770,lookup,lookup,0.03125,0.0625,0.0625,0.1
32,770,validation_selected,threshold,0.03125,0.0625,0.0625,0.1
32,771,constant,constant,0.5,0.53125,0.48828125,0.5
32,771,threshold,threshold,0.125,0.09375,0.078125,0.1
32,771,lookup,lookup,0.125,0.125,0.18359375,0.2
32,771,validation_selected,threshold,0.125,0.09375,0.078125,0.1
32,772,constant,constant,0.46875,0.28125,0.5546875,0.5
32,772,threshold,threshold,0.09375,0.125,0.09375,0.1
32,772,lookup,lookup,0.09375,0.125,0.09375,0.1
32,772,validation_selected,threshold,0.09375,0.125,0.09375,0.1
32,773,constant,constant,0.5,0.5,0.48046875,0.5
32,773,threshold,threshold,0.125,0.0625,0.10546875,0.1
32,773,lookup,lookup,0.125,0.0625,0.10546875,0.1
32,773,validation_selected,threshold,0.125,0.0625,0.10546875,0.1
32,774,constant,constant,0.4375,0.53125,0.5703125,0.5
32,774,threshold,threshold,0.0,0.15625,0.11328125,0.1
32,774,lookup,lookup,0.0,0.15625,0.11328125,0.1
32,774,validation_selected,threshold,0.0,0.15625,0.11328125,0.1
32,775,constant,constant,0.46875,0.5,0.51953125,0.5
32,775,threshold,threshold,0.09375,0.03125,0.1328125,0.1
32,775,lookup,lookup,0.09375,0.03125,0.1328125,0.1
32,775,validation_selected,threshold,0.09375,0.03125,0.1328125,0.1
32,776,constant,constant,0.40625,0.71875,0.484375,0.5
32,776,threshold,threshold,0.1875,0.0625,0.10546875,0.1
32,776,lookup,lookup,0.125,0.1875,0.1796875,0.2
32,776,validation_selected,threshold,0.1875,0.0625,0.10546875,0.1
32,777,constant,constant,0.5,0.59375,0.48828125,0.5
32,777,threshold,threshold,0.21875,0.03125,0.1015625,0.1
32,777,lookup,lookup,0.1875,0.15625,0.17578125,0.2
32,777,validation_selected,threshold,0.21875,0.03125,0.1015625,0.1
32,778,constant,constant,0.4375,0.46875,0.46484375,0.5
32,778,threshold,threshold,0.09375,0.03125,0.1015625,0.1
32,778,lookup,lookup,0.09375,0.03125,0.1015625,0.1
32,778,validation_selected,threshold,0.09375,0.03125,0.1015625,0.1
32,779,constant,constant,0.375,0.625,0.515625,0.5
32,779,threshold,threshold,0.0625,0.125,0.08203125,0.1
32,779,lookup,lookup,0.03125,0.34375,0.1875,0.2
32,779,validation_selected,threshold,0.0625,0.125,0.08203125,0.1
32,780,constant,constant,0.46875,0.625,0.515625,0.5
32,780,threshold,threshold,0.09375,0.125,0.0703125,0.1
32,780,lookup,lookup,0.09375,0.125,0.0703125,0.1
32,780,validation_selected,threshold,0.09375,0.125,0.0703125,0.1
32,781,constant,constant,0.46875,0.5625,0.4765625,0.5
32,781,threshold,threshold,0.125,0.125,0.0859375,0.1
32,781,lookup,lookup,0.125,0.125,0.0859375,0.1
32,781,validation_selected,threshold,0.125,0.125,0.0859375,0.1
32,782,constant,constant,0.4375,0.5,0.49609375,0.5
32,782,threshold,threshold,0.125,0.0625,0.09765625,0.1
32,782,lookup,lookup,0.125,0.21875,0.1953125,0.2
32,782,validation_selected,threshold,0.125,0.0625,0.09765625,0.1
32,783,constant,constant,0.46875,0.46875,0.5,0.5
32,783,threshold,threshold,0.03125,0.0625,0.12890625,0.1
32,783,lookup,lookup,0.03125,0.0625,0.12890625,0.1
32,783,validation_selected,threshold,0.03125,0.0625,0.12890625,0.1
32,784,constant,constant,0.4375,0.5625,0.48046875,0.5
32,784,threshold,threshold,0.125,0.0625,0.09765625,0.1
32,784,lookup,lookup,0.125,0.28125,0.1953125,0.2
32,784,validation_selected,threshold,0.125,0.0625,0.09765625,0.1
32,785,constant,constant,0.40625,0.59375,0.5078125,0.5
32,785,threshold,threshold,0.0625,0.15625,0.1015625,0.1
32,785,lookup,lookup,0.0625,0.15625,0.1015625,0.1
32,785,validation_selected,threshold,0.0625,0.15625,0.1015625,0.1
32,786,constant,constant,0.4375,0.5,0.546875,0.5
32,786,threshold,threshold,0.125,0.03125,0.078125,0.1
32,786,lookup,lookup,0.125,0.125,0.23828125,0.2
32,786,validation_selected,threshold,0.125,0.03125,0.078125,0.1
32,787,constant,constant,0.4375,0.53125,0.4765625,0.5
32,787,threshold,threshold,0.0,0.0625,0.1171875,0.1
32,787,lookup,lookup,0.0,0.0625,0.1171875,0.1
32,787,validation_selected,threshold,0.0,0.0625,0.1171875,0.1
32,788,constant,constant,0.375,0.5,0.51953125,0.5
32,788,threshold,threshold,0.15625,0.1875,0.05859375,0.1
32,788,lookup,lookup,0.15625,0.21875,0.18359375,0.2
32,788,validation_selected,threshold,0.15625,0.1875,0.05859375,0.1
32,789,constant,constant,0.375,0.375,0.48046875,0.5
32,789,threshold,threshold,0.09375,0.125,0.11328125,0.1
32,789,lookup,lookup,0.09375,0.25,0.19921875,0.2
32,789,validation_selected,threshold,0.09375,0.125,0.11328125,0.1
32,790,constant,constant,0.4375,0.59375,0.4765625,0.5
32,790,threshold,threshold,0.125,0.03125,0.12109375,0.1
32,790,lookup,lookup,0.125,0.03125,0.12109375,0.1
32,790,validation_selected,threshold,0.125,0.03125,0.12109375,0.1
32,791,constant,constant,0.375,0.5625,0.54296875,0.5
32,791,threshold,threshold,0.125,0.09375,0.09375,0.1
32,791,lookup,lookup,0.125,0.125,0.20703125,0.2
32,791,validation_selected,threshold,0.125,0.09375,0.09375,0.1
32,792,constant,constant,0.375,0.71875,0.49609375,0.5
32,792,threshold,threshold,0.09375,0.03125,0.09375,0.1
32,792,lookup,lookup,0.09375,0.03125,0.09375,0.1
32,792,validation_selected,threshold,0.09375,0.03125,0.09375,0.1
32,793,constant,constant,0.4375,0.625,0.53515625,0.5
32,793,threshold,threshold,0.09375,0.25,0.08984375,0.1
32,793,lookup,lookup,0.09375,0.25,0.08984375,0.1
32,793,validation_selected,threshold,0.09375,0.25,0.08984375,0.1
32,794,constant,constant,0.5,0.46875,0.46484375,0.5
32,794,threshold,threshold,0.0625,0.0,0.09765625,0.1
32,794,lookup,lookup,0.0625,0.0,0.09765625,0.1
32,794,validation_selected,threshold,0.0625,0.0,0.09765625,0.1
32,795,constant,constant,0.46875,0.625,0.4765625,0.5
32,795,threshold,threshold,0.0625,0.25,0.1171875,0.1
32,795,lookup,lookup,0.0625,0.25,0.1171875,0.1
32,795,validation_selected,threshold,0.0625,0.25,0.1171875,0.1
32,796,constant,constant,0.40625,0.375,0.484375,0.5
32,796,threshold,threshold,0.125,0.28125,0.28515625,0.3
32,796,lookup,lookup,0.09375,0.15625,0.16796875,0.2
32,796,validation_selected,lookup,0.09375,0.15625,0.16796875,0.2
32,797,constant,constant,0.46875,0.34375,0.5078125,0.5
32,797,threshold,threshold,0.0625,0.0625,0.07421875,0.1
32,797,lookup,lookup,0.0625,0.0625,0.07421875,0.1
32,797,validation_selected,threshold,0.0625,0.0625,0.07421875,0.1
32,798,constant,constant,0.40625,0.5,0.53515625,0.5
32,798,threshold,threshold,0.09375,0.15625,0.08984375,0.1
32,798,lookup,lookup,0.09375,0.15625,0.08984375,0.1
32,798,validation_selected,threshold,0.09375,0.15625,0.08984375,0.1
32,799,constant,constant,0.375,0.5625,0.484375,0.5
32,799,threshold,threshold,0.09375,0.09375,0.11328125,0.1
32,799,lookup,lookup,0.09375,0.21875,0.23046875,0.2
32,799,validation_selected,threshold,0.09375,0.09375,0.11328125,0.1
128,0,constant,constant,0.4765625,0.59375,0.5234375,0.5
128,0,threshold,threshold,0.109375,0.15625,0.09765625,0.1
128,0,lookup,lookup,0.109375,0.15625,0.09765625,0.1
128,0,validation_selected,threshold,0.109375,0.15625,0.09765625,0.1
128,1,constant,constant,0.4921875,0.5,0.54296875,0.5
128,1,threshold,threshold,0.09375,0.1875,0.12890625,0.1
128,1,lookup,lookup,0.09375,0.1875,0.12890625,0.1
128,1,validation_selected,threshold,0.09375,0.1875,0.12890625,0.1
128,2,constant,constant,0.4375,0.53125,0.49609375,0.5
128,2,threshold,threshold,0.1171875,0.09375,0.1015625,0.1
128,2,lookup,lookup,0.1171875,0.09375,0.1015625,0.1
128,2,validation_selected,threshold,0.1171875,0.09375,0.1015625,0.1
128,3,constant,constant,0.484375,0.59375,0.5234375,0.5
128,3,threshold,threshold,0.0625,0.09375,0.08203125,0.1
128,3,lookup,lookup,0.0625,0.09375,0.08203125,0.1
128,3,validation_selected,threshold,0.0625,0.09375,0.08203125,0.1
128,4,constant,constant,0.4453125,0.53125,0.46875,0.5
128,4,threshold,threshold,0.09375,0.0625,0.078125,0.1
128,4,lookup,lookup,0.09375,0.0625,0.078125,0.1
128,4,validation_selected,threshold,0.09375,0.0625,0.078125,0.1
128,5,constant,constant,0.421875,0.28125,0.4765625,0.5
128,5,threshold,threshold,0.0859375,0.15625,0.078125,0.1
128,5,lookup,lookup,0.0859375,0.15625,0.078125,0.1
128,5,validation_selected,threshold,0.0859375,0.15625,0.078125,0.1
128,6,constant,constant,0.46875,0.59375,0.45703125,0.5
128,6,threshold,threshold,0.09375,0.15625,0.09375,0.1
128,6,lookup,lookup,0.09375,0.15625,0.09375,0.1
128,6,validation_selected,threshold,0.09375,0.15625,0.09375,0.1
128,7,constant,constant,0.4609375,0.4375,0.4609375,0.5
128,7,threshold,threshold,0.1015625,0.03125,0.109375,0.1
128,7,lookup,lookup,0.1015625,0.03125,0.109375,0.1
128,7,validation_selected,threshold,0.1015625,0.03125,0.109375,0.1
128,8,constant,constant,0.4375,0.5625,0.4921875,0.5
128,8,threshold,threshold,0.0859375,0.09375,0.08984375,0.1
128,8,lookup,lookup,0.0859375,0.09375,0.08984375,0.1
128,8,validation_selected,threshold,0.0859375,0.09375,0.08984375,0.1
128,9,constant,constant,0.4765625,0.46875,0.5234375,0.5
128,9,threshold,threshold,0.109375,0.15625,0.1171875,0.1
128,9,lookup,lookup,0.109375,0.15625,0.1171875,0.1
128,9,validation_selected,threshold,0.109375,0.15625,0.1171875,0.1
128,10,constant,constant,0.3984375,0.625,0.4609375,0.5
128,10,threshold,threshold,0.078125,0.125,0.0859375,0.1
128,10,lookup,lookup,0.078125,0.125,0.0859375,0.1
128,10,validation_selected,threshold,0.078125,0.125,0.0859375,0.1
128,11,constant,constant,0.484375,0.5625,0.48828125,0.5
128,11,threshold,threshold,0.0859375,0.0625,0.06640625,0.1
128,11,lookup,lookup,0.0859375,0.0625,0.06640625,0.1
128,11,validation_selected,threshold,0.0859375,0.0625,0.06640625,0.1
128,12,constant,constant,0.4453125,0.53125,0.48046875,0.5
128,12,threshold,threshold,0.125,0.03125,0.125,0.1
128,12,lookup,lookup,0.125,0.03125,0.125,0.1
128,12,validation_selected,threshold,0.125,0.03125,0.125,0.1
128,13,constant,constant,0.4921875,0.59375,0.48046875,0.5
128,13,threshold,threshold,0.1171875,0.0625,0.09765625,0.1
128,13,lookup,lookup,0.1171875,0.0625,0.09765625,0.1
128,13,validation_selected,threshold,0.1171875,0.0625,0.09765625,0.1
128,14,constant,constant,0.421875,0.4375,0.4375,0.5
128,14,threshold,threshold,0.078125,0.03125,0.109375,0.1
128,14,lookup,lookup,0.078125,0.03125,0.109375,0.1
128,14,validation_selected,threshold,0.078125,0.03125,0.109375,0.1
128,15,constant,constant,0.4453125,0.65625,0.46875,0.5
128,15,threshold,threshold,0.0703125,0.1875,0.1171875,0.1
128,15,lookup,lookup,0.0703125,0.1875,0.1171875,0.1
128,15,validation_selected,threshold,0.0703125,0.1875,0.1171875,0.1
128,16,constant,constant,0.453125,0.5,0.48828125,0.5
128,16,threshold,threshold,0.0859375,0.03125,0.11328125,0.1
128,16,lookup,lookup,0.0859375,0.03125,0.11328125,0.1
128,16,validation_selected,threshold,0.0859375,0.03125,0.11328125,0.1
128,17,constant,constant,0.4765625,0.5,0.4921875,0.5
128,17,threshold,threshold,0.0859375,0.03125,0.140625,0.1
128,17,lookup,lookup,0.0859375,0.03125,0.140625,0.1
128,17,validation_selected,threshold,0.0859375,0.03125,0.140625,0.1
128,18,constant,constant,0.453125,0.5,0.4765625,0.5
128,18,threshold,threshold,0.046875,0.09375,0.11328125,0.1
128,18,lookup,lookup,0.046875,0.09375,0.11328125,0.1
128,18,validation_selected,threshold,0.046875,0.09375,0.11328125,0.1
128,19,constant,constant,0.46875,0.375,0.54296875,0.5
128,19,threshold,threshold,0.0859375,0.0625,0.125,0.1
128,19,lookup,lookup,0.0859375,0.0625,0.125,0.1
128,19,validation_selected,threshold,0.0859375,0.0625,0.125,0.1
128,20,constant,constant,0.484375,0.46875,0.4609375,0.5
128,20,threshold,threshold,0.1015625,0.09375,0.08203125,0.1
128,20,lookup,lookup,0.1015625,0.09375,0.08203125,0.1
128,20,validation_selected,threshold,0.1015625,0.09375,0.08203125,0.1
128,21,constant,constant,0.4921875,0.5,0.4765625,0.5
128,21,threshold,threshold,0.1171875,0.125,0.1015625,0.1
128,21,lookup,lookup,0.1171875,0.125,0.1015625,0.1
128,21,validation_selected,threshold,0.1171875,0.125,0.1015625,0.1
128,22,constant,constant,0.4453125,0.53125,0.46875,0.5
128,22,threshold,threshold,0.125,0.125,0.0859375,0.1
128,22,lookup,lookup,0.125,0.125,0.0859375,0.1
128,22,validation_selected,threshold,0.125,0.125,0.0859375,0.1
128,23,constant,constant,0.453125,0.40625,0.44921875,0.5
128,23,threshold,threshold,0.1328125,0.0625,0.09765625,0.1
128,23,lookup,lookup,0.1328125,0.0625,0.09765625,0.1
128,23,validation_selected,threshold,0.1328125,0.0625,0.09765625,0.1
128,24,constant,constant,0.4765625,0.34375,0.49609375,0.5
128,24,threshold,threshold,0.109375,0.09375,0.125,0.1
128,24,lookup,lookup,0.109375,0.09375,0.125,0.1
128,24,validation_selected,threshold,0.109375,0.09375,0.125,0.1
128,25,constant,constant,0.4765625,0.3125,0.48046875,0.5
128,25,threshold,threshold,0.078125,0.125,0.125,0.1
128,25,lookup,lookup,0.078125,0.125,0.125,0.1
128,25,validation_selected,threshold,0.078125,0.125,0.125,0.1
128,26,constant,constant,0.5,0.5,0.5625,0.5
128,26,threshold,threshold,0.0625,0.03125,0.1171875,0.1
128,26,lookup,lookup,0.0625,0.03125,0.1171875,0.1
128,26,validation_selected,threshold,0.0625,0.03125,0.1171875,0.1
128,27,constant,constant,0.46875,0.375,0.5625,0.5
128,27,threshold,threshold,0.109375,0.0625,0.140625,0.1
128,27,lookup,lookup,0.109375,0.0625,0.140625,0.1
128,27,validation_selected,threshold,0.109375,0.0625,0.140625,0.1
128,28,constant,constant,0.453125,0.40625,0.43359375,0.5
128,28,threshold,threshold,0.125,0.15625,0.08203125,0.1
128,28,lookup,lookup,0.125,0.15625,0.08203125,0.1
128,28,validation_selected,threshold,0.125,0.15625,0.08203125,0.1
128,29,constant,constant,0.4765625,0.53125,0.48828125,0.5
128,29,threshold,threshold,0.0703125,0.09375,0.09765625,0.1
128,29,lookup,lookup,0.0703125,0.09375,0.09765625,0.1
128,29,validation_selected,threshold,0.0703125,0.09375,0.09765625,0.1
128,30,constant,constant,0.3828125,0.40625,0.47265625,0.5
128,30,threshold,threshold,0.15625,0.09375,0.12109375,0.1
128,30,lookup,lookup,0.15625,0.09375,0.12109375,0.1
128,30,validation_selected,threshold,0.15625,0.09375,0.12109375,0.1
128,31,constant,constant,0.4453125,0.28125,0.54296875,0.5
128,31,threshold,threshold,0.0703125,0.1875,0.08203125,0.1
128,31,lookup,lookup,0.0703125,0.1875,0.08203125,0.1
128,31,validation_selected,threshold,0.0703125,0.1875,0.08203125,0.1
128,32,constant,constant,0.484375,0.46875,0.51953125,0.5
128,32,threshold,threshold,0.125,0.09375,0.0546875,0.1
128,32,lookup,lookup,0.125,0.09375,0.0546875,0.1
128,32,validation_selected,threshold,0.125,0.09375,0.0546875,0.1
128,33,constant,constant,0.453125,0.4375,0.5390625,0.5
128,33,threshold,threshold,0.078125,0.15625,0.1015625,0.1
128,33,lookup,lookup,0.078125,0.15625,0.1015625,0.1
128,33,validation_selected,threshold,0.078125,0.15625,0.1015625,0.1
128,34,constant,constant,0.4765625,0.46875,0.546875,0.5
128,34,threshold,threshold,0.0703125,0.09375,0.10546875,0.1
128,34,lookup,lookup,0.0703125,0.09375,0.10546875,0.1
128,34,validation_selected,threshold,0.0703125,0.09375,0.10546875,0.1
128,35,constant,constant,0.484375,0.53125,0.53125,0.5
128,35,threshold,threshold,0.1015625,0.15625,0.08203125,0.1
128,35,lookup,lookup,0.1015625,0.15625,0.08203125,0.1
128,35,validation_selected,threshold,0.1015625,0.15625,0.08203125,0.1
128,36,constant,constant,0.4453125,0.46875,0.51171875,0.5
128,36,threshold,threshold,0.1015625,0.125,0.12109375,0.1
128,36,lookup,lookup,0.1015625,0.125,0.12109375,0.1
128,36,validation_selected,threshold,0.1015625,0.125,0.12109375,0.1
128,37,constant,constant,0.4765625,0.625,0.44140625,0.5
128,37,threshold,threshold,0.125,0.125,0.08984375,0.1
128,37,lookup,lookup,0.125,0.125,0.08984375,0.1
128,37,validation_selected,threshold,0.125,0.125,0.08984375,0.1
128,38,constant,constant,0.484375,0.40625,0.53515625,0.5
128,38,threshold,threshold,0.1171875,0.0625,0.09375,0.1
128,38,lookup,lookup,0.1171875,0.0625,0.09375,0.1
128,38,validation_selected,threshold,0.1171875,0.0625,0.09375,0.1
128,39,constant,constant,0.4921875,0.5,0.4609375,0.5
128,39,threshold,threshold,0.0625,0.125,0.08203125,0.1
128,39,lookup,lookup,0.0625,0.125,0.08203125,0.1
128,39,validation_selected,threshold,0.0625,0.125,0.08203125,0.1
128,40,constant,constant,0.4921875,0.4375,0.5078125,0.5
128,40,threshold,threshold,0.1171875,0.0625,0.1171875,0.1
128,40,lookup,lookup,0.1171875,0.0625,0.1171875,0.1
128,40,validation_selected,threshold,0.1171875,0.0625,0.1171875,0.1
128,41,constant,constant,0.484375,0.28125,0.54296875,0.5
128,41,threshold,threshold,0.0625,0.125,0.12109375,0.1
128,41,lookup,lookup,0.0625,0.125,0.12109375,0.1
128,41,validation_selected,threshold,0.0625,0.125,0.12109375,0.1
128,42,constant,constant,0.4765625,0.53125,0.453125,0.5
128,42,threshold,threshold,0.0859375,0.125,0.08203125,0.1
128,42,lookup,lookup,0.0859375,0.125,0.08203125,0.1
128,42,validation_selected,threshold,0.0859375,0.125,0.08203125,0.1
128,43,constant,constant,0.484375,0.375,0.51171875,0.5
128,43,threshold,threshold,0.1171875,0.0625,0.10546875,0.1
128,43,lookup,lookup,0.1171875,0.0625,0.10546875,0.1
128,43,validation_selected,threshold,0.1171875,0.0625,0.10546875,0.1
128,44,constant,constant,0.4375,0.59375,0.48828125,0.5
128,44,threshold,threshold,0.0703125,0.1875,0.1171875,0.1
128,44,lookup,lookup,0.0703125,0.1875,0.1171875,0.1
128,44,validation_selected,threshold,0.0703125,0.1875,0.1171875,0.1
128,45,constant,constant,0.5,0.46875,0.4765625,0.5
128,45,threshold,threshold,0.1015625,0.15625,0.06640625,0.1
128,45,lookup,lookup,0.1015625,0.15625,0.06640625,0.1
128,45,validation_selected,threshold,0.1015625,0.15625,0.06640625,0.1
128,46,constant,constant,0.4921875,0.4375,0.5234375,0.5
128,46,threshold,threshold,0.1015625,0.09375,0.125,0.1
128,46,lookup,lookup,0.1015625,0.09375,0.125,0.1
128,46,validation_selected,threshold,0.1015625,0.09375,0.125,0.1
128,47,constant,constant,0.46875,0.40625,0.5234375,0.5
128,47,threshold,threshold,0.0859375,0.09375,0.078125,0.1
128,47,lookup,lookup,0.0859375,0.09375,0.078125,0.1
128,47,validation_selected,threshold,0.0859375,0.09375,0.078125,0.1
128,48,constant,constant,0.4921875,0.375,0.5234375,0.5
128,48,threshold,threshold,0.1015625,0.03125,0.08984375,0.1
128,48,lookup,lookup,0.1015625,0.03125,0.08984375,0.1
128,48,validation_selected,threshold,0.1015625,0.03125,0.08984375,0.1
128,49,constant,constant,0.4296875,0.5,0.4453125,0.5
128,49,threshold,threshold,0.078125,0.09375,0.078125,0.1
128,49,lookup,lookup,0.078125,0.09375,0.078125,0.1
128,49,validation_selected,threshold,0.078125,0.09375,0.078125,0.1
128,50,constant,constant,0.5,0.53125,0.53515625,0.5
128,50,threshold,threshold,0.109375,0.15625,0.08984375,0.1
128,50,lookup,lookup,0.109375,0.15625,0.08984375,0.1
128,50,validation_selected,threshold,0.109375,0.15625,0.08984375,0.1
128,51,constant,constant,0.4296875,0.5,0.50390625,0.5
128,51,threshold,threshold,0.125,0.0625,0.10546875,0.1
128,51,lookup,lookup,0.125,0.0625,0.10546875,0.1
128,51,validation_selected,threshold,0.125,0.0625,0.10546875,0.1
128,52,constant,constant,0.4921875,0.5,0.515625,0.5
128,52,threshold,threshold,0.1015625,0.09375,0.11328125,0.1
128,52,lookup,lookup,0.1015625,0.09375,0.11328125,0.1
128,52,validation_selected,threshold,0.1015625,0.09375,0.11328125,0.1
128,53,constant,constant,0.4921875,0.375,0.50390625,0.5
128,53,threshold,threshold,0.0625,0.0625,0.0859375,0.1
128,53,lookup,lookup,0.0625,0.0625,0.0859375,0.1
128,53,validation_selected,threshold,0.0625,0.0625,0.0859375,0.1
128,54,constant,constant,0.4765625,0.5,0.5703125,0.5
128,54,threshold,threshold,0.1015625,0.0625,0.12109375,0.1
128,54,lookup,lookup,0.1015625,0.0625,0.12109375,0.1
128,54,validation_selected,threshold,0.1015625,0.0625,0.12109375,0.1
128,55,constant,constant,0.5,0.65625,0.53515625,0.5
128,55,threshold,threshold,0.1015625,0.0625,0.08203125,0.1
128,55,lookup,lookup,0.1015625,0.0625,0.08203125,0.1
128,55,validation_selected,threshold,0.1015625,0.0625,0.08203125,0.1
128,56,constant,constant,0.453125,0.40625,0.5078125,0.5
128,56,threshold,threshold,0.125,0.15625,0.0703125,0.1
128,56,lookup,lookup,0.125,0.15625,0.0703125,0.1
128,56,validation_selected,threshold,0.125,0.15625,0.0703125,0.1
128,57,constant,constant,0.4765625,0.53125,0.5,0.5
128,57,threshold,threshold,0.125,0.0625,0.0703125,0.1
128,57,lookup,lookup,0.125,0.0625,0.0703125,0.1
128,57,validation_selected,threshold,0.125,0.0625,0.0703125,0.1
128,58,constant,constant,0.4453125,0.53125,0.48046875,0.5
128,58,threshold,threshold,0.1171875,0.03125,0.09765625,0.1
128,58,lookup,lookup,0.1171875,0.03125,0.09765625,0.1
128,58,validation_selected,threshold,0.1171875,0.03125,0.09765625,0.1
128,59,constant,constant,0.4921875,0.5625,0.46875,0.5
128,59,threshold,threshold,0.09375,0.15625,0.1171875,0.1
128,59,lookup,lookup,0.09375,0.15625,0.1171875,0.1
128,59,validation_selected,threshold,0.09375,0.15625,0.1171875,0.1
128,60,constant,constant,0.4609375,0.59375,0.45703125,0.5
128,60,threshold,threshold,0.140625,0.0625,0.09765625,0.1
128,60,lookup,lookup,0.140625,0.0625,0.09765625,0.1
128,60,validation_selected,threshold,0.140625,0.0625,0.09765625,0.1
128,61,constant,constant,0.4921875,0.3125,0.48046875,0.5
128,61,threshold,threshold,0.0859375,0.15625,0.078125,0.1
128,61,lookup,lookup,0.0859375,0.15625,0.078125,0.1
128,61,validation_selected,threshold,0.0859375,0.15625,0.078125,0.1
128,62,constant,constant,0.4609375,0.53125,0.515625,0.5
128,62,threshold,threshold,0.1171875,0.09375,0.12109375,0.1
128,62,lookup,lookup,0.1171875,0.09375,0.12109375,0.1
128,62,validation_selected,threshold,0.1171875,0.09375,0.12109375,0.1
128,63,constant,constant,0.4765625,0.6875,0.45703125,0.5
128,63,threshold,threshold,0.109375,0.0,0.09375,0.1
128,63,lookup,lookup,0.109375,0.0,0.09375,0.1
128,63,validation_selected,threshold,0.109375,0.0,0.09375,0.1
128,64,constant,constant,0.46875,0.4375,0.50390625,0.5
128,64,threshold,threshold,0.109375,0.09375,0.0859375,0.1
128,64,lookup,lookup,0.109375,0.09375,0.0859375,0.1
128,64,validation_selected,threshold,0.109375,0.09375,0.0859375,0.1
128,65,constant,constant,0.4609375,0.4375,0.49609375,0.5
128,65,threshold,threshold,0.1171875,0.09375,0.09375,0.1
128,65,lookup,lookup,0.1171875,0.09375,0.09375,0.1
128,65,validation_selected,threshold,0.1171875,0.09375,0.09375,0.1
128,66,constant,constant,0.453125,0.375,0.46484375,0.5
128,66,threshold,threshold,0.09375,0.15625,0.09765625,0.1
128,66,lookup,lookup,0.09375,0.15625,0.09765625,0.1
128,66,validation_selected,threshold,0.09375,0.15625,0.09765625,0.1
128,67,constant,constant,0.484375,0.375,0.5,0.5
128,67,threshold,threshold,0.078125,0.0,0.078125,0.1
128,67,lookup,lookup,0.078125,0.0,0.078125,0.1
128,67,validation_selected,threshold,0.078125,0.0,0.078125,0.1
128,68,constant,constant,0.4609375,0.5,0.53515625,0.5
128,68,threshold,threshold,0.109375,0.125,0.10546875,0.1
128,68,lookup,lookup,0.109375,0.125,0.10546875,0.1
128,68,validation_selected,threshold,0.109375,0.125,0.10546875,0.1
128,69,constant,constant,0.4453125,0.5,0.5,0.5
128,69,threshold,threshold,0.09375,0.03125,0.08203125,0.1
128,69,lookup,lookup,0.09375,0.03125,0.08203125,0.1
128,69,validation_selected,threshold,0.09375,0.03125,0.08203125,0.1
128,70,constant,constant,0.421875,0.4375,0.4921875,0.5
128,70,threshold,threshold,0.078125,0.0,0.11328125,0.1
128,70,lookup,lookup,0.078125,0.0,0.11328125,0.1
128,70,validation_selected,threshold,0.078125,0.0,0.11328125,0.1
128,71,constant,constant,0.453125,0.46875,0.5546875,0.5
128,71,threshold,threshold,0.046875,0.125,0.08984375,0.1
128,71,lookup,lookup,0.046875,0.125,0.08984375,0.1
128,71,validation_selected,threshold,0.046875,0.125,0.08984375,0.1
128,72,constant,constant,0.484375,0.4375,0.484375,0.5
128,72,threshold,threshold,0.09375,0.1875,0.1015625,0.1
128,72,lookup,lookup,0.09375,0.1875,0.1015625,0.1
128,72,validation_selected,threshold,0.09375,0.1875,0.1015625,0.1
128,73,constant,constant,0.4765625,0.5,0.46484375,0.5
128,73,threshold,threshold,0.1015625,0.1875,0.08984375,0.1
128,73,lookup,lookup,0.1015625,0.1875,0.08984375,0.1
128,73,validation_selected,threshold,0.1015625,0.1875,0.08984375,0.1
128,74,constant,constant,0.4921875,0.46875,0.55859375,0.5
128,74,threshold,threshold,0.09375,0.09375,0.10546875,0.1
128,74,lookup,lookup,0.09375,0.09375,0.10546875,0.1
128,74,validation_selected,threshold,0.09375,0.09375,0.10546875,0.1
128,75,constant,constant,0.4609375,0.4375,0.53125,0.5
128,75,threshold,threshold,0.1484375,0.0625,0.09375,0.1
128,75,lookup,lookup,0.1484375,0.0625,0.09375,0.1
128,75,validation_selected,threshold,0.1484375,0.0625,0.09375,0.1
128,76,constant,constant,0.4375,0.375,0.48828125,0.5
128,76,threshold,threshold,0.1171875,0.15625,0.10546875,0.1
128,76,lookup,lookup,0.1171875,0.15625,0.10546875,0.1
128,76,validation_selected,threshold,0.1171875,0.15625,0.10546875,0.1
128,77,constant,constant,0.5,0.46875,0.49609375,0.5
128,77,threshold,threshold,0.0625,0.0,0.11328125,0.1
128,77,lookup,lookup,0.0625,0.0,0.11328125,0.1
128,77,validation_selected,threshold,0.0625,0.0,0.11328125,0.1
128,78,constant,constant,0.46875,0.5625,0.45703125,0.5
128,78,threshold,threshold,0.0703125,0.0625,0.0703125,0.1
128,78,lookup,lookup,0.0703125,0.0625,0.0703125,0.1
128,78,validation_selected,threshold,0.0703125,0.0625,0.0703125,0.1
128,79,constant,constant,0.484375,0.40625,0.46875,0.5
128,79,threshold,threshold,0.109375,0.09375,0.078125,0.1
128,79,lookup,lookup,0.109375,0.09375,0.078125,0.1
128,79,validation_selected,threshold,0.109375,0.09375,0.078125,0.1
128,80,constant,constant,0.4375,0.65625,0.46875,0.5
128,80,threshold,threshold,0.1328125,0.15625,0.1640625,0.2
128,80,lookup,lookup,0.1328125,0.15625,0.1640625,0.2
128,80,validation_selected,threshold,0.1328125,0.15625,0.1640625,0.2
128,81,constant,constant,0.5,0.65625,0.4765625,0.5
128,81,threshold,threshold,0.1171875,0.0625,0.125,0.1
128,81,lookup,lookup,0.1171875,0.0625,0.125,0.1
128,81,validation_selected,threshold,0.1171875,0.0625,0.125,0.1
128,82,constant,constant,0.421875,0.46875,0.49609375,0.5
128,82,threshold,threshold,0.015625,0.09375,0.09765625,0.1
128,82,lookup,lookup,0.015625,0.09375,0.09765625,0.1
128,82,validation_selected,threshold,0.015625,0.09375,0.09765625,0.1
128,83,constant,constant,0.4765625,0.5625,0.484375,0.5
128,83,threshold,threshold,0.109375,0.1875,0.1015625,0.1
128,83,lookup,lookup,0.109375,0.1875,0.1015625,0.1
128,83,validation_selected,threshold,0.109375,0.1875,0.1015625,0.1
128,84,constant,constant,0.4765625,0.5,0.515625,0.5
128,84,threshold,threshold,0.0703125,0.15625,0.140625,0.1
128,84,lookup,lookup,0.0703125,0.15625,0.140625,0.1
128,84,validation_selected,threshold,0.0703125,0.15625,0.140625,0.1
128,85,constant,constant,0.5,0.46875,0.51171875,0.5
128,85,threshold,threshold,0.09375,0.0625,0.07421875,0.1
128,85,lookup,lookup,0.09375,0.0625,0.07421875,0.1
128,85,validation_selected,threshold,0.09375,0.0625,0.07421875,0.1
128,86,constant,constant,0.484375,0.53125,0.48046875,0.5
128,86,threshold,threshold,0.1484375,0.125,0.08984375,0.1
128,86,lookup,lookup,0.1484375,0.125,0.08984375,0.1
128,86,validation_selected,threshold,0.1484375,0.125,0.08984375,0.1
128,87,constant,constant,0.453125,0.375,0.4765625,0.5
128,87,threshold,threshold,0.125,0.09375,0.12109375,0.1
128,87,lookup,lookup,0.125,0.09375,0.12109375,0.1
128,87,validation_selected,threshold,0.125,0.09375,0.12109375,0.1
128,88,constant,constant,0.359375,0.5625,0.4609375,0.5
128,88,threshold,threshold,0.125,0.0,0.09765625,0.1
128,88,lookup,lookup,0.125,0.0,0.09765625,0.1
128,88,validation_selected,threshold,0.125,0.0,0.09765625,0.1
128,89,constant,constant,0.453125,0.46875,0.48046875,0.5
128,89,threshold,threshold,0.0546875,0.15625,0.0859375,0.1
128,89,lookup,lookup,0.0546875,0.15625,0.0859375,0.1
128,89,validation_selected,threshold,0.0546875,0.15625,0.0859375,0.1
128,90,constant,constant,0.46875,0.5625,0.46875,0.5
128,90,threshold,threshold,0.1640625,0.0625,0.07421875,0.1
128,90,lookup,lookup,0.1640625,0.0625,0.07421875,0.1
128,90,validation_selected,threshold,0.1640625,0.0625,0.07421875,0.1
128,91,constant,constant,0.4921875,0.5625,0.48046875,0.5
128,91,threshold,threshold,0.1015625,0.125,0.1015625,0.1
128,91,lookup,lookup,0.1015625,0.125,0.1015625,0.1
128,91,validation_selected,threshold,0.1015625,0.125,0.1015625,0.1
128,92,constant,constant,0.4296875,0.40625,0.49609375,0.5
128,92,threshold,threshold,0.140625,0.15625,0.06640625,0.1
128,92,lookup,lookup,0.140625,0.15625,0.06640625,0.1
128,92,validation_selected,threshold,0.140625,0.15625,0.06640625,0.1
128,93,constant,constant,0.4453125,0.46875,0.4921875,0.5
128,93,threshold,threshold,0.109375,0.15625,0.11328125,0.1
128,93,lookup,lookup,0.109375,0.15625,0.11328125,0.1
128,93,validation_selected,threshold,0.109375,0.15625,0.11328125,0.1
128,94,constant,constant,0.4921875,0.5,0.51953125,0.5
128,94,threshold,threshold,0.171875,0.03125,0.109375,0.1
128,94,lookup,lookup,0.171875,0.03125,0.109375,0.1
128,94,validation_selected,threshold,0.171875,0.03125,0.109375,0.1
128,95,constant,constant,0.453125,0.53125,0.47265625,0.5
128,95,threshold,threshold,0.1328125,0.09375,0.1015625,0.1
128,95,lookup,lookup,0.1328125,0.09375,0.1015625,0.1
128,95,validation_selected,threshold,0.1328125,0.09375,0.1015625,0.1
128,96,constant,constant,0.4921875,0.53125,0.48046875,0.5
128,96,threshold,threshold,0.0859375,0.09375,0.1015625,0.1
128,96,lookup,lookup,0.0859375,0.09375,0.1015625,0.1
128,96,validation_selected,threshold,0.0859375,0.09375,0.1015625,0.1
128,97,constant,constant,0.4296875,0.59375,0.546875,0.5
128,97,threshold,threshold,0.15625,0.15625,0.140625,0.1
128,97,lookup,lookup,0.15625,0.15625,0.140625,0.1
128,97,validation_selected,threshold,0.15625,0.15625,0.140625,0.1
128,98,constant,constant,0.4453125,0.4375,0.53125,0.5
128,98,threshold,threshold,0.1015625,0.0625,0.09765625,0.1
128,98,lookup,lookup,0.1015625,0.0625,0.09765625,0.1
128,98,validation_selected,threshold,0.1015625,0.0625,0.09765625,0.1
128,99,constant,constant,0.5,0.4375,0.57421875,0.5
128,99,threshold,threshold,0.109375,0.15625,0.11328125,0.1
128,99,lookup,lookup,0.109375,0.15625,0.11328125,0.1
128,99,validation_selected,threshold,0.109375,0.15625,0.11328125,0.1
128,100,constant,constant,0.4921875,0.5625,0.4921875,0.5
128,100,threshold,threshold,0.125,0.03125,0.10546875,0.1
128,100,lookup,lookup,0.125,0.03125,0.10546875,0.1
128,100,validation_selected,threshold,0.125,0.03125,0.10546875,0.1
128,101,constant,constant,0.4921875,0.625,0.47265625,0.5
128,101,threshold,threshold,0.078125,0.09375,0.1015625,0.1
128,101,lookup,lookup,0.078125,0.09375,0.1015625,0.1
128,101,validation_selected,threshold,0.078125,0.09375,0.1015625,0.1
128,102,constant,constant,0.484375,0.34375,0.42578125,0.5
128,102,threshold,threshold,0.078125,0.09375,0.1015625,0.1
128,102,lookup,lookup,0.078125,0.09375,0.1015625,0.1
128,102,validation_selected,threshold,0.078125,0.09375,0.1015625,0.1
128,103,constant,constant,0.453125,0.375,0.515625,0.5
128,103,threshold,threshold,0.1015625,0.03125,0.09765625,0.1
128,103,lookup,lookup,0.1015625,0.03125,0.09765625,0.1
128,103,validation_selected,threshold,0.1015625,0.03125,0.09765625,0.1
128,104,constant,constant,0.4765625,0.625,0.46484375,0.5
128,104,threshold,threshold,0.1171875,0.03125,0.10546875,0.1
128,104,lookup,lookup,0.1171875,0.03125,0.10546875,0.1
128,104,validation_selected,threshold,0.1171875,0.03125,0.10546875,0.1
128,105,constant,constant,0.4765625,0.34375,0.4296875,0.5
128,105,threshold,threshold,0.1171875,0.09375,0.08203125,0.1
128,105,lookup,lookup,0.1171875,0.09375,0.08203125,0.1
128,105,validation_selected,threshold,0.1171875,0.09375,0.08203125,0.1
128,106,constant,constant,0.4375,0.5625,0.484375,0.5
128,106,threshold,threshold,0.125,0.0625,0.09375,0.1
128,106,lookup,lookup,0.125,0.0625,0.09375,0.1
128,106,validation_selected,threshold,0.125,0.0625,0.09375,0.1
128,107,constant,constant,0.4453125,0.46875,0.453125,0.5
128,107,threshold,threshold,0.0859375,0.09375,0.0859375,0.1
128,107,lookup,lookup,0.0859375,0.09375,0.0859375,0.1
128,107,validation_selected,threshold,0.0859375,0.09375,0.0859375,0.1
128,108,constant,constant,0.4296875,0.53125,0.49609375,0.5
128,108,threshold,threshold,0.0546875,0.0,0.09375,0.1
128,108,lookup,lookup,0.0546875,0.0,0.09375,0.1
128,108,validation_selected,threshold,0.0546875,0.0,0.09375,0.1
128,109,constant,constant,0.453125,0.5625,0.45703125,0.5
128,109,threshold,threshold,0.0546875,0.03125,0.078125,0.1
128,109,lookup,lookup,0.0546875,0.03125,0.078125,0.1
128,109,validation_selected,threshold,0.0546875,0.03125,0.078125,0.1
128,110,constant,constant,0.4375,0.3125,0.44921875,0.5
128,110,threshold,threshold,0.109375,0.09375,0.08984375,0.1
128,110,lookup,lookup,0.109375,0.09375,0.08984375,0.1
128,110,validation_selected,threshold,0.109375,0.09375,0.08984375,0.1
128,111,constant,constant,0.4921875,0.5,0.4921875,0.5
128,111,threshold,threshold,0.0859375,0.03125,0.13671875,0.1
128,111,lookup,lookup,0.0859375,0.03125,0.13671875,0.1
128,111,validation_selected,threshold,0.0859375,0.03125,0.13671875,0.1
128,112,constant,constant,0.4921875,0.59375,0.515625,0.5
128,112,threshold,threshold,0.0703125,0.1875,0.08203125,0.1
128,112,lookup,lookup,0.0703125,0.1875,0.08203125,0.1
128,112,validation_selected,threshold,0.0703125,0.1875,0.08203125,0.1
128,113,constant,constant,0.4921875,0.375,0.51953125,0.5
128,113,threshold,threshold,0.125,0.0625,0.09765625,0.1
128,113,lookup,lookup,0.125,0.0625,0.09765625,0.1
128,113,validation_selected,threshold,0.125,0.0625,0.09765625,0.1
128,114,constant,constant,0.4921875,0.65625,0.515625,0.5
128,114,threshold,threshold,0.0859375,0.0625,0.1015625,0.1
128,114,lookup,lookup,0.0859375,0.0625,0.1015625,0.1
128,114,validation_selected,threshold,0.0859375,0.0625,0.1015625,0.1
128,115,constant,constant,0.4609375,0.59375,0.515625,0.5
128,115,threshold,threshold,0.1796875,0.03125,0.0859375,0.1
128,115,lookup,lookup,0.1796875,0.03125,0.0859375,0.1
128,115,validation_selected,threshold,0.1796875,0.03125,0.0859375,0.1
128,116,constant,constant,0.484375,0.625,0.5234375,0.5
128,116,threshold,threshold,0.09375,0.0625,0.0859375,0.1
128,116,lookup,lookup,0.09375,0.0625,0.0859375,0.1
128,116,validation_selected,threshold,0.09375,0.0625,0.0859375,0.1
128,117,constant,constant,0.46875,0.46875,0.53515625,0.5
128,117,threshold,threshold,0.1171875,0.125,0.0703125,0.1
128,117,lookup,lookup,0.1171875,0.125,0.0703125,0.1
128,117,validation_selected,threshold,0.1171875,0.125,0.0703125,0.1
128,118,constant,constant,0.4609375,0.59375,0.5078125,0.5
128,118,threshold,threshold,0.078125,0.21875,0.06640625,0.1
128,118,lookup,lookup,0.078125,0.21875,0.06640625,0.1
128,118,validation_selected,threshold,0.078125,0.21875,0.06640625,0.1
128,119,constant,constant,0.4375,0.53125,0.5,0.5
128,119,threshold,threshold,0.09375,0.09375,0.12109375,0.1
128,119,lookup,lookup,0.09375,0.09375,0.12109375,0.1
128,119,validation_selected,threshold,0.09375,0.09375,0.12109375,0.1
128,120,constant,constant,0.46875,0.46875,0.5,0.5
128,120,threshold,threshold,0.0859375,0.125,0.109375,0.1
128,120,lookup,lookup,0.0859375,0.125,0.109375,0.1
128,120,validation_selected,threshold,0.0859375,0.125,0.109375,0.1
128,121,constant,constant,0.4765625,0.5,0.51171875,0.5
128,121,threshold,threshold,0.078125,0.0,0.08984375,0.1
128,121,lookup,lookup,0.078125,0.0,0.08984375,0.1
128,121,validation_selected,threshold,0.078125,0.0,0.08984375,0.1
128,122,constant,constant,0.484375,0.5,0.484375,0.5
128,122,threshold,threshold,0.078125,0.125,0.09375,0.1
128,122,lookup,lookup,0.078125,0.125,0.09375,0.1
128,122,validation_selected,threshold,0.078125,0.125,0.09375,0.1
128,123,constant,constant,0.5,0.53125,0.48046875,0.5
128,123,threshold,threshold,0.0859375,0.09375,0.08984375,0.1
128,123,lookup,lookup,0.0859375,0.09375,0.08984375,0.1
128,123,validation_selected,threshold,0.0859375,0.09375,0.08984375,0.1
128,124,constant,constant,0.4609375,0.46875,0.53515625,0.5
128,124,threshold,threshold,0.0703125,0.1875,0.09765625,0.1
128,124,lookup,lookup,0.0703125,0.1875,0.09765625,0.1
128,124,validation_selected,threshold,0.0703125,0.1875,0.09765625,0.1
128,125,constant,constant,0.4921875,0.375,0.4609375,0.5
128,125,threshold,threshold,0.0546875,0.0,0.125,0.1
128,125,lookup,lookup,0.0546875,0.0,0.125,0.1
128,125,validation_selected,threshold,0.0546875,0.0,0.125,0.1
128,126,constant,constant,0.4296875,0.5,0.50390625,0.5
128,126,threshold,threshold,0.0703125,0.03125,0.08984375,0.1
128,126,lookup,lookup,0.0703125,0.03125,0.08984375,0.1
128,126,validation_selected,threshold,0.0703125,0.03125,0.08984375,0.1
128,127,constant,constant,0.421875,0.5,0.45703125,0.5
128,127,threshold,threshold,0.0859375,0.0625,0.1640625,0.1
128,127,lookup,lookup,0.0859375,0.0625,0.1640625,0.1
128,127,validation_selected,threshold,0.0859375,0.0625,0.1640625,0.1
128,128,constant,constant,0.4375,0.46875,0.44921875,0.5
128,128,threshold,threshold,0.09375,0.03125,0.1015625,0.1
128,128,lookup,lookup,0.09375,0.03125,0.1015625,0.1
128,128,validation_selected,threshold,0.09375,0.03125,0.1015625,0.1
128,129,constant,constant,0.4921875,0.4375,0.4921875,0.5
128,129,threshold,threshold,0.109375,0.03125,0.1171875,0.1
128,129,lookup,lookup,0.109375,0.03125,0.1171875,0.1
128,129,validation_selected,threshold,0.109375,0.03125,0.1171875,0.1
128,130,constant,constant,0.484375,0.6875,0.52734375,0.5
128,130,threshold,threshold,0.0703125,0.0625,0.08203125,0.1
128,130,lookup,lookup,0.0703125,0.0625,0.08203125,0.1
128,130,validation_selected,threshold,0.0703125,0.0625,0.08203125,0.1
128,131,constant,constant,0.4765625,0.5,0.5,0.5
128,131,threshold,threshold,0.09375,0.09375,0.0859375,0.1
128,131,lookup,lookup,0.09375,0.09375,0.0859375,0.1
128,131,validation_selected,threshold,0.09375,0.09375,0.0859375,0.1
128,132,constant,constant,0.484375,0.5,0.546875,0.5
128,132,threshold,threshold,0.09375,0.125,0.1015625,0.1
128,132,lookup,lookup,0.09375,0.125,0.1015625,0.1
128,132,validation_selected,threshold,0.09375,0.125,0.1015625,0.1
128,133,constant,constant,0.4765625,0.3125,0.49609375,0.5
128,133,threshold,threshold,0.109375,0.0625,0.1484375,0.1
128,133,lookup,lookup,0.109375,0.0625,0.1484375,0.1
128,133,validation_selected,threshold,0.109375,0.0625,0.1484375,0.1
128,134,constant,constant,0.453125,0.34375,0.5,0.5
128,134,threshold,threshold,0.078125,0.125,0.08984375,0.1
128,134,lookup,lookup,0.078125,0.125,0.08984375,0.1
128,134,validation_selected,threshold,0.078125,0.125,0.08984375,0.1
128,135,constant,constant,0.4453125,0.5,0.453125,0.5
128,135,threshold,threshold,0.1015625,0.125,0.10546875,0.1
128,135,lookup,lookup,0.1015625,0.125,0.10546875,0.1
128,135,validation_selected,threshold,0.1015625,0.125,0.10546875,0.1
128,136,constant,constant,0.46875,0.375,0.4375,0.5
128,136,threshold,threshold,0.1015625,0.0625,0.1328125,0.1
128,136,lookup,lookup,0.1015625,0.0625,0.1328125,0.1
128,136,validation_selected,threshold,0.1015625,0.0625,0.1328125,0.1
128,137,constant,constant,0.4296875,0.53125,0.49609375,0.5
128,137,threshold,threshold,0.0703125,0.0625,0.125,0.1
128,137,lookup,lookup,0.0703125,0.0625,0.125,0.1
128,137,validation_selected,threshold,0.0703125,0.0625,0.125,0.1
128,138,constant,constant,0.46875,0.46875,0.5234375,0.5
128,138,threshold,threshold,0.109375,0.0625,0.0859375,0.1
128,138,lookup,lookup,0.109375,0.0625,0.0859375,0.1
128,138,validation_selected,threshold,0.109375,0.0625,0.0859375,0.1
128,139,constant,constant,0.46875,0.46875,0.484375,0.5
128,139,threshold,threshold,0.1171875,0.09375,0.1328125,0.1
128,139,lookup,lookup,0.1171875,0.09375,0.1328125,0.1
128,139,validation_selected,threshold,0.1171875,0.09375,0.1328125,0.1
128,140,constant,constant,0.4296875,0.5,0.52734375,0.5
128,140,threshold,threshold,0.1015625,0.03125,0.10546875,0.1
128,140,lookup,lookup,0.1015625,0.03125,0.10546875,0.1
128,140,validation_selected,threshold,0.1015625,0.03125,0.10546875,0.1
128,141,constant,constant,0.4921875,0.40625,0.5234375,0.5
128,141,threshold,threshold,0.09375,0.15625,0.125,0.1
128,141,lookup,lookup,0.09375,0.15625,0.125,0.1
128,141,validation_selected,threshold,0.09375,0.15625,0.125,0.1
128,142,constant,constant,0.46875,0.375,0.49609375,0.5
128,142,threshold,threshold,0.1328125,0.0625,0.1015625,0.1
128,142,lookup,lookup,0.1328125,0.0625,0.1015625,0.1
128,142,validation_selected,threshold,0.1328125,0.0625,0.1015625,0.1
128,143,constant,constant,0.46875,0.53125,0.515625,0.5
128,143,threshold,threshold,0.0703125,0.09375,0.09375,0.1
128,143,lookup,lookup,0.0703125,0.09375,0.09375,0.1
128,143,validation_selected,threshold,0.0703125,0.09375,0.09375,0.1
128,144,constant,constant,0.4609375,0.46875,0.52734375,0.5
128,144,threshold,threshold,0.1171875,0.09375,0.11328125,0.1
128,144,lookup,lookup,0.1171875,0.09375,0.11328125,0.1
128,144,validation_selected,threshold,0.1171875,0.09375,0.11328125,0.1
128,145,constant,constant,0.4921875,0.53125,0.453125,0.5
128,145,threshold,threshold,0.1171875,0.03125,0.08984375,0.1
128,145,lookup,lookup,0.1171875,0.03125,0.08984375,0.1
128,145,validation_selected,threshold,0.1171875,0.03125,0.08984375,0.1
128,146,constant,constant,0.4921875,0.5625,0.4375,0.5
128,146,threshold,threshold,0.0546875,0.0625,0.1015625,0.1
128,146,lookup,lookup,0.0546875,0.0625,0.1015625,0.1
128,146,validation_selected,threshold,0.0546875,0.0625,0.1015625,0.1
128,147,constant,constant,0.5,0.59375,0.4921875,0.5
128,147,threshold,threshold,0.1015625,0.0,0.11328125,0.1
128,147,lookup,lookup,0.1015625,0.0,0.11328125,0.1
128,147,validation_selected,threshold,0.1015625,0.0,0.11328125,0.1
128,148,constant,constant,0.3984375,0.5,0.46484375,0.5
128,148,threshold,threshold,0.0859375,0.03125,0.109375,0.1
128,148,lookup,lookup,0.0859375,0.03125,0.109375,0.1
128,148,validation_selected,threshold,0.0859375,0.03125,0.109375,0.1
128,149,constant,constant,0.484375,0.5,0.47265625,0.5
128,149,threshold,threshold,0.1015625,0.03125,0.10546875,0.1
128,149,lookup,lookup,0.1015625,0.03125,0.10546875,0.1
128,149,validation_selected,threshold,0.1015625,0.03125,0.10546875,0.1
128,150,constant,constant,0.4609375,0.5,0.5234375,0.5
128,150,threshold,threshold,0.1015625,0.03125,0.109375,0.1
128,150,lookup,lookup,0.1015625,0.03125,0.109375,0.1
128,150,validation_selected,threshold,0.1015625,0.03125,0.109375,0.1
128,151,constant,constant,0.40625,0.5,0.49609375,0.5
128,151,threshold,threshold,0.1328125,0.125,0.09375,0.1
128,151,lookup,lookup,0.1328125,0.125,0.09375,0.1
128,151,validation_selected,threshold,0.1328125,0.125,0.09375,0.1
128,152,constant,constant,0.4609375,0.5,0.453125,0.5
128,152,threshold,threshold,0.0859375,0.1875,0.1015625,0.1
128,152,lookup,lookup,0.0859375,0.1875,0.1015625,0.1
128,152,validation_selected,threshold,0.0859375,0.1875,0.1015625,0.1
128,153,constant,constant,0.453125,0.625,0.53125,0.5
128,153,threshold,threshold,0.1015625,0.03125,0.09765625,0.1
128,153,lookup,lookup,0.1015625,0.03125,0.09765625,0.1
128,153,validation_selected,threshold,0.1015625,0.03125,0.09765625,0.1
128,154,constant,constant,0.4453125,0.46875,0.5078125,0.5
128,154,threshold,threshold,0.09375,0.125,0.109375,0.1
128,154,lookup,lookup,0.09375,0.125,0.109375,0.1
128,154,validation_selected,threshold,0.09375,0.125,0.109375,0.1
128,155,constant,constant,0.4921875,0.5,0.4765625,0.5
128,155,threshold,threshold,0.125,0.09375,0.125,0.1
128,155,lookup,lookup,0.125,0.09375,0.125,0.1
128,155,validation_selected,threshold,0.125,0.09375,0.125,0.1
128,156,constant,constant,0.4765625,0.59375,0.4296875,0.5
128,156,threshold,threshold,0.0859375,0.125,0.1015625,0.1
128,156,lookup,lookup,0.0859375,0.125,0.1015625,0.1
128,156,validation_selected,threshold,0.0859375,0.125,0.1015625,0.1
128,157,constant,constant,0.46875,0.5625,0.5390625,0.5
128,157,threshold,threshold,0.0859375,0.25,0.1484375,0.1
128,157,lookup,lookup,0.0859375,0.25,0.1484375,0.1
128,157,validation_selected,threshold,0.0859375,0.25,0.1484375,0.1
128,158,constant,constant,0.4765625,0.4375,0.47265625,0.5
128,158,threshold,threshold,0.078125,0.0625,0.0703125,0.1
128,158,lookup,lookup,0.078125,0.0625,0.0703125,0.1
128,158,validation_selected,threshold,0.078125,0.0625,0.0703125,0.1
128,159,constant,constant,0.5,0.5,0.453125,0.5
128,159,threshold,threshold,0.109375,0.09375,0.09765625,0.1
128,159,lookup,lookup,0.109375,0.09375,0.09765625,0.1
128,159,validation_selected,threshold,0.109375,0.09375,0.09765625,0.1
128,160,constant,constant,0.5,0.5,0.48828125,0.5
128,160,threshold,threshold,0.0546875,0.0625,0.07421875,0.1
128,160,lookup,lookup,0.0546875,0.0625,0.07421875,0.1
128,160,validation_selected,threshold,0.0546875,0.0625,0.07421875,0.1
128,161,constant,constant,0.5,0.4375,0.5078125,0.5
128,161,threshold,threshold,0.1015625,0.0625,0.12890625,0.1
128,161,lookup,lookup,0.1015625,0.0625,0.12890625,0.1
128,161,validation_selected,threshold,0.1015625,0.0625,0.12890625,0.1
128,162,constant,constant,0.4453125,0.53125,0.4765625,0.5
128,162,threshold,threshold,0.046875,0.09375,0.11328125,0.1
128,162,lookup,lookup,0.046875,0.09375,0.11328125,0.1
128,162,validation_selected,threshold,0.046875,0.09375,0.11328125,0.1
128,163,constant,constant,0.40625,0.65625,0.5625,0.5
128,163,threshold,threshold,0.1484375,0.0625,0.125,0.1
128,163,lookup,lookup,0.1484375,0.0625,0.125,0.1
128,163,validation_selected,threshold,0.1484375,0.0625,0.125,0.1
128,164,constant,constant,0.4765625,0.40625,0.5,0.5
128,164,threshold,threshold,0.078125,0.0,0.1171875,0.1
128,164,lookup,lookup,0.078125,0.0,0.1171875,0.1
128,164,validation_selected,threshold,0.078125,0.0,0.1171875,0.1
128,165,constant,constant,0.4453125,0.40625,0.45703125,0.5
128,165,threshold,threshold,0.09375,0.15625,0.09375,0.1
128,165,lookup,lookup,0.09375,0.15625,0.09375,0.1
128,165,validation_selected,threshold,0.09375,0.15625,0.09375,0.1
128,166,constant,constant,0.46875,0.5625,0.51953125,0.5
128,166,threshold,threshold,0.1171875,0.09375,0.08203125,0.1
128,166,lookup,lookup,0.1171875,0.09375,0.08203125,0.1
128,166,validation_selected,threshold,0.1171875,0.09375,0.08203125,0.1
128,167,constant,constant,0.484375,0.5,0.5078125,0.5
128,167,threshold,threshold,0.1171875,0.0625,0.1171875,0.1
128,167,lookup,lookup,0.1171875,0.0625,0.1171875,0.1
128,167,validation_selected,threshold,0.1171875,0.0625,0.1171875,0.1
128,168,constant,constant,0.4765625,0.5625,0.48046875,0.5
128,168,threshold,threshold,0.078125,0.09375,0.10546875,0.1
128,168,lookup,lookup,0.078125,0.09375,0.10546875,0.1
128,168,validation_selected,threshold,0.078125,0.09375,0.10546875,0.1
128,169,constant,constant,0.453125,0.5625,0.48828125,0.5
128,169,threshold,threshold,0.0859375,0.125,0.09765625,0.1
128,169,lookup,lookup,0.0859375,0.125,0.09765625,0.1
128,169,validation_selected,threshold,0.0859375,0.125,0.09765625,0.1
128,170,constant,constant,0.4375,0.53125,0.49609375,0.5
128,170,threshold,threshold,0.125,0.03125,0.08203125,0.1
128,170,lookup,lookup,0.125,0.03125,0.08203125,0.1
128,170,validation_selected,threshold,0.125,0.03125,0.08203125,0.1
128,171,constant,constant,0.4921875,0.71875,0.44921875,0.5
128,171,threshold,threshold,0.09375,0.09375,0.08203125,0.1
128,171,lookup,lookup,0.09375,0.09375,0.08203125,0.1
128,171,validation_selected,threshold,0.09375,0.09375,0.08203125,0.1
128,172,constant,constant,0.4375,0.375,0.48046875,0.5
128,172,threshold,threshold,0.1484375,0.15625,0.1171875,0.1
128,172,lookup,lookup,0.1484375,0.15625,0.1171875,0.1
128,172,validation_selected,threshold,0.1484375,0.15625,0.1171875,0.1
128,173,constant,constant,0.4765625,0.4375,0.50390625,0.5
128,173,threshold,threshold,0.1171875,0.03125,0.125,0.1
128,173,lookup,lookup,0.1171875,0.03125,0.125,0.1
128,173,validation_selected,threshold,0.1171875,0.03125,0.125,0.1
128,174,constant,constant,0.4296875,0.53125,0.50390625,0.5
128,174,threshold,threshold,0.1171875,0.1875,0.125,0.1
128,174,lookup,lookup,0.1171875,0.1875,0.125,0.1
128,174,validation_selected,threshold,0.1171875,0.1875,0.125,0.1
128,175,constant,constant,0.5,0.59375,0.51171875,0.5
128,175,threshold,threshold,0.09375,0.0625,0.1015625,0.1
128,175,lookup,lookup,0.09375,0.0625,0.1015625,0.1
128,175,validation_selected,threshold,0.09375,0.0625,0.1015625,0.1
128,176,constant,constant,0.4921875,0.40625,0.4921875,0.5
128,176,threshold,threshold,0.1015625,0.125,0.1171875,0.1
128,176,lookup,lookup,0.1015625,0.125,0.1171875,0.1
128,176,validation_selected,threshold,0.1015625,0.125,0.1171875,0.1
128,177,constant,constant,0.484375,0.5625,0.46875,0.5
128,177,threshold,threshold,0.0859375,0.09375,0.11328125,0.1
128,177,lookup,lookup,0.0859375,0.09375,0.11328125,0.1
128,177,validation_selected,threshold,0.0859375,0.09375,0.11328125,0.1
128,178,constant,constant,0.4921875,0.46875,0.44921875,0.5
128,178,threshold,threshold,0.125,0.125,0.09375,0.1
128,178,lookup,lookup,0.125,0.125,0.09375,0.1
128,178,validation_selected,threshold,0.125,0.125,0.09375,0.1
128,179,constant,constant,0.4765625,0.5,0.4609375,0.5
128,179,threshold,threshold,0.125,0.0,0.09765625,0.1
128,179,lookup,lookup,0.125,0.0,0.09765625,0.1
128,179,validation_selected,threshold,0.125,0.0,0.09765625,0.1
128,180,constant,constant,0.4609375,0.4375,0.54296875,0.5
128,180,threshold,threshold,0.1796875,0.0625,0.09765625,0.1
128,180,lookup,lookup,0.1796875,0.0625,0.09765625,0.1
128,180,validation_selected,threshold,0.1796875,0.0625,0.09765625,0.1
128,181,constant,constant,0.4921875,0.46875,0.53125,0.5
128,181,threshold,threshold,0.140625,0.0625,0.11328125,0.1
128,181,lookup,lookup,0.140625,0.0625,0.11328125,0.1
128,181,validation_selected,threshold,0.140625,0.0625,0.11328125,0.1
128,182,constant,constant,0.4921875,0.5625,0.52734375,0.5
128,182,threshold,threshold,0.0859375,0.03125,0.09765625,0.1
128,182,lookup,lookup,0.0859375,0.03125,0.09765625,0.1
128,182,validation_selected,threshold,0.0859375,0.03125,0.09765625,0.1
128,183,constant,constant,0.484375,0.4375,0.5390625,0.5
128,183,threshold,threshold,0.125,0.0625,0.11328125,0.1
128,183,lookup,lookup,0.125,0.0625,0.11328125,0.1
128,183,validation_selected,threshold,0.125,0.0625,0.11328125,0.1
128,184,constant,constant,0.46875,0.5,0.48046875,0.5
128,184,threshold,threshold,0.078125,0.09375,0.125,0.1
128,184,lookup,lookup,0.078125,0.09375,0.125,0.1
128,184,validation_selected,threshold,0.078125,0.09375,0.125,0.1
128,185,constant,constant,0.4375,0.59375,0.47265625,0.5
128,185,threshold,threshold,0.078125,0.15625,0.09375,0.1
128,185,lookup,lookup,0.078125,0.15625,0.09375,0.1
128,185,validation_selected,threshold,0.078125,0.15625,0.09375,0.1
128,186,constant,constant,0.484375,0.53125,0.4375,0.5
128,186,threshold,threshold,0.09375,0.125,0.09375,0.1
128,186,lookup,lookup,0.09375,0.125,0.09375,0.1
128,186,validation_selected,threshold,0.09375,0.125,0.09375,0.1
128,187,constant,constant,0.3984375,0.5,0.5234375,0.5
128,187,threshold,threshold,0.0703125,0.09375,0.1015625,0.1
128,187,lookup,lookup,0.0703125,0.09375,0.1015625,0.1
128,187,validation_selected,threshold,0.0703125,0.09375,0.1015625,0.1
128,188,constant,constant,0.4921875,0.5,0.47265625,0.5
128,188,threshold,threshold,0.125,0.0,0.12109375,0.1
128,188,lookup,lookup,0.125,0.0,0.12109375,0.1
128,188,validation_selected,threshold,0.125,0.0,0.12109375,0.1
128,189,constant,constant,0.46875,0.40625,0.49609375,0.5
128,189,threshold,threshold,0.125,0.125,0.09765625,0.1
128,189,lookup,lookup,0.125,0.125,0.09765625,0.1
128,189,validation_selected,threshold,0.125,0.125,0.09765625,0.1
128,190,constant,constant,0.5,0.53125,0.49609375,0.5
128,190,threshold,threshold,0.0546875,0.0625,0.1171875,0.1
128,190,lookup,lookup,0.0546875,0.0625,0.1171875,0.1
128,190,validation_selected,threshold,0.0546875,0.0625,0.1171875,0.1
128,191,constant,constant,0.4765625,0.34375,0.53515625,0.5
128,191,threshold,threshold,0.140625,0.125,0.12109375,0.1
128,191,lookup,lookup,0.140625,0.125,0.12109375,0.1
128,191,validation_selected,threshold,0.140625,0.125,0.12109375,0.1
128,192,constant,constant,0.484375,0.53125,0.5078125,0.5
128,192,threshold,threshold,0.1015625,0.125,0.06640625,0.1
128,192,lookup,lookup,0.1015625,0.125,0.06640625,0.1
128,192,validation_selected,threshold,0.1015625,0.125,0.06640625,0.1
128,193,constant,constant,0.4609375,0.625,0.44921875,0.5
128,193,threshold,threshold,0.1015625,0.09375,0.09375,0.1
128,193,lookup,lookup,0.1015625,0.09375,0.09375,0.1
128,193,validation_selected,threshold,0.1015625,0.09375,0.09375,0.1
128,194,constant,constant,0.484375,0.59375,0.51171875,0.5
128,194,threshold,threshold,0.0546875,0.15625,0.08203125,0.1
128,194,lookup,lookup,0.0546875,0.15625,0.08203125,0.1
128,194,validation_selected,threshold,0.0546875,0.15625,0.08203125,0.1
128,195,constant,constant,0.4609375,0.46875,0.5234375,0.5
128,195,threshold,threshold,0.1328125,0.125,0.09375,0.1
128,195,lookup,lookup,0.1328125,0.125,0.09375,0.1
128,195,validation_selected,threshold,0.1328125,0.125,0.09375,0.1
128,196,constant,constant,0.453125,0.40625,0.49609375,0.5
128,196,threshold,threshold,0.109375,0.125,0.09375,0.1
128,196,lookup,lookup,0.109375,0.125,0.09375,0.1
128,196,validation_selected,threshold,0.109375,0.125,0.09375,0.1
128,197,constant,constant,0.4609375,0.4375,0.51171875,0.5
128,197,threshold,threshold,0.0859375,0.125,0.1015625,0.1
128,197,lookup,lookup,0.0859375,0.125,0.1015625,0.1
128,197,validation_selected,threshold,0.0859375,0.125,0.1015625,0.1
128,198,constant,constant,0.46875,0.375,0.44140625,0.5
128,198,threshold,threshold,0.109375,0.125,0.1015625,0.1
128,198,lookup,lookup,0.109375,0.125,0.1015625,0.1
128,198,validation_selected,threshold,0.109375,0.125,0.1015625,0.1
128,199,constant,constant,0.453125,0.53125,0.484375,0.5
128,199,threshold,threshold,0.09375,0.09375,0.1015625,0.1
128,199,lookup,lookup,0.09375,0.09375,0.1015625,0.1
128,199,validation_selected,threshold,0.09375,0.09375,0.1015625,0.1
128,200,constant,constant,0.46875,0.59375,0.50390625,0.5
128,200,threshold,threshold,0.09375,0.03125,0.09765625,0.1
128,200,lookup,lookup,0.09375,0.03125,0.09765625,0.1
128,200,validation_selected,threshold,0.09375,0.03125,0.09765625,0.1
128,201,constant,constant,0.4921875,0.53125,0.48828125,0.5
128,201,threshold,threshold,0.1328125,0.0625,0.140625,0.1
128,201,lookup,lookup,0.1328125,0.0625,0.140625,0.1
128,201,validation_selected,threshold,0.1328125,0.0625,0.140625,0.1
128,202,constant,constant,0.4765625,0.40625,0.484375,0.5
128,202,threshold,threshold,0.09375,0.125,0.06640625,0.1
128,202,lookup,lookup,0.09375,0.125,0.06640625,0.1
128,202,validation_selected,threshold,0.09375,0.125,0.06640625,0.1
128,203,constant,constant,0.5,0.53125,0.48046875,0.5
128,203,threshold,threshold,0.1015625,0.125,0.10546875,0.1
128,203,lookup,lookup,0.1015625,0.125,0.10546875,0.1
128,203,validation_selected,threshold,0.1015625,0.125,0.10546875,0.1
128,204,constant,constant,0.4375,0.4375,0.5546875,0.5
128,204,threshold,threshold,0.09375,0.09375,0.08984375,0.1
128,204,lookup,lookup,0.09375,0.09375,0.08984375,0.1
128,204,validation_selected,threshold,0.09375,0.09375,0.08984375,0.1
128,205,constant,constant,0.4765625,0.46875,0.48828125,0.5
128,205,threshold,threshold,0.0546875,0.15625,0.1015625,0.1
128,205,lookup,lookup,0.0546875,0.15625,0.1015625,0.1
128,205,validation_selected,threshold,0.0546875,0.15625,0.1015625,0.1
128,206,constant,constant,0.46875,0.3125,0.484375,0.5
128,206,threshold,threshold,0.1015625,0.0625,0.06640625,0.1
128,206,lookup,lookup,0.1015625,0.0625,0.06640625,0.1
128,206,validation_selected,threshold,0.1015625,0.0625,0.06640625,0.1
128,207,constant,constant,0.4296875,0.5,0.546875,0.5
128,207,threshold,threshold,0.078125,0.1875,0.12109375,0.1
128,207,lookup,lookup,0.078125,0.1875,0.12109375,0.1
128,207,validation_selected,threshold,0.078125,0.1875,0.12109375,0.1
128,208,constant,constant,0.5,0.59375,0.50390625,0.5
128,208,threshold,threshold,0.125,0.09375,0.109375,0.1
128,208,lookup,lookup,0.125,0.09375,0.109375,0.1
128,208,validation_selected,threshold,0.125,0.09375,0.109375,0.1
128,209,constant,constant,0.5,0.5,0.515625,0.5
128,209,threshold,threshold,0.1171875,0.03125,0.078125,0.1
128,209,lookup,lookup,0.1171875,0.03125,0.078125,0.1
128,209,validation_selected,threshold,0.1171875,0.03125,0.078125,0.1
128,210,constant,constant,0.4296875,0.53125,0.52734375,0.5
128,210,threshold,threshold,0.1328125,0.125,0.09375,0.1
128,210,lookup,lookup,0.1328125,0.125,0.09375,0.1
128,210,validation_selected,threshold,0.1328125,0.125,0.09375,0.1
128,211,constant,constant,0.4765625,0.5,0.50390625,0.5
128,211,threshold,threshold,0.1015625,0.03125,0.09765625,0.1
128,211,lookup,lookup,0.1015625,0.03125,0.09765625,0.1
128,211,validation_selected,threshold,0.1015625,0.03125,0.09765625,0.1
128,212,constant,constant,0.453125,0.625,0.46875,0.5
128,212,threshold,threshold,0.1328125,0.03125,0.11328125,0.1
128,212,lookup,lookup,0.1328125,0.03125,0.11328125,0.1
128,212,validation_selected,threshold,0.1328125,0.03125,0.11328125,0.1
128,213,constant,constant,0.3984375,0.53125,0.4765625,0.5
128,213,threshold,threshold,0.1328125,0.0625,0.16015625,0.1
128,213,lookup,lookup,0.1328125,0.0625,0.16015625,0.1
128,213,validation_selected,threshold,0.1328125,0.0625,0.16015625,0.1
128,214,constant,constant,0.484375,0.53125,0.421875,0.5
128,214,threshold,threshold,0.1015625,0.125,0.1015625,0.1
128,214,lookup,lookup,0.1015625,0.125,0.1015625,0.1
128,214,validation_selected,threshold,0.1015625,0.125,0.1015625,0.1
128,215,constant,constant,0.484375,0.71875,0.48046875,0.5
128,215,threshold,threshold,0.09375,0.15625,0.1015625,0.1
128,215,lookup,lookup,0.09375,0.15625,0.1015625,0.1
128,215,validation_selected,threshold,0.09375,0.15625,0.1015625,0.1
128,216,constant,constant,0.453125,0.375,0.55078125,0.5
128,216,threshold,threshold,0.0859375,0.15625,0.08984375,0.1
128,216,lookup,lookup,0.0859375,0.15625,0.08984375,0.1
128,216,validation_selected,threshold,0.0859375,0.15625,0.08984375,0.1
128,217,constant,constant,0.453125,0.53125,0.5234375,0.5
128,217,threshold,threshold,0.0859375,0.15625,0.12109375,0.1
128,217,lookup,lookup,0.0859375,0.15625,0.12109375,0.1
128,217,validation_selected,threshold,0.0859375,0.15625,0.12109375,0.1
128,218,constant,constant,0.4609375,0.375,0.46875,0.5
128,218,threshold,threshold,0.171875,0.09375,0.09375,0.1
128,218,lookup,lookup,0.171875,0.09375,0.09375,0.1
128,218,validation_selected,threshold,0.171875,0.09375,0.09375,0.1
128,219,constant,constant,0.46875,0.46875,0.49609375,0.5
128,219,threshold,threshold,0.1171875,0.125,0.08984375,0.1
128,219,lookup,lookup,0.1171875,0.125,0.08984375,0.1
128,219,validation_selected,threshold,0.1171875,0.125,0.08984375,0.1
128,220,constant,constant,0.4609375,0.4375,0.48046875,0.5
128,220,threshold,threshold,0.125,0.09375,0.0859375,0.1
128,220,lookup,lookup,0.125,0.09375,0.0859375,0.1
128,220,validation_selected,threshold,0.125,0.09375,0.0859375,0.1
128,221,constant,constant,0.4921875,0.4375,0.515625,0.5
128,221,threshold,threshold,0.125,0.03125,0.13671875,0.1
128,221,lookup,lookup,0.125,0.03125,0.13671875,0.1
128,221,validation_selected,threshold,0.125,0.03125,0.13671875,0.1
128,222,constant,constant,0.4765625,0.53125,0.51953125,0.5
128,222,threshold,threshold,0.0703125,0.1875,0.11328125,0.1
128,222,lookup,lookup,0.0703125,0.1875,0.11328125,0.1
128,222,validation_selected,threshold,0.0703125,0.1875,0.11328125,0.1
128,223,constant,constant,0.4609375,0.4375,0.54296875,0.5
128,223,threshold,threshold,0.0546875,0.03125,0.11328125,0.1
128,223,lookup,lookup,0.0546875,0.03125,0.11328125,0.1
128,223,validation_selected,threshold,0.0546875,0.03125,0.11328125,0.1
128,224,constant,constant,0.484375,0.59375,0.51953125,0.5
128,224,threshold,threshold,0.078125,0.125,0.0546875,0.1
128,224,lookup,lookup,0.078125,0.125,0.0546875,0.1
128,224,validation_selected,threshold,0.078125,0.125,0.0546875,0.1
128,225,constant,constant,0.46875,0.5,0.49609375,0.5
128,225,threshold,threshold,0.109375,0.0,0.1015625,0.1
128,225,lookup,lookup,0.109375,0.0,0.1015625,0.1
128,225,validation_selected,threshold,0.109375,0.0,0.1015625,0.1
128,226,constant,constant,0.5,0.46875,0.49609375,0.5
128,226,threshold,threshold,0.1015625,0.125,0.125,0.1
128,226,lookup,lookup,0.1015625,0.125,0.125,0.1
128,226,validation_selected,threshold,0.1015625,0.125,0.125,0.1
128,227,constant,constant,0.4921875,0.5,0.51171875,0.5
128,227,threshold,threshold,0.1171875,0.125,0.08203125,0.1
128,227,lookup,lookup,0.1171875,0.125,0.08203125,0.1
128,227,validation_selected,threshold,0.1171875,0.125,0.08203125,0.1
128,228,constant,constant,0.4296875,0.6875,0.5390625,0.5
128,228,threshold,threshold,0.1328125,0.03125,0.0703125,0.1
128,228,lookup,lookup,0.1328125,0.03125,0.0703125,0.1
128,228,validation_selected,threshold,0.1328125,0.03125,0.0703125,0.1
128,229,constant,constant,0.4140625,0.46875,0.49609375,0.5
128,229,threshold,threshold,0.078125,0.09375,0.10546875,0.1
128,229,lookup,lookup,0.078125,0.09375,0.10546875,0.1
128,229,validation_selected,threshold,0.078125,0.09375,0.10546875,0.1
128,230,constant,constant,0.46875,0.375,0.5,0.5
128,230,threshold,threshold,0.0859375,0.125,0.09375,0.1
128,230,lookup,lookup,0.0859375,0.125,0.09375,0.1
128,230,validation_selected,threshold,0.0859375,0.125,0.09375,0.1
128,231,constant,constant,0.453125,0.34375,0.48046875,0.5
128,231,threshold,threshold,0.046875,0.0625,0.10546875,0.1
128,231,lookup,lookup,0.046875,0.0625,0.10546875,0.1
128,231,validation_selected,threshold,0.046875,0.0625,0.10546875,0.1
128,232,constant,constant,0.5,0.5625,0.49609375,0.5
128,232,threshold,threshold,0.109375,0.09375,0.10546875,0.1
128,232,lookup,lookup,0.109375,0.09375,0.10546875,0.1
128,232,validation_selected,threshold,0.109375,0.09375,0.10546875,0.1
128,233,constant,constant,0.4921875,0.21875,0.4765625,0.5
128,233,threshold,threshold,0.1171875,0.0,0.08984375,0.1
128,233,lookup,lookup,0.1171875,0.0,0.08984375,0.1
128,233,validation_selected,threshold,0.1171875,0.0,0.08984375,0.1
128,234,constant,constant,0.4140625,0.3125,0.546875,0.5
128,234,threshold,threshold,0.09375,0.09375,0.12109375,0.1
128,234,lookup,lookup,0.09375,0.09375,0.12109375,0.1
128,234,validation_selected,threshold,0.09375,0.09375,0.12109375,0.1
128,235,constant,constant,0.484375,0.53125,0.5546875,0.5
128,235,threshold,threshold,0.078125,0.15625,0.10546875,0.1
128,235,lookup,lookup,0.078125,0.15625,0.10546875,0.1
128,235,validation_selected,threshold,0.078125,0.15625,0.10546875,0.1
128,236,constant,constant,0.4765625,0.53125,0.46875,0.5
128,236,threshold,threshold,0.078125,0.0,0.078125,0.1
128,236,lookup,lookup,0.078125,0.0,0.078125,0.1
128,236,validation_selected,threshold,0.078125,0.0,0.078125,0.1
128,237,constant,constant,0.484375,0.46875,0.53515625,0.5
128,237,threshold,threshold,0.09375,0.0625,0.0859375,0.1
128,237,lookup,lookup,0.09375,0.0625,0.0859375,0.1
128,237,validation_selected,threshold,0.09375,0.0625,0.0859375,0.1
128,238,constant,constant,0.4765625,0.46875,0.515625,0.5
128,238,threshold,threshold,0.078125,0.15625,0.08984375,0.1
128,238,lookup,lookup,0.078125,0.15625,0.08984375,0.1
128,238,validation_selected,threshold,0.078125,0.15625,0.08984375,0.1
128,239,constant,constant,0.4609375,0.625,0.46875,0.5
128,239,threshold,threshold,0.0703125,0.1875,0.08984375,0.1
128,239,lookup,lookup,0.0703125,0.1875,0.08984375,0.1
128,239,validation_selected,threshold,0.0703125,0.1875,0.08984375,0.1
128,240,constant,constant,0.4375,0.4375,0.49609375,0.5
128,240,threshold,threshold,0.125,0.15625,0.109375,0.1
128,240,lookup,lookup,0.125,0.15625,0.109375,0.1
128,240,validation_selected,threshold,0.125,0.15625,0.109375,0.1
128,241,constant,constant,0.4609375,0.5,0.515625,0.5
128,241,threshold,threshold,0.1484375,0.0625,0.09375,0.1
128,241,lookup,lookup,0.1484375,0.0625,0.09375,0.1
128,241,validation_selected,threshold,0.1484375,0.0625,0.09375,0.1
128,242,constant,constant,0.4765625,0.28125,0.46875,0.5
128,242,threshold,threshold,0.0703125,0.125,0.140625,0.1
128,242,lookup,lookup,0.0703125,0.125,0.140625,0.1
128,242,validation_selected,threshold,0.0703125,0.125,0.140625,0.1
128,243,constant,constant,0.453125,0.5625,0.50390625,0.5
128,243,threshold,threshold,0.140625,0.09375,0.09375,0.1
128,243,lookup,lookup,0.140625,0.09375,0.09375,0.1
128,243,validation_selected,threshold,0.140625,0.09375,0.09375,0.1
128,244,constant,constant,0.5,0.5625,0.453125,0.5
128,244,threshold,threshold,0.125,0.15625,0.0859375,0.1
128,244,lookup,lookup,0.125,0.15625,0.0859375,0.1
128,244,validation_selected,threshold,0.125,0.15625,0.0859375,0.1
128,245,constant,constant,0.4765625,0.40625,0.484375,0.5
128,245,threshold,threshold,0.0546875,0.21875,0.10546875,0.1
128,245,lookup,lookup,0.0546875,0.21875,0.10546875,0.1
128,245,validation_selected,threshold,0.0546875,0.21875,0.10546875,0.1
128,246,constant,constant,0.421875,0.5625,0.47265625,0.5
128,246,threshold,threshold,0.1015625,0.125,0.125,0.1
128,246,lookup,lookup,0.1015625,0.125,0.125,0.1
128,246,validation_selected,threshold,0.1015625,0.125,0.125,0.1
128,247,constant,constant,0.4609375,0.3125,0.5390625,0.5
128,247,threshold,threshold,0.0546875,0.21875,0.1015625,0.1
128,247,lookup,lookup,0.0546875,0.21875,0.1015625,0.1
128,247,validation_selected,threshold,0.0546875,0.21875,0.1015625,0.1
128,248,constant,constant,0.40625,0.46875,0.453125,0.5
128,248,threshold,threshold,0.1171875,0.125,0.109375,0.1
128,248,lookup,lookup,0.1171875,0.125,0.109375,0.1
128,248,validation_selected,threshold,0.1171875,0.125,0.109375,0.1
128,249,constant,constant,0.4296875,0.375,0.51953125,0.5
128,249,threshold,threshold,0.078125,0.125,0.1171875,0.1
128,249,lookup,lookup,0.078125,0.125,0.1171875,0.1
128,249,validation_selected,threshold,0.078125,0.125,0.1171875,0.1
128,250,constant,constant,0.4453125,0.5625,0.5390625,0.5
128,250,threshold,threshold,0.1328125,0.0625,0.09765625,0.1
128,250,lookup,lookup,0.1328125,0.0625,0.09765625,0.1
128,250,validation_selected,threshold,0.1328125,0.0625,0.09765625,0.1
128,251,constant,constant,0.4765625,0.40625,0.45703125,0.5
128,251,threshold,threshold,0.1171875,0.0625,0.0703125,0.1
128,251,lookup,lookup,0.1171875,0.0625,0.0703125,0.1
128,251,validation_selected,threshold,0.1171875,0.0625,0.0703125,0.1
128,252,constant,constant,0.3984375,0.65625,0.48046875,0.5
128,252,threshold,threshold,0.0234375,0.03125,0.11328125,0.1
128,252,lookup,lookup,0.0234375,0.03125,0.11328125,0.1
128,252,validation_selected,threshold,0.0234375,0.03125,0.11328125,0.1
128,253,constant,constant,0.4921875,0.5,0.5390625,0.5
128,253,threshold,threshold,0.140625,0.125,0.09765625,0.1
128,253,lookup,lookup,0.140625,0.125,0.09765625,0.1
128,253,validation_selected,threshold,0.140625,0.125,0.09765625,0.1
128,254,constant,constant,0.4921875,0.46875,0.51171875,0.5
128,254,threshold,threshold,0.09375,0.03125,0.10546875,0.1
128,254,lookup,lookup,0.09375,0.03125,0.10546875,0.1
128,254,validation_selected,threshold,0.09375,0.03125,0.10546875,0.1
128,255,constant,constant,0.46875,0.375,0.48828125,0.5
128,255,threshold,threshold,0.0546875,0.09375,0.10546875,0.1
128,255,lookup,lookup,0.0546875,0.09375,0.10546875,0.1
128,255,validation_selected,threshold,0.0546875,0.09375,0.10546875,0.1
128,256,constant,constant,0.46875,0.5625,0.5390625,0.5
128,256,threshold,threshold,0.0703125,0.125,0.08984375,0.1
128,256,lookup,lookup,0.0703125,0.125,0.08984375,0.1
128,256,validation_selected,threshold,0.0703125,0.125,0.08984375,0.1
128,257,constant,constant,0.4765625,0.65625,0.515625,0.5
128,257,threshold,threshold,0.1015625,0.0,0.0546875,0.1
128,257,lookup,lookup,0.1015625,0.0,0.0546875,0.1
128,257,validation_selected,threshold,0.1015625,0.0,0.0546875,0.1
128,258,constant,constant,0.4375,0.5625,0.59375,0.5
128,258,threshold,threshold,0.09375,0.03125,0.0859375,0.1
128,258,lookup,lookup,0.09375,0.03125,0.0859375,0.1
128,258,validation_selected,threshold,0.09375,0.03125,0.0859375,0.1
128,259,constant,constant,0.4765625,0.6875,0.53515625,0.5
128,259,threshold,threshold,0.1640625,0.09375,0.12109375,0.1
128,259,lookup,lookup,0.1640625,0.09375,0.12109375,0.1
128,259,validation_selected,threshold,0.1640625,0.09375,0.12109375,0.1
128,260,constant,constant,0.4765625,0.46875,0.53125,0.5
128,260,threshold,threshold,0.15625,0.03125,0.1015625,0.1
128,260,lookup,lookup,0.15625,0.03125,0.1015625,0.1
128,260,validation_selected,threshold,0.15625,0.03125,0.1015625,0.1
128,261,constant,constant,0.453125,0.53125,0.46875,0.5
128,261,threshold,threshold,0.1328125,0.125,0.06640625,0.1
128,261,lookup,lookup,0.1328125,0.125,0.06640625,0.1
128,261,validation_selected,threshold,0.1328125,0.125,0.06640625,0.1
128,262,constant,constant,0.4921875,0.53125,0.44921875,0.5
128,262,threshold,threshold,0.1015625,0.15625,0.1171875,0.1
128,262,lookup,lookup,0.1015625,0.15625,0.1171875,0.1
128,262,validation_selected,threshold,0.1015625,0.15625,0.1171875,0.1
128,263,constant,constant,0.4296875,0.46875,0.48046875,0.5
128,263,threshold,threshold,0.09375,0.125,0.09375,0.1
128,263,lookup,lookup,0.09375,0.125,0.09375,0.1
128,263,validation_selected,threshold,0.09375,0.125,0.09375,0.1
128,264,constant,constant,0.4453125,0.375,0.52734375,0.5
128,264,threshold,threshold,0.0703125,0.21875,0.109375,0.1
128,264,lookup,lookup,0.0703125,0.21875,0.109375,0.1
128,264,validation_selected,threshold,0.0703125,0.21875,0.109375,0.1
128,265,constant,constant,0.4609375,0.375,0.5,0.5
128,265,threshold,threshold,0.1015625,0.0625,0.12109375,0.1
128,265,lookup,lookup,0.1015625,0.0625,0.12109375,0.1
128,265,validation_selected,threshold,0.1015625,0.0625,0.12109375,0.1
128,266,constant,constant,0.4609375,0.4375,0.50390625,0.5
128,266,threshold,threshold,0.0859375,0.09375,0.10546875,0.1
128,266,lookup,lookup,0.0859375,0.09375,0.10546875,0.1
128,266,validation_selected,threshold,0.0859375,0.09375,0.10546875,0.1
128,267,constant,constant,0.5,0.59375,0.5078125,0.5
128,267,threshold,threshold,0.078125,0.0625,0.08984375,0.1
128,267,lookup,lookup,0.078125,0.0625,0.08984375,0.1
128,267,validation_selected,threshold,0.078125,0.0625,0.08984375,0.1
128,268,constant,constant,0.4609375,0.375,0.51953125,0.5
128,268,threshold,threshold,0.1171875,0.09375,0.08203125,0.1
128,268,lookup,lookup,0.1171875,0.09375,0.08203125,0.1
128,268,validation_selected,threshold,0.1171875,0.09375,0.08203125,0.1
128,269,constant,constant,0.4921875,0.59375,0.50390625,0.5
128,269,threshold,threshold,0.1171875,0.0,0.0859375,0.1
128,269,lookup,lookup,0.1171875,0.0,0.0859375,0.1
128,269,validation_selected,threshold,0.1171875,0.0,0.0859375,0.1
128,270,constant,constant,0.4765625,0.3125,0.51171875,0.5
128,270,threshold,threshold,0.1328125,0.125,0.078125,0.1
128,270,lookup,lookup,0.1328125,0.125,0.078125,0.1
128,270,validation_selected,threshold,0.1328125,0.125,0.078125,0.1
128,271,constant,constant,0.4765625,0.4375,0.46484375,0.5
128,271,threshold,threshold,0.0859375,0.15625,0.1171875,0.1
128,271,lookup,lookup,0.0859375,0.15625,0.1171875,0.1
128,271,validation_selected,threshold,0.0859375,0.15625,0.1171875,0.1
128,272,constant,constant,0.4921875,0.34375,0.515625,0.5
128,272,threshold,threshold,0.0703125,0.0625,0.08203125,0.1
128,272,lookup,lookup,0.0703125,0.0625,0.08203125,0.1
128,272,validation_selected,threshold,0.0703125,0.0625,0.08203125,0.1
128,273,constant,constant,0.4375,0.53125,0.4921875,0.5
128,273,threshold,threshold,0.0546875,0.09375,0.10546875,0.1
128,273,lookup,lookup,0.0546875,0.09375,0.10546875,0.1
128,273,validation_selected,threshold,0.0546875,0.09375,0.10546875,0.1
128,274,constant,constant,0.484375,0.3125,0.4921875,0.5
128,274,threshold,threshold,0.0703125,0.15625,0.1171875,0.1
128,274,lookup,lookup,0.0703125,0.15625,0.1171875,0.1
128,274,validation_selected,threshold,0.0703125,0.15625,0.1171875,0.1
128,275,constant,constant,0.453125,0.6875,0.50390625,0.5
128,275,threshold,threshold,0.0859375,0.15625,0.06640625,0.1
128,275,lookup,lookup,0.0859375,0.15625,0.06640625,0.1
128,275,validation_selected,threshold,0.0859375,0.15625,0.06640625,0.1
128,276,constant,constant,0.4921875,0.65625,0.50390625,0.5
128,276,threshold,threshold,0.09375,0.1875,0.125,0.1
128,276,lookup,lookup,0.09375,0.1875,0.125,0.1
128,276,validation_selected,threshold,0.09375,0.1875,0.125,0.1
128,277,constant,constant,0.453125,0.53125,0.48828125,0.5
128,277,threshold,threshold,0.1484375,0.125,0.0859375,0.1
128,277,lookup,lookup,0.1484375,0.125,0.0859375,0.1
128,277,validation_selected,threshold,0.1484375,0.125,0.0859375,0.1
128,278,constant,constant,0.4921875,0.375,0.51953125,0.5
128,278,threshold,threshold,0.09375,0.125,0.0859375,0.1
128,278,lookup,lookup,0.09375,0.125,0.0859375,0.1
128,278,validation_selected,threshold,0.09375,0.125,0.0859375,0.1
128,279,constant,constant,0.4296875,0.5,0.4765625,0.5
128,279,threshold,threshold,0.0703125,0.0625,0.09375,0.1
128,279,lookup,lookup,0.0703125,0.0625,0.09375,0.1
128,279,validation_selected,threshold,0.0703125,0.0625,0.09375,0.1
128,280,constant,constant,0.484375,0.5,0.46875,0.5
128,280,threshold,threshold,0.078125,0.0625,0.05859375,0.1
128,280,lookup,lookup,0.078125,0.0625,0.05859375,0.1
128,280,validation_selected,threshold,0.078125,0.0625,0.05859375,0.1
128,281,constant,constant,0.484375,0.53125,0.53125,0.5
128,281,threshold,threshold,0.109375,0.09375,0.11328125,0.1
128,281,lookup,lookup,0.109375,0.09375,0.11328125,0.1
128,281,validation_selected,threshold,0.109375,0.09375,0.11328125,0.1
128,282,constant,constant,0.46875,0.53125,0.47265625,0.5
128,282,threshold,threshold,0.0703125,0.125,0.1328125,0.1
128,282,lookup,lookup,0.0703125,0.125,0.1328125,0.1
128,282,validation_selected,threshold,0.0703125,0.125,0.1328125,0.1
128,283,constant,constant,0.3828125,0.4375,0.44921875,0.5
128,283,threshold,threshold,0.1015625,0.0625,0.125,0.1
128,283,lookup,lookup,0.1015625,0.0625,0.125,0.1
128,283,validation_selected,threshold,0.1015625,0.0625,0.125,0.1
128,284,constant,constant,0.4765625,0.4375,0.453125,0.5
128,284,threshold,threshold,0.1328125,0.0625,0.10546875,0.1
128,284,lookup,lookup,0.1328125,0.0625,0.10546875,0.1
128,284,validation_selected,threshold,0.1328125,0.0625,0.10546875,0.1
128,285,constant,constant,0.484375,0.46875,0.48046875,0.5
128,285,threshold,threshold,0.1328125,0.0625,0.125,0.1
128,285,lookup,lookup,0.1328125,0.0625,0.125,0.1
128,285,validation_selected,threshold,0.1328125,0.0625,0.125,0.1
128,286,constant,constant,0.4140625,0.5,0.515625,0.5
128,286,threshold,threshold,0.1171875,0.0625,0.12109375,0.1
128,286,lookup,lookup,0.1171875,0.0625,0.12109375,0.1
128,286,validation_selected,threshold,0.1171875,0.0625,0.12109375,0.1
128,287,constant,constant,0.4765625,0.5625,0.49609375,0.5
128,287,threshold,threshold,0.0546875,0.125,0.1015625,0.1
128,287,lookup,lookup,0.0546875,0.125,0.1015625,0.1
128,287,validation_selected,threshold,0.0546875,0.125,0.1015625,0.1
128,288,constant,constant,0.4921875,0.34375,0.55078125,0.5
128,288,threshold,threshold,0.1328125,0.15625,0.09765625,0.1
128,288,lookup,lookup,0.1328125,0.15625,0.09765625,0.1
128,288,validation_selected,threshold,0.1328125,0.15625,0.09765625,0.1
128,289,constant,constant,0.390625,0.40625,0.49609375,0.5
128,289,threshold,threshold,0.1015625,0.09375,0.078125,0.1
128,289,lookup,lookup,0.1015625,0.09375,0.078125,0.1
128,289,validation_selected,threshold,0.1015625,0.09375,0.078125,0.1
128,290,constant,constant,0.4921875,0.5,0.5,0.5
128,290,threshold,threshold,0.1171875,0.03125,0.09375,0.1
128,290,lookup,lookup,0.1171875,0.03125,0.09375,0.1
128,290,validation_selected,threshold,0.1171875,0.03125,0.09375,0.1
128,291,constant,constant,0.484375,0.46875,0.57421875,0.5
128,291,threshold,threshold,0.1171875,0.03125,0.12109375,0.1
128,291,lookup,lookup,0.1171875,0.03125,0.12109375,0.1
128,291,validation_selected,threshold,0.1171875,0.03125,0.12109375,0.1
128,292,constant,constant,0.421875,0.53125,0.48046875,0.5
128,292,threshold,threshold,0.09375,0.03125,0.109375,0.1
128,292,lookup,lookup,0.09375,0.03125,0.109375,0.1
128,292,validation_selected,threshold,0.09375,0.03125,0.109375,0.1
128,293,constant,constant,0.453125,0.4375,0.50390625,0.5
128,293,threshold,threshold,0.1640625,0.0625,0.09765625,0.1
128,293,lookup,lookup,0.1640625,0.0625,0.09765625,0.1
128,293,validation_selected,threshold,0.1640625,0.0625,0.09765625,0.1
128,294,constant,constant,0.4609375,0.5,0.484375,0.5
128,294,threshold,threshold,0.0859375,0.09375,0.09375,0.1
128,294,lookup,lookup,0.0859375,0.09375,0.09375,0.1
128,294,validation_selected,threshold,0.0859375,0.09375,0.09375,0.1
128,295,constant,constant,0.4921875,0.53125,0.4453125,0.5
128,295,threshold,threshold,0.09375,0.15625,0.11328125,0.1
128,295,lookup,lookup,0.09375,0.15625,0.11328125,0.1
128,295,validation_selected,threshold,0.09375,0.15625,0.11328125,0.1
128,296,constant,constant,0.4375,0.3125,0.484375,0.5
128,296,threshold,threshold,0.0703125,0.125,0.0859375,0.1
128,296,lookup,lookup,0.0703125,0.125,0.0859375,0.1
128,296,validation_selected,threshold,0.0703125,0.125,0.0859375,0.1
128,297,constant,constant,0.5,0.5625,0.484375,0.5
128,297,threshold,threshold,0.078125,0.125,0.12109375,0.1
128,297,lookup,lookup,0.078125,0.125,0.12109375,0.1
128,297,validation_selected,threshold,0.078125,0.125,0.12109375,0.1
128,298,constant,constant,0.46875,0.53125,0.50390625,0.5
128,298,threshold,threshold,0.0625,0.125,0.09375,0.1
128,298,lookup,lookup,0.0625,0.125,0.09375,0.1
128,298,validation_selected,threshold,0.0625,0.125,0.09375,0.1
128,299,constant,constant,0.4765625,0.25,0.4609375,0.5
128,299,threshold,threshold,0.078125,0.21875,0.08203125,0.1
128,299,lookup,lookup,0.078125,0.21875,0.08203125,0.1
128,299,validation_selected,threshold,0.078125,0.21875,0.08203125,0.1
128,300,constant,constant,0.453125,0.625,0.4765625,0.5
128,300,threshold,threshold,0.0625,0.0625,0.1015625,0.1
128,300,lookup,lookup,0.0625,0.0625,0.1015625,0.1
128,300,validation_selected,threshold,0.0625,0.0625,0.1015625,0.1
128,301,constant,constant,0.484375,0.625,0.50390625,0.5
128,301,threshold,threshold,0.09375,0.125,0.0859375,0.1
128,301,lookup,lookup,0.09375,0.125,0.0859375,0.1
128,301,validation_selected,threshold,0.09375,0.125,0.0859375,0.1
128,302,constant,constant,0.4921875,0.59375,0.5,0.5
128,302,threshold,threshold,0.1015625,0.09375,0.08203125,0.1
128,302,lookup,lookup,0.1015625,0.09375,0.08203125,0.1
128,302,validation_selected,threshold,0.1015625,0.09375,0.08203125,0.1
128,303,constant,constant,0.46875,0.40625,0.45703125,0.5
128,303,threshold,threshold,0.140625,0.125,0.078125,0.1
128,303,lookup,lookup,0.140625,0.125,0.078125,0.1
128,303,validation_selected,threshold,0.140625,0.125,0.078125,0.1
128,304,constant,constant,0.4921875,0.53125,0.484375,0.5
128,304,threshold,threshold,0.125,0.21875,0.08984375,0.1
128,304,lookup,lookup,0.125,0.21875,0.08984375,0.1
128,304,validation_selected,threshold,0.125,0.21875,0.08984375,0.1
128,305,constant,constant,0.46875,0.46875,0.49609375,0.5
128,305,threshold,threshold,0.1015625,0.125,0.12109375,0.1
128,305,lookup,lookup,0.1015625,0.125,0.12109375,0.1
128,305,validation_selected,threshold,0.1015625,0.125,0.12109375,0.1
128,306,constant,constant,0.46875,0.65625,0.51171875,0.5
128,306,threshold,threshold,0.09375,0.09375,0.08984375,0.1
128,306,lookup,lookup,0.09375,0.09375,0.08984375,0.1
128,306,validation_selected,threshold,0.09375,0.09375,0.08984375,0.1
128,307,constant,constant,0.4921875,0.375,0.50390625,0.5
128,307,threshold,threshold,0.125,0.125,0.1015625,0.1
128,307,lookup,lookup,0.125,0.125,0.1015625,0.1
128,307,validation_selected,threshold,0.125,0.125,0.1015625,0.1
128,308,constant,constant,0.5,0.46875,0.453125,0.5
128,308,threshold,threshold,0.078125,0.28125,0.109375,0.1
128,308,lookup,lookup,0.078125,0.28125,0.109375,0.1
128,308,validation_selected,threshold,0.078125,0.28125,0.109375,0.1
128,309,constant,constant,0.453125,0.4375,0.53515625,0.5
128,309,threshold,threshold,0.109375,0.03125,0.12109375,0.1
128,309,lookup,lookup,0.109375,0.03125,0.12109375,0.1
128,309,validation_selected,threshold,0.109375,0.03125,0.12109375,0.1
128,310,constant,constant,0.4453125,0.5625,0.484375,0.5
128,310,threshold,threshold,0.1171875,0.03125,0.08984375,0.1
128,310,lookup,lookup,0.1171875,0.03125,0.08984375,0.1
128,310,validation_selected,threshold,0.1171875,0.03125,0.08984375,0.1
128,311,constant,constant,0.5,0.40625,0.484375,0.5
128,311,threshold,threshold,0.1171875,0.0625,0.09375,0.1
128,311,lookup,lookup,0.1171875,0.0625,0.09375,0.1
128,311,validation_selected,threshold,0.1171875,0.0625,0.09375,0.1
128,312,constant,constant,0.4375,0.5625,0.51953125,0.5
128,312,threshold,threshold,0.0625,0.125,0.1171875,0.1
128,312,lookup,lookup,0.0625,0.125,0.1171875,0.1
128,312,validation_selected,threshold,0.0625,0.125,0.1171875,0.1
128,313,constant,constant,0.4921875,0.4375,0.453125,0.5
128,313,threshold,threshold,0.125,0.0,0.078125,0.1
128,313,lookup,lookup,0.125,0.0,0.078125,0.1
128,313,validation_selected,threshold,0.125,0.0,0.078125,0.1
128,314,constant,constant,0.484375,0.4375,0.48046875,0.5
128,314,threshold,threshold,0.109375,0.1875,0.10546875,0.1
128,314,lookup,lookup,0.109375,0.1875,0.10546875,0.1
128,314,validation_selected,threshold,0.109375,0.1875,0.10546875,0.1
128,315,constant,constant,0.4921875,0.46875,0.55078125,0.5
128,315,threshold,threshold,0.09375,0.03125,0.10546875,0.1
128,315,lookup,lookup,0.09375,0.03125,0.10546875,0.1
128,315,validation_selected,threshold,0.09375,0.03125,0.10546875,0.1
128,316,constant,constant,0.5,0.59375,0.484375,0.5
128,316,threshold,threshold,0.1015625,0.0625,0.04296875,0.1
128,316,lookup,lookup,0.1015625,0.0625,0.04296875,0.1
128,316,validation_selected,threshold,0.1015625,0.0625,0.04296875,0.1
128,317,constant,constant,0.4765625,0.4375,0.48046875,0.5
128,317,threshold,threshold,0.0546875,0.125,0.11328125,0.1
128,317,lookup,lookup,0.0546875,0.125,0.11328125,0.1
128,317,validation_selected,threshold,0.0546875,0.125,0.11328125,0.1
128,318,constant,constant,0.4453125,0.4375,0.55859375,0.5
128,318,threshold,threshold,0.09375,0.0625,0.1015625,0.1
128,318,lookup,lookup,0.09375,0.0625,0.1015625,0.1
128,318,validation_selected,threshold,0.09375,0.0625,0.1015625,0.1
128,319,constant,constant,0.453125,0.5625,0.4921875,0.5
128,319,threshold,threshold,0.046875,0.03125,0.09375,0.1
128,319,lookup,lookup,0.046875,0.03125,0.09375,0.1
128,319,validation_selected,threshold,0.046875,0.03125,0.09375,0.1
128,320,constant,constant,0.484375,0.53125,0.48046875,0.5
128,320,threshold,threshold,0.125,0.09375,0.09765625,0.1
128,320,lookup,lookup,0.125,0.09375,0.09765625,0.1
128,320,validation_selected,threshold,0.125,0.09375,0.09765625,0.1
128,321,constant,constant,0.4765625,0.71875,0.46484375,0.5
128,321,threshold,threshold,0.0859375,0.1875,0.1015625,0.1
128,321,lookup,lookup,0.0859375,0.1875,0.1015625,0.1
128,321,validation_selected,threshold,0.0859375,0.1875,0.1015625,0.1
128,322,constant,constant,0.4765625,0.5,0.5,0.5
128,322,threshold,threshold,0.078125,0.03125,0.09765625,0.1
128,322,lookup,lookup,0.078125,0.03125,0.09765625,0.1
128,322,validation_selected,threshold,0.078125,0.03125,0.09765625,0.1
128,323,constant,constant,0.453125,0.34375,0.515625,0.5
128,323,threshold,threshold,0.1015625,0.21875,0.0625,0.1
128,323,lookup,lookup,0.1015625,0.21875,0.0625,0.1
128,323,validation_selected,threshold,0.1015625,0.21875,0.0625,0.1
128,324,constant,constant,0.4765625,0.53125,0.4765625,0.5
128,324,threshold,threshold,0.1328125,0.15625,0.08203125,0.1
128,324,lookup,lookup,0.1328125,0.15625,0.08203125,0.1
128,324,validation_selected,threshold,0.1328125,0.15625,0.08203125,0.1
128,325,constant,constant,0.4765625,0.65625,0.53125,0.5
128,325,threshold,threshold,0.09375,0.125,0.09765625,0.1
128,325,lookup,lookup,0.09375,0.125,0.09765625,0.1
128,325,validation_selected,threshold,0.09375,0.125,0.09765625,0.1
128,326,constant,constant,0.453125,0.4375,0.40625,0.5
128,326,threshold,threshold,0.0703125,0.09375,0.0859375,0.1
128,326,lookup,lookup,0.0703125,0.09375,0.0859375,0.1
128,326,validation_selected,threshold,0.0703125,0.09375,0.0859375,0.1
128,327,constant,constant,0.4921875,0.5,0.51953125,0.5
128,327,threshold,threshold,0.0859375,0.03125,0.08984375,0.1
128,327,lookup,lookup,0.0859375,0.03125,0.08984375,0.1
128,327,validation_selected,threshold,0.0859375,0.03125,0.08984375,0.1
128,328,constant,constant,0.4921875,0.65625,0.5,0.5
128,328,threshold,threshold,0.078125,0.15625,0.12890625,0.1
128,328,lookup,lookup,0.078125,0.15625,0.12890625,0.1
128,328,validation_selected,threshold,0.078125,0.15625,0.12890625,0.1
128,329,constant,constant,0.4921875,0.5625,0.49609375,0.5
128,329,threshold,threshold,0.1171875,0.09375,0.09375,0.1
128,329,lookup,lookup,0.1171875,0.09375,0.09375,0.1
128,329,validation_selected,threshold,0.1171875,0.09375,0.09375,0.1
128,330,constant,constant,0.4765625,0.59375,0.5078125,0.5
128,330,threshold,threshold,0.09375,0.1875,0.09375,0.1
128,330,lookup,lookup,0.09375,0.1875,0.09375,0.1
128,330,validation_selected,threshold,0.09375,0.1875,0.09375,0.1
128,331,constant,constant,0.46875,0.53125,0.484375,0.5
128,331,threshold,threshold,0.0546875,0.1875,0.140625,0.1
128,331,lookup,lookup,0.0546875,0.1875,0.140625,0.1
128,331,validation_selected,threshold,0.0546875,0.1875,0.140625,0.1
128,332,constant,constant,0.5,0.5625,0.53125,0.5
128,332,threshold,threshold,0.1015625,0.0625,0.1015625,0.1
128,332,lookup,lookup,0.1015625,0.0625,0.1015625,0.1
128,332,validation_selected,threshold,0.1015625,0.0625,0.1015625,0.1
128,333,constant,constant,0.359375,0.625,0.51171875,0.5
128,333,threshold,threshold,0.140625,0.09375,0.11328125,0.1
128,333,lookup,lookup,0.140625,0.09375,0.11328125,0.1
128,333,validation_selected,threshold,0.140625,0.09375,0.11328125,0.1
128,334,constant,constant,0.3984375,0.71875,0.5078125,0.5
128,334,threshold,threshold,0.046875,0.03125,0.0859375,0.1
128,334,lookup,lookup,0.046875,0.03125,0.0859375,0.1
128,334,validation_selected,threshold,0.046875,0.03125,0.0859375,0.1
128,335,constant,constant,0.46875,0.375,0.5234375,0.5
128,335,threshold,threshold,0.1171875,0.0625,0.09375,0.1
128,335,lookup,lookup,0.1171875,0.0625,0.09375,0.1
128,335,validation_selected,threshold,0.1171875,0.0625,0.09375,0.1
128,336,constant,constant,0.4296875,0.59375,0.46875,0.5
128,336,threshold,threshold,0.1484375,0.125,0.15234375,0.1
128,336,lookup,lookup,0.1484375,0.125,0.15234375,0.1
128,336,validation_selected,threshold,0.1484375,0.125,0.15234375,0.1
128,337,constant,constant,0.4453125,0.625,0.5,0.5
128,337,threshold,threshold,0.15625,0.125,0.109375,0.1
128,337,lookup,lookup,0.15625,0.125,0.109375,0.1
128,337,validation_selected,threshold,0.15625,0.125,0.109375,0.1
128,338,constant,constant,0.4765625,0.625,0.47265625,0.5
128,338,threshold,threshold,0.09375,0.0625,0.08984375,0.1
128,338,lookup,lookup,0.09375,0.0625,0.08984375,0.1
128,338,validation_selected,threshold,0.09375,0.0625,0.08984375,0.1
128,339,constant,constant,0.46875,0.375,0.4609375,0.5
128,339,threshold,threshold,0.046875,0.03125,0.109375,0.1
128,339,lookup,lookup,0.046875,0.03125,0.109375,0.1
128,339,validation_selected,threshold,0.046875,0.03125,0.109375,0.1
128,340,constant,constant,0.4375,0.46875,0.4765625,0.5
128,340,threshold,threshold,0.09375,0.1875,0.07421875,0.1
128,340,lookup,lookup,0.09375,0.1875,0.07421875,0.1
128,340,validation_selected,threshold,0.09375,0.1875,0.07421875,0.1
128,341,constant,constant,0.484375,0.4375,0.5625,0.5
128,341,threshold,threshold,0.046875,0.09375,0.08203125,0.1
128,341,lookup,lookup,0.046875,0.09375,0.08203125,0.1
128,341,validation_selected,threshold,0.046875,0.09375,0.08203125,0.1
128,342,constant,constant,0.4765625,0.46875,0.4921875,0.5
128,342,threshold,threshold,0.0703125,0.15625,0.109375,0.1
128,342,lookup,lookup,0.0703125,0.15625,0.109375,0.1
128,342,validation_selected,threshold,0.0703125,0.15625,0.109375,0.1
128,343,constant,constant,0.4375,0.46875,0.5078125,0.5
128,343,threshold,threshold,0.15625,0.0625,0.09375,0.1
128,343,lookup,lookup,0.15625,0.0625,0.09375,0.1
128,343,validation_selected,threshold,0.15625,0.0625,0.09375,0.1
128,344,constant,constant,0.453125,0.59375,0.515625,0.5
128,344,threshold,threshold,0.109375,0.09375,0.140625,0.1
128,344,lookup,lookup,0.109375,0.09375,0.140625,0.1
128,344,validation_selected,threshold,0.109375,0.09375,0.140625,0.1
128,345,constant,constant,0.484375,0.5625,0.5234375,0.5
128,345,threshold,threshold,0.0859375,0.125,0.08203125,0.1
128,345,lookup,lookup,0.0859375,0.125,0.08203125,0.1
128,345,validation_selected,threshold,0.0859375,0.125,0.08203125,0.1
128,346,constant,constant,0.4765625,0.5,0.5234375,0.5
128,346,threshold,threshold,0.1171875,0.125,0.0859375,0.1
128,346,lookup,lookup,0.1171875,0.125,0.0859375,0.1
128,346,validation_selected,threshold,0.1171875,0.125,0.0859375,0.1
128,347,constant,constant,0.4921875,0.5,0.51953125,0.5
128,347,threshold,threshold,0.0859375,0.28125,0.11328125,0.1
128,347,lookup,lookup,0.0859375,0.28125,0.11328125,0.1
128,347,validation_selected,threshold,0.0859375,0.28125,0.11328125,0.1
128,348,constant,constant,0.4921875,0.5,0.46484375,0.5
128,348,threshold,threshold,0.1015625,0.09375,0.1171875,0.1
128,348,lookup,lookup,0.1015625,0.09375,0.1171875,0.1
128,348,validation_selected,threshold,0.1015625,0.09375,0.1171875,0.1
128,349,constant,constant,0.4375,0.53125,0.5078125,0.5
128,349,threshold,threshold,0.046875,0.09375,0.08203125,0.1
128,349,lookup,lookup,0.046875,0.09375,0.08203125,0.1
128,349,validation_selected,threshold,0.046875,0.09375,0.08203125,0.1
128,350,constant,constant,0.4609375,0.65625,0.47265625,0.5
128,350,threshold,threshold,0.109375,0.09375,0.09765625,0.1
128,350,lookup,lookup,0.109375,0.09375,0.09765625,0.1
128,350,validation_selected,threshold,0.109375,0.09375,0.09765625,0.1
128,351,constant,constant,0.3984375,0.4375,0.51953125,0.5
128,351,threshold,threshold,0.140625,0.125,0.09765625,0.1
128,351,lookup,lookup,0.140625,0.125,0.09765625,0.1
128,351,validation_selected,threshold,0.140625,0.125,0.09765625,0.1
128,352,constant,constant,0.453125,0.53125,0.48046875,0.5
128,352,threshold,threshold,0.078125,0.09375,0.10546875,0.1
128,352,lookup,lookup,0.078125,0.09375,0.10546875,0.1
128,352,validation_selected,threshold,0.078125,0.09375,0.10546875,0.1
128,353,constant,constant,0.4609375,0.4375,0.546875,0.5
128,353,threshold,threshold,0.09375,0.125,0.125,0.1
128,353,lookup,lookup,0.09375,0.125,0.125,0.1
128,353,validation_selected,threshold,0.09375,0.125,0.125,0.1
128,354,constant,constant,0.4765625,0.5,0.50390625,0.5
128,354,threshold,threshold,0.140625,0.0625,0.08203125,0.1
128,354,lookup,lookup,0.140625,0.0625,0.08203125,0.1
128,354,validation_selected,threshold,0.140625,0.0625,0.08203125,0.1
128,355,constant,constant,0.4453125,0.5625,0.49609375,0.5
128,355,threshold,threshold,0.0859375,0.1875,0.1015625,0.1
128,355,lookup,lookup,0.0859375,0.1875,0.1015625,0.1
128,355,validation_selected,threshold,0.0859375,0.1875,0.1015625,0.1
128,356,constant,constant,0.4765625,0.59375,0.4765625,0.5
128,356,threshold,threshold,0.1015625,0.0625,0.109375,0.1
128,356,lookup,lookup,0.1015625,0.0625,0.109375,0.1
128,356,validation_selected,threshold,0.1015625,0.0625,0.109375,0.1
128,357,constant,constant,0.4140625,0.59375,0.45703125,0.5
128,357,threshold,threshold,0.109375,0.09375,0.10546875,0.1
128,357,lookup,lookup,0.109375,0.09375,0.10546875,0.1
128,357,validation_selected,threshold,0.109375,0.09375,0.10546875,0.1
128,358,constant,constant,0.4765625,0.5625,0.53515625,0.5
128,358,threshold,threshold,0.09375,0.15625,0.078125,0.1
128,358,lookup,lookup,0.09375,0.15625,0.078125,0.1
128,358,validation_selected,threshold,0.09375,0.15625,0.078125,0.1
128,359,constant,constant,0.5,0.5,0.484375,0.5
128,359,threshold,threshold,0.0703125,0.09375,0.07421875,0.1
128,359,lookup,lookup,0.0703125,0.09375,0.07421875,0.1
128,359,validation_selected,threshold,0.0703125,0.09375,0.07421875,0.1
128,360,constant,constant,0.4296875,0.3125,0.49609375,0.5
128,360,threshold,threshold,0.078125,0.09375,0.109375,0.1
128,360,lookup,lookup,0.078125,0.09375,0.109375,0.1
128,360,validation_selected,threshold,0.078125,0.09375,0.109375,0.1
128,361,constant,constant,0.4375,0.53125,0.47265625,0.5
128,361,threshold,threshold,0.0703125,0.03125,0.125,0.1
128,361,lookup,lookup,0.0703125,0.03125,0.125,0.1
128,361,validation_selected,threshold,0.0703125,0.03125,0.125,0.1
128,362,constant,constant,0.484375,0.5625,0.515625,0.5
128,362,threshold,threshold,0.125,0.1875,0.07421875,0.1
128,362,lookup,lookup,0.125,0.1875,0.07421875,0.1
128,362,validation_selected,threshold,0.125,0.1875,0.07421875,0.1
128,363,constant,constant,0.46875,0.53125,0.49609375,0.5
128,363,threshold,threshold,0.1328125,0.0625,0.1015625,0.1
128,363,lookup,lookup,0.1328125,0.0625,0.1015625,0.1
128,363,validation_selected,threshold,0.1328125,0.0625,0.1015625,0.1
128,364,constant,constant,0.4921875,0.375,0.50390625,0.5
128,364,threshold,threshold,0.140625,0.09375,0.09375,0.1
128,364,lookup,lookup,0.140625,0.09375,0.09375,0.1
128,364,validation_selected,threshold,0.140625,0.09375,0.09375,0.1
128,365,constant,constant,0.4140625,0.59375,0.48828125,0.5
128,365,threshold,threshold,0.0625,0.09375,0.140625,0.1
128,365,lookup,lookup,0.0625,0.09375,0.140625,0.1
128,365,validation_selected,threshold,0.0625,0.09375,0.140625,0.1
128,366,constant,constant,0.484375,0.40625,0.50390625,0.5
128,366,threshold,threshold,0.109375,0.0,0.109375,0.1
128,366,lookup,lookup,0.109375,0.0,0.109375,0.1
128,366,validation_selected,threshold,0.109375,0.0,0.109375,0.1
128,367,constant,constant,0.4921875,0.5,0.4921875,0.5
128,367,threshold,threshold,0.078125,0.09375,0.0859375,0.1
128,367,lookup,lookup,0.078125,0.09375,0.0859375,0.1
128,367,validation_selected,threshold,0.078125,0.09375,0.0859375,0.1
128,368,constant,constant,0.453125,0.5,0.57421875,0.5
128,368,threshold,threshold,0.0703125,0.09375,0.09375,0.1
128,368,lookup,lookup,0.0703125,0.09375,0.09375,0.1
128,368,validation_selected,threshold,0.0703125,0.09375,0.09375,0.1
128,369,constant,constant,0.3984375,0.53125,0.4921875,0.5
128,369,threshold,threshold,0.1015625,0.0625,0.0703125,0.1
128,369,lookup,lookup,0.1015625,0.0625,0.0703125,0.1
128,369,validation_selected,threshold,0.1015625,0.0625,0.0703125,0.1
128,370,constant,constant,0.4609375,0.53125,0.5625,0.5
128,370,threshold,threshold,0.0625,0.03125,0.0859375,0.1
128,370,lookup,lookup,0.0625,0.03125,0.0859375,0.1
128,370,validation_selected,threshold,0.0625,0.03125,0.0859375,0.1
128,371,constant,constant,0.5,0.46875,0.46484375,0.5
128,371,threshold,threshold,0.109375,0.125,0.09765625,0.1
128,371,lookup,lookup,0.109375,0.125,0.09765625,0.1
128,371,validation_selected,threshold,0.109375,0.125,0.09765625,0.1
128,372,constant,constant,0.4765625,0.46875,0.51953125,0.5
128,372,threshold,threshold,0.1328125,0.125,0.1015625,0.1
128,372,lookup,lookup,0.1328125,0.125,0.1015625,0.1
128,372,validation_selected,threshold,0.1328125,0.125,0.1015625,0.1
128,373,constant,constant,0.5,0.46875,0.47265625,0.5
128,373,threshold,threshold,0.1015625,0.15625,0.125,0.1
128,373,lookup,lookup,0.1015625,0.15625,0.125,0.1
128,373,validation_selected,threshold,0.1015625,0.15625,0.125,0.1
128,374,constant,constant,0.453125,0.53125,0.52734375,0.5
128,374,threshold,threshold,0.0859375,0.0625,0.1015625,0.1
128,374,lookup,lookup,0.0859375,0.0625,0.1015625,0.1
128,374,validation_selected,threshold,0.0859375,0.0625,0.1015625,0.1
128,375,constant,constant,0.4609375,0.625,0.484375,0.5
128,375,threshold,threshold,0.078125,0.09375,0.109375,0.1
128,375,lookup,lookup,0.078125,0.09375,0.109375,0.1
128,375,validation_selected,threshold,0.078125,0.09375,0.109375,0.1
128,376,constant,constant,0.5,0.4375,0.5,0.5
128,376,threshold,threshold,0.1015625,0.125,0.1171875,0.1
128,376,lookup,lookup,0.1015625,0.125,0.1171875,0.1
128,376,validation_selected,threshold,0.1015625,0.125,0.1171875,0.1
128,377,constant,constant,0.4140625,0.59375,0.47265625,0.5
128,377,threshold,threshold,0.125,0.03125,0.1015625,0.1
128,377,lookup,lookup,0.125,0.03125,0.1015625,0.1
128,377,validation_selected,threshold,0.125,0.03125,0.1015625,0.1
128,378,constant,constant,0.46875,0.4375,0.50390625,0.5
128,378,threshold,threshold,0.125,0.125,0.1328125,0.1
128,378,lookup,lookup,0.125,0.125,0.1328125,0.1
128,378,validation_selected,threshold,0.125,0.125,0.1328125,0.1
128,379,constant,constant,0.46875,0.4375,0.5,0.5
128,379,threshold,threshold,0.1171875,0.1875,0.0859375,0.1
128,379,lookup,lookup,0.1171875,0.1875,0.0859375,0.1
128,379,validation_selected,threshold,0.1171875,0.1875,0.0859375,0.1
128,380,constant,constant,0.4140625,0.4375,0.44921875,0.5
128,380,threshold,threshold,0.0625,0.125,0.10546875,0.1
128,380,lookup,lookup,0.0625,0.125,0.10546875,0.1
128,380,validation_selected,threshold,0.0625,0.125,0.10546875,0.1
128,381,constant,constant,0.453125,0.3125,0.48046875,0.5
128,381,threshold,threshold,0.1171875,0.125,0.109375,0.1
128,381,lookup,lookup,0.1171875,0.125,0.109375,0.1
128,381,validation_selected,threshold,0.1171875,0.125,0.109375,0.1
128,382,constant,constant,0.453125,0.53125,0.55078125,0.5
128,382,threshold,threshold,0.1171875,0.09375,0.11328125,0.1
128,382,lookup,lookup,0.1171875,0.09375,0.11328125,0.1
128,382,validation_selected,threshold,0.1171875,0.09375,0.11328125,0.1
128,383,constant,constant,0.453125,0.46875,0.53125,0.5
128,383,threshold,threshold,0.1171875,0.125,0.109375,0.1
128,383,lookup,lookup,0.1171875,0.125,0.109375,0.1
128,383,validation_selected,threshold,0.1171875,0.125,0.109375,0.1
128,384,constant,constant,0.484375,0.59375,0.46875,0.5
128,384,threshold,threshold,0.09375,0.0625,0.109375,0.1
128,384,lookup,lookup,0.09375,0.0625,0.109375,0.1
128,384,validation_selected,threshold,0.09375,0.0625,0.109375,0.1
128,385,constant,constant,0.4375,0.53125,0.46484375,0.5
128,385,threshold,threshold,0.125,0.1875,0.08203125,0.1
128,385,lookup,lookup,0.125,0.1875,0.08203125,0.1
128,385,validation_selected,threshold,0.125,0.1875,0.08203125,0.1
128,386,constant,constant,0.4296875,0.5625,0.55859375,0.5
128,386,threshold,threshold,0.1328125,0.28125,0.08203125,0.1
128,386,lookup,lookup,0.1328125,0.28125,0.08203125,0.1
128,386,validation_selected,threshold,0.1328125,0.28125,0.08203125,0.1
128,387,constant,constant,0.46875,0.4375,0.49609375,0.5
128,387,threshold,threshold,0.125,0.09375,0.1015625,0.1
128,387,lookup,lookup,0.125,0.09375,0.1015625,0.1
128,387,validation_selected,threshold,0.125,0.09375,0.1015625,0.1
128,388,constant,constant,0.4765625,0.5,0.49609375,0.5
128,388,threshold,threshold,0.1015625,0.15625,0.10546875,0.1
128,388,lookup,lookup,0.1015625,0.15625,0.10546875,0.1
128,388,validation_selected,threshold,0.1015625,0.15625,0.10546875,0.1
128,389,constant,constant,0.4140625,0.5625,0.52734375,0.5
128,389,threshold,threshold,0.0859375,0.125,0.09765625,0.1
128,389,lookup,lookup,0.0859375,0.125,0.09765625,0.1
128,389,validation_selected,threshold,0.0859375,0.125,0.09765625,0.1
128,390,constant,constant,0.4453125,0.46875,0.51171875,0.5
128,390,threshold,threshold,0.1328125,0.125,0.1015625,0.1
128,390,lookup,lookup,0.1328125,0.125,0.1015625,0.1
128,390,validation_selected,threshold,0.1328125,0.125,0.1015625,0.1
128,391,constant,constant,0.5,0.5,0.49609375,0.5
128,391,threshold,threshold,0.1015625,0.125,0.08203125,0.1
128,391,lookup,lookup,0.1015625,0.125,0.08203125,0.1
128,391,validation_selected,threshold,0.1015625,0.125,0.08203125,0.1
128,392,constant,constant,0.484375,0.53125,0.50390625,0.5
128,392,threshold,threshold,0.1328125,0.1875,0.0859375,0.1
128,392,lookup,lookup,0.1328125,0.1875,0.0859375,0.1
128,392,validation_selected,threshold,0.1328125,0.1875,0.0859375,0.1
128,393,constant,constant,0.453125,0.375,0.57421875,0.5
128,393,threshold,threshold,0.109375,0.125,0.09765625,0.1
128,393,lookup,lookup,0.109375,0.125,0.09765625,0.1
128,393,validation_selected,threshold,0.109375,0.125,0.09765625,0.1
128,394,constant,constant,0.453125,0.5625,0.5078125,0.5
128,394,threshold,threshold,0.0859375,0.0625,0.09375,0.1
128,394,lookup,lookup,0.0859375,0.0625,0.09375,0.1
128,394,validation_selected,threshold,0.0859375,0.0625,0.09375,0.1
128,395,constant,constant,0.484375,0.4375,0.4765625,0.5
128,395,threshold,threshold,0.0859375,0.0625,0.08203125,0.1
128,395,lookup,lookup,0.0859375,0.0625,0.08203125,0.1
128,395,validation_selected,threshold,0.0859375,0.0625,0.08203125,0.1
128,396,constant,constant,0.4765625,0.5625,0.48828125,0.5
128,396,threshold,threshold,0.0390625,0.0625,0.09765625,0.1
128,396,lookup,lookup,0.0390625,0.0625,0.09765625,0.1
128,396,validation_selected,threshold,0.0390625,0.0625,0.09765625,0.1
128,397,constant,constant,0.4921875,0.4375,0.51953125,0.5
128,397,threshold,threshold,0.0625,0.0625,0.125,0.1
128,397,lookup,lookup,0.0625,0.0625,0.125,0.1
128,397,validation_selected,threshold,0.0625,0.0625,0.125,0.1
128,398,constant,constant,0.4921875,0.5,0.47265625,0.5
128,398,threshold,threshold,0.1328125,0.125,0.12109375,0.1
128,398,lookup,lookup,0.1328125,0.125,0.12109375,0.1
128,398,validation_selected,threshold,0.1328125,0.125,0.12109375,0.1
128,399,constant,constant,0.4921875,0.53125,0.58203125,0.5
128,399,threshold,threshold,0.078125,0.125,0.09765625,0.1
128,399,lookup,lookup,0.078125,0.125,0.09765625,0.1
128,399,validation_selected,threshold,0.078125,0.125,0.09765625,0.1
128,400,constant,constant,0.484375,0.3125,0.5078125,0.5
128,400,threshold,threshold,0.1015625,0.0625,0.09375,0.1
128,400,lookup,lookup,0.1015625,0.0625,0.09375,0.1
128,400,validation_selected,threshold,0.1015625,0.0625,0.09375,0.1
128,401,constant,constant,0.3984375,0.34375,0.4765625,0.5
128,401,threshold,threshold,0.1015625,0.15625,0.11328125,0.1
128,401,lookup,lookup,0.1015625,0.15625,0.11328125,0.1
128,401,validation_selected,threshold,0.1015625,0.15625,0.11328125,0.1
128,402,constant,constant,0.46875,0.59375,0.49609375,0.5
128,402,threshold,threshold,0.1015625,0.125,0.109375,0.1
128,402,lookup,lookup,0.1015625,0.125,0.109375,0.1
128,402,validation_selected,threshold,0.1015625,0.125,0.109375,0.1
128,403,constant,constant,0.453125,0.40625,0.5,0.5
128,403,threshold,threshold,0.0859375,0.1875,0.09765625,0.1
128,403,lookup,lookup,0.0859375,0.1875,0.09765625,0.1
128,403,validation_selected,threshold,0.0859375,0.1875,0.09765625,0.1
128,404,constant,constant,0.4453125,0.40625,0.515625,0.5
128,404,threshold,threshold,0.1015625,0.125,0.078125,0.1
128,404,lookup,lookup,0.1015625,0.125,0.078125,0.1
128,404,validation_selected,threshold,0.1015625,0.125,0.078125,0.1
128,405,constant,constant,0.4921875,0.5,0.49609375,0.5
128,405,threshold,threshold,0.1171875,0.125,0.08203125,0.1
128,405,lookup,lookup,0.1171875,0.125,0.08203125,0.1
128,405,validation_selected,threshold,0.1171875,0.125,0.08203125,0.1
128,406,constant,constant,0.4375,0.59375,0.56640625,0.5
128,406,threshold,threshold,0.09375,0.0625,0.09375,0.1
128,406,lookup,lookup,0.09375,0.0625,0.09375,0.1
128,406,validation_selected,threshold,0.09375,0.0625,0.09375,0.1
128,407,constant,constant,0.484375,0.4375,0.50390625,0.5
128,407,threshold,threshold,0.09375,0.125,0.1015625,0.1
128,407,lookup,lookup,0.09375,0.125,0.1015625,0.1
128,407,validation_selected,threshold,0.09375,0.125,0.1015625,0.1
128,408,constant,constant,0.4921875,0.5,0.5390625,0.5
128,408,threshold,threshold,0.09375,0.09375,0.11328125,0.1
128,408,lookup,lookup,0.09375,0.09375,0.11328125,0.1
128,408,validation_selected,threshold,0.09375,0.09375,0.11328125,0.1
128,409,constant,constant,0.4609375,0.53125,0.4453125,0.5
128,409,threshold,threshold,0.125,0.0625,0.07421875,0.1
128,409,lookup,lookup,0.125,0.0625,0.07421875,0.1
128,409,validation_selected,threshold,0.125,0.0625,0.07421875,0.1
128,410,constant,constant,0.4609375,0.59375,0.54296875,0.5
128,410,threshold,threshold,0.125,0.09375,0.10546875,0.1
128,410,lookup,lookup,0.125,0.09375,0.10546875,0.1
128,410,validation_selected,threshold,0.125,0.09375,0.10546875,0.1
128,411,constant,constant,0.484375,0.53125,0.55859375,0.5
128,411,threshold,threshold,0.109375,0.125,0.08984375,0.1
128,411,lookup,lookup,0.109375,0.125,0.08984375,0.1
128,411,validation_selected,threshold,0.109375,0.125,0.08984375,0.1
128,412,constant,constant,0.4609375,0.6875,0.515625,0.5
128,412,threshold,threshold,0.1484375,0.09375,0.12109375,0.1
128,412,lookup,lookup,0.1484375,0.09375,0.12109375,0.1
128,412,validation_selected,threshold,0.1484375,0.09375,0.12109375,0.1
128,413,constant,constant,0.453125,0.5625,0.5,0.5
128,413,threshold,threshold,0.0859375,0.09375,0.0859375,0.1
128,413,lookup,lookup,0.0859375,0.09375,0.0859375,0.1
128,413,validation_selected,threshold,0.0859375,0.09375,0.0859375,0.1
128,414,constant,constant,0.4921875,0.5,0.53125,0.5
128,414,threshold,threshold,0.1171875,0.03125,0.1171875,0.1
128,414,lookup,lookup,0.1171875,0.03125,0.1171875,0.1
128,414,validation_selected,threshold,0.1171875,0.03125,0.1171875,0.1
128,415,constant,constant,0.4921875,0.5,0.51171875,0.5
128,415,threshold,threshold,0.1640625,0.03125,0.07421875,0.1
128,415,lookup,lookup,0.1640625,0.03125,0.07421875,0.1
128,415,validation_selected,threshold,0.1640625,0.03125,0.07421875,0.1
128,416,constant,constant,0.5,0.46875,0.5,0.5
128,416,threshold,threshold,0.09375,0.0625,0.140625,0.1
128,416,lookup,lookup,0.09375,0.0625,0.140625,0.1
128,416,validation_selected,threshold,0.09375,0.0625,0.140625,0.1
128,417,constant,constant,0.4765625,0.5625,0.48828125,0.5
128,417,threshold,threshold,0.0859375,0.0625,0.109375,0.1
128,417,lookup,lookup,0.0859375,0.0625,0.109375,0.1
128,417,validation_selected,threshold,0.0859375,0.0625,0.109375,0.1
128,418,constant,constant,0.453125,0.5,0.4609375,0.5
128,418,threshold,threshold,0.0703125,0.125,0.08984375,0.1
128,418,lookup,lookup,0.0703125,0.125,0.08984375,0.1
128,418,validation_selected,threshold,0.0703125,0.125,0.08984375,0.1
128,419,constant,constant,0.4375,0.5,0.5,0.5
128,419,threshold,threshold,0.0703125,0.15625,0.1015625,0.1
128,419,lookup,lookup,0.0703125,0.15625,0.1015625,0.1
128,419,validation_selected,threshold,0.0703125,0.15625,0.1015625,0.1
128,420,constant,constant,0.484375,0.34375,0.51171875,0.5
128,420,threshold,threshold,0.0859375,0.15625,0.09765625,0.1
128,420,lookup,lookup,0.0859375,0.15625,0.09765625,0.1
128,420,validation_selected,threshold,0.0859375,0.15625,0.09765625,0.1
128,421,constant,constant,0.453125,0.53125,0.5,0.5
128,421,threshold,threshold,0.109375,0.1875,0.10546875,0.1
128,421,lookup,lookup,0.109375,0.1875,0.10546875,0.1
128,421,validation_selected,threshold,0.109375,0.1875,0.10546875,0.1
128,422,constant,constant,0.421875,0.40625,0.44921875,0.5
128,422,threshold,threshold,0.09375,0.09375,0.08203125,0.1
128,422,lookup,lookup,0.09375,0.09375,0.08203125,0.1
128,422,validation_selected,threshold,0.09375,0.09375,0.08203125,0.1
128,423,constant,constant,0.46875,0.46875,0.4453125,0.5
128,423,threshold,threshold,0.125,0.125,0.1015625,0.1
128,423,lookup,lookup,0.125,0.125,0.1015625,0.1
128,423,validation_selected,threshold,0.125,0.125,0.1015625,0.1
128,424,constant,constant,0.4921875,0.46875,0.49609375,0.5
128,424,threshold,threshold,0.0625,0.09375,0.08984375,0.1
128,424,lookup,lookup,0.0625,0.09375,0.08984375,0.1
128,424,validation_selected,threshold,0.0625,0.09375,0.08984375,0.1
128,425,constant,constant,0.453125,0.40625,0.5078125,0.5
128,425,threshold,threshold,0.1015625,0.09375,0.09765625,0.1
128,425,lookup,lookup,0.1015625,0.09375,0.09765625,0.1
128,425,validation_selected,threshold,0.1015625,0.09375,0.09765625,0.1
128,426,constant,constant,0.4609375,0.65625,0.48828125,0.5
128,426,threshold,threshold,0.109375,0.09375,0.12109375,0.1
128,426,lookup,lookup,0.109375,0.09375,0.12109375,0.1
128,426,validation_selected,threshold,0.109375,0.09375,0.12109375,0.1
128,427,constant,constant,0.46875,0.46875,0.4609375,0.5
128,427,threshold,threshold,0.109375,0.09375,0.09765625,0.1
128,427,lookup,lookup,0.109375,0.09375,0.09765625,0.1
128,427,validation_selected,threshold,0.109375,0.09375,0.09765625,0.1
128,428,constant,constant,0.4375,0.53125,0.5078125,0.5
128,428,threshold,threshold,0.0859375,0.03125,0.078125,0.1
128,428,lookup,lookup,0.0859375,0.03125,0.078125,0.1
128,428,validation_selected,threshold,0.0859375,0.03125,0.078125,0.1
128,429,constant,constant,0.4375,0.65625,0.4765625,0.5
128,429,threshold,threshold,0.1640625,0.125,0.109375,0.1
128,429,lookup,lookup,0.1640625,0.125,0.109375,0.1
128,429,validation_selected,threshold,0.1640625,0.125,0.109375,0.1
128,430,constant,constant,0.4765625,0.65625,0.53125,0.5
128,430,threshold,threshold,0.078125,0.09375,0.10546875,0.1
128,430,lookup,lookup,0.078125,0.09375,0.10546875,0.1
128,430,validation_selected,threshold,0.078125,0.09375,0.10546875,0.1
128,431,constant,constant,0.4296875,0.5,0.55078125,0.5
128,431,threshold,threshold,0.1171875,0.125,0.1015625,0.1
128,431,lookup,lookup,0.1171875,0.125,0.1015625,0.1
128,431,validation_selected,threshold,0.1171875,0.125,0.1015625,0.1
128,432,constant,constant,0.46875,0.5625,0.453125,0.5
128,432,threshold,threshold,0.1171875,0.125,0.12890625,0.1
128,432,lookup,lookup,0.1171875,0.125,0.12890625,0.1
128,432,validation_selected,threshold,0.1171875,0.125,0.12890625,0.1
128,433,constant,constant,0.484375,0.40625,0.4921875,0.5
128,433,threshold,threshold,0.140625,0.0625,0.12890625,0.1
128,433,lookup,lookup,0.140625,0.0625,0.12890625,0.1
128,433,validation_selected,threshold,0.140625,0.0625,0.12890625,0.1
128,434,constant,constant,0.4375,0.53125,0.5,0.5
128,434,threshold,threshold,0.0703125,0.15625,0.109375,0.1
128,434,lookup,lookup,0.0703125,0.15625,0.109375,0.1
128,434,validation_selected,threshold,0.0703125,0.15625,0.109375,0.1
128,435,constant,constant,0.4375,0.5625,0.609375,0.5
128,435,threshold,threshold,0.1328125,0.09375,0.08984375,0.1
128,435,lookup,lookup,0.1328125,0.09375,0.08984375,0.1
128,435,validation_selected,threshold,0.1328125,0.09375,0.08984375,0.1
128,436,constant,constant,0.4921875,0.375,0.50390625,0.5
128,436,threshold,threshold,0.1171875,0.21875,0.11328125,0.1
128,436,lookup,lookup,0.1171875,0.21875,0.11328125,0.1
128,436,validation_selected,threshold,0.1171875,0.21875,0.11328125,0.1
128,437,constant,constant,0.5,0.4375,0.45703125,0.5
128,437,threshold,threshold,0.15625,0.0625,0.14453125,0.1
128,437,lookup,lookup,0.15625,0.0625,0.14453125,0.1
128,437,validation_selected,threshold,0.15625,0.0625,0.14453125,0.1
128,438,constant,constant,0.5,0.4375,0.4921875,0.5
128,438,threshold,threshold,0.1171875,0.125,0.09375,0.1
128,438,lookup,lookup,0.1171875,0.125,0.09375,0.1
128,438,validation_selected,threshold,0.1171875,0.125,0.09375,0.1
128,439,constant,constant,0.421875,0.5625,0.51953125,0.5
128,439,threshold,threshold,0.0859375,0.1875,0.11328125,0.1
128,439,lookup,lookup,0.0859375,0.1875,0.11328125,0.1
128,439,validation_selected,threshold,0.0859375,0.1875,0.11328125,0.1
128,440,constant,constant,0.46875,0.5625,0.51171875,0.5
128,440,threshold,threshold,0.109375,0.125,0.09375,0.1
128,440,lookup,lookup,0.109375,0.125,0.09375,0.1
128,440,validation_selected,threshold,0.109375,0.125,0.09375,0.1
128,441,constant,constant,0.4921875,0.625,0.46875,0.5
128,441,threshold,threshold,0.1171875,0.03125,0.1171875,0.1
128,441,lookup,lookup,0.1171875,0.03125,0.1171875,0.1
128,441,validation_selected,threshold,0.1171875,0.03125,0.1171875,0.1
128,442,constant,constant,0.46875,0.34375,0.515625,0.5
128,442,threshold,threshold,0.1015625,0.09375,0.09765625,0.1
128,442,lookup,lookup,0.1015625,0.09375,0.09765625,0.1
128,442,validation_selected,threshold,0.1015625,0.09375,0.09765625,0.1
128,443,constant,constant,0.4296875,0.53125,0.5,0.5
128,443,threshold,threshold,0.078125,0.03125,0.10546875,0.1
128,443,lookup,lookup,0.078125,0.03125,0.10546875,0.1
128,443,validation_selected,threshold,0.078125,0.03125,0.10546875,0.1
128,444,constant,constant,0.5,0.625,0.46875,0.5
128,444,threshold,threshold,0.1015625,0.03125,0.0859375,0.1
128,444,lookup,lookup,0.1015625,0.03125,0.0859375,0.1
128,444,validation_selected,threshold,0.1015625,0.03125,0.0859375,0.1
128,445,constant,constant,0.4375,0.5,0.515625,0.5
128,445,threshold,threshold,0.109375,0.15625,0.109375,0.1
128,445,lookup,lookup,0.109375,0.15625,0.109375,0.1
128,445,validation_selected,threshold,0.109375,0.15625,0.109375,0.1
128,446,constant,constant,0.484375,0.4375,0.4765625,0.5
128,446,threshold,threshold,0.1015625,0.15625,0.09765625,0.1
128,446,lookup,lookup,0.1015625,0.15625,0.09765625,0.1
128,446,validation_selected,threshold,0.1015625,0.15625,0.09765625,0.1
128,447,constant,constant,0.5,0.53125,0.4609375,0.5
128,447,threshold,threshold,0.1015625,0.125,0.11328125,0.1
128,447,lookup,lookup,0.1015625,0.125,0.11328125,0.1
128,447,validation_selected,threshold,0.1015625,0.125,0.11328125,0.1
128,448,constant,constant,0.4609375,0.65625,0.48046875,0.5
128,448,threshold,threshold,0.0703125,0.1875,0.09765625,0.1
128,448,lookup,lookup,0.0703125,0.1875,0.09765625,0.1
128,448,validation_selected,threshold,0.0703125,0.1875,0.09765625,0.1
128,449,constant,constant,0.4765625,0.375,0.5625,0.5
128,449,threshold,threshold,0.1015625,0.03125,0.0859375,0.1
128,449,lookup,lookup,0.1015625,0.03125,0.0859375,0.1
128,449,validation_selected,threshold,0.1015625,0.03125,0.0859375,0.1
128,450,constant,constant,0.421875,0.46875,0.484375,0.5
128,450,threshold,threshold,0.109375,0.0,0.125,0.1
128,450,lookup,lookup,0.109375,0.0,0.125,0.1
128,450,validation_selected,threshold,0.109375,0.0,0.125,0.1
128,451,constant,constant,0.4921875,0.5,0.46875,0.5
128,451,threshold,threshold,0.1015625,0.0625,0.10546875,0.1
128,451,lookup,lookup,0.1015625,0.0625,0.10546875,0.1
128,451,validation_selected,threshold,0.1015625,0.0625,0.10546875,0.1
128,452,constant,constant,0.484375,0.40625,0.453125,0.5
128,452,threshold,threshold,0.0859375,0.21875,0.0859375,0.1
128,452,lookup,lookup,0.0859375,0.21875,0.0859375,0.1
128,452,validation_selected,threshold,0.0859375,0.21875,0.0859375,0.1
128,453,constant,constant,0.453125,0.46875,0.5078125,0.5
128,453,threshold,threshold,0.1484375,0.0625,0.12109375,0.1
128,453,lookup,lookup,0.1484375,0.0625,0.12109375,0.1
128,453,validation_selected,threshold,0.1484375,0.0625,0.12109375,0.1
128,454,constant,constant,0.4609375,0.6875,0.55859375,0.5
128,454,threshold,threshold,0.1484375,0.1875,0.11328125,0.1
128,454,lookup,lookup,0.1484375,0.1875,0.11328125,0.1
128,454,validation_selected,threshold,0.1484375,0.1875,0.11328125,0.1
128,455,constant,constant,0.4921875,0.5625,0.49609375,0.5
128,455,threshold,threshold,0.125,0.125,0.0859375,0.1
128,455,lookup,lookup,0.125,0.125,0.0859375,0.1
128,455,validation_selected,threshold,0.125,0.125,0.0859375,0.1
128,456,constant,constant,0.4609375,0.5,0.47265625,0.5
128,456,threshold,threshold,0.140625,0.15625,0.109375,0.1
128,456,lookup,lookup,0.140625,0.15625,0.109375,0.1
128,456,validation_selected,threshold,0.140625,0.15625,0.109375,0.1
128,457,constant,constant,0.4921875,0.46875,0.56640625,0.5
128,457,threshold,threshold,0.140625,0.125,0.0703125,0.1
128,457,lookup,lookup,0.140625,0.125,0.0703125,0.1
128,457,validation_selected,threshold,0.140625,0.125,0.0703125,0.1
128,458,constant,constant,0.390625,0.46875,0.45703125,0.5
128,458,threshold,threshold,0.125,0.03125,0.09765625,0.1
128,458,lookup,lookup,0.125,0.03125,0.09765625,0.1
128,458,validation_selected,threshold,0.125,0.03125,0.09765625,0.1
128,459,constant,constant,0.46875,0.53125,0.51953125,0.5
128,459,threshold,threshold,0.0859375,0.21875,0.14453125,0.1
128,459,lookup,lookup,0.0859375,0.21875,0.14453125,0.1
128,459,validation_selected,threshold,0.0859375,0.21875,0.14453125,0.1
128,460,constant,constant,0.46875,0.65625,0.4453125,0.5
128,460,threshold,threshold,0.09375,0.125,0.1171875,0.1
128,460,lookup,lookup,0.09375,0.125,0.1171875,0.1
128,460,validation_selected,threshold,0.09375,0.125,0.1171875,0.1
128,461,constant,constant,0.4375,0.625,0.48828125,0.5
128,461,threshold,threshold,0.1171875,0.125,0.078125,0.1
128,461,lookup,lookup,0.1171875,0.125,0.078125,0.1
128,461,validation_selected,threshold,0.1171875,0.125,0.078125,0.1
128,462,constant,constant,0.4609375,0.46875,0.46484375,0.5
128,462,threshold,threshold,0.0625,0.1875,0.08984375,0.1
128,462,lookup,lookup,0.0625,0.1875,0.08984375,0.1
128,462,validation_selected,threshold,0.0625,0.1875,0.08984375,0.1
128,463,constant,constant,0.484375,0.40625,0.52734375,0.5
128,463,threshold,threshold,0.0859375,0.09375,0.09375,0.1
128,463,lookup,lookup,0.0859375,0.09375,0.09375,0.1
128,463,validation_selected,threshold,0.0859375,0.09375,0.09375,0.1
128,464,constant,constant,0.4140625,0.59375,0.54296875,0.5
128,464,threshold,threshold,0.0546875,0.15625,0.13671875,0.1
128,464,lookup,lookup,0.0546875,0.15625,0.13671875,0.1
128,464,validation_selected,threshold,0.0546875,0.15625,0.13671875,0.1
128,465,constant,constant,0.40625,0.5,0.5078125,0.5
128,465,threshold,threshold,0.109375,0.09375,0.1328125,0.1
128,465,lookup,lookup,0.109375,0.09375,0.1328125,0.1
128,465,validation_selected,threshold,0.109375,0.09375,0.1328125,0.1
128,466,constant,constant,0.4921875,0.5,0.5078125,0.5
128,466,threshold,threshold,0.125,0.09375,0.12890625,0.1
128,466,lookup,lookup,0.125,0.09375,0.12890625,0.1
128,466,validation_selected,threshold,0.125,0.09375,0.12890625,0.1
128,467,constant,constant,0.484375,0.34375,0.515625,0.5
128,467,threshold,threshold,0.109375,0.0625,0.1328125,0.1
128,467,lookup,lookup,0.109375,0.0625,0.1328125,0.1
128,467,validation_selected,threshold,0.109375,0.0625,0.1328125,0.1
128,468,constant,constant,0.421875,0.65625,0.515625,0.5
128,468,threshold,threshold,0.1484375,0.15625,0.09765625,0.1
128,468,lookup,lookup,0.1484375,0.15625,0.09765625,0.1
128,468,validation_selected,threshold,0.1484375,0.15625,0.09765625,0.1
128,469,constant,constant,0.4921875,0.4375,0.5078125,0.5
128,469,threshold,threshold,0.109375,0.03125,0.11328125,0.1
128,469,lookup,lookup,0.109375,0.03125,0.11328125,0.1
128,469,validation_selected,threshold,0.109375,0.03125,0.11328125,0.1
128,470,constant,constant,0.484375,0.53125,0.4921875,0.5
128,470,threshold,threshold,0.140625,0.03125,0.0859375,0.1
128,470,lookup,lookup,0.140625,0.03125,0.0859375,0.1
128,470,validation_selected,threshold,0.140625,0.03125,0.0859375,0.1
128,471,constant,constant,0.421875,0.5,0.4609375,0.5
128,471,threshold,threshold,0.109375,0.125,0.125,0.1
128,471,lookup,lookup,0.109375,0.125,0.125,0.1
128,471,validation_selected,threshold,0.109375,0.125,0.125,0.1
128,472,constant,constant,0.421875,0.40625,0.5078125,0.5
128,472,threshold,threshold,0.0859375,0.125,0.08203125,0.1
128,472,lookup,lookup,0.0859375,0.125,0.08203125,0.1
128,472,validation_selected,threshold,0.0859375,0.125,0.08203125,0.1
128,473,constant,constant,0.4765625,0.53125,0.48828125,0.5
128,473,threshold,threshold,0.0703125,0.15625,0.1015625,0.1
128,473,lookup,lookup,0.0703125,0.15625,0.1015625,0.1
128,473,validation_selected,threshold,0.0703125,0.15625,0.1015625,0.1
128,474,constant,constant,0.484375,0.375,0.5546875,0.5
128,474,threshold,threshold,0.078125,0.1875,0.078125,0.1
128,474,lookup,lookup,0.078125,0.1875,0.078125,0.1
128,474,validation_selected,threshold,0.078125,0.1875,0.078125,0.1
128,475,constant,constant,0.46875,0.25,0.49609375,0.5
128,475,threshold,threshold,0.09375,0.0625,0.09765625,0.1
128,475,lookup,lookup,0.09375,0.0625,0.09765625,0.1
128,475,validation_selected,threshold,0.09375,0.0625,0.09765625,0.1
128,476,constant,constant,0.484375,0.375,0.50390625,0.5
128,476,threshold,threshold,0.125,0.125,0.11328125,0.1
128,476,lookup,lookup,0.125,0.125,0.11328125,0.1
128,476,validation_selected,threshold,0.125,0.125,0.11328125,0.1
128,477,constant,constant,0.40625,0.46875,0.45703125,0.5
128,477,threshold,threshold,0.125,0.1875,0.09765625,0.1
128,477,lookup,lookup,0.125,0.1875,0.09765625,0.1
128,477,validation_selected,threshold,0.125,0.1875,0.09765625,0.1
128,478,constant,constant,0.4609375,0.53125,0.52734375,0.5
128,478,threshold,threshold,0.0703125,0.03125,0.08984375,0.1
128,478,lookup,lookup,0.0703125,0.03125,0.08984375,0.1
128,478,validation_selected,threshold,0.0703125,0.03125,0.08984375,0.1
128,479,constant,constant,0.4765625,0.5,0.51171875,0.5
128,479,threshold,threshold,0.09375,0.0625,0.10546875,0.1
128,479,lookup,lookup,0.09375,0.0625,0.10546875,0.1
128,479,validation_selected,threshold,0.09375,0.0625,0.10546875,0.1
128,480,constant,constant,0.4609375,0.5625,0.5,0.5
128,480,threshold,threshold,0.09375,0.125,0.078125,0.1
128,480,lookup,lookup,0.09375,0.125,0.078125,0.1
128,480,validation_selected,threshold,0.09375,0.125,0.078125,0.1
128,481,constant,constant,0.40625,0.375,0.5,0.5
128,481,threshold,threshold,0.0859375,0.0625,0.11328125,0.1
128,481,lookup,lookup,0.0859375,0.0625,0.11328125,0.1
128,481,validation_selected,threshold,0.0859375,0.0625,0.11328125,0.1
128,482,constant,constant,0.4921875,0.46875,0.47265625,0.5
128,482,threshold,threshold,0.1171875,0.0625,0.08203125,0.1
128,482,lookup,lookup,0.1171875,0.0625,0.08203125,0.1
128,482,validation_selected,threshold,0.1171875,0.0625,0.08203125,0.1
128,483,constant,constant,0.4921875,0.5625,0.4375,0.5
128,483,threshold,threshold,0.0859375,0.09375,0.08984375,0.1
128,483,lookup,lookup,0.0859375,0.09375,0.08984375,0.1
128,483,validation_selected,threshold,0.0859375,0.09375,0.08984375,0.1
128,484,constant,constant,0.3984375,0.59375,0.5,0.5
128,484,threshold,threshold,0.1015625,0.0625,0.1640625,0.1
128,484,lookup,lookup,0.1015625,0.0625,0.1640625,0.1
128,484,validation_selected,threshold,0.1015625,0.0625,0.1640625,0.1
128,485,constant,constant,0.453125,0.625,0.52734375,0.5
128,485,threshold,threshold,0.0625,0.09375,0.078125,0.1
128,485,lookup,lookup,0.0625,0.09375,0.078125,0.1
128,485,validation_selected,threshold,0.0625,0.09375,0.078125,0.1
128,486,constant,constant,0.4765625,0.6875,0.50390625,0.5
128,486,threshold,threshold,0.140625,0.03125,0.0703125,0.1
128,486,lookup,lookup,0.140625,0.03125,0.0703125,0.1
128,486,validation_selected,threshold,0.140625,0.03125,0.0703125,0.1
128,487,constant,constant,0.5,0.5625,0.4921875,0.5
128,487,threshold,threshold,0.1171875,0.15625,0.10546875,0.1
128,487,lookup,lookup,0.1171875,0.15625,0.10546875,0.1
128,487,validation_selected,threshold,0.1171875,0.15625,0.10546875,0.1
128,488,constant,constant,0.46875,0.65625,0.4921875,0.5
128,488,threshold,threshold,0.125,0.09375,0.09375,0.1
128,488,lookup,lookup,0.125,0.09375,0.09375,0.1
128,488,validation_selected,threshold,0.125,0.09375,0.09375,0.1
128,489,constant,constant,0.4609375,0.53125,0.57421875,0.5
128,489,threshold,threshold,0.0859375,0.0625,0.078125,0.1
128,489,lookup,lookup,0.0859375,0.0625,0.078125,0.1
128,489,validation_selected,threshold,0.0859375,0.0625,0.078125,0.1
128,490,constant,constant,0.3984375,0.5,0.515625,0.5
128,490,threshold,threshold,0.0859375,0.0625,0.10546875,0.1
128,490,lookup,lookup,0.0859375,0.0625,0.10546875,0.1
128,490,validation_selected,threshold,0.0859375,0.0625,0.10546875,0.1
128,491,constant,constant,0.4921875,0.40625,0.55078125,0.5
128,491,threshold,threshold,0.078125,0.03125,0.08203125,0.1
128,491,lookup,lookup,0.078125,0.03125,0.08203125,0.1
128,491,validation_selected,threshold,0.078125,0.03125,0.08203125,0.1
128,492,constant,constant,0.4453125,0.5625,0.48828125,0.5
128,492,threshold,threshold,0.0859375,0.0,0.12109375,0.1
128,492,lookup,lookup,0.0859375,0.0,0.12109375,0.1
128,492,validation_selected,threshold,0.0859375,0.0,0.12109375,0.1
128,493,constant,constant,0.4453125,0.53125,0.5078125,0.5
128,493,threshold,threshold,0.1015625,0.09375,0.09765625,0.1
128,493,lookup,lookup,0.1015625,0.09375,0.09765625,0.1
128,493,validation_selected,threshold,0.1015625,0.09375,0.09765625,0.1
128,494,constant,constant,0.4375,0.53125,0.51171875,0.5
128,494,threshold,threshold,0.09375,0.09375,0.08984375,0.1
128,494,lookup,lookup,0.09375,0.09375,0.08984375,0.1
128,494,validation_selected,threshold,0.09375,0.09375,0.08984375,0.1
128,495,constant,constant,0.4609375,0.65625,0.4765625,0.5
128,495,threshold,threshold,0.0625,0.125,0.09375,0.1
128,495,lookup,lookup,0.0625,0.125,0.09375,0.1
128,495,validation_selected,threshold,0.0625,0.125,0.09375,0.1
128,496,constant,constant,0.4921875,0.5,0.453125,0.5
128,496,threshold,threshold,0.0625,0.15625,0.09375,0.1
128,496,lookup,lookup,0.0625,0.15625,0.09375,0.1
128,496,validation_selected,threshold,0.0625,0.15625,0.09375,0.1
128,497,constant,constant,0.4765625,0.59375,0.50390625,0.5
128,497,threshold,threshold,0.09375,0.0625,0.0859375,0.1
128,497,lookup,lookup,0.09375,0.0625,0.0859375,0.1
128,497,validation_selected,threshold,0.09375,0.0625,0.0859375,0.1
128,498,constant,constant,0.4921875,0.625,0.46875,0.5
128,498,threshold,threshold,0.1640625,0.15625,0.08984375,0.1
128,498,lookup,lookup,0.1640625,0.15625,0.08984375,0.1
128,498,validation_selected,threshold,0.1640625,0.15625,0.08984375,0.1
128,499,constant,constant,0.484375,0.4375,0.5078125,0.5
128,499,threshold,threshold,0.1015625,0.0625,0.12109375,0.1
128,499,lookup,lookup,0.1015625,0.0625,0.12109375,0.1
128,499,validation_selected,threshold,0.1015625,0.0625,0.12109375,0.1
128,500,constant,constant,0.46875,0.53125,0.50390625,0.5
128,500,threshold,threshold,0.078125,0.09375,0.07421875,0.1
128,500,lookup,lookup,0.078125,0.09375,0.07421875,0.1
128,500,validation_selected,threshold,0.078125,0.09375,0.07421875,0.1
128,501,constant,constant,0.484375,0.46875,0.50390625,0.5
128,501,threshold,threshold,0.078125,0.15625,0.109375,0.1
128,501,lookup,lookup,0.078125,0.15625,0.109375,0.1
128,501,validation_selected,threshold,0.078125,0.15625,0.109375,0.1
128,502,constant,constant,0.4765625,0.40625,0.44921875,0.5
128,502,threshold,threshold,0.0625,0.09375,0.1015625,0.1
128,502,lookup,lookup,0.0625,0.09375,0.1015625,0.1
128,502,validation_selected,threshold,0.0625,0.09375,0.1015625,0.1
128,503,constant,constant,0.5,0.59375,0.515625,0.5
128,503,threshold,threshold,0.0390625,0.125,0.1015625,0.1
128,503,lookup,lookup,0.0390625,0.125,0.1015625,0.1
128,503,validation_selected,threshold,0.0390625,0.125,0.1015625,0.1
128,504,constant,constant,0.4921875,0.53125,0.50390625,0.5
128,504,threshold,threshold,0.109375,0.125,0.11328125,0.1
128,504,lookup,lookup,0.109375,0.125,0.11328125,0.1
128,504,validation_selected,threshold,0.109375,0.125,0.11328125,0.1
128,505,constant,constant,0.4609375,0.59375,0.52734375,0.5
128,505,threshold,threshold,0.09375,0.09375,0.09375,0.1
128,505,lookup,lookup,0.09375,0.09375,0.09375,0.1
128,505,validation_selected,threshold,0.09375,0.09375,0.09375,0.1
128,506,constant,constant,0.4765625,0.4375,0.484375,0.5
128,506,threshold,threshold,0.09375,0.0625,0.1171875,0.1
128,506,lookup,lookup,0.09375,0.0625,0.1171875,0.1
128,506,validation_selected,threshold,0.09375,0.0625,0.1171875,0.1
128,507,constant,constant,0.5,0.53125,0.51171875,0.5
128,507,threshold,threshold,0.140625,0.09375,0.078125,0.1
128,507,lookup,lookup,0.140625,0.09375,0.078125,0.1
128,507,validation_selected,threshold,0.140625,0.09375,0.078125,0.1
128,508,constant,constant,0.484375,0.53125,0.5078125,0.5
128,508,threshold,threshold,0.1015625,0.0625,0.12109375,0.1
128,508,lookup,lookup,0.1015625,0.0625,0.12109375,0.1
128,508,validation_selected,threshold,0.1015625,0.0625,0.12109375,0.1
128,509,constant,constant,0.4921875,0.46875,0.51171875,0.5
128,509,threshold,threshold,0.1484375,0.0625,0.07421875,0.1
128,509,lookup,lookup,0.1484375,0.0625,0.07421875,0.1
128,509,validation_selected,threshold,0.1484375,0.0625,0.07421875,0.1
128,510,constant,constant,0.46875,0.53125,0.50390625,0.5
128,510,threshold,threshold,0.1015625,0.125,0.125,0.1
128,510,lookup,lookup,0.1015625,0.125,0.125,0.1
128,510,validation_selected,threshold,0.1015625,0.125,0.125,0.1
128,511,constant,constant,0.4140625,0.40625,0.4921875,0.5
128,511,threshold,threshold,0.0703125,0.1875,0.11328125,0.1
128,511,lookup,lookup,0.0703125,0.1875,0.11328125,0.1
128,511,validation_selected,threshold,0.0703125,0.1875,0.11328125,0.1
128,512,constant,constant,0.4609375,0.4375,0.48828125,0.5
128,512,threshold,threshold,0.0546875,0.09375,0.09765625,0.1
128,512,lookup,lookup,0.0546875,0.09375,0.09765625,0.1
128,512,validation_selected,threshold,0.0546875,0.09375,0.09765625,0.1
128,513,constant,constant,0.4609375,0.625,0.52734375,0.5
128,513,threshold,threshold,0.0625,0.1875,0.12109375,0.1
128,513,lookup,lookup,0.0625,0.1875,0.12109375,0.1
128,513,validation_selected,threshold,0.0625,0.1875,0.12109375,0.1
128,514,constant,constant,0.453125,0.65625,0.484375,0.5
128,514,threshold,threshold,0.078125,0.15625,0.1015625,0.1
128,514,lookup,lookup,0.078125,0.15625,0.1015625,0.1
128,514,validation_selected,threshold,0.078125,0.15625,0.1015625,0.1
128,515,constant,constant,0.4375,0.4375,0.52734375,0.5
128,515,threshold,threshold,0.078125,0.125,0.09765625,0.1
128,515,lookup,lookup,0.078125,0.125,0.09765625,0.1
128,515,validation_selected,threshold,0.078125,0.125,0.09765625,0.1
128,516,constant,constant,0.4921875,0.4375,0.515625,0.5
128,516,threshold,threshold,0.09375,0.0625,0.11328125,0.1
128,516,lookup,lookup,0.09375,0.0625,0.11328125,0.1
128,516,validation_selected,threshold,0.09375,0.0625,0.11328125,0.1
128,517,constant,constant,0.484375,0.5,0.484375,0.5
128,517,threshold,threshold,0.1015625,0.0625,0.09375,0.1
128,517,lookup,lookup,0.1015625,0.0625,0.09375,0.1
128,517,validation_selected,threshold,0.1015625,0.0625,0.09375,0.1
128,518,constant,constant,0.453125,0.5,0.4921875,0.5
128,518,threshold,threshold,0.0625,0.09375,0.1171875,0.1
128,518,lookup,lookup,0.0625,0.09375,0.1171875,0.1
128,518,validation_selected,threshold,0.0625,0.09375,0.1171875,0.1
128,519,constant,constant,0.4921875,0.46875,0.50390625,0.5
128,519,threshold,threshold,0.0859375,0.09375,0.09375,0.1
128,519,lookup,lookup,0.0859375,0.09375,0.09375,0.1
128,519,validation_selected,threshold,0.0859375,0.09375,0.09375,0.1
128,520,constant,constant,0.4375,0.4375,0.46484375,0.5
128,520,threshold,threshold,0.1015625,0.09375,0.12109375,0.1
128,520,lookup,lookup,0.1015625,0.09375,0.12109375,0.1
128,520,validation_selected,threshold,0.1015625,0.09375,0.12109375,0.1
128,521,constant,constant,0.4765625,0.46875,0.4765625,0.5
128,521,threshold,threshold,0.1328125,0.125,0.109375,0.1
128,521,lookup,lookup,0.1328125,0.125,0.109375,0.1
128,521,validation_selected,threshold,0.1328125,0.125,0.109375,0.1
128,522,constant,constant,0.4609375,0.53125,0.46484375,0.5
128,522,threshold,threshold,0.1171875,0.1875,0.0859375,0.1
128,522,lookup,lookup,0.1171875,0.1875,0.0859375,0.1
128,522,validation_selected,threshold,0.1171875,0.1875,0.0859375,0.1
128,523,constant,constant,0.4921875,0.625,0.484375,0.5
128,523,threshold,threshold,0.0546875,0.125,0.0859375,0.1
128,523,lookup,lookup,0.0546875,0.125,0.0859375,0.1
128,523,validation_selected,threshold,0.0546875,0.125,0.0859375,0.1
128,524,constant,constant,0.484375,0.4375,0.50390625,0.5
128,524,threshold,threshold,0.0859375,0.1875,0.09375,0.1
128,524,lookup,lookup,0.0859375,0.1875,0.09375,0.1
128,524,validation_selected,threshold,0.0859375,0.1875,0.09375,0.1
128,525,constant,constant,0.5,0.5625,0.52734375,0.5
128,525,threshold,threshold,0.0625,0.0625,0.1171875,0.1
128,525,lookup,lookup,0.0625,0.0625,0.1171875,0.1
128,525,validation_selected,threshold,0.0625,0.0625,0.1171875,0.1
128,526,constant,constant,0.4296875,0.5,0.5078125,0.5
128,526,threshold,threshold,0.078125,0.03125,0.109375,0.1
128,526,lookup,lookup,0.078125,0.03125,0.109375,0.1
128,526,validation_selected,threshold,0.078125,0.03125,0.109375,0.1
128,527,constant,constant,0.4609375,0.59375,0.53515625,0.5
128,527,threshold,threshold,0.109375,0.0625,0.109375,0.1
128,527,lookup,lookup,0.109375,0.0625,0.109375,0.1
128,527,validation_selected,threshold,0.109375,0.0625,0.109375,0.1
128,528,constant,constant,0.4921875,0.53125,0.51171875,0.5
128,528,threshold,threshold,0.1171875,0.09375,0.09765625,0.1
128,528,lookup,lookup,0.1171875,0.09375,0.09765625,0.1
128,528,validation_selected,threshold,0.1171875,0.09375,0.09765625,0.1
128,529,constant,constant,0.4921875,0.5,0.46875,0.5
128,529,threshold,threshold,0.140625,0.03125,0.08203125,0.1
128,529,lookup,lookup,0.140625,0.03125,0.08203125,0.1
128,529,validation_selected,threshold,0.140625,0.03125,0.08203125,0.1
128,530,constant,constant,0.4765625,0.375,0.49609375,0.5
128,530,threshold,threshold,0.1484375,0.0625,0.1015625,0.1
128,530,lookup,lookup,0.1484375,0.0625,0.1015625,0.1
128,530,validation_selected,threshold,0.1484375,0.0625,0.1015625,0.1
128,531,constant,constant,0.5,0.59375,0.4765625,0.5
128,531,threshold,threshold,0.09375,0.09375,0.1015625,0.1
128,531,lookup,lookup,0.09375,0.09375,0.1015625,0.1
128,531,validation_selected,threshold,0.09375,0.09375,0.1015625,0.1
128,532,constant,constant,0.46875,0.65625,0.5078125,0.5
128,532,threshold,threshold,0.109375,0.0625,0.12109375,0.1
128,532,lookup,lookup,0.109375,0.0625,0.12109375,0.1
128,532,validation_selected,threshold,0.109375,0.0625,0.12109375,0.1
128,533,constant,constant,0.3984375,0.53125,0.4921875,0.5
128,533,threshold,threshold,0.109375,0.0,0.09765625,0.1
128,533,lookup,lookup,0.109375,0.0,0.09765625,0.1
128,533,validation_selected,threshold,0.109375,0.0,0.09765625,0.1
128,534,constant,constant,0.453125,0.53125,0.47265625,0.5
128,534,threshold,threshold,0.1171875,0.03125,0.12109375,0.1
128,534,lookup,lookup,0.1171875,0.03125,0.12109375,0.1
128,534,validation_selected,threshold,0.1171875,0.03125,0.12109375,0.1
128,535,constant,constant,0.375,0.5,0.48828125,0.5
128,535,threshold,threshold,0.109375,0.15625,0.10546875,0.1
128,535,lookup,lookup,0.109375,0.15625,0.10546875,0.1
128,535,validation_selected,threshold,0.109375,0.15625,0.10546875,0.1
128,536,constant,constant,0.4375,0.40625,0.47265625,0.5
128,536,threshold,threshold,0.1171875,0.125,0.11328125,0.1
128,536,lookup,lookup,0.1171875,0.125,0.11328125,0.1
128,536,validation_selected,threshold,0.1171875,0.125,0.11328125,0.1
128,537,constant,constant,0.4765625,0.34375,0.55859375,0.5
128,537,threshold,threshold,0.1640625,0.125,0.078125,0.1
128,537,lookup,lookup,0.1640625,0.125,0.078125,0.1
128,537,validation_selected,threshold,0.1640625,0.125,0.078125,0.1
128,538,constant,constant,0.4609375,0.5625,0.515625,0.5
128,538,threshold,threshold,0.1484375,0.125,0.1328125,0.1
128,538,lookup,lookup,0.1484375,0.125,0.1328125,0.1
128,538,validation_selected,threshold,0.1484375,0.125,0.1328125,0.1
128,539,constant,constant,0.421875,0.6875,0.50390625,0.5
128,539,threshold,threshold,0.0859375,0.15625,0.1015625,0.1
128,539,lookup,lookup,0.0859375,0.15625,0.1015625,0.1
128,539,validation_selected,threshold,0.0859375,0.15625,0.1015625,0.1
128,540,constant,constant,0.453125,0.46875,0.4921875,0.5
128,540,threshold,threshold,0.1015625,0.1875,0.10546875,0.1
128,540,lookup,lookup,0.1015625,0.1875,0.10546875,0.1
128,540,validation_selected,threshold,0.1015625,0.1875,0.10546875,0.1
128,541,constant,constant,0.4296875,0.5625,0.4765625,0.5
128,541,threshold,threshold,0.0703125,0.0625,0.13671875,0.1
128,541,lookup,lookup,0.0703125,0.0625,0.13671875,0.1
128,541,validation_selected,threshold,0.0703125,0.0625,0.13671875,0.1
128,542,constant,constant,0.5,0.4375,0.49609375,0.5
128,542,threshold,threshold,0.125,0.0625,0.1171875,0.1
128,542,lookup,lookup,0.125,0.0625,0.1171875,0.1
128,542,validation_selected,threshold,0.125,0.0625,0.1171875,0.1
128,543,constant,constant,0.4765625,0.46875,0.52734375,0.5
128,543,threshold,threshold,0.109375,0.0,0.0703125,0.1
128,543,lookup,lookup,0.109375,0.0,0.0703125,0.1
128,543,validation_selected,threshold,0.109375,0.0,0.0703125,0.1
128,544,constant,constant,0.390625,0.65625,0.48046875,0.5
128,544,threshold,threshold,0.109375,0.15625,0.12109375,0.1
128,544,lookup,lookup,0.109375,0.15625,0.12109375,0.1
128,544,validation_selected,threshold,0.109375,0.15625,0.12109375,0.1
128,545,constant,constant,0.4765625,0.5625,0.49609375,0.5
128,545,threshold,threshold,0.09375,0.0625,0.11328125,0.1
128,545,lookup,lookup,0.09375,0.0625,0.11328125,0.1
128,545,validation_selected,threshold,0.09375,0.0625,0.11328125,0.1
128,546,constant,constant,0.4765625,0.40625,0.5078125,0.5
128,546,threshold,threshold,0.09375,0.03125,0.09765625,0.1
128,546,lookup,lookup,0.09375,0.03125,0.09765625,0.1
128,546,validation_selected,threshold,0.09375,0.03125,0.09765625,0.1
128,547,constant,constant,0.4375,0.4375,0.47265625,0.5
128,547,threshold,threshold,0.1015625,0.0625,0.12109375,0.1
128,547,lookup,lookup,0.1015625,0.0625,0.12109375,0.1
128,547,validation_selected,threshold,0.1015625,0.0625,0.12109375,0.1
128,548,constant,constant,0.40625,0.46875,0.5546875,0.5
128,548,threshold,threshold,0.09375,0.03125,0.078125,0.1
128,548,lookup,lookup,0.09375,0.03125,0.078125,0.1
128,548,validation_selected,threshold,0.09375,0.03125,0.078125,0.1
128,549,constant,constant,0.484375,0.5625,0.54296875,0.5
128,549,threshold,threshold,0.125,0.09375,0.07421875,0.1
128,549,lookup,lookup,0.125,0.09375,0.07421875,0.1
128,549,validation_selected,threshold,0.125,0.09375,0.07421875,0.1
128,550,constant,constant,0.4609375,0.59375,0.53125,0.5
128,550,threshold,threshold,0.1015625,0.15625,0.1015625,0.1
128,550,lookup,lookup,0.1015625,0.15625,0.1015625,0.1
128,550,validation_selected,threshold,0.1015625,0.15625,0.1015625,0.1
128,551,constant,constant,0.4296875,0.5,0.51953125,0.5
128,551,threshold,threshold,0.0625,0.3125,0.1015625,0.1
128,551,lookup,lookup,0.0625,0.3125,0.1015625,0.1
128,551,validation_selected,threshold,0.0625,0.3125,0.1015625,0.1
128,552,constant,constant,0.3984375,0.59375,0.5078125,0.5
128,552,threshold,threshold,0.09375,0.0,0.08984375,0.1
128,552,lookup,lookup,0.09375,0.0,0.08984375,0.1
128,552,validation_selected,threshold,0.09375,0.0,0.08984375,0.1
128,553,constant,constant,0.4453125,0.59375,0.48828125,0.5
128,553,threshold,threshold,0.109375,0.125,0.12109375,0.1
128,553,lookup,lookup,0.109375,0.125,0.12109375,0.1
128,553,validation_selected,threshold,0.109375,0.125,0.12109375,0.1
128,554,constant,constant,0.46875,0.5625,0.50390625,0.5
128,554,threshold,threshold,0.078125,0.15625,0.08203125,0.1
128,554,lookup,lookup,0.078125,0.15625,0.08203125,0.1
128,554,validation_selected,threshold,0.078125,0.15625,0.08203125,0.1
128,555,constant,constant,0.4609375,0.5,0.49609375,0.5
128,555,threshold,threshold,0.0625,0.15625,0.1328125,0.1
128,555,lookup,lookup,0.0625,0.15625,0.1328125,0.1
128,555,validation_selected,threshold,0.0625,0.15625,0.1328125,0.1
128,556,constant,constant,0.4765625,0.375,0.46484375,0.5
128,556,threshold,threshold,0.109375,0.03125,0.078125,0.1
128,556,lookup,lookup,0.109375,0.03125,0.078125,0.1
128,556,validation_selected,threshold,0.109375,0.03125,0.078125,0.1
128,557,constant,constant,0.5,0.46875,0.51953125,0.5
128,557,threshold,threshold,0.1015625,0.0625,0.08984375,0.1
128,557,lookup,lookup,0.1015625,0.0625,0.08984375,0.1
128,557,validation_selected,threshold,0.1015625,0.0625,0.08984375,0.1
128,558,constant,constant,0.4765625,0.4375,0.50390625,0.5
128,558,threshold,threshold,0.1015625,0.09375,0.10546875,0.1
128,558,lookup,lookup,0.1015625,0.09375,0.10546875,0.1
128,558,validation_selected,threshold,0.1015625,0.09375,0.10546875,0.1
128,559,constant,constant,0.46875,0.53125,0.4765625,0.5
128,559,threshold,threshold,0.1015625,0.09375,0.08984375,0.1
128,559,lookup,lookup,0.1015625,0.09375,0.08984375,0.1
128,559,validation_selected,threshold,0.1015625,0.09375,0.08984375,0.1
128,560,constant,constant,0.4296875,0.53125,0.5390625,0.5
128,560,threshold,threshold,0.0703125,0.09375,0.09375,0.1
128,560,lookup,lookup,0.0703125,0.09375,0.09375,0.1
128,560,validation_selected,threshold,0.0703125,0.09375,0.09375,0.1
128,561,constant,constant,0.4921875,0.5,0.52734375,0.5
128,561,threshold,threshold,0.046875,0.21875,0.12890625,0.1
128,561,lookup,lookup,0.046875,0.21875,0.12890625,0.1
128,561,validation_selected,threshold,0.046875,0.21875,0.12890625,0.1
128,562,constant,constant,0.453125,0.53125,0.515625,0.5
128,562,threshold,threshold,0.09375,0.09375,0.09375,0.1
128,562,lookup,lookup,0.09375,0.09375,0.09375,0.1
128,562,validation_selected,threshold,0.09375,0.09375,0.09375,0.1
128,563,constant,constant,0.5,0.5625,0.53125,0.5
128,563,threshold,threshold,0.046875,0.15625,0.1171875,0.1
128,563,lookup,lookup,0.046875,0.15625,0.1171875,0.1
128,563,validation_selected,threshold,0.046875,0.15625,0.1171875,0.1
128,564,constant,constant,0.3828125,0.625,0.5234375,0.5
128,564,threshold,threshold,0.0625,0.0625,0.11328125,0.1
128,564,lookup,lookup,0.0625,0.0625,0.11328125,0.1
128,564,validation_selected,threshold,0.0625,0.0625,0.11328125,0.1
128,565,constant,constant,0.46875,0.4375,0.484375,0.5
128,565,threshold,threshold,0.0859375,0.09375,0.140625,0.1
128,565,lookup,lookup,0.0859375,0.09375,0.140625,0.1
128,565,validation_selected,threshold,0.0859375,0.09375,0.140625,0.1
128,566,constant,constant,0.46875,0.4375,0.51953125,0.5
128,566,threshold,threshold,0.109375,0.15625,0.10546875,0.1
128,566,lookup,lookup,0.109375,0.15625,0.10546875,0.1
128,566,validation_selected,threshold,0.109375,0.15625,0.10546875,0.1
128,567,constant,constant,0.4921875,0.53125,0.48046875,0.5
128,567,threshold,threshold,0.078125,0.125,0.13671875,0.1
128,567,lookup,lookup,0.078125,0.125,0.13671875,0.1
128,567,validation_selected,threshold,0.078125,0.125,0.13671875,0.1
128,568,constant,constant,0.375,0.65625,0.5078125,0.5
128,568,threshold,threshold,0.0859375,0.15625,0.11328125,0.1
128,568,lookup,lookup,0.0859375,0.15625,0.11328125,0.1
128,568,validation_selected,threshold,0.0859375,0.15625,0.11328125,0.1
128,569,constant,constant,0.4765625,0.5625,0.5,0.5
128,569,threshold,threshold,0.125,0.09375,0.109375,0.1
128,569,lookup,lookup,0.125,0.09375,0.109375,0.1
128,569,validation_selected,threshold,0.125,0.09375,0.109375,0.1
128,570,constant,constant,0.4375,0.4375,0.5703125,0.5
128,570,threshold,threshold,0.09375,0.09375,0.11328125,0.1
128,570,lookup,lookup,0.09375,0.09375,0.11328125,0.1
128,570,validation_selected,threshold,0.09375,0.09375,0.11328125,0.1
128,571,constant,constant,0.4609375,0.53125,0.515625,0.5
128,571,threshold,threshold,0.1640625,0.09375,0.078125,0.1
128,571,lookup,lookup,0.1640625,0.09375,0.078125,0.1
128,571,validation_selected,threshold,0.1640625,0.09375,0.078125,0.1
128,572,constant,constant,0.4296875,0.5,0.54296875,0.5
128,572,threshold,threshold,0.15625,0.03125,0.09375,0.1
128,572,lookup,lookup,0.15625,0.03125,0.09375,0.1
128,572,validation_selected,threshold,0.15625,0.03125,0.09375,0.1
128,573,constant,constant,0.4921875,0.4375,0.49609375,0.5
128,573,threshold,threshold,0.1015625,0.0,0.06640625,0.1
128,573,lookup,lookup,0.1015625,0.0,0.06640625,0.1
128,573,validation_selected,threshold,0.1015625,0.0,0.06640625,0.1
128,574,constant,constant,0.4453125,0.625,0.5,0.5
128,574,threshold,threshold,0.078125,0.1875,0.0859375,0.1
128,574,lookup,lookup,0.078125,0.1875,0.0859375,0.1
128,574,validation_selected,threshold,0.078125,0.1875,0.0859375,0.1
128,575,constant,constant,0.46875,0.4375,0.51953125,0.5
128,575,threshold,threshold,0.078125,0.0625,0.125,0.1
128,575,lookup,lookup,0.078125,0.0625,0.125,0.1
128,575,validation_selected,threshold,0.078125,0.0625,0.125,0.1
128,576,constant,constant,0.484375,0.40625,0.5,0.5
128,576,threshold,threshold,0.125,0.0625,0.08984375,0.1
128,576,lookup,lookup,0.125,0.0625,0.08984375,0.1
128,576,validation_selected,threshold,0.125,0.0625,0.08984375,0.1
128,577,constant,constant,0.4765625,0.46875,0.484375,0.5
128,577,threshold,threshold,0.1484375,0.125,0.07421875,0.1
128,577,lookup,lookup,0.1484375,0.125,0.07421875,0.1
128,577,validation_selected,threshold,0.1484375,0.125,0.07421875,0.1
128,578,constant,constant,0.4921875,0.53125,0.5390625,0.5
128,578,threshold,threshold,0.125,0.09375,0.078125,0.1
128,578,lookup,lookup,0.125,0.09375,0.078125,0.1
128,578,validation_selected,threshold,0.125,0.09375,0.078125,0.1
128,579,constant,constant,0.4609375,0.53125,0.50390625,0.5
128,579,threshold,threshold,0.1171875,0.15625,0.12890625,0.1
128,579,lookup,lookup,0.1171875,0.15625,0.12890625,0.1
128,579,validation_selected,threshold,0.1171875,0.15625,0.12890625,0.1
128,580,constant,constant,0.4140625,0.59375,0.46484375,0.5
128,580,threshold,threshold,0.0859375,0.0625,0.1171875,0.1
128,580,lookup,lookup,0.0859375,0.0625,0.1171875,0.1
128,580,validation_selected,threshold,0.0859375,0.0625,0.1171875,0.1
128,581,constant,constant,0.4609375,0.5,0.4921875,0.5
128,581,threshold,threshold,0.078125,0.0,0.1171875,0.1
128,581,lookup,lookup,0.078125,0.0,0.1171875,0.1
128,581,validation_selected,threshold,0.078125,0.0,0.1171875,0.1
128,582,constant,constant,0.4765625,0.4375,0.5,0.5
128,582,threshold,threshold,0.109375,0.09375,0.0859375,0.1
128,582,lookup,lookup,0.109375,0.09375,0.0859375,0.1
128,582,validation_selected,threshold,0.109375,0.09375,0.0859375,0.1
128,583,constant,constant,0.46875,0.53125,0.5,0.5
128,583,threshold,threshold,0.0859375,0.1875,0.10546875,0.1
128,583,lookup,lookup,0.0859375,0.1875,0.10546875,0.1
128,583,validation_selected,threshold,0.0859375,0.1875,0.10546875,0.1
128,584,constant,constant,0.4765625,0.34375,0.4921875,0.5
128,584,threshold,threshold,0.125,0.125,0.109375,0.1
128,584,lookup,lookup,0.125,0.125,0.109375,0.1
128,584,validation_selected,threshold,0.125,0.125,0.109375,0.1
128,585,constant,constant,0.4921875,0.4375,0.515625,0.5
128,585,threshold,threshold,0.0859375,0.03125,0.08203125,0.1
128,585,lookup,lookup,0.0859375,0.03125,0.08203125,0.1
128,585,validation_selected,threshold,0.0859375,0.03125,0.08203125,0.1
128,586,constant,constant,0.5,0.75,0.48046875,0.5
128,586,threshold,threshold,0.0703125,0.09375,0.0625,0.1
128,586,lookup,lookup,0.0703125,0.09375,0.0625,0.1
128,586,validation_selected,threshold,0.0703125,0.09375,0.0625,0.1
128,587,constant,constant,0.421875,0.4375,0.515625,0.5
128,587,threshold,threshold,0.0859375,0.09375,0.1015625,0.1
128,587,lookup,lookup,0.0859375,0.09375,0.1015625,0.1
128,587,validation_selected,threshold,0.0859375,0.09375,0.1015625,0.1
128,588,constant,constant,0.4296875,0.46875,0.546875,0.5
128,588,threshold,threshold,0.15625,0.0,0.125,0.1
128,588,lookup,lookup,0.15625,0.0,0.125,0.1
128,588,validation_selected,threshold,0.15625,0.0,0.125,0.1
128,589,constant,constant,0.4921875,0.40625,0.51171875,0.5
128,589,threshold,threshold,0.0625,0.03125,0.10546875,0.1
128,589,lookup,lookup,0.0625,0.03125,0.10546875,0.1
128,589,validation_selected,threshold,0.0625,0.03125,0.10546875,0.1
128,590,constant,constant,0.4609375,0.53125,0.4765625,0.5
128,590,threshold,threshold,0.0703125,0.0625,0.11328125,0.1
128,590,lookup,lookup,0.0703125,0.0625,0.11328125,0.1
128,590,validation_selected,threshold,0.0703125,0.0625,0.11328125,0.1
128,591,constant,constant,0.484375,0.5,0.51953125,0.5
128,591,threshold,threshold,0.109375,0.0625,0.1171875,0.1
128,591,lookup,lookup,0.109375,0.0625,0.1171875,0.1
128,591,validation_selected,threshold,0.109375,0.0625,0.1171875,0.1
128,592,constant,constant,0.4609375,0.46875,0.484375,0.5
128,592,threshold,threshold,0.09375,0.09375,0.1171875,0.1
128,592,lookup,lookup,0.09375,0.09375,0.1171875,0.1
128,592,validation_selected,threshold,0.09375,0.09375,0.1171875,0.1
128,593,constant,constant,0.453125,0.40625,0.44921875,0.5
128,593,threshold,threshold,0.109375,0.03125,0.1171875,0.1
128,593,lookup,lookup,0.109375,0.03125,0.1171875,0.1
128,593,validation_selected,threshold,0.109375,0.03125,0.1171875,0.1
128,594,constant,constant,0.4921875,0.53125,0.453125,0.5
128,594,threshold,threshold,0.1015625,0.125,0.14453125,0.1
128,594,lookup,lookup,0.1015625,0.125,0.14453125,0.1
128,594,validation_selected,threshold,0.1015625,0.125,0.14453125,0.1
128,595,constant,constant,0.5,0.5625,0.48046875,0.5
128,595,threshold,threshold,0.1171875,0.125,0.10546875,0.1
128,595,lookup,lookup,0.1171875,0.125,0.10546875,0.1
128,595,validation_selected,threshold,0.1171875,0.125,0.10546875,0.1
128,596,constant,constant,0.4609375,0.4375,0.51953125,0.5
128,596,threshold,threshold,0.0625,0.1875,0.1171875,0.1
128,596,lookup,lookup,0.0625,0.1875,0.1171875,0.1
128,596,validation_selected,threshold,0.0625,0.1875,0.1171875,0.1
128,597,constant,constant,0.40625,0.40625,0.5,0.5
128,597,threshold,threshold,0.09375,0.09375,0.0625,0.1
128,597,lookup,lookup,0.09375,0.09375,0.0625,0.1
128,597,validation_selected,threshold,0.09375,0.09375,0.0625,0.1
128,598,constant,constant,0.421875,0.5625,0.5234375,0.5
128,598,threshold,threshold,0.1015625,0.03125,0.11328125,0.1
128,598,lookup,lookup,0.1015625,0.03125,0.11328125,0.1
128,598,validation_selected,threshold,0.1015625,0.03125,0.11328125,0.1
128,599,constant,constant,0.4921875,0.53125,0.546875,0.5
128,599,threshold,threshold,0.125,0.125,0.06640625,0.1
128,599,lookup,lookup,0.125,0.125,0.06640625,0.1
128,599,validation_selected,threshold,0.125,0.125,0.06640625,0.1
128,600,constant,constant,0.3828125,0.4375,0.54296875,0.5
128,600,threshold,threshold,0.078125,0.0625,0.109375,0.1
128,600,lookup,lookup,0.078125,0.0625,0.109375,0.1
128,600,validation_selected,threshold,0.078125,0.0625,0.109375,0.1
128,601,constant,constant,0.5,0.59375,0.5390625,0.5
128,601,threshold,threshold,0.1171875,0.09375,0.0859375,0.1
128,601,lookup,lookup,0.1171875,0.09375,0.0859375,0.1
128,601,validation_selected,threshold,0.1171875,0.09375,0.0859375,0.1
128,602,constant,constant,0.484375,0.53125,0.53125,0.5
128,602,threshold,threshold,0.1171875,0.03125,0.08203125,0.1
128,602,lookup,lookup,0.1171875,0.03125,0.08203125,0.1
128,602,validation_selected,threshold,0.1171875,0.03125,0.08203125,0.1
128,603,constant,constant,0.484375,0.625,0.51953125,0.5
128,603,threshold,threshold,0.0859375,0.0,0.08203125,0.1
128,603,lookup,lookup,0.0859375,0.0,0.08203125,0.1
128,603,validation_selected,threshold,0.0859375,0.0,0.08203125,0.1
128,604,constant,constant,0.484375,0.5,0.4140625,0.5
128,604,threshold,threshold,0.1015625,0.125,0.1015625,0.1
128,604,lookup,lookup,0.1015625,0.125,0.1015625,0.1
128,604,validation_selected,threshold,0.1015625,0.125,0.1015625,0.1
128,605,constant,constant,0.46875,0.53125,0.546875,0.5
128,605,threshold,threshold,0.078125,0.09375,0.08203125,0.1
128,605,lookup,lookup,0.078125,0.09375,0.08203125,0.1
128,605,validation_selected,threshold,0.078125,0.09375,0.08203125,0.1
128,606,constant,constant,0.484375,0.625,0.54296875,0.5
128,606,threshold,threshold,0.125,0.0625,0.0859375,0.1
128,606,lookup,lookup,0.125,0.0625,0.0859375,0.1
128,606,validation_selected,threshold,0.125,0.0625,0.0859375,0.1
128,607,constant,constant,0.5,0.46875,0.5,0.5
128,607,threshold,threshold,0.109375,0.09375,0.09765625,0.1
128,607,lookup,lookup,0.109375,0.09375,0.09765625,0.1
128,607,validation_selected,threshold,0.109375,0.09375,0.09765625,0.1
128,608,constant,constant,0.484375,0.34375,0.52734375,0.5
128,608,threshold,threshold,0.1796875,0.1875,0.10546875,0.1
128,608,lookup,lookup,0.1796875,0.1875,0.10546875,0.1
128,608,validation_selected,threshold,0.1796875,0.1875,0.10546875,0.1
128,609,constant,constant,0.5,0.5625,0.51171875,0.5
128,609,threshold,threshold,0.0859375,0.125,0.08203125,0.1
128,609,lookup,lookup,0.0859375,0.125,0.08203125,0.1
128,609,validation_selected,threshold,0.0859375,0.125,0.08203125,0.1
128,610,constant,constant,0.4921875,0.53125,0.4765625,0.5
128,610,threshold,threshold,0.1015625,0.125,0.109375,0.1
128,610,lookup,lookup,0.1015625,0.125,0.109375,0.1
128,610,validation_selected,threshold,0.1015625,0.125,0.109375,0.1
128,611,constant,constant,0.4921875,0.46875,0.54296875,0.5
128,611,threshold,threshold,0.09375,0.0625,0.1015625,0.1
128,611,lookup,lookup,0.09375,0.0625,0.1015625,0.1
128,611,validation_selected,threshold,0.09375,0.0625,0.1015625,0.1
128,612,constant,constant,0.4375,0.375,0.53125,0.5
128,612,threshold,threshold,0.109375,0.0625,0.125,0.1
128,612,lookup,lookup,0.109375,0.0625,0.125,0.1
128,612,validation_selected,threshold,0.109375,0.0625,0.125,0.1
128,613,constant,constant,0.46875,0.46875,0.453125,0.5
128,613,threshold,threshold,0.1171875,0.0625,0.08984375,0.1
128,613,lookup,lookup,0.1171875,0.0625,0.08984375,0.1
128,613,validation_selected,threshold,0.1171875,0.0625,0.08984375,0.1
128,614,constant,constant,0.4765625,0.375,0.55078125,0.5
128,614,threshold,threshold,0.1328125,0.09375,0.08984375,0.1
128,614,lookup,lookup,0.1328125,0.09375,0.08984375,0.1
128,614,validation_selected,threshold,0.1328125,0.09375,0.08984375,0.1
128,615,constant,constant,0.5,0.40625,0.48046875,0.5
128,615,threshold,threshold,0.125,0.125,0.125,0.1
128,615,lookup,lookup,0.125,0.125,0.125,0.1
128,615,validation_selected,threshold,0.125,0.125,0.125,0.1
128,616,constant,constant,0.484375,0.625,0.55078125,0.5
128,616,threshold,threshold,0.109375,0.21875,0.0859375,0.1
128,616,lookup,lookup,0.109375,0.21875,0.0859375,0.1
128,616,validation_selected,threshold,0.109375,0.21875,0.0859375,0.1
128,617,constant,constant,0.484375,0.53125,0.453125,0.5
128,617,threshold,threshold,0.1171875,0.0625,0.0703125,0.1
128,617,lookup,lookup,0.1171875,0.0625,0.0703125,0.1
128,617,validation_selected,threshold,0.1171875,0.0625,0.0703125,0.1
128,618,constant,constant,0.390625,0.5625,0.484375,0.5
128,618,threshold,threshold,0.1171875,0.09375,0.08203125,0.1
128,618,lookup,lookup,0.1171875,0.09375,0.08203125,0.1
128,618,validation_selected,threshold,0.1171875,0.09375,0.08203125,0.1
128,619,constant,constant,0.484375,0.5625,0.5,0.5
128,619,threshold,threshold,0.0546875,0.1875,0.1015625,0.1
128,619,lookup,lookup,0.0546875,0.1875,0.1015625,0.1
128,619,validation_selected,threshold,0.0546875,0.1875,0.1015625,0.1
128,620,constant,constant,0.4609375,0.46875,0.50390625,0.5
128,620,threshold,threshold,0.109375,0.03125,0.08984375,0.1
128,620,lookup,lookup,0.109375,0.03125,0.08984375,0.1
128,620,validation_selected,threshold,0.109375,0.03125,0.08984375,0.1
128,621,constant,constant,0.484375,0.46875,0.51953125,0.5
128,621,threshold,threshold,0.1015625,0.09375,0.14453125,0.1
128,621,lookup,lookup,0.1015625,0.09375,0.14453125,0.1
128,621,validation_selected,threshold,0.1015625,0.09375,0.14453125,0.1
128,622,constant,constant,0.46875,0.5,0.484375,0.5
128,622,threshold,threshold,0.125,0.09375,0.08984375,0.1
128,622,lookup,lookup,0.125,0.09375,0.08984375,0.1
128,622,validation_selected,threshold,0.125,0.09375,0.08984375,0.1
128,623,constant,constant,0.4453125,0.59375,0.46484375,0.5
128,623,threshold,threshold,0.125,0.0625,0.140625,0.1
128,623,lookup,lookup,0.125,0.0625,0.140625,0.1
128,623,validation_selected,threshold,0.125,0.0625,0.140625,0.1
128,624,constant,constant,0.484375,0.5,0.5078125,0.5
128,624,threshold,threshold,0.1171875,0.1875,0.1015625,0.1
128,624,lookup,lookup,0.1171875,0.1875,0.1015625,0.1
128,624,validation_selected,threshold,0.1171875,0.1875,0.1015625,0.1
128,625,constant,constant,0.46875,0.6875,0.484375,0.5
128,625,threshold,threshold,0.0625,0.09375,0.11328125,0.1
128,625,lookup,lookup,0.0625,0.09375,0.11328125,0.1
128,625,validation_selected,threshold,0.0625,0.09375,0.11328125,0.1
128,626,constant,constant,0.3984375,0.53125,0.484375,0.5
128,626,threshold,threshold,0.0546875,0.15625,0.109375,0.1
128,626,lookup,lookup,0.0546875,0.15625,0.109375,0.1
128,626,validation_selected,threshold,0.0546875,0.15625,0.109375,0.1
128,627,constant,constant,0.4921875,0.5625,0.4765625,0.5
128,627,threshold,threshold,0.078125,0.0625,0.09765625,0.1
128,627,lookup,lookup,0.078125,0.0625,0.09765625,0.1
128,627,validation_selected,threshold,0.078125,0.0625,0.09765625,0.1
128,628,constant,constant,0.4609375,0.5,0.52734375,0.5
128,628,threshold,threshold,0.09375,0.09375,0.11328125,0.1
128,628,lookup,lookup,0.09375,0.09375,0.11328125,0.1
128,628,validation_selected,threshold,0.09375,0.09375,0.11328125,0.1
128,629,constant,constant,0.4921875,0.5,0.48046875,0.5
128,629,threshold,threshold,0.0625,0.125,0.109375,0.1
128,629,lookup,lookup,0.0625,0.125,0.109375,0.1
128,629,validation_selected,threshold,0.0625,0.125,0.109375,0.1
128,630,constant,constant,0.421875,0.6875,0.4609375,0.5
128,630,threshold,threshold,0.1171875,0.1875,0.1015625,0.1
128,630,lookup,lookup,0.1171875,0.1875,0.1015625,0.1
128,630,validation_selected,threshold,0.1171875,0.1875,0.1015625,0.1
128,631,constant,constant,0.4296875,0.46875,0.43359375,0.5
128,631,threshold,threshold,0.0859375,0.1875,0.13671875,0.1
128,631,lookup,lookup,0.0859375,0.1875,0.13671875,0.1
128,631,validation_selected,threshold,0.0859375,0.1875,0.13671875,0.1
128,632,constant,constant,0.484375,0.5625,0.50390625,0.5
128,632,threshold,threshold,0.0859375,0.1875,0.11328125,0.1
128,632,lookup,lookup,0.0859375,0.1875,0.11328125,0.1
128,632,validation_selected,threshold,0.0859375,0.1875,0.11328125,0.1
128,633,constant,constant,0.4765625,0.59375,0.49609375,0.5
128,633,threshold,threshold,0.0859375,0.125,0.0703125,0.1
128,633,lookup,lookup,0.0859375,0.125,0.0703125,0.1
128,633,validation_selected,threshold,0.0859375,0.125,0.0703125,0.1
128,634,constant,constant,0.484375,0.46875,0.5703125,0.5
128,634,threshold,threshold,0.0703125,0.125,0.07421875,0.1
128,634,lookup,lookup,0.0703125,0.125,0.07421875,0.1
128,634,validation_selected,threshold,0.0703125,0.125,0.07421875,0.1
128,635,constant,constant,0.4765625,0.625,0.5,0.5
128,635,threshold,threshold,0.0859375,0.03125,0.0859375,0.1
128,635,lookup,lookup,0.0859375,0.03125,0.0859375,0.1
128,635,validation_selected,threshold,0.0859375,0.03125,0.0859375,0.1
128,636,constant,constant,0.4296875,0.5,0.51953125,0.5
128,636,threshold,threshold,0.1484375,0.0,0.0625,0.1
128,636,lookup,lookup,0.1484375,0.0,0.0625,0.1
128,636,validation_selected,threshold,0.1484375,0.0,0.0625,0.1
128,637,constant,constant,0.4609375,0.375,0.4765625,0.5
128,637,threshold,threshold,0.109375,0.03125,0.0625,0.1
128,637,lookup,lookup,0.109375,0.03125,0.0625,0.1
128,637,validation_selected,threshold,0.109375,0.03125,0.0625,0.1
128,638,constant,constant,0.484375,0.5,0.546875,0.5
128,638,threshold,threshold,0.0625,0.03125,0.1328125,0.1
128,638,lookup,lookup,0.0625,0.03125,0.1328125,0.1
128,638,validation_selected,threshold,0.0625,0.03125,0.1328125,0.1
128,639,constant,constant,0.4453125,0.5625,0.46484375,0.5
128,639,threshold,threshold,0.1171875,0.15625,0.08984375,0.1
128,639,lookup,lookup,0.1171875,0.15625,0.08984375,0.1
128,639,validation_selected,threshold,0.1171875,0.15625,0.08984375,0.1
128,640,constant,constant,0.484375,0.53125,0.4921875,0.5
128,640,threshold,threshold,0.1015625,0.09375,0.14453125,0.1
128,640,lookup,lookup,0.1015625,0.09375,0.14453125,0.1
128,640,validation_selected,threshold,0.1015625,0.09375,0.14453125,0.1
128,641,constant,constant,0.484375,0.53125,0.484375,0.5
128,641,threshold,threshold,0.078125,0.0625,0.078125,0.1
128,641,lookup,lookup,0.078125,0.0625,0.078125,0.1
128,641,validation_selected,threshold,0.078125,0.0625,0.078125,0.1
128,642,constant,constant,0.4296875,0.53125,0.49609375,0.5
128,642,threshold,threshold,0.1171875,0.15625,0.06640625,0.1
128,642,lookup,lookup,0.1171875,0.15625,0.06640625,0.1
128,642,validation_selected,threshold,0.1171875,0.15625,0.06640625,0.1
128,643,constant,constant,0.4921875,0.5625,0.48828125,0.5
128,643,threshold,threshold,0.1015625,0.09375,0.1015625,0.1
128,643,lookup,lookup,0.1015625,0.09375,0.1015625,0.1
128,643,validation_selected,threshold,0.1015625,0.09375,0.1015625,0.1
128,644,constant,constant,0.4609375,0.46875,0.50390625,0.5
128,644,threshold,threshold,0.078125,0.0625,0.0703125,0.1
128,644,lookup,lookup,0.078125,0.0625,0.0703125,0.1
128,644,validation_selected,threshold,0.078125,0.0625,0.0703125,0.1
128,645,constant,constant,0.4765625,0.4375,0.4921875,0.5
128,645,threshold,threshold,0.0703125,0.125,0.12890625,0.1
128,645,lookup,lookup,0.0703125,0.125,0.12890625,0.1
128,645,validation_selected,threshold,0.0703125,0.125,0.12890625,0.1
128,646,constant,constant,0.40625,0.40625,0.51171875,0.5
128,646,threshold,threshold,0.078125,0.125,0.09765625,0.1
128,646,lookup,lookup,0.078125,0.125,0.09765625,0.1
128,646,validation_selected,threshold,0.078125,0.125,0.09765625,0.1
128,647,constant,constant,0.4921875,0.34375,0.5390625,0.5
128,647,threshold,threshold,0.1171875,0.0625,0.09375,0.1
128,647,lookup,lookup,0.1171875,0.0625,0.09375,0.1
128,647,validation_selected,threshold,0.1171875,0.0625,0.09375,0.1
128,648,constant,constant,0.484375,0.5625,0.453125,0.5
128,648,threshold,threshold,0.109375,0.03125,0.11328125,0.1
128,648,lookup,lookup,0.109375,0.03125,0.11328125,0.1
128,648,validation_selected,threshold,0.109375,0.03125,0.11328125,0.1
128,649,constant,constant,0.4765625,0.40625,0.5078125,0.5
128,649,threshold,threshold,0.0703125,0.15625,0.08984375,0.1
128,649,lookup,lookup,0.0703125,0.15625,0.08984375,0.1
128,649,validation_selected,threshold,0.0703125,0.15625,0.08984375,0.1
128,650,constant,constant,0.453125,0.40625,0.48046875,0.5
128,650,threshold,threshold,0.09375,0.15625,0.1328125,0.1
128,650,lookup,lookup,0.09375,0.15625,0.1328125,0.1
128,650,validation_selected,threshold,0.09375,0.15625,0.1328125,0.1
128,651,constant,constant,0.4609375,0.5625,0.49609375,0.5
128,651,threshold,threshold,0.109375,0.15625,0.1015625,0.1
128,651,lookup,lookup,0.109375,0.15625,0.1015625,0.1
128,651,validation_selected,threshold,0.109375,0.15625,0.1015625,0.1
128,652,constant,constant,0.4609375,0.46875,0.546875,0.5
128,652,threshold,threshold,0.09375,0.0625,0.08984375,0.1
128,652,lookup,lookup,0.09375,0.0625,0.08984375,0.1
128,652,validation_selected,threshold,0.09375,0.0625,0.08984375,0.1
128,653,constant,constant,0.46875,0.375,0.51171875,0.5
128,653,threshold,threshold,0.1796875,0.125,0.09765625,0.1
128,653,lookup,lookup,0.1796875,0.125,0.09765625,0.1
128,653,validation_selected,threshold,0.1796875,0.125,0.09765625,0.1
128,654,constant,constant,0.390625,0.5,0.515625,0.5
128,654,threshold,threshold,0.09375,0.09375,0.10546875,0.1
128,654,lookup,lookup,0.09375,0.09375,0.10546875,0.1
128,654,validation_selected,threshold,0.09375,0.09375,0.10546875,0.1
128,655,constant,constant,0.484375,0.5,0.484375,0.5
128,655,threshold,threshold,0.078125,0.0625,0.1015625,0.1
128,655,lookup,lookup,0.078125,0.0625,0.1015625,0.1
128,655,validation_selected,threshold,0.078125,0.0625,0.1015625,0.1
128,656,constant,constant,0.4453125,0.46875,0.4921875,0.5
128,656,threshold,threshold,0.0625,0.125,0.09765625,0.1
128,656,lookup,lookup,0.0625,0.125,0.09765625,0.1
128,656,validation_selected,threshold,0.0625,0.125,0.09765625,0.1
128,657,constant,constant,0.4453125,0.40625,0.4921875,0.5
128,657,threshold,threshold,0.15625,0.0625,0.06640625,0.1
128,657,lookup,lookup,0.15625,0.0625,0.06640625,0.1
128,657,validation_selected,threshold,0.15625,0.0625,0.06640625,0.1
128,658,constant,constant,0.484375,0.5625,0.50390625,0.5
128,658,threshold,threshold,0.125,0.15625,0.078125,0.1
128,658,lookup,lookup,0.125,0.15625,0.078125,0.1
128,658,validation_selected,threshold,0.125,0.15625,0.078125,0.1
128,659,constant,constant,0.4921875,0.5,0.4921875,0.5
128,659,threshold,threshold,0.0625,0.21875,0.09375,0.1
128,659,lookup,lookup,0.0625,0.21875,0.09375,0.1
128,659,validation_selected,threshold,0.0625,0.21875,0.09375,0.1
128,660,constant,constant,0.4765625,0.46875,0.48828125,0.5
128,660,threshold,threshold,0.0859375,0.09375,0.0703125,0.1
128,660,lookup,lookup,0.0859375,0.09375,0.0703125,0.1
128,660,validation_selected,threshold,0.0859375,0.09375,0.0703125,0.1
128,661,constant,constant,0.46875,0.34375,0.515625,0.5
128,661,threshold,threshold,0.15625,0.09375,0.08984375,0.1
128,661,lookup,lookup,0.15625,0.09375,0.08984375,0.1
128,661,validation_selected,threshold,0.15625,0.09375,0.08984375,0.1
128,662,constant,constant,0.484375,0.4375,0.5,0.5
128,662,threshold,threshold,0.109375,0.09375,0.0625,0.1
128,662,lookup,lookup,0.109375,0.09375,0.0625,0.1
128,662,validation_selected,threshold,0.109375,0.09375,0.0625,0.1
128,663,constant,constant,0.4765625,0.4375,0.47265625,0.5
128,663,threshold,threshold,0.1015625,0.03125,0.08984375,0.1
128,663,lookup,lookup,0.1015625,0.03125,0.08984375,0.1
128,663,validation_selected,threshold,0.1015625,0.03125,0.08984375,0.1
128,664,constant,constant,0.4609375,0.53125,0.5,0.5
128,664,threshold,threshold,0.125,0.09375,0.09765625,0.1
128,664,lookup,lookup,0.125,0.09375,0.09765625,0.1
128,664,validation_selected,threshold,0.125,0.09375,0.09765625,0.1
128,665,constant,constant,0.484375,0.34375,0.44921875,0.5
128,665,threshold,threshold,0.0703125,0.0625,0.12109375,0.1
128,665,lookup,lookup,0.0703125,0.0625,0.12109375,0.1
128,665,validation_selected,threshold,0.0703125,0.0625,0.12109375,0.1
128,666,constant,constant,0.5,0.59375,0.46875,0.5
128,666,threshold,threshold,0.1328125,0.15625,0.08984375,0.1
128,666,lookup,lookup,0.1328125,0.15625,0.08984375,0.1
128,666,validation_selected,threshold,0.1328125,0.15625,0.08984375,0.1
128,667,constant,constant,0.4921875,0.46875,0.47265625,0.5
128,667,threshold,threshold,0.1328125,0.0625,0.09375,0.1
128,667,lookup,lookup,0.1328125,0.0625,0.09375,0.1
128,667,validation_selected,threshold,0.1328125,0.0625,0.09375,0.1
128,668,constant,constant,0.4453125,0.46875,0.50390625,0.5
128,668,threshold,threshold,0.09375,0.15625,0.109375,0.1
128,668,lookup,lookup,0.09375,0.15625,0.109375,0.1
128,668,validation_selected,threshold,0.09375,0.15625,0.109375,0.1
128,669,constant,constant,0.484375,0.5,0.43359375,0.5
128,669,threshold,threshold,0.078125,0.03125,0.12890625,0.1
128,669,lookup,lookup,0.078125,0.03125,0.12890625,0.1
128,669,validation_selected,threshold,0.078125,0.03125,0.12890625,0.1
128,670,constant,constant,0.46875,0.40625,0.5625,0.5
128,670,threshold,threshold,0.078125,0.09375,0.1015625,0.1
128,670,lookup,lookup,0.078125,0.09375,0.1015625,0.1
128,670,validation_selected,threshold,0.078125,0.09375,0.1015625,0.1
128,671,constant,constant,0.4921875,0.5,0.50390625,0.5
128,671,threshold,threshold,0.09375,0.15625,0.078125,0.1
128,671,lookup,lookup,0.09375,0.15625,0.078125,0.1
128,671,validation_selected,threshold,0.09375,0.15625,0.078125,0.1
128,672,constant,constant,0.4453125,0.46875,0.484375,0.5
128,672,threshold,threshold,0.125,0.125,0.08984375,0.1
128,672,lookup,lookup,0.125,0.125,0.08984375,0.1
128,672,validation_selected,threshold,0.125,0.125,0.08984375,0.1
128,673,constant,constant,0.4765625,0.5,0.51953125,0.5
128,673,threshold,threshold,0.1015625,0.15625,0.1015625,0.1
128,673,lookup,lookup,0.1015625,0.15625,0.1015625,0.1
128,673,validation_selected,threshold,0.1015625,0.15625,0.1015625,0.1
128,674,constant,constant,0.4140625,0.375,0.54296875,0.5
128,674,threshold,threshold,0.109375,0.09375,0.109375,0.1
128,674,lookup,lookup,0.109375,0.09375,0.109375,0.1
128,674,validation_selected,threshold,0.109375,0.09375,0.109375,0.1
128,675,constant,constant,0.4765625,0.6875,0.48828125,0.5
128,675,threshold,threshold,0.1328125,0.03125,0.10546875,0.1
128,675,lookup,lookup,0.1328125,0.03125,0.10546875,0.1
128,675,validation_selected,threshold,0.1328125,0.03125,0.10546875,0.1
128,676,constant,constant,0.4609375,0.5625,0.53125,0.5
128,676,threshold,threshold,0.0625,0.03125,0.109375,0.1
128,676,lookup,lookup,0.0625,0.03125,0.109375,0.1
128,676,validation_selected,threshold,0.0625,0.03125,0.109375,0.1
128,677,constant,constant,0.40625,0.46875,0.51953125,0.5
128,677,threshold,threshold,0.125,0.21875,0.09765625,0.1
128,677,lookup,lookup,0.125,0.21875,0.09765625,0.1
128,677,validation_selected,threshold,0.125,0.21875,0.09765625,0.1
128,678,constant,constant,0.4296875,0.46875,0.5,0.5
128,678,threshold,threshold,0.109375,0.0625,0.08203125,0.1
128,678,lookup,lookup,0.109375,0.0625,0.08203125,0.1
128,678,validation_selected,threshold,0.109375,0.0625,0.08203125,0.1
128,679,constant,constant,0.484375,0.59375,0.49609375,0.5
128,679,threshold,threshold,0.125,0.21875,0.0859375,0.1
128,679,lookup,lookup,0.125,0.21875,0.0859375,0.1
128,679,validation_selected,threshold,0.125,0.21875,0.0859375,0.1
128,680,constant,constant,0.4296875,0.5,0.59765625,0.5
128,680,threshold,threshold,0.0703125,0.0625,0.109375,0.1
128,680,lookup,lookup,0.0703125,0.0625,0.109375,0.1
128,680,validation_selected,threshold,0.0703125,0.0625,0.109375,0.1
128,681,constant,constant,0.484375,0.53125,0.48828125,0.5
128,681,threshold,threshold,0.0625,0.125,0.125,0.1
128,681,lookup,lookup,0.0625,0.125,0.125,0.1
128,681,validation_selected,threshold,0.0625,0.125,0.125,0.1
128,682,constant,constant,0.4296875,0.5625,0.48046875,0.5
128,682,threshold,threshold,0.109375,0.125,0.1484375,0.1
128,682,lookup,lookup,0.109375,0.125,0.1484375,0.1
128,682,validation_selected,threshold,0.109375,0.125,0.1484375,0.1
128,683,constant,constant,0.4296875,0.4375,0.48828125,0.5
128,683,threshold,threshold,0.0703125,0.15625,0.1015625,0.1
128,683,lookup,lookup,0.0703125,0.15625,0.1015625,0.1
128,683,validation_selected,threshold,0.0703125,0.15625,0.1015625,0.1
128,684,constant,constant,0.4375,0.59375,0.49609375,0.5
128,684,threshold,threshold,0.0703125,0.0625,0.0703125,0.1
128,684,lookup,lookup,0.0703125,0.0625,0.0703125,0.1
128,684,validation_selected,threshold,0.0703125,0.0625,0.0703125,0.1
128,685,constant,constant,0.4375,0.28125,0.5234375,0.5
128,685,threshold,threshold,0.0703125,0.125,0.11328125,0.1
128,685,lookup,lookup,0.0703125,0.125,0.11328125,0.1
128,685,validation_selected,threshold,0.0703125,0.125,0.11328125,0.1
128,686,constant,constant,0.484375,0.34375,0.51953125,0.5
128,686,threshold,threshold,0.1171875,0.15625,0.09765625,0.1
128,686,lookup,lookup,0.1171875,0.15625,0.09765625,0.1
128,686,validation_selected,threshold,0.1171875,0.15625,0.09765625,0.1
128,687,constant,constant,0.4921875,0.53125,0.51171875,0.5
128,687,threshold,threshold,0.0859375,0.0,0.1328125,0.1
128,687,lookup,lookup,0.0859375,0.0,0.1328125,0.1
128,687,validation_selected,threshold,0.0859375,0.0,0.1328125,0.1
128,688,constant,constant,0.453125,0.5625,0.52734375,0.5
128,688,threshold,threshold,0.109375,0.15625,0.109375,0.1
128,688,lookup,lookup,0.109375,0.15625,0.109375,0.1
128,688,validation_selected,threshold,0.109375,0.15625,0.109375,0.1
128,689,constant,constant,0.4296875,0.40625,0.48828125,0.5
128,689,threshold,threshold,0.1015625,0.1875,0.1015625,0.1
128,689,lookup,lookup,0.1015625,0.1875,0.1015625,0.1
128,689,validation_selected,threshold,0.1015625,0.1875,0.1015625,0.1
128,690,constant,constant,0.4921875,0.5625,0.5546875,0.5
128,690,threshold,threshold,0.125,0.09375,0.078125,0.1
128,690,lookup,lookup,0.125,0.09375,0.078125,0.1
128,690,validation_selected,threshold,0.125,0.09375,0.078125,0.1
128,691,constant,constant,0.4765625,0.40625,0.4921875,0.5
128,691,threshold,threshold,0.1328125,0.0,0.12890625,0.1
128,691,lookup,lookup,0.1328125,0.0,0.12890625,0.1
128,691,validation_selected,threshold,0.1328125,0.0,0.12890625,0.1
128,692,constant,constant,0.4140625,0.625,0.5,0.5
128,692,threshold,threshold,0.109375,0.0625,0.08203125,0.1
128,692,lookup,lookup,0.109375,0.0625,0.08203125,0.1
128,692,validation_selected,threshold,0.109375,0.0625,0.08203125,0.1
128,693,constant,constant,0.46875,0.59375,0.421875,0.5
128,693,threshold,threshold,0.0859375,0.09375,0.12890625,0.1
128,693,lookup,lookup,0.0859375,0.09375,0.12890625,0.1
128,693,validation_selected,threshold,0.0859375,0.09375,0.12890625,0.1
128,694,constant,constant,0.4375,0.53125,0.49609375,0.5
128,694,threshold,threshold,0.1171875,0.21875,0.09375,0.1
128,694,lookup,lookup,0.1171875,0.21875,0.09375,0.1
128,694,validation_selected,threshold,0.1171875,0.21875,0.09375,0.1
128,695,constant,constant,0.484375,0.4375,0.4609375,0.5
128,695,threshold,threshold,0.109375,0.0625,0.0859375,0.1
128,695,lookup,lookup,0.109375,0.0625,0.0859375,0.1
128,695,validation_selected,threshold,0.109375,0.0625,0.0859375,0.1
128,696,constant,constant,0.484375,0.625,0.5,0.5
128,696,threshold,threshold,0.1015625,0.09375,0.08203125,0.1
128,696,lookup,lookup,0.1015625,0.09375,0.08203125,0.1
128,696,validation_selected,threshold,0.1015625,0.09375,0.08203125,0.1
128,697,constant,constant,0.453125,0.71875,0.53125,0.5
128,697,threshold,threshold,0.078125,0.15625,0.10546875,0.1
128,697,lookup,lookup,0.078125,0.15625,0.10546875,0.1
128,697,validation_selected,threshold,0.078125,0.15625,0.10546875,0.1
128,698,constant,constant,0.4453125,0.5,0.49609375,0.5
128,698,threshold,threshold,0.0859375,0.09375,0.12890625,0.1
128,698,lookup,lookup,0.0859375,0.09375,0.12890625,0.1
128,698,validation_selected,threshold,0.0859375,0.09375,0.12890625,0.1
128,699,constant,constant,0.4921875,0.59375,0.515625,0.5
128,699,threshold,threshold,0.0859375,0.09375,0.09765625,0.1
128,699,lookup,lookup,0.0859375,0.09375,0.09765625,0.1
128,699,validation_selected,threshold,0.0859375,0.09375,0.09765625,0.1
128,700,constant,constant,0.4765625,0.59375,0.484375,0.5
128,700,threshold,threshold,0.1015625,0.125,0.109375,0.1
128,700,lookup,lookup,0.1015625,0.125,0.109375,0.1
128,700,validation_selected,threshold,0.1015625,0.125,0.109375,0.1
128,701,constant,constant,0.4765625,0.625,0.47265625,0.5
128,701,threshold,threshold,0.078125,0.125,0.07421875,0.1
128,701,lookup,lookup,0.078125,0.125,0.07421875,0.1
128,701,validation_selected,threshold,0.078125,0.125,0.07421875,0.1
128,702,constant,constant,0.453125,0.5625,0.5,0.5
128,702,threshold,threshold,0.1171875,0.1875,0.0859375,0.1
128,702,lookup,lookup,0.1171875,0.1875,0.0859375,0.1
128,702,validation_selected,threshold,0.1171875,0.1875,0.0859375,0.1
128,703,constant,constant,0.5,0.4375,0.5078125,0.5
128,703,threshold,threshold,0.1328125,0.09375,0.08984375,0.1
128,703,lookup,lookup,0.1328125,0.09375,0.08984375,0.1
128,703,validation_selected,threshold,0.1328125,0.09375,0.08984375,0.1
128,704,constant,constant,0.46875,0.5,0.5390625,0.5
128,704,threshold,threshold,0.09375,0.09375,0.109375,0.1
128,704,lookup,lookup,0.09375,0.09375,0.109375,0.1
128,704,validation_selected,threshold,0.09375,0.09375,0.109375,0.1
128,705,constant,constant,0.4453125,0.40625,0.484375,0.5
128,705,threshold,threshold,0.09375,0.03125,0.1015625,0.1
128,705,lookup,lookup,0.09375,0.03125,0.1015625,0.1
128,705,validation_selected,threshold,0.09375,0.03125,0.1015625,0.1
128,706,constant,constant,0.375,0.5625,0.484375,0.5
128,706,threshold,threshold,0.1171875,0.0625,0.09375,0.1
128,706,lookup,lookup,0.1171875,0.0625,0.09375,0.1
128,706,validation_selected,threshold,0.1171875,0.0625,0.09375,0.1
128,707,constant,constant,0.5,0.46875,0.5234375,0.5
128,707,threshold,threshold,0.1015625,0.09375,0.07421875,0.1
128,707,lookup,lookup,0.1015625,0.09375,0.07421875,0.1
128,707,validation_selected,threshold,0.1015625,0.09375,0.07421875,0.1
128,708,constant,constant,0.4453125,0.46875,0.5,0.5
128,708,threshold,threshold,0.0859375,0.09375,0.09765625,0.1
128,708,lookup,lookup,0.0859375,0.09375,0.09765625,0.1
128,708,validation_selected,threshold,0.0859375,0.09375,0.09765625,0.1
128,709,constant,constant,0.4765625,0.34375,0.5,0.5
128,709,threshold,threshold,0.09375,0.03125,0.1015625,0.1
128,709,lookup,lookup,0.09375,0.03125,0.1015625,0.1
128,709,validation_selected,threshold,0.09375,0.03125,0.1015625,0.1
128,710,constant,constant,0.4765625,0.46875,0.49609375,0.5
128,710,threshold,threshold,0.078125,0.125,0.09765625,0.1
128,710,lookup,lookup,0.078125,0.125,0.09765625,0.1
128,710,validation_selected,threshold,0.078125,0.125,0.09765625,0.1
128,711,constant,constant,0.46875,0.3125,0.4765625,0.5
128,711,threshold,threshold,0.0703125,0.09375,0.07421875,0.1
128,711,lookup,lookup,0.0703125,0.09375,0.07421875,0.1
128,711,validation_selected,threshold,0.0703125,0.09375,0.07421875,0.1
128,712,constant,constant,0.453125,0.5,0.546875,0.5
128,712,threshold,threshold,0.078125,0.15625,0.0703125,0.1
128,712,lookup,lookup,0.078125,0.15625,0.0703125,0.1
128,712,validation_selected,threshold,0.078125,0.15625,0.0703125,0.1
128,713,constant,constant,0.4921875,0.5625,0.47265625,0.5
128,713,threshold,threshold,0.09375,0.125,0.10546875,0.1
128,713,lookup,lookup,0.09375,0.125,0.10546875,0.1
128,713,validation_selected,threshold,0.09375,0.125,0.10546875,0.1
128,714,constant,constant,0.46875,0.34375,0.46484375,0.5
128,714,threshold,threshold,0.0390625,0.0625,0.078125,0.1
128,714,lookup,lookup,0.0390625,0.0625,0.078125,0.1
128,714,validation_selected,threshold,0.0390625,0.0625,0.078125,0.1
128,715,constant,constant,0.4296875,0.4375,0.46875,0.5
128,715,threshold,threshold,0.1015625,0.125,0.12109375,0.1
128,715,lookup,lookup,0.1015625,0.125,0.12109375,0.1
128,715,validation_selected,threshold,0.1015625,0.125,0.12109375,0.1
128,716,constant,constant,0.4921875,0.375,0.5234375,0.5
128,716,threshold,threshold,0.0703125,0.09375,0.09765625,0.1
128,716,lookup,lookup,0.0703125,0.09375,0.09765625,0.1
128,716,validation_selected,threshold,0.0703125,0.09375,0.09765625,0.1
128,717,constant,constant,0.4765625,0.46875,0.49609375,0.5
128,717,threshold,threshold,0.078125,0.09375,0.12890625,0.1
128,717,lookup,lookup,0.078125,0.09375,0.12890625,0.1
128,717,validation_selected,threshold,0.078125,0.09375,0.12890625,0.1
128,718,constant,constant,0.4140625,0.59375,0.48046875,0.5
128,718,threshold,threshold,0.078125,0.09375,0.0859375,0.1
128,718,lookup,lookup,0.078125,0.09375,0.0859375,0.1
128,718,validation_selected,threshold,0.078125,0.09375,0.0859375,0.1
128,719,constant,constant,0.4765625,0.53125,0.50390625,0.5
128,719,threshold,threshold,0.0859375,0.125,0.140625,0.1
128,719,lookup,lookup,0.0859375,0.125,0.140625,0.1
128,719,validation_selected,threshold,0.0859375,0.125,0.140625,0.1
128,720,constant,constant,0.4921875,0.5625,0.44140625,0.5
128,720,threshold,threshold,0.0703125,0.0,0.13671875,0.1
128,720,lookup,lookup,0.0703125,0.0,0.13671875,0.1
128,720,validation_selected,threshold,0.0703125,0.0,0.13671875,0.1
128,721,constant,constant,0.4609375,0.59375,0.46875,0.5
128,721,threshold,threshold,0.0859375,0.125,0.08203125,0.1
128,721,lookup,lookup,0.0859375,0.125,0.08203125,0.1
128,721,validation_selected,threshold,0.0859375,0.125,0.08203125,0.1
128,722,constant,constant,0.4375,0.71875,0.484375,0.5
128,722,threshold,threshold,0.078125,0.15625,0.078125,0.1
128,722,lookup,lookup,0.078125,0.15625,0.078125,0.1
128,722,validation_selected,threshold,0.078125,0.15625,0.078125,0.1
128,723,constant,constant,0.4921875,0.59375,0.52734375,0.5
128,723,threshold,threshold,0.1171875,0.09375,0.09765625,0.1
128,723,lookup,lookup,0.1171875,0.09375,0.09765625,0.1
128,723,validation_selected,threshold,0.1171875,0.09375,0.09765625,0.1
128,724,constant,constant,0.46875,0.46875,0.4609375,0.5
128,724,threshold,threshold,0.09375,0.09375,0.1015625,0.1
128,724,lookup,lookup,0.09375,0.09375,0.1015625,0.1
128,724,validation_selected,threshold,0.09375,0.09375,0.1015625,0.1
128,725,constant,constant,0.453125,0.53125,0.47265625,0.5
128,725,threshold,threshold,0.0859375,0.0625,0.10546875,0.1
128,725,lookup,lookup,0.0859375,0.0625,0.10546875,0.1
128,725,validation_selected,threshold,0.0859375,0.0625,0.10546875,0.1
128,726,constant,constant,0.4765625,0.53125,0.515625,0.5
128,726,threshold,threshold,0.0703125,0.03125,0.1328125,0.1
128,726,lookup,lookup,0.0703125,0.03125,0.1328125,0.1
128,726,validation_selected,threshold,0.0703125,0.03125,0.1328125,0.1
128,727,constant,constant,0.453125,0.3125,0.55078125,0.5
128,727,threshold,threshold,0.1015625,0.15625,0.10546875,0.1
128,727,lookup,lookup,0.1015625,0.15625,0.10546875,0.1
128,727,validation_selected,threshold,0.1015625,0.15625,0.10546875,0.1
128,728,constant,constant,0.484375,0.46875,0.53515625,0.5
128,728,threshold,threshold,0.109375,0.03125,0.09765625,0.1
128,728,lookup,lookup,0.109375,0.03125,0.09765625,0.1
128,728,validation_selected,threshold,0.109375,0.03125,0.09765625,0.1
128,729,constant,constant,0.4765625,0.46875,0.4921875,0.5
128,729,threshold,threshold,0.109375,0.1875,0.12109375,0.1
128,729,lookup,lookup,0.109375,0.1875,0.12109375,0.1
128,729,validation_selected,threshold,0.109375,0.1875,0.12109375,0.1
128,730,constant,constant,0.46875,0.46875,0.53125,0.5
128,730,threshold,threshold,0.1171875,0.1875,0.1015625,0.1
128,730,lookup,lookup,0.1171875,0.1875,0.1015625,0.1
128,730,validation_selected,threshold,0.1171875,0.1875,0.1015625,0.1
128,731,constant,constant,0.4921875,0.46875,0.49609375,0.5
128,731,threshold,threshold,0.0859375,0.0625,0.09765625,0.1
128,731,lookup,lookup,0.0859375,0.0625,0.09765625,0.1
128,731,validation_selected,threshold,0.0859375,0.0625,0.09765625,0.1
128,732,constant,constant,0.4453125,0.5625,0.44140625,0.5
128,732,threshold,threshold,0.0546875,0.0625,0.078125,0.1
128,732,lookup,lookup,0.0546875,0.0625,0.078125,0.1
128,732,validation_selected,threshold,0.0546875,0.0625,0.078125,0.1
128,733,constant,constant,0.4453125,0.4375,0.53125,0.5
128,733,threshold,threshold,0.1171875,0.0,0.109375,0.1
128,733,lookup,lookup,0.1171875,0.0,0.109375,0.1
128,733,validation_selected,threshold,0.1171875,0.0,0.109375,0.1
128,734,constant,constant,0.4921875,0.5,0.5078125,0.5
128,734,threshold,threshold,0.0859375,0.15625,0.1328125,0.1
128,734,lookup,lookup,0.0859375,0.15625,0.1328125,0.1
128,734,validation_selected,threshold,0.0859375,0.15625,0.1328125,0.1
128,735,constant,constant,0.46875,0.46875,0.48828125,0.5
128,735,threshold,threshold,0.140625,0.15625,0.11328125,0.1
128,735,lookup,lookup,0.140625,0.15625,0.11328125,0.1
128,735,validation_selected,threshold,0.140625,0.15625,0.11328125,0.1
128,736,constant,constant,0.4375,0.46875,0.5390625,0.5
128,736,threshold,threshold,0.0703125,0.15625,0.11328125,0.1
128,736,lookup,lookup,0.0703125,0.15625,0.11328125,0.1
128,736,validation_selected,threshold,0.0703125,0.15625,0.11328125,0.1
128,737,constant,constant,0.4296875,0.59375,0.4609375,0.5
128,737,threshold,threshold,0.125,0.15625,0.12890625,0.1
128,737,lookup,lookup,0.125,0.15625,0.12890625,0.1
128,737,validation_selected,threshold,0.125,0.15625,0.12890625,0.1
128,738,constant,constant,0.4765625,0.625,0.515625,0.5
128,738,threshold,threshold,0.125,0.15625,0.09375,0.1
128,738,lookup,lookup,0.125,0.15625,0.09375,0.1
128,738,validation_selected,threshold,0.125,0.15625,0.09375,0.1
128,739,constant,constant,0.5,0.5,0.5,0.5
128,739,threshold,threshold,0.0390625,0.03125,0.09765625,0.1
128,739,lookup,lookup,0.0390625,0.03125,0.09765625,0.1
128,739,validation_selected,threshold,0.0390625,0.03125,0.09765625,0.1
128,740,constant,constant,0.5,0.46875,0.49609375,0.5
128,740,threshold,threshold,0.1015625,0.1875,0.10546875,0.1
128,740,lookup,lookup,0.1015625,0.1875,0.10546875,0.1
128,740,validation_selected,threshold,0.1015625,0.1875,0.10546875,0.1
128,741,constant,constant,0.40625,0.375,0.53515625,0.5
128,741,threshold,threshold,0.09375,0.0625,0.09765625,0.1
128,741,lookup,lookup,0.09375,0.0625,0.09765625,0.1
128,741,validation_selected,threshold,0.09375,0.0625,0.09765625,0.1
128,742,constant,constant,0.4453125,0.5625,0.49609375,0.5
128,742,threshold,threshold,0.0703125,0.15625,0.1015625,0.1
128,742,lookup,lookup,0.0703125,0.15625,0.1015625,0.1
128,742,validation_selected,threshold,0.0703125,0.15625,0.1015625,0.1
128,743,constant,constant,0.4375,0.46875,0.44921875,0.5
128,743,threshold,threshold,0.0625,0.03125,0.08203125,0.1
128,743,lookup,lookup,0.0625,0.03125,0.08203125,0.1
128,743,validation_selected,threshold,0.0625,0.03125,0.08203125,0.1
128,744,constant,constant,0.4921875,0.4375,0.453125,0.5
128,744,threshold,threshold,0.140625,0.15625,0.1171875,0.1
128,744,lookup,lookup,0.140625,0.15625,0.1171875,0.1
128,744,validation_selected,threshold,0.140625,0.15625,0.1171875,0.1
128,745,constant,constant,0.4921875,0.34375,0.46875,0.5
128,745,threshold,threshold,0.0859375,0.15625,0.07421875,0.1
128,745,lookup,lookup,0.0859375,0.15625,0.07421875,0.1
128,745,validation_selected,threshold,0.0859375,0.15625,0.07421875,0.1
128,746,constant,constant,0.5,0.78125,0.51953125,0.5
128,746,threshold,threshold,0.140625,0.0625,0.07421875,0.1
128,746,lookup,lookup,0.140625,0.0625,0.07421875,0.1
128,746,validation_selected,threshold,0.140625,0.0625,0.07421875,0.1
128,747,constant,constant,0.5,0.46875,0.53125,0.5
128,747,threshold,threshold,0.0703125,0.09375,0.0859375,0.1
128,747,lookup,lookup,0.0703125,0.09375,0.0859375,0.1
128,747,validation_selected,threshold,0.0703125,0.09375,0.0859375,0.1
128,748,constant,constant,0.4453125,0.4375,0.484375,0.5
128,748,threshold,threshold,0.0703125,0.0,0.1015625,0.1
128,748,lookup,lookup,0.0703125,0.0,0.1015625,0.1
128,748,validation_selected,threshold,0.0703125,0.0,0.1015625,0.1
128,749,constant,constant,0.4453125,0.53125,0.4921875,0.5
128,749,threshold,threshold,0.109375,0.0625,0.05078125,0.1
128,749,lookup,lookup,0.109375,0.0625,0.05078125,0.1
128,749,validation_selected,threshold,0.109375,0.0625,0.05078125,0.1
128,750,constant,constant,0.4453125,0.46875,0.484375,0.5
128,750,threshold,threshold,0.109375,0.03125,0.12109375,0.1
128,750,lookup,lookup,0.109375,0.03125,0.12109375,0.1
128,750,validation_selected,threshold,0.109375,0.03125,0.12109375,0.1
128,751,constant,constant,0.4765625,0.4375,0.50390625,0.5
128,751,threshold,threshold,0.1171875,0.125,0.1171875,0.1
128,751,lookup,lookup,0.1171875,0.125,0.1171875,0.1
128,751,validation_selected,threshold,0.1171875,0.125,0.1171875,0.1
128,752,constant,constant,0.4375,0.4375,0.5,0.5
128,752,threshold,threshold,0.1171875,0.09375,0.1171875,0.1
128,752,lookup,lookup,0.1171875,0.09375,0.1171875,0.1
128,752,validation_selected,threshold,0.1171875,0.09375,0.1171875,0.1
128,753,constant,constant,0.4921875,0.46875,0.5234375,0.5
128,753,threshold,threshold,0.0625,0.1875,0.125,0.1
128,753,lookup,lookup,0.0625,0.1875,0.125,0.1
128,753,validation_selected,threshold,0.0625,0.1875,0.125,0.1
128,754,constant,constant,0.4375,0.53125,0.5390625,0.5
128,754,threshold,threshold,0.0859375,0.03125,0.0859375,0.1
128,754,lookup,lookup,0.0859375,0.03125,0.0859375,0.1
128,754,validation_selected,threshold,0.0859375,0.03125,0.0859375,0.1
128,755,constant,constant,0.453125,0.40625,0.53125,0.5
128,755,threshold,threshold,0.0703125,0.0625,0.10546875,0.1
128,755,lookup,lookup,0.0703125,0.0625,0.10546875,0.1
128,755,validation_selected,threshold,0.0703125,0.0625,0.10546875,0.1
128,756,constant,constant,0.4609375,0.53125,0.48046875,0.5
128,756,threshold,threshold,0.1015625,0.1875,0.08203125,0.1
128,756,lookup,lookup,0.1015625,0.1875,0.08203125,0.1
128,756,validation_selected,threshold,0.1015625,0.1875,0.08203125,0.1
128,757,constant,constant,0.4921875,0.59375,0.44921875,0.5
128,757,threshold,threshold,0.09375,0.125,0.05859375,0.1
128,757,lookup,lookup,0.09375,0.125,0.05859375,0.1
128,757,validation_selected,threshold,0.09375,0.125,0.05859375,0.1
128,758,constant,constant,0.4296875,0.46875,0.5234375,0.5
128,758,threshold,threshold,0.125,0.03125,0.109375,0.1
128,758,lookup,lookup,0.125,0.03125,0.109375,0.1
128,758,validation_selected,threshold,0.125,0.03125,0.109375,0.1
128,759,constant,constant,0.484375,0.4375,0.53125,0.5
128,759,threshold,threshold,0.0859375,0.0625,0.0625,0.1
128,759,lookup,lookup,0.0859375,0.0625,0.0625,0.1
128,759,validation_selected,threshold,0.0859375,0.0625,0.0625,0.1
128,760,constant,constant,0.5,0.5,0.5390625,0.5
128,760,threshold,threshold,0.1328125,0.09375,0.10546875,0.1
128,760,lookup,lookup,0.1328125,0.09375,0.10546875,0.1
128,760,validation_selected,threshold,0.1328125,0.09375,0.10546875,0.1
128,761,constant,constant,0.421875,0.5,0.5078125,0.5
128,761,threshold,threshold,0.0859375,0.09375,0.06640625,0.1
128,761,lookup,lookup,0.0859375,0.09375,0.06640625,0.1
128,761,validation_selected,threshold,0.0859375,0.09375,0.06640625,0.1
128,762,constant,constant,0.3671875,0.625,0.5234375,0.5
128,762,threshold,threshold,0.15625,0.28125,0.078125,0.1
128,762,lookup,lookup,0.15625,0.28125,0.078125,0.1
128,762,validation_selected,threshold,0.15625,0.28125,0.078125,0.1
128,763,constant,constant,0.46875,0.4375,0.4375,0.5
128,763,threshold,threshold,0.1484375,0.09375,0.11328125,0.1
128,763,lookup,lookup,0.1484375,0.09375,0.11328125,0.1
128,763,validation_selected,threshold,0.1484375,0.09375,0.11328125,0.1
128,764,constant,constant,0.4296875,0.625,0.484375,0.5
128,764,threshold,threshold,0.0703125,0.09375,0.1171875,0.1
128,764,lookup,lookup,0.0703125,0.09375,0.1171875,0.1
128,764,validation_selected,threshold,0.0703125,0.09375,0.1171875,0.1
128,765,constant,constant,0.4375,0.53125,0.52734375,0.5
128,765,threshold,threshold,0.1015625,0.0625,0.12109375,0.1
128,765,lookup,lookup,0.1015625,0.0625,0.12109375,0.1
128,765,validation_selected,threshold,0.1015625,0.0625,0.12109375,0.1
128,766,constant,constant,0.46875,0.3125,0.48046875,0.5
128,766,threshold,threshold,0.109375,0.09375,0.08984375,0.1
128,766,lookup,lookup,0.109375,0.09375,0.08984375,0.1
128,766,validation_selected,threshold,0.109375,0.09375,0.08984375,0.1
128,767,constant,constant,0.46875,0.4375,0.44921875,0.5
128,767,threshold,threshold,0.0859375,0.0625,0.10546875,0.1
128,767,lookup,lookup,0.0859375,0.0625,0.10546875,0.1
128,767,validation_selected,threshold,0.0859375,0.0625,0.10546875,0.1
128,768,constant,constant,0.484375,0.65625,0.5078125,0.5
128,768,threshold,threshold,0.09375,0.09375,0.0859375,0.1
128,768,lookup,lookup,0.09375,0.09375,0.0859375,0.1
128,768,validation_selected,threshold,0.09375,0.09375,0.0859375,0.1
128,769,constant,constant,0.484375,0.375,0.55078125,0.5
128,769,threshold,threshold,0.140625,0.125,0.0859375,0.1
128,769,lookup,lookup,0.140625,0.125,0.0859375,0.1
128,769,validation_selected,threshold,0.140625,0.125,0.0859375,0.1
128,770,constant,constant,0.4375,0.46875,0.48828125,0.5
128,770,threshold,threshold,0.0703125,0.09375,0.078125,0.1
128,770,lookup,lookup,0.0703125,0.09375,0.078125,0.1
128,770,validation_selected,threshold,0.0703125,0.09375,0.078125,0.1
128,771,constant,constant,0.4296875,0.375,0.44140625,0.5
128,771,threshold,threshold,0.140625,0.0625,0.0859375,0.1
128,771,lookup,lookup,0.140625,0.0625,0.0859375,0.1
128,771,validation_selected,threshold,0.140625,0.0625,0.0859375,0.1
128,772,constant,constant,0.484375,0.40625,0.44921875,0.5
128,772,threshold,threshold,0.0859375,0.0625,0.12109375,0.1
128,772,lookup,lookup,0.0859375,0.0625,0.12109375,0.1
128,772,validation_selected,threshold,0.0859375,0.0625,0.12109375,0.1
128,773,constant,constant,0.5,0.71875,0.48828125,0.5
128,773,threshold,threshold,0.15625,0.15625,0.0859375,0.1
128,773,lookup,lookup,0.15625,0.15625,0.0859375,0.1
128,773,validation_selected,threshold,0.15625,0.15625,0.0859375,0.1
128,774,constant,constant,0.4453125,0.375,0.50390625,0.5
128,774,threshold,threshold,0.078125,0.09375,0.08984375,0.1
128,774,lookup,lookup,0.078125,0.09375,0.08984375,0.1
128,774,validation_selected,threshold,0.078125,0.09375,0.08984375,0.1
128,775,constant,constant,0.40625,0.5,0.4921875,0.5
128,775,threshold,threshold,0.078125,0.03125,0.125,0.1
128,775,lookup,lookup,0.078125,0.03125,0.125,0.1
128,775,validation_selected,threshold,0.078125,0.03125,0.125,0.1
128,776,constant,constant,0.4375,0.4375,0.44921875,0.5
128,776,threshold,threshold,0.15625,0.125,0.11328125,0.1
128,776,lookup,lookup,0.15625,0.125,0.11328125,0.1
128,776,validation_selected,threshold,0.15625,0.125,0.11328125,0.1
128,777,constant,constant,0.4609375,0.375,0.52734375,0.5
128,777,threshold,threshold,0.078125,0.125,0.14453125,0.1
128,777,lookup,lookup,0.078125,0.125,0.14453125,0.1
128,777,validation_selected,threshold,0.078125,0.125,0.14453125,0.1
128,778,constant,constant,0.4921875,0.4375,0.4921875,0.5
128,778,threshold,threshold,0.0703125,0.15625,0.0625,0.1
128,778,lookup,lookup,0.0703125,0.15625,0.0625,0.1
128,778,validation_selected,threshold,0.0703125,0.15625,0.0625,0.1
128,779,constant,constant,0.4453125,0.75,0.50390625,0.5
128,779,threshold,threshold,0.109375,0.0625,0.06640625,0.1
128,779,lookup,lookup,0.109375,0.0625,0.06640625,0.1
128,779,validation_selected,threshold,0.109375,0.0625,0.06640625,0.1
128,780,constant,constant,0.4296875,0.5,0.44921875,0.5
128,780,threshold,threshold,0.046875,0.15625,0.1015625,0.1
128,780,lookup,lookup,0.046875,0.15625,0.1015625,0.1
128,780,validation_selected,threshold,0.046875,0.15625,0.1015625,0.1
128,781,constant,constant,0.4375,0.5625,0.5078125,0.5
128,781,threshold,threshold,0.0625,0.15625,0.10546875,0.1
128,781,lookup,lookup,0.0625,0.15625,0.10546875,0.1
128,781,validation_selected,threshold,0.0625,0.15625,0.10546875,0.1
128,782,constant,constant,0.4765625,0.28125,0.40625,0.5
128,782,threshold,threshold,0.0859375,0.125,0.08984375,0.1
128,782,lookup,lookup,0.0859375,0.125,0.08984375,0.1
128,782,validation_selected,threshold,0.0859375,0.125,0.08984375,0.1
128,783,constant,constant,0.484375,0.4375,0.51953125,0.5
128,783,threshold,threshold,0.1484375,0.09375,0.1015625,0.1
128,783,lookup,lookup,0.1484375,0.09375,0.1015625,0.1
128,783,validation_selected,threshold,0.1484375,0.09375,0.1015625,0.1
128,784,constant,constant,0.453125,0.5,0.44921875,0.5
128,784,threshold,threshold,0.109375,0.0625,0.11328125,0.1
128,784,lookup,lookup,0.109375,0.0625,0.11328125,0.1
128,784,validation_selected,threshold,0.109375,0.0625,0.11328125,0.1
128,785,constant,constant,0.40625,0.5,0.55859375,0.5
128,785,threshold,threshold,0.078125,0.15625,0.1015625,0.1
128,785,lookup,lookup,0.078125,0.15625,0.1015625,0.1
128,785,validation_selected,threshold,0.078125,0.15625,0.1015625,0.1
128,786,constant,constant,0.4765625,0.375,0.5078125,0.5
128,786,threshold,threshold,0.1015625,0.09375,0.04296875,0.1
128,786,lookup,lookup,0.1015625,0.09375,0.04296875,0.1
128,786,validation_selected,threshold,0.1015625,0.09375,0.04296875,0.1
128,787,constant,constant,0.4453125,0.46875,0.5234375,0.5
128,787,threshold,threshold,0.0546875,0.125,0.1015625,0.1
128,787,lookup,lookup,0.0546875,0.125,0.1015625,0.1
128,787,validation_selected,threshold,0.0546875,0.125,0.1015625,0.1
128,788,constant,constant,0.46875,0.5,0.51953125,0.5
128,788,threshold,threshold,0.1171875,0.1875,0.12109375,0.1
128,788,lookup,lookup,0.1171875,0.1875,0.12109375,0.1
128,788,validation_selected,threshold,0.1171875,0.1875,0.12109375,0.1
128,789,constant,constant,0.4921875,0.40625,0.45703125,0.5
128,789,threshold,threshold,0.125,0.0625,0.1171875,0.1
128,789,lookup,lookup,0.125,0.0625,0.1171875,0.1
128,789,validation_selected,threshold,0.125,0.0625,0.1171875,0.1
128,790,constant,constant,0.421875,0.59375,0.5390625,0.5
128,790,threshold,threshold,0.109375,0.09375,0.09765625,0.1
128,790,lookup,lookup,0.109375,0.09375,0.09765625,0.1
128,790,validation_selected,threshold,0.109375,0.09375,0.09765625,0.1
128,791,constant,constant,0.4921875,0.53125,0.4921875,0.5
128,791,threshold,threshold,0.1171875,0.0625,0.0859375,0.1
128,791,lookup,lookup,0.1171875,0.0625,0.0859375,0.1
128,791,validation_selected,threshold,0.1171875,0.0625,0.0859375,0.1
128,792,constant,constant,0.453125,0.53125,0.546875,0.5
128,792,threshold,threshold,0.1171875,0.09375,0.1171875,0.1
128,792,lookup,lookup,0.1171875,0.09375,0.1171875,0.1
128,792,validation_selected,threshold,0.1171875,0.09375,0.1171875,0.1
128,793,constant,constant,0.4921875,0.4375,0.484375,0.5
128,793,threshold,threshold,0.1171875,0.0625,0.09375,0.1
128,793,lookup,lookup,0.1171875,0.0625,0.09375,0.1
128,793,validation_selected,threshold,0.1171875,0.0625,0.09375,0.1
128,794,constant,constant,0.4609375,0.5625,0.5,0.5
128,794,threshold,threshold,0.09375,0.0625,0.1171875,0.1
128,794,lookup,lookup,0.09375,0.0625,0.1171875,0.1
128,794,validation_selected,threshold,0.09375,0.0625,0.1171875,0.1
128,795,constant,constant,0.4765625,0.4375,0.55078125,0.5
128,795,threshold,threshold,0.171875,0.09375,0.09765625,0.1
128,795,lookup,lookup,0.171875,0.09375,0.09765625,0.1
128,795,validation_selected,threshold,0.171875,0.09375,0.09765625,0.1
128,796,constant,constant,0.46875,0.5,0.46484375,0.5
128,796,threshold,threshold,0.0546875,0.0625,0.10546875,0.1
128,796,lookup,lookup,0.0546875,0.0625,0.10546875,0.1
128,796,validation_selected,threshold,0.0546875,0.0625,0.10546875,0.1
128,797,constant,constant,0.453125,0.53125,0.53515625,0.5
128,797,threshold,threshold,0.1171875,0.0625,0.09765625,0.1
128,797,lookup,lookup,0.1171875,0.0625,0.09765625,0.1
128,797,validation_selected,threshold,0.1171875,0.0625,0.09765625,0.1
128,798,constant,constant,0.453125,0.5,0.48046875,0.5
128,798,threshold,threshold,0.1171875,0.09375,0.06640625,0.1
128,798,lookup,lookup,0.1171875,0.09375,0.06640625,0.1
128,798,validation_selected,threshold,0.1171875,0.09375,0.06640625,0.1
128,799,constant,constant,0.484375,0.46875,0.5390625,0.5
128,799,threshold,threshold,0.109375,0.125,0.10546875,0.1
128,799,lookup,lookup,0.109375,0.125,0.10546875,0.1
128,799,validation_selected,threshold,0.109375,0.125,0.10546875,0.1
