mode,lr,seed,step,train_objective,train_weighted_half_mse,train_entity_half_mse,validation_entity_half_mse,gradient_norm
row,0.03,4211,0,0.3681315288942972,0.3632500929997499,0.3877468387101874,0.1951203278844612,0.5550103145290876
row,0.03,4211,1,0.35906077518824236,0.35418256136605286,0.380049237000771,0.1891037113806618,0.5345933091040953
row,0.03,4211,2,0.35064376598650676,0.3457679378898201,0.37296166519046403,0.18364434767899715,0.5150934119128809
row,0.03,4211,3,0.3428284141194328,0.3379542222657663,0.3664339207115864,0.1786937099458406,0.49645623337305167
row,0.03,4211,4,0.3355673419449429,0.3306941155632396,0.3604202856496734,0.1742077334259014,0.47863157704612447
row,0.03,4211,5,0.3288173931725179,0.32394453282848185,0.3548790741809771,0.17014636004649683,0.4615730619414135
row,0.03,4211,6,0.32253920187264584,0.3176661727925637,0.34977223208474584,0.16647313535575028,0.44523778459752755
row,0.03,4211,7,0.316696811219238,0.31182313724153055,0.3450649815550081,0.16315485103428173,0.429586015745173
row,0.03,4211,8,0.31125733559131125,0.30638259368295134,0.3407255055263996,0.16016122719904585,0.414580927171068
row,0.03,4211,9,0.3061906605649742,0.30131447584681237,0.3367246665568374,0.1574646295387268,0.400188345081174
row,0.03,4211,10,0.3014691760884704,0.2965912173195703,0.33303575600563773,0.15503981701073435,0.3863765268251678
row,0.03,4211,11,0.29706753877679365,0.2921875142532097,0.3296342698324168,0.15286371641316734,0.37311595831238714
row,0.03,4211,12,0.292962459808473,0.2880801136366042,0.32649770783874354,0.1509152206395794,0.3603791698385246
row,0.03,4211,13,0.28913251537203033,0.2842476240808357,0.3236053935964013,0.1491750078450188,0.34814056836561946
row,0.03,4211,14,0.2855579770067584,0.2806703464667989,0.3209383126657609,0.14762537911086518,0.3363762845667342
row,0.03,4211,15,0.282220659522858,0.27733012214339015,0.3184789670153859,0.14625011250347342,0.325064033170529
row,0.03,4211,16,0.27910378447862133,0.2742101966568671,0.3162112438179575,0.14503433168578933,0.3141829853276684
row,0.03,4211,17,0.27619185744469404,0.27129509724399226,0.3141202970247986,0.14396438746870843,0.30371365187714733
row,0.03,4211,18,0.27347055750363614,0.2685705225394793,0.31219244031739135,0.14302775088561615,0.29363777652169265
row,0.03,4211,19,0.2709266376221349,0.26602324313714953,0.3104150502040153,0.14221291654393425,0.28393823803185986
row,0.03,4211,20,0.26854783469755766,0.2636410118083215,0.3087764781769138,0.14150931515547993,0.2745989606920484
row,0.03,4211,21,0.266322788223621,0.2614124823238533,0.3072659709734915,0.14090723427627067,0.2656048322814619
row,0.03,4211,22,0.26424096664479546,0.25932713595092866,0.3058735980966926,0.14039774639879593,0.25694162895154216
row,0.03,4211,23,0.26229260057817033,0.25737521480463277,0.3045901858472207,0.13997264363802686,0.24859594642067495
row,0.03,4211,24,0.26046862217701455,0.25554766132974016,0.3034072572055812,0.13962437833847774,0.24055513695863884
row,0.03,4211,25,0.25876060999400197,0.25383606327174957,0.30231697697670734,0.13934600900512356,0.2328072516787307
row,0.03,4211,26,0.2571607387755591,0.2522326035695846,0.3013121016755722,0.13913115102730952,0.22534098769580516
row,0.03,4211,27,0.2556617336833841,0.2507300146668731,0.30038593368990096,0.13897393172316047,0.21814563974451215
row,0.03,4211,28,0.254256828495996,0.24932153679544614,0.2995322793068922,0.13886894928343968,0.21121105588449351
row,0.03,4211,29,0.2529397273932004,0.24800087983464467,0.2987454102356297,0.13881123523919306,0.20452759694877254
row,0.03,4211,30,0.2517045699704404,0.2467621883940415,0.2980200282963711,0.1387962201176136,0.1980860994184821
row,0.03,4211,31,0.25054589916887865,0.2456000098059982,0.29735123298279487,0.13881970198602356,0.19187784143179232
row,0.03,4211,32,0.24945863184136732,0.24450926474873497,0.2967344916341479,0.13887781761527263,0.18589451165769041
row,0.03,4211,33,0.24843803170476214,0.24348522025084174,0.296165611981543,0.13896701602168016,0.18012818078637358
row,0.03,4211,34,0.24747968445580984,0.24252346485488752,0.2956407168568628,0.1390840341713435,0.17457127540761347
row,0.03,4211,35,0.2465794748515176,0.24161988574142454,0.2951562208741843,0.13922587465256314,0.1692165540666936
row,0.03,4211,36,0.2457335655758553,0.24077064763559078,0.294708808912693,0.1393897851416328,0.16405708530452684
row,0.03,4211,37,0.24493837773318938,0.2399721733370303,0.29429541624698724,0.13957323950459063,0.15908622750443258
row,0.03,4211,38,0.24419057282527631,0.23922112573025026,0.293913210185732,0.1397739203929827,0.15429761038287096
row,0.03,4211,39,0.24348703608320654,0.23851439114707165,0.2935595730930335,0.13998970320546794,0.14968511797528045
row,0.03,4211,40,0.24282486103861506,0.2378490639657308,0.2932320866788567,0.14021864129939404,0.1452428729810905
row,0.03,4211,41,0.2422013352299441,0.23722243234263835,0.2929285174554783,0.14045895234746172,0.14096522234405515
row,0.03,4211,42,0.2416139269497423,0.23663196498298036,0.2926468032664945,0.1407090057444236,0.13684672395531397
row,0.03,4211,43,0.2410602729480502,0.23607529886539574,0.2923850408034294,0.1409673109775654,0.13288213437708743
row,0.03,4211,44,0.24053816701499858,0.2355502278440233,0.2921414740326238,0.14123250688260508,0.12906639749468354
row,0.03,4211,45,0.24004554937293907,0.2350546920583923,0.29191448346193194,0.14150335171372624,0.12539463401358458
row,0.03,4211,46,0.23958049681485163,0.2345867680880403,0.2917025761829011,0.14177871396282332,0.12186213172680772
row,0.03,4211,47,0.2391412135315072,0.23414465979446544,0.29150437662963974,0.1420575638687584,0.11846433648554579
row,0.03,4211,48,0.23872602257499717,0.2337266897981426,0.29131861800055864,0.14233896556258296,0.11519684381329579
row,0.03,4211,49,0.2383333579108396,0.23333129154292026,0.29114413429366315,0.14262206979932843,0.11205539111031827
row,0.03,4211,50,0.23796175701499514,0.23295700190423074,0.2909798529101302,0.142906107231163,0.1090358504013434
row,0.03,4211,51,0.2376098539758332,0.232602454301244,0.2908247877845762,0.14319038218051097,0.10613422158497879
row,0.03,4211,52,0.23727637306442284,0.23226637227642313,0.29067803300375,0.14347426687516315,0.10334662614828832
row,0.03,4211,53,0.2369601227395313,0.23194756350894075,0.2905387568784016,0.14375719611052437,0.10066930131451986
row,0.03,4211,54,0.23665999005642654,0.23164491423112188,0.29040619643582766,0.14403866230696866,0.09809859459596747
row,0.03,4211,55,0.23637493545103713,0.23135738401953215,0.29027965230308916,0.14431821093284497,0.09563095872748167
row,0.03,4211,56,0.23610398787324738,0.23108400093454728,0.29015848395318256,0.1445954362660129,0.09326294695919204
row,0.03,4211,57,0.23584624024512826,0.2308238569842595,0.29004210528852303,0.14486997746892027,0.09099120868960092
row,0.03,4211,58,0.23560084522173996,0.23057610389040575,0.289929980538008,0.14514151495417973,0.08881248542235236
row,0.03,4211,59,0.2353670112338168,0.23033994913567543,0.28982162044567394,0.14540976701937697,0.0867236070316988
row,0.03,4211,60,0.23514399879317469,0.2301146522732791,0.28971657873055945,0.14567448673146965,0.08472148832299883
row,0.03,4211,61,0.2349311170430769,0.22989952148105308,0.28961444879886467,0.14593545904262467,0.08280312587550342
row,0.03,4211,62,0.23472772053707486,0.22969391034365266,0.2895148606908462,0.14619249812070562,0.0809655951552593
row,0.03,4211,63,0.2345332062310142,0.22949721484755659,0.2894174782461399,0.14644544487887656,0.07920604788620715
row,0.03,4211,64,0.23434701067397645,0.2293088705746834,0.2893219964723517,0.14669416468993768,0.07752170966751475
row,0.03,4211,65,0.2341686073849184,0.22912835008141,0.2892281391028224,0.14693854527207095,0.07590987782491321
row,0.03,4211,66,0.23399750440268874,0.22895516045069686,0.28913565633045546,0.14717849473364492,0.07436791948333149
row,0.03,4211,67,0.23383324199794459,0.22878884100586663,0.2890443227054047,0.14741393976563127,0.07289326984751245
row,0.03,4211,68,0.23367539053627376,0.22862896117536335,0.2889539351852667,0.14764482397101203,0.07148343067658809
row,0.03,4211,69,0.23352354848255083,0.22847511849854013,0.2888643113271999,0.14787110632132364,0.07013596893784725
row,0.03,4211,70,0.2333773405372243,0.22832693676319124,0.28877528761212,0.14809275973119157,0.068848515624196
row,0.03,4211,71,0.23323641589585664,0.22818406426616672,0.2886867178917971,0.14830976974236332,0.0676187647191416
row,0.03,4211,72,0.23310044662381166,0.2280461721889801,0.28859847195030264,0.14852213330935354,0.06644447229256947
row,0.03,4211,73,0.23296912613852602,0.22791295308085932,0.2885104341718408,0.1487298576793758,0.06532345571016498
row,0.03,4211,74,0.23284216779229505,0.22778411944218518,0.2884225023075371,0.1489329593597554,0.06425359293909928
row,0.03,4211,75,0.23271930354897297,0.22765940240172824,0.28833458633426606,0.1491314631664987,0.06323282193256805
row,0.03,4211,76,0.23260028274841643,0.22753855048152527,0.2882466073990657,0.14932540134814254,0.06225914007596464
row,0.03,4211,77,0.23248487095290782,0.22742132844364069,0.2881584968431272,0.1495148127794207,0.06133060367789051
row,0.03,4211,78,0.2323728488701683,0.2273075162134331,0.2880701952997552,0.14969974221967022,0.0604453274898566
row,0.03,4211,79,0.23226401134792415,0.22719690787429855,0.28798165186107666,0.1498802396312583,0.05960148423939518
row,0.03,4211,80,0.2321581664353177,0.2270893107291896,0.28789282330862753,0.15005635955364133,0.05879730416237011
row,0.03,4211,81,0.23205513450676032,0.22698454442451493,0.2878036734032823,0.15022816052897817,0.058031074521515
row,0.03,4211,82,0.23195474744411237,0.22688244013231118,0.2877141722302957,0.15039570457550572,0.057301139099617676
row,0.03,4211,83,0.23185684787334263,0.22678283978684466,0.28762429559551955,0.15055905670515174,0.05660589765726831
row,0.03,4211,84,0.23176128845206914,0.22668559537205146,0.28753402446912013,0.15071828448210917,0.055943805346664814
row,0.03,4211,85,0.23166793120461993,0.22659056825645857,0.28744334447337955,0.15087345761932555,0.05531337207458338
row,0.03,4211,86,0.23157664690146856,0.22649762857244593,0.28735224541139337,0.15102464761007794,0.05471316180923899
row,0.03,4211,87,0.2314873144801061,0.22640665463691503,0.28726072083369825,0.15117192739200166,0.05414179182734799
row,0.03,4211,88,0.23139982050460303,0.2263175324106214,0.2871687676400676,0.151315371041129,0.0535979318992271
row,0.03,4211,89,0.2313140586612915,0.22623015499360502,0.2870763857139019,0.1514550534936659,0.053080303411200354
row,0.03,4211,90,0.2312299292881705,0.22614442215432373,0.2869835775868207,0.15159105029339698,0.05258767842590479
row,0.03,4211,91,0.23114733893578848,0.22606023989024837,0.28689034813122594,0.15172343736275817,0.05211887868228224
row,0.03,4211,92,0.23106619995750993,0.22597752001782692,0.28679670427876625,0.1518522907957564,0.051672774538092596
row,0.03,4211,93,0.23098643012720532,0.22589617978986115,0.28670265476276935,0.15197768667104633,0.051248283858686856
row,0.03,4211,94,0.23090795228253652,0.22581614153846874,0.28660820988285163,0.15209970088359404,0.05084437085652406
row,0.03,4211,95,0.2308306939921267,0.22573733234192273,0.2865133812900341,0.15221840899347075,0.050460044886512886
row,0.03,4211,96,0.23075458724501882,0.22565968371377332,0.28641818179081574,0.15233388609042497,0.05009435920270424
row,0.03,4211,97,0.23067956816093121,0.22558313131276286,0.2863226251687598,0.15244620667297784,0.04974640968217039
row,0.03,4211,98,0.23060557671991658,0.22550761467214112,0.28622672602225596,0.15255544454087855,0.04941533352208201
row,0.03,4211,99,0.23053255651012444,0.2254330769470826,0.2861304996172117,0.15266167269984024,0.049100307916054166
row,0.03,4211,100,0.23046045449245156,0.22535946467899126,0.2860339617535184,0.152764963277556,0.04880054871578577
row,0.03,4211,101,0.2303892207809468,0.2252867275755604,0.2859371286442175,0.15286538745006714,0.04851530908387978
row,0.03,4211,102,0.2303188084379119,0.22521481830552947,0.28584001680637083,0.1529630153776249,0.0482438781435168
row,0.03,4211,103,0.23024917328270875,0.2251436923071503,0.28574264296271157,0.15305791614924918,0.04798557963037519
row,0.03,4211,104,0.23018027371335242,0.2250733076094413,0.285645023953216,0.15315015773524684,0.047739770551862966
row,0.03,4211,105,0.23011207054002697,0.2250036246653686,0.28554717665580204,0.15323980694700773,0.047505839858357955
row,0.03,4211,106,0.2300445268297228,0.22493460619615246,0.2854491179154164,0.1533269294034465,0.04728320713076078
row,0.03,4211,107,0.22997760776124393,0.22486621704594845,0.2853508644808268,0.15341158950350592,0.047071321288252796
row,0.03,4211,108,0.22991128048988732,0.22479842404620531,0.28525243294848635,0.15349385040418206,0.04686965931973379
row,0.03,4211,109,0.22984551402114034,0.22473119588904678,0.28515383971288133,0.1535737740035708,0.046677725041998804
row,0.03,4211,110,0.22978027909278878,0.2246645030090691,0.2850551009228224,0.15365142092847645,0.04649504788729927
row,0.03,4211,111,0.22971554806486683,0.2245983174729867,0.2849562324431739,0.15372685052615373,0.04632118172254007
row,0.03,4211,112,0.22965129481691932,0.22453261287659615,0.28485724982155664,0.1538001208597924,0.0461557037019794
row,0.03,4211,113,0.22958749465208358,0.2244673642485659,0.28475816825959477,0.15387128870738012,0.04599821315494127
row,0.03,4211,114,0.22952412420752805,0.22440254796058906,0.28465900258830823,0.15394040956360963,0.0458483305097096
row,0.03,4211,115,0.22946116137082023,0.22433814164347246,0.2845597672472831,0.15400753764452196,0.04570569625446266
row,0.03,4211,116,0.22939858520182227,0.2242741241087592,0.2844604762672816,0.15407272589460128,0.04556996993581575
row,0.03,4211,117,0.22933637585974118,0.2242104752755129,0.28436114325597683,0.15413602599606102,0.04544082919528121
row,0.03,4211,118,0.22927451453498512,0.22414717610191476,0.2842617813865242,0.15419748838007954,0.04531796884371691
row,0.03,4211,119,0.22921298338550192,0.22408420852134864,0.28416240338870213,0.15425716223976538,0.04520109997362375
row,0.03,4211,120,0.22915176547729635,0.2240215553826726,0.28406302154237695,0.15431509554464884,0.04508994910896851
row,0.03,4211,121,0.22909084472884497,0.22395920039439357,0.28396364767306426,0.15437133505651338,0.04498425739204166
row,0.03,4211,122,0.22903020585914463,0.2238971280724829,0.2838642931493795,0.15442592634639649,0.04488377980672372
row,0.03,4211,123,0.22896983433915105,0.22383532369158798,0.28376496888218544,0.15447891381260295,0.04478828443740931
row,0.03,4211,124,0.2289097163463774,0.22377377323941028,0.28366568532525904,0.1545303406995882,0.04469755176274082
row,0.03,4211,125,0.2288498387224412,0.22371246337403827,0.28356645247731715,0.15458024911757945,0.044611373983218176
row,0.03,4211,126,0.22879018893336095,0.22365138138403595,0.28346727988525117,0.15462868006281688,0.04452955438168517
row,0.03,4211,127,0.22873075503241697,0.2235905151511018,0.2833681766484338,0.15467567343830363,0.04445190671564093
row,0.03,4211,128,0.2286715256254051,0.22352985311512646,0.28326915142397346,0.1547212680749675,0.04437825464028569
row,0.03,4211,129,0.2286124898381218,0.223469384241488,0.28317021243280077,0.15476550175314188,0.044308431161183146
row,0.03,4211,130,0.22855363728593175,0.22340909799043493,0.2830713674664822,0.15480841122428574,0.04424227811540427
row,0.03,4211,131,0.22849495804527814,0.22334898428841804,0.2829726238946657,0.15485003223286636,0.04417964568001118
row,0.03,4211,132,0.22843644262700524,0.2232890335012397,0.2828739886730687,0.15489039953833925,0.04412039190674001
row,0.03,4211,133,0.22837808195137352,0.22322923640890122,0.2827754683519307,0.15492954693716288,0.04406438228174747
row,0.03,4211,134,0.22831986732465284,0.22316958418203353,0.28267706908485574,0.15496750728479447,0.04401148930930225
row,0.03,4211,135,0.22826179041718972,0.22311006835980712,0.28257879663797925,0.15500431251761726,0.04396159211831912
row,0.03,4211,136,0.22820384324285026,0.22305068082922253,0.2824806563993986,0.15503999367475424,0.04391457609065618
row,0.03,4211,137,0.22814601813974728,0.22299141380569001,0.282382653388813,0.15507458091973036,0.04387033251012318
row,0.03,4211,138,0.2280883077521668,0.22293225981481335,0.2822847922673226,0.1551081035619468,0.04382875823117737
row,0.03,4211,139,0.22803070501361447,0.2228732116752981,0.28218707734734205,0.1551405900779363,0.04378975536631435
row,0.03,4211,140,0.22797320313090802,0.2228142624829105,0.2820895126025891,0.15517206813237272,0.043753230991194596
row,0.03,4211,141,0.22791579556924663,0.22275540559541757,0.28199210167810973,0.1552025645988096,0.04371909686658094
row,0.03,4211,142,0.22785847603819354,0.2226966346184448,0.28189484790030944,0.15523210558012715,0.04368726917619684
row,0.03,4211,143,0.22780123847851128,0.22263794339219056,0.28179775428695913,0.15526071642866918,0.04365766827965107
row,0.03,4211,144,0.2277440770497946,0.22257932597894217,0.28170082355715126,0.15528842176605417,0.04363021847960939
row,0.03,4211,145,0.2276869861188482,0.22252077665134068,0.28160405814118133,0.1553152455026471,0.043604847802431186
row,0.03,4211,146,0.2276299602487613,0.22246228988134645,0.2815074601903358,0.15534121085668082,0.043581487791521455
row,0.03,4211,147,0.2275729941886342,0.22240386032985998,0.2814110315865659,0.155366340373017,0.0435600733126861
row,0.03,4211,148,0.22751608286391348,0.2223454828369555,0.2813147739520335,0.15539065594154045,0.043540542370810426
row,0.03,4211,149,0.22745922136729793,0.2222871524126881,0.2812186886585135,0.15541417881517933,0.043522835937215086
row,0.03,4211,150,0.2274024049501774,0.22222886422843774,0.28112277683664105,0.1554369296275483,0.043506897787075574
row,0.03,4211,151,0.2273456290145714,0.22217061360875573,0.2810270393849936,0.1554589284102098,0.04349267434632342
row,0.03,4211,152,0.2272888891055345,0.2221123960236815,0.28093147697899756,0.15548019460955365,0.04348011454747596
row,0.03,4211,153,0.2272321809039999,0.22205420708150037,0.2808360900796535,0.1555007471032919,0.04346916969387336
row,0.03,4211,154,0.22717550022003274,0.22199604252191402,0.28074087894207256,0.15552060421657118,0.04345979333182701
row,0.03,4211,155,0.227118842986467,0.2219378982095975,0.2806458436238197,0.15553978373770203,0.043451941130212245
row,0.03,4211,156,0.22706220525290277,0.22187977012811927,0.28055098399305906,0.15555830293350792,0.04344557076706353
row,0.03,4211,157,0.22700558318004063,0.22182165437420104,0.2804562997364988,0.15557617856429667,0.043440641822754936
row,0.03,4211,158,0.22694897303433212,0.22176354715229615,0.28036179036713366,0.15559342689845623,0.043437115679372355
row,0.03,4211,159,0.2268923711829272,0.22170544476946774,0.2802674552317822,0.15561006372668051,0.04343495542590705
row,0.03,4211,160,0.2268357740888997,0.22164734363054683,0.2801732935184205,0.1556261043758276,0.04343412576892011
row,0.03,4211,161,0.22677917830673394,0.22158924023355442,0.28007930426330924,0.15564156372241672,0.043434592948349116
row,0.03,4211,162,0.2267225804780566,0.2215311311653707,0.27998548635791765,0.1556564562057675,0.04343632465814743
row,0.03,4211,163,0.22666597732759894,0.221473013097637,0.27989183855564304,0.15567079584078827,0.043439289971463596
row,0.03,4211,164,0.22660936565937503,0.2214148827828756,0.2797983594783285,0.15568459623041814,0.0434434592700872
row,0.03,4211,165,0.22655274235306339,0.22135673705081535,0.27970504762257986,0.15569787057772927,0.043448804177903665
row,0.03,4211,166,0.22649610436057951,0.22129857280490978,0.2796119013658857,0.15571063169769558,0.04345529749811471
row,0.03,4211,167,0.22643944870282842,0.22124038701903725,0.27951891897254033,0.15572289202863374,0.043462913153997446
row,0.03,4211,168,0.2263827724666256,0.22118217673437146,0.2794260985993749,0.155734663643323,0.043471626132988335
row,0.03,4211,169,0.22632607280177736,0.22112393905641287,0.27933343830129875,0.1557459582598112,0.043481412433890636
row,0.03,4211,170,0.22626934691831116,0.22106567115217202,0.2792409360366537,0.15575678725191217,0.04349224901701733
row,0.03,4211,171,0.22621259208384614,0.22100737024749456,0.2791485896723854,0.15576716165940258,0.04350411375709254
row,0.03,4211,172,0.22615580562109727,0.22094903362452156,0.2790563969890359,0.1557770921979242,0.04351698539874518
row,0.03,4211,173,0.22609898490550415,0.22089065861927593,0.2789643556855589,0.15578658926859862,0.043530843514439164
row,0.03,4211,174,0.2260421273629783,0.2208322426193689,0.27887246338396365,0.15579566296736086,0.04354566846469395
row,0.03,4211,175,0.2259852304677612,0.22077378306181866,0.2787807176337911,0.1558043230940191,0.04356144136045902
row,0.03,4211,176,0.225928291740388,0.2207152774309759,0.2786891159164244,0.15581257916104688,0.04357814402751266
row,0.03,4211,177,0.2258713087457502,0.22065672325654986,0.2785976556492405,0.15582044040211437,0.043595758972765235
row,0.03,4211,178,0.22581427909125162,0.22059811811172886,0.278506334189604,0.15582791578036573,0.043614269352353886
row,0.03,4211,179,0.22575720042505348,0.22053945961139113,0.27841514883870977,0.15583501399644856,0.04363365894142261
row,0.03,4211,180,0.22570007043440254,0.22048074541039997,0.2783240968452761,0.1558417434963022,0.043653912105487976
row,0.03,4211,181,0.2256428868440391,0.22042197320197987,0.27823317540909476,0.15584811247871155,0.04367501377329797
row,0.03,4211,182,0.22558564741467899,0.22036314071616778,0.27814238168443983,0.15585412890263184,0.04369694941109626
row,0.03,4211,183,0.22552834994156676,0.22030424571833662,0.2780517127833402,0.15585980049429154,0.04371970499820978
row,0.03,4211,184,0.2254709922530961,0.22024528600778712,0.27796116577872,0.15586513475407895,0.043743267003883354
row,0.03,4211,185,0.22541357220949365,0.2201862594164038,0.2778707377074102,0.15587013896321827,0.043767622365288854
row,0.03,4211,186,0.22535608770156287,0.2201271638073724,0.27778042557303606,0.15587482019024182,0.04379275846664188
row,0.03,4211,187,0.22529853664948518,0.2200679970739552,0.2776902263487824,0.15587918529726333,0.04381866311936202
row,0.03,4211,188,0.22524091700167506,0.22000875713832113,0.27760013698004327,0.15588324094605838,0.04384532454321781
row,0.03,4211,189,0.22518322673368668,0.21994944195042868,0.27751015438695725,0.15588699360395775,0.043872731348400584
row,0.03,4211,190,0.22512546384716944,0.219890049486958,0.2774202754668328,0.1558904495495584,0.04390087251847478
row,0.03,4211,191,0.22506762636886937,0.21983057775029027,0.27733049709646795,0.15589361487825817,0.04392973739415546
row,0.03,4211,192,0.22500971234967512,0.2197710247675318,0.27724081613436646,0.155896495507619,0.04395931565786819
row,0.03,4211,193,0.22495171986370519,0.21971138858958067,0.2771512294228551,0.15589909718256345,0.0439895973190461
row,0.03,4211,194,0.22489364700743555,0.21965166729023428,0.27706173379010457,0.15590142548041042,0.044020572700125445
row,0.03,4211,195,0.22483549189886481,0.21959185896533484,0.27697232605205746,0.15590348581575364,0.04405223242320095
row,0.03,4211,196,0.2247772526767154,0.21953196173195222,0.2768830030142673,0.15590528344518864,0.04408456739730417
row,0.03,4211,197,0.22471892749966926,0.21947197372760124,0.2767937614736501,0.1559068234718927,0.04411756880627352
row,0.03,4211,198,0.2246605145456359,0.2194118931094925,0.27670459822015286,0.15590811085006115,0.04415122809718188
row,0.03,4211,199,0.22460201201105226,0.21935171805381523,0.2766155100383422,0.15590915038920622,0.044185536969294094
row,0.03,4211,200,0.22454341811021142,0.21929144675504986,0.2765264937089142,0.1559099467583211,0.04422048736352548
row,0.03,4211,201,0.22448473107462047,0.21923107742531017,0.27643754601013004,0.1559105044899141,0.04425607145237527
row,0.03,4211,202,0.22442594915238495,0.2191706082937125,0.2763486637191796,0.15591082798391678,0.044292281630310654
row,0.03,4211,203,0.2243670706076191,0.2191100376057715,0.27625984361347544,0.1559109215114701,0.044329110504577884
row,0.03,4211,204,0.22430809371988114,0.21904936362282112,0.27617108247188005,0.15591078921859206,0.044366550886418596
row,0.03,4211,205,0.2242490167836316,0.21898858462145948,0.27608237707586836,0.15591043512973068,0.04440459578267117
row,0.03,4211,206,0.22418983810771492,0.21892769889301716,0.27599372421062907,0.1559098631512065,0.044443238387737276
row,0.03,4211,207,0.22413055601486162,0.21886670474304673,0.27590512066610556,0.15590907707454682,0.04448247207589572
row,0.03,4211,208,0.22407116884121184,0.21880560049083392,0.27581656323798054,0.15590808057971625,0.04452229039394624
row,0.03,4211,209,0.2240116749358583,0.21874438446892888,0.2757280487286044,0.15590687723824637,0.044562687054166966
row,0.03,4211,210,0.22395207266040812,0.21868305502269642,0.2756395739478721,0.15590547051626782,0.04460365592757057
row,0.03,4211,211,0.22389236038856275,0.21862161050988493,0.275551135714048,0.15590386377744775,0.04464519103744413
row,0.03,4211,212,0.22383253650571525,0.218560049300213,0.27546273085454304,0.15590206028583564,0.04468728655315985
row,0.03,4211,213,0.22377259940856412,0.21849836977497294,0.2753743562066439,0.15590006320862093,0.044729936784242856
row,0.03,4211,214,0.22371254750474293,0.2184365703266504,0.27528600861819863,0.15589787561880447,0.044773136174685056
row,0.03,4211,215,0.2236523792124654,0.21837464935855994,0.2751976849482579,0.1558955004977871,0.044816879297491945
row,0.03,4211,216,0.2235920929601851,0.2183126052844953,0.2751093820676761,0.15589294073787827,0.044861160849453775
row,0.03,4211,217,0.2235316871862688,0.218250436528394,0.2750210968596718,0.15589019914472615,0.044905975646128284
row,0.03,4211,218,0.223471160338684,0.21818814152401594,0.27493282622035103,0.1558872784396732,0.04495131861702751
row,0.03,4211,219,0.22341051087469868,0.21812571871463504,0.27484456705919413,0.15588418126203848,0.04499718480099781
row,0.03,4211,220,0.22334973726059398,0.21806316655274371,0.2747563162995075,0.15588091017132974,0.04504356934178553
row,0.03,4211,221,0.22328883797138854,0.2180004834997694,0.2746680708788423,0.15587746764938737,0.04509046748377933
row,0.03,4211,222,0.2232278114905745,0.21793766802580306,0.27457982774938156,0.15587385610246182,0.04513787456792163
row,0.03,4211,223,0.2231666563098645,0.21787471860933888,0.2744915838782962,0.1558700778632281,0.04518578602778222
row,0.03,4211,224,0.2231053709289491,0.21781163373702483,0.2744033362480726,0.1558661351927377,0.045234197385785546
row,0.03,4211,225,0.2230439538552647,0.21774841190342348,0.2743150818568121,0.15586203028231113,0.04528310424958685
row,0.03,4211,226,0.2229824036037711,0.21768505161078322,0.274226817718504,0.15585776525537268,0.04533250230858981
row,0.03,4211,227,0.22292071869673866,0.21762155136881908,0.27413854086327305,0.15585334216922903,0.04538238733059909
row,0.03,4211,228,0.22285889766354425,0.21755790969450256,0.2740502483376034,0.15584876301679385,0.04543275515860362
row,0.03,4211,229,0.22279693904047648,0.21749412511186084,0.2739619372045384,0.15584402972826022,0.045483601707683695
row,0.03,4211,230,0.22273484137054875,0.21743019615178427,0.2738736045438595,0.1558391441727221,0.045534922962037476
row,0.03,4211,231,0.22267260320332116,0.21736612135184272,0.27378524745224386,0.1558341081597469,0.04558671497212206
row,0.03,4211,232,0.22261022309472955,0.21730189925610924,0.2736968630434017,0.1558289234409009,0.04563897385190334
row,0.03,4211,233,0.2225476996069225,0.217237528414992,0.2736084484481951,0.15582359171122842,0.04569169577621216
row,0.03,4211,234,0.22248503130810576,0.21717300738507375,0.2735200008147386,0.15581811461068698,0.04574487697820024
row,0.03,4211,235,0.2224222167723932,0.217108334728958,0.2734315173084831,0.15581249372553932,0.04579851374689329
row,0.03,4211,236,0.22235925457966496,0.21704350901512232,0.27334299511228244,0.15580673058970407,0.04585260242483747
row,0.03,4211,237,0.22229614331543213,0.2169785288177789,0.2732544314264456,0.15580082668606615,0.045907139405834255
row,0.03,4211,238,0.22223288157070742,0.2169133927167407,0.273165823468774,0.1557947834477484,0.04596212113276164
row,0.03,4211,239,0.22216946794188241,0.2168480992972945,0.27307716847458446,0.1557886022593456,0.04601754409547722
row,0.03,4211,240,0.22210590103061012,0.2167826471500796,0.27298846369671953,0.15578228445812223,0.04607340482880075
row,0.03,4211,241,0.22204217944369395,0.21671703487097266,0.27289970640554506,0.15577583133517492,0.046129699910572315
row,0.03,4211,242,0.2219783017929813,0.21665126106097782,0.27281089388893653,0.1557692441365609,0.046186425959783936
row,0.03,4211,243,0.22191426669526337,0.2165853243261226,0.27272202345225316,0.15576252406439395,0.04624357963478116
row,0.03,4211,244,0.22185007277217933,0.21651922327735884,0.27263309241830314,0.15575567227790754,0.04630115763153227
row,0.03,4211,245,0.2217857186501259,0.21645295653046873,0.27254409812729746,0.15574868989448865,0.04635915668196294
row,0.03,4211,246,0.22172120296017153,0.2163865227059758,0.2724550379367956,0.15574157799068,0.046417573552352494
row,0.03,4211,247,0.22165652433797547,0.21631992042906079,0.2723659092216416,0.1557343376031553,0.0464764050417913
row,0.03,4211,248,0.2215916814237108,0.21625314832948167,0.2722767093738928,0.1557269697296651,0.04653564798069537
row,0.03,4211,249,0.22152667286199237,0.2161862050414987,0.2721874358027399,0.15571947532995656,0.04659529922937724
row,0.03,4211,250,0.22146149730180875,0.2161190892038035,0.2720980859344207,0.15571185532666673,0.04665535567667002
row,0.03,4211,251,0.22139615339645774,0.2160517994594518,0.2720086572121265,0.15570411060619088,0.0467158142386037
row,0.03,4211,252,0.2213306398034868,0.2159843344558013,0.2719191470959029,0.15569624201952595,0.04677667185713056
row,0.03,4211,253,0.22126495518463632,0.21591669284445245,0.27182955306254364,0.15568825038309075,0.04683792549889915
row,0.03,4211,254,0.2211990982057872,0.21584887328119337,0.27173987260548016,0.15568013647952306,0.046899572154074004
row,0.03,4211,255,0.22113306753691164,0.2157808744259485,0.27165010323466543,0.15567190105845466,0.046961608835200334
row,0.03,4211,256,0.22106686185202765,0.21571269494273074,0.2715602424764534,0.15566354483726516,0.04702403257611091
row,0.03,4211,257,0.2210004798291567,0.21564433349959689,0.271470287873474,0.1556550685018145,0.04708684043087492
row,0.03,4211,258,0.22093392015028443,0.21557578876860628,0.27138023698450425,0.15564647270715612,0.04715002947278651
row,0.03,4211,259,0.22086718150132525,0.21550705942578335,0.2712900873843358,0.15563775807823022,0.04721359679339159
row,0.03,4211,260,0.2208002625720891,0.2154381441510823,0.2711998366636389,0.1556289252105383,0.04727753950155172
row,0.03,4211,261,0.22073316205625168,0.21536904162835568,0.27110948242882393,0.15561997467079977,0.047341854722543854
row,0.03,4211,262,0.2206658786513274,0.2152997505453252,0.2710190223018996,0.15561090699759061,0.04740653959719446
row,0.03,4211,263,0.2205984110586449,0.21523026959355585,0.27092845392032916,0.15560172270196534,0.04747159128104654
row,0.03,4211,264,0.2205307579833259,0.2151605974684327,0.2708377749368841,0.1555924222680622,0.04753700694355956
row,0.03,4211,265,0.22046291813426563,0.21509073286914,0.27074698301949607,0.15558300615369242,0.04760278376733928
row,0.03,4211,266,0.220394890224117,0.21502067449864354,0.2706560758511075,0.1555734747909143,0.047668918947397984
row,0.03,4211,267,0.22032667296927602,0.21495042106367476,0.27056505112952006,0.15556382858659207,0.047735409690443625
row,0.03,4211,268,0.22025826508987065,0.21487997127471806,0.2704739065672424,0.15555406792294024,0.04780225321419637
row,0.03,4211,269,0.22018966530975104,0.2148093238459996,0.2703826398913368,0.1555441931580542,0.04786944674673238
row,0.03,4211,270,0.22012087235648287,0.21473847749547942,0.27029124884326494,0.1555342046264269,0.04793698752585294
row,0.03,4211,271,0.22005188496134218,0.2146674309448449,0.27019973117873286,0.15552410263945254,0.04800487279847904
row,0.03,4211,272,0.21998270185931254,0.2145961829195067,0.2701080846675359,0.15551388748591785,0.048073099820070436
row,0.03,4211,273,0.21991332178908463,0.21452473214859713,0.27001630709340296,0.15550355943248043,0.04814166585406679
row,0.03,4211,274,0.21984374349305708,0.21445307736497,0.2699243962538407,0.1554931187241355,0.04821056817135287
row,0.03,4211,275,0.21977396571733993,0.21438121730520276,0.26983234995997823,0.15548256558467116,0.04827980404974417
row,0.03,4211,276,0.21970398721175957,0.2143091507096006,0.26974016603641127,0.15547190021711244,0.048349370773494625
row,0.03,4211,277,0.2196338067298656,0.21423687632220217,0.26964784232104716,0.1554611228041541,0.048419265632823776
row,0.03,4211,278,0.2195634230289395,0.21416439289078737,0.26955537666495033,0.15545023350858364,0.04848948592346419
row,0.03,4211,279,0.2194928348700049,0.2140916991668867,0.2694627669321878,0.15543923247369343,0.0485600289462273
row,0.03,4211,280,0.2194220410178397,0.2140187939057924,0.26937001099967606,0.1554281198236834,0.04863089200658803
row,0.03,4211,281,0.21935104024098978,0.21394567586657148,0.26927710675702854,0.15541689566405414,0.04870207241428705
row,0.03,4211,282,0.21927983131178397,0.21387234381207976,0.26918405210640356,0.1554055600819907,0.048773567482949795
row,0.03,4211,283,0.21920841300635083,0.21379879650897798,0.2690908449623541,0.15539411314673718,0.048845374529722596
row,0.03,4211,284,0.2191367841046372,0.21372503272774956,0.26899748325167794,0.15538255490996325,0.04891749087492417
row,0.03,4211,285,0.21906494339042734,0.2136510512427191,0.2689039649132697,0.15537088540612154,0.04898991384171358
row,0.03,4211,286,0.2189928896513645,0.2135768508320732,0.2688102878979731,0.15535910465279737,0.0490626407557717
row,0.03,4211,287,0.21892062167897286,0.2135024302778819,0.26871645016843615,0.1553472126510504,0.04913566894499924
row,0.03,4211,288,0.21884813826868169,0.21342778836612214,0.2686224496989661,0.15533520938574863,0.049208995739226276
row,0.03,4211,289,0.21877543821985004,0.21335292388670193,0.26852828447538724,0.15532309482589496,0.04928261846993779
row,0.03,4211,290,0.21870252033579318,0.21327783563348635,0.2684339524948993,0.1553108689249465,0.04935653447001063
row,0.03,4211,291,0.21862938342381003,0.21320252240432422,0.2683394517659383,0.15529853162112722,0.04943074107346406
row,0.03,4211,292,0.21855602629521168,0.2131269830010765,0.2682447803080384,0.15528608283773335,0.04950523561522232
row,0.03,4211,293,0.21848244776535142,0.21305121622964557,0.2681499361516959,0.1552735224834325,0.04958001543088915
row,0.03,4211,294,0.2184086466536554,0.21297522090000562,0.26805491733823483,0.15526085045255647,0.04965507785653377
row,0.03,4211,295,0.2183346217836546,0.21289899582623423,0.26795972191967454,0.15524806662538776,0.04973042022848843
row,0.03,4211,296,0.2182603719830181,0.2128225398265452,0.2678643479585991,0.15523517086844024,0.049806039883156204
row,0.03,4211,297,0.21818589608358652,0.21274585172332175,0.2677687935280285,0.15522216303473363,0.0498819341568298
row,0.03,4211,298,0.2181111929214077,0.21266893034315176,0.2676730567112919,0.15520904296406313,0.04995810038552025
row,0.03,4211,299,0.21803626133677212,0.21259177451686298,0.26757713560190277,0.1551958104832627,0.05003453590479585
row,0.03,4211,300,0.21796110017424986,0.21251438307955975,0.26748102830343645,0.1551824654064637,0.05011123804962963
row,0.03,4211,301,0.21788570828272855,0.21243675487066066,0.2673847329294091,0.15516900753534799,0.05018820415425786
row,0.03,4211,302,0.21781008451545178,0.21235888873393666,0.26728824760315917,0.1551554366593965,0.05026543155204566
row,0.03,4211,303,0.21773422773005852,0.21228078351755042,0.2671915704577306,0.15514175255613233,0.05034291757536286
row,0.03,4211,304,0.21765813678862364,0.21220243807409658,0.2670946996357589,0.1551279549913598,0.050420659555467054
row,0.03,4211,305,0.21758181055769857,0.21212385126064226,0.266997633289358,0.1551140437193987,0.0504986548223962
row,0.03,4211,306,0.21750524790835354,0.21204502193876917,0.2669003695800107,0.15510001848331365,0.05057690070486785
row,0.03,4211,307,0.21742844771621958,0.2119659489746155,0.2668029066784601,0.15508587901514026,0.050655394530187005
row,0.03,4211,308,0.21735140886153234,0.21188663123891957,0.2667052427646043,0.15507162503610594,0.0507341336241614
row,0.03,4211,309,0.21727413022917566,0.21180706760706342,0.26660737602739165,0.1550572562568475,0.05081311531102357
row,0.03,4211,310,0.21719661070872612,0.2117272569591172,0.2665093046647202,0.1550427723776245,0.05089233691336071
row,0.03,4211,311,0.21711884919449864,0.21164719817988478,0.2664110268833378,0.15502817308852873,0.05097179575205073
row,0.03,4211,312,0.21704084458559186,0.21156689015894908,0.26631254089874445,0.1550134580696902,0.05105148914620566
row,0.03,4211,313,0.21696259578593494,0.2114863317907188,0.26621384493509836,0.1549986269914794,0.05113141441312081
row,0.03,4211,314,0.21688410170433442,0.2114055219744754,0.2661149372251219,0.154983679514706,0.05121156886823127
row,0.03,4211,315,0.2168053612545217,0.2113244596144205,0.26601581601001184,0.15496861529081452,0.051291949825073485
row,0.03,4211,316,0.21672637335520137,0.21124314361972424,0.26591647953935005,0.15495343396207614,0.051372554595253306
row,0.03,4211,317,0.2166471369300995,0.21116157290457366,0.2658169260710178,0.15493813516177785,0.05145338048842016
row,0.03,4211,318,0.21656765090801297,0.21107974638822216,0.2657171538711114,0.15492271851440811,0.051534424812246384
row,0.03,4211,319,0.21648791422285887,0.21099766299503875,0.2656171612138599,0.15490718363583988,0.05161568487241204
row,0.03,4211,320,0.21640792581372448,0.2109153216545584,0.2655169463815459,0.15489153013351015,0.051697157972595484
row,0.03,4211,321,0.21632768462491783,0.21083272130153252,0.26541650766442715,0.1548757576065972,0.05177884141446903
row,0.03,4211,322,0.2162471896060183,0.21074986087597972,0.26531584336066144,0.1548598656461948,0.051860732497699374
row,0.03,4211,323,0.21616643971192806,0.2106667393232374,0.2652149517762329,0.1548438538354835,0.051942828519953195
row,0.03,4211,324,0.21608543390292334,0.2105833555940132,0.26511383122488114,0.1548277217499,0.05202512677690795
row,0.03,4211,325,0.21600417114470669,0.21049970864443732,0.2650124800280314,0.15481146895730313,0.0521076245622663
row,0.03,4211,326,0.21592265040845882,0.21041579743611466,0.264910896514728,0.15479509501813793,0.05219031916777627
row,0.03,4211,327,0.21584087067089155,0.2103316209361778,0.26480907902156875,0.1547785994855969,0.052273207883255235
row,0.03,4211,328,0.21575883091430043,0.2102471781173399,0.26470702589264283,0.1547619819057795,0.05235628799661839
row,0.03,4211,329,0.21567653012661783,0.21016246795794807,0.26460473547946883,0.15474524181784863,0.052439556793911095
row,0.03,4211,330,0.21559396730146632,0.21007748944203686,0.26450220614093667,0.15472837875418546,0.052523011559346085
row,0.03,4211,331,0.21551114143821246,0.2099922415593822,0.26439943624325013,0.15471139224054176,0.052606649575343944
row,0.03,4211,332,0.21542805154202033,0.20990672330555543,0.26429642415987264,0.15469428179619044,0.05269046812257805
row,0.03,4211,333,0.21534469662390565,0.2098209336819774,0.2641931682714736,0.1546770469340736,0.0527744644800227
row,0.03,4211,334,0.21526107570079014,0.2097348716959733,0.2640896669658781,0.15465968716094905,0.052858635925005795
row,0.03,4211,335,0.2151771877955557,0.2096485363608269,0.2639859186380176,0.1546422019775346,0.05294297973326431
row,0.03,4211,336,0.21509303193709894,0.20956192669583557,0.263881921689883,0.15462459087865035,0.05302749317900386
row,0.03,4211,337,0.21500860716038595,0.2094750417263652,0.26377767453047934,0.15460685335335975,0.05311217353496152
row,0.03,4211,338,0.21492391250650678,0.20938788048390505,0.26367317557578274,0.15458898888510791,0.05319701807247173
row,0.03,4211,339,0.21483894702273076,0.20930044200612336,0.2635684232486988,0.154570996951859,0.0532820240615362
row,0.03,4211,340,0.21475370976256097,0.20921272533692206,0.2634634159790231,0.15455287702623166,0.05336718877089606
row,0.03,4211,341,0.21466819978578952,0.20912472952649258,0.26335815220340375,0.15453462857563238,0.053452509468108096
row,0.03,4211,342,0.2145824161585524,0.20903645363137077,0.263252630365305,0.15451625106238784,0.053537983419623084
row,0.03,4211,343,0.21449635795338481,0.20894789671449282,0.2631468489149734,0.15449774394387547,0.05362360789086781
row,0.03,4211,344,0.21441002424927608,0.20885905784525036,0.2630408063094055,0.15447910667265205,0.05370938014632956
row,0.03,4211,345,0.21432341413172473,0.20876993609954597,0.26293450101231686,0.1544603386965815,0.05379529744964358
row,0.03,4211,346,0.21423652669279367,0.2086805305598487,0.26282793149411354,0.15444143945896077,0.053881357063683265
row,0.03,4211,347,0.21414936103116505,0.20859084031524938,0.2627210962318646,0.15442240839864418,0.05396755625065301
row,0.03,4211,348,0.21406191625219567,0.20850086446151628,0.26261399370927674,0.15440324495016686,0.054053892272183456
row,0.03,4211,349,0.21397419146797134,0.20841060210115,0.26250662241667033,0.1543839485438662,0.054140362389429604
row,0.03,4211,350,0.21388618579736207,0.20832005234343898,0.26239898085095703,0.15436451860600248,0.05422696386317138
row,0.03,4212,0,0.3282733079861462,0.3234517381824632,0.3869862686608707,0.18834999937302896,0.2938185652050199
row,0.03,4212,1,0.3257030934578254,0.32088247728915104,0.3835065378092891,0.18620009694566028,0.289360533896812
row,0.03,4212,2,0.32321021948827633,0.31839039851878004,0.38013696218853543,0.1841344588679598,0.2849842515320433
row,0.03,4212,3,0.3207921233601236,0.315972946753859,0.3768741474262201,0.18215035193087295,0.2806871383863145
row,0.03,4212,4,0.3184463485829629,0.31362767280879755,0.3737148183107068,0.18024513376285656,0.2764667671945946
row,0.03,4212,5,0.31617053867303,0.3113522272216724,0.3706558127484547,0.178416248667324,0.2723208528196115
row,0.03,4212,6,0.3139624314014485,0.3091443545139029,0.3676940761586798,0.17666122374506016,0.26824724264822997
row,0.03,4212,7,0.31181985347129615,0.3070018878781247,0.36482665626833677,0.17497766527808978,0.2642439076595328
row,0.03,4212,8,0.30974071558739047,0.304922744258209,0.3620506982738058,0.17336325535358912,0.2603089341132316
row,0.03,4212,9,0.3077230078859873,0.3029049197886613,0.35936344033870904,0.17181574870832939,0.2564405158114764
row,0.03,4212,10,0.30576479569455234,0.3009464855636004,0.35676220940002734,0.1703329697758535,0.2526369468911511
row,0.03,4212,11,0.303864215594435,0.29904558370817863,0.35424441725716327,0.16891280992013702,0.24889661510737443
row,0.03,4212,12,0.3020194717616857,0.29720042372772043,0.3518075569208313,0.1675532248408854,0.24521799557222415
row,0.03,4212,13,0.3002288325634355,0.2954092791120241,0.3494491992006822,0.1662522321368891,0.24159964491567895
row,0.03,4212,14,0.2984906273892279,0.2936704841742457,0.3471669895124015,0.1650079090150132,0.23804019583848682
row,0.03,4212,15,0.2968032436984723,0.2919824311055591,0.34495864488668204,0.16381839013344196,0.23453835202911708
row,0.03,4212,16,0.29516512426681096,0.2903435672284058,0.3428219511639812,0.16268186556875486,0.2310928834191913
row,0.03,4212,17,0.2935747646156515,0.2887523924326086,0.3407547603603423,0.16159657889727513,0.2277026217538094
row,0.03,4212,18,0.29203071061045516,0.287207456779958,0.3387549881908096,0.16056082538192518,0.2243664564550375
row,0.03,4212,19,0.2905315562145785,0.28570735826408744,0.3368206117380972,0.15957295025654433,0.22108333075850076
row,0.03,4212,20,0.2890759413865703,0.2842507407135543,0.33494966725521086,0.15863134710028307,0.21785223810455434
row,0.03,4212,21,0.28766255010983055,0.2828362918270495,0.3331402480916634,0.15773445629529367,0.21467221876690462
row,0.03,4212,22,0.2862901085444528,0.28146274133057075,0.3313905027337863,0.15688076356148667,0.2115423567028249
row,0.03,4212,23,0.2849573832919069,0.2801288592472291,0.3296986329504278,0.15606879856263087,0.20846177661027493
row,0.03,4212,24,0.28366317976398686,0.2788334542711248,0.3280628920360475,0.15529713357853692,0.20542964117830187
row,0.03,4212,25,0.2824063406481375,0.2775753722374186,0.32648158314387504,0.15456438223849167,0.20244514851807016
row,0.03,4212,26,0.2811857444619241,0.2763534946813705,0.32495305770240646,0.15386919831150003,0.19950752976277025
row,0.03,4212,27,0.28000030418998256,0.27516673747969483,0.3234757139090606,0.1532102745492517,0.1966160468254701
row,0.03,4212,28,0.2788489659973307,0.27401404956812,0.32204799529532774,0.15258634157805903,0.19376999030473202
row,0.03,4212,29,0.2777307080134089,0.27289441172952844,0.32066838935820485,0.15199616683631678,0.1909686775285091
row,0.03,4212,30,0.27664453918166826,0.2718068354475044,0.31933542625314015,0.15143855355431407,0.18821145072747683
row,0.03,4212,31,0.27558949816994166,0.2707503618205287,0.3180476775440992,0.15091233977348495,0.18549767532954
row,0.03,4212,32,0.27456465233720634,0.26972406053243836,0.3168037550067241,0.15041639740242194,0.1828267383678069
row,0.03,4212,33,0.2735690967527005,0.2687270288751182,0.31560230948088985,0.14994963130719424,0.18019804699481712
row,0.03,4212,34,0.27260195326367564,0.26775839081971076,0.3144420297692608,0.14951097843371333,0.1776110270962799
row,0.03,4212,35,0.2716623696083577,0.26681729613292493,0.31332164157873205,0.14909940696007287,0.175065121998011
row,0.03,4212,36,0.27074951857096574,0.26590291953529455,0.31223990650189554,0.1487139154769616,0.17255979126015314
row,0.03,4212,37,0.2698625971758834,0.26501445989848765,0.31119562103590453,0.1483535321944024,0.17009450955314087
row,0.03,4212,38,0.269000825918306,0.2641511394789937,0.3101876156363278,0.14801731417321756,0.1676687656102126
row,0.03,4212,39,0.26816344802890224,0.2633122031857308,0.3092147538037827,0.14770434657975068,0.16528206125159892
row,0.03,4212,40,0.2673497287702186,0.26249691787930496,0.30827593120131846,0.14741374196249984,0.16293391047581152
row,0.03,4212,41,0.2665589547627351,0.2617045717008337,0.30737007480068823,0.14714463954942794,0.16062383861374244
row,0.03,4212,42,0.2657904333386478,0.26093447342841225,0.30649614205580433,0.14689620456481953,0.15835138154154368
row,0.03,4212,43,0.2650434919216005,0.2601859518594475,0.30565312010180823,0.14666762756464932,0.15611608494849893
row,0.03,4212,44,0.26431747743073253,0.25945835521723026,0.3048400249783215,0.14645812378951326,0.15391750365633797
row,0.03,4212,45,0.26361175570753337,0.25875105058023823,0.30405590087555784,0.14626693253425488,0.15175520098664796
row,0.03,4212,46,0.2629257109641169,0.2580634233327855,0.30329981940208955,0.14609331653349122,0.1496287481732504
row,0.03,4212,47,0.2622587452516336,0.25739487663573957,0.30257087887315853,0.14593656136231153,0.14753772381659355
row,0.03,4212,48,0.261610277947642,0.2567448309161282,0.3018682036185151,0.14579597485148207,0.14548171337739457
row,0.03,4212,49,0.2609797452613503,0.2561127233745507,0.30119094330885127,0.14567088651654814,0.14346030870693244
row,0.03,4212,50,0.260366599755725,0.2554980075093915,0.30053827229997176,0.14556064700027435,0.14147310761155105
row,0.03,4212,51,0.25977030988554245,0.2549001526569136,0.2999093889939153,0.14546462752791234,0.13951971344908404
row,0.03,4212,52,0.2591903595505272,0.2543186435463789,0.2993035152163044,0.1453822193748277,0.13759973475505277
row,0.03,4212,53,0.2586262476627919,0.25375297986941003,0.2987198956092584,0.14531283334605594,0.13571278489662317
row,0.03,4212,54,0.2580774877278484,0.25320267586286704,0.2981577970392594,0.14525589926739452,0.13385848175243384
row,0.03,4212,55,0.25754360743852056,0.2526672599045692,0.2976165080194075,0.14521086548766826,0.1320364474165282
row,0.03,4212,56,0.2570241482811364,0.25214627412124224,0.2970953381455478,0.14517719839183604,0.13024630792473488
row,0.03,4212,57,0.256518665153426,0.2516392740081186,0.29659361754579006,0.14515438192463218,0.12848769300195123
row,0.03,4212,58,0.2560267259935929,0.25114582805965957,0.29611069634298004,0.14514191712446062,0.12676023582888135
row,0.03,4212,59,0.25554791142006833,0.25066551741091064,0.295645944129713,0.1451393216672803,0.12506357282688269
row,0.03,4212,60,0.2550818143814926,0.25019793548903446,0.2951987494555106,0.14514612942024108,0.1233973434596612
row,0.03,4212,61,0.25462803981649806,0.24974268767459934,0.29476851932581105,0.1451618900048452,0.1217611900506437
row,0.03,4212,62,0.2541862043229057,0.24929939097223347,0.29435467871244314,0.14518616836942633,0.12015475761493893
row,0.03,4212,63,0.25375593583596584,0.24886767369027998,0.29395667007528126,0.14521854437075143,0.11857769370487428
row,0.03,4212,64,0.25333687331530697,0.2484471751291148,0.2935739528947959,0.14525861236456272,0.11702964826817079
row,0.03,4212,65,0.2529286664402743,0.24803754527781247,0.2932060032152321,0.14530598080488935,0.11551027351788672
row,0.03,4212,66,0.2525309753133639,0.2476384445188654,0.2928523131981667,0.1453602718519666,0.11401922381332642
row,0.03,4212,67,0.25214347017147587,0.24724954334068217,0.2925123906862062,0.14542112098861018,0.11255615555117612
row,0.03,4212,68,0.25176583110472955,0.24687052205760746,0.2921857587766047,0.14548817664490055,0.11112072706617981
row,0.03,4212,69,0.25139774778259744,0.24650107053722298,0.29187195540458766,0.14556109983103813,0.10971259854073385
row,0.03,4212,70,0.2510389191871315,0.24614088793470298,0.29157053293618285,0.14563956377823759,0.1083314319228202
row,0.03,4212,71,0.2506890533530675,0.24578968243401123,0.29128105777036606,0.14572325358753282,0.10697689085175625
row,0.03,4212,72,0.25034786711460655,0.24544717099573943,0.2910031099503369,0.1458118658863698,0.10564864059128005
row,0.03,4212,73,0.25001508585868243,0.24511307911139701,0.2907362827837513,0.14590510849286772,0.10434634796953171
row,0.03,4212,74,0.2496904432845351,0.24478714056397327,0.2904801824717391,0.14600270008763222,0.10306968132553698
row,0.03,4212,75,0.24937368116941963,0.24446909719460172,0.2902344277465443,0.14610436989300699,0.10181831046183032
row,0.03,4212,76,0.2490645491402878,0.2441586986751655,0.2899986495176289,0.14620985735965336,0.10059190660289352
row,0.03,4212,77,0.2487628044512877,0.24385570228668918,0.28977249052608817,0.1463189118603475,0.09939014235911407
row,0.03,4212,78,0.2484682117669334,0.24355987270337073,0.2895556050072248,0.14643129239088887,0.09821269169599989
row,0.03,4212,79,0.24818054295080424,0.24327098178211304,0.2893476583611393,0.14654676727801272,0.09705922990841137
row,0.03,4212,80,0.24789957685963748,0.24298880835742043,0.2891483268311906,0.14666511389420214,0.09592943359959526
row,0.03,4212,81,0.24762509914268502,0.24271313804153097,0.28895729719018937,0.14678611837929514,0.09482298066482923
row,0.03,4212,82,0.24735690204620808,0.24244376302965986,0.28877426643418447,0.146909575368783,0.09373955027950191
row,0.03,4212,83,0.24709478422299086,0.24218048191023492,0.2885989414837095,0.14703528772869737,0.09267882289147207
row,0.03,4212,84,0.24683855054675471,0.24192309948000715,0.28843103889235366,0.14716306629698295,0.09164048021756471
row,0.03,4212,85,0.2465880119313615,0.24167142656392535,0.28827028456252735,0.14729272963125406,0.09062420524407319
row,0.03,4212,86,0.24634298515469663,0.24142527983966605,0.2881164134682927,0.14742410376283258,0.08962968223114945
row,0.03,4212,87,0.24610329268712516,0.24118448166671297,0.28796916938512923,0.1475570219569657,0.08865659672097004
row,0.03,4212,88,0.2458687625244184,0.24094885991988385,0.2878283046265093,0.1476913244791219,0.08770463554957286
row,0.03,4212,89,0.24563922802505017,0.24071824782720488,0.28769357978715676,0.14782685836726328,0.08677348686226545
row,0.03,4212,90,0.24541452775176562,0.24049248381203575,0.2875647634928646,0.1479634772099933,0.08586284013250693
row,0.03,4212,91,0.2451945053173264,0.24027141133935023,0.2874416321567479,0.14810104093047785,0.08497238618416729
row,0.03,4212,92,0.24497900923433902,0.24005487876607953,0.28732396974181085,0.14823941557603948,0.08410181721706797
row,0.03,4212,93,0.24476789276907587,0.2398427391954283,0.28721156752970417,0.1483784731133225,0.08325082683570623
row,0.03,4212,94,0.24456101379919842,0.23963485033507392,0.2871042238955559,0.14851809122892937,0.08241911008106148
row,0.03,4212,95,0.24435823467529677,0.23943107435916322,0.28700174408875323,0.14865815313542616,0.08160636346537929
row,0.03,4212,96,0.24415942208615835,0.23923127777402042,0.28690394001955877,0.14879854738261822,0.08081228500982406
row,0.03,4212,97,0.24396444692768257,0.23903533128748364,0.28681063005144325,0.1489391676739943,0.0800365742848827
row,0.03,4212,98,0.2437731841753592,0.2388431096817878,0.28672163879901935,0.14907991268824033,0.07927893245339902
row,0.03,4212,99,0.2435855127602289,0.23865449168991354,0.28663679693145894,0.14922068590572296,0.07853906231610866
row,0.03,4212,100,0.2434013154482467,0.23846935987532322,0.28655594098128256,0.14936139543984323,0.07781666835953703
row,0.03,4212,101,0.2432204787229707,0.2382876005150064,0.2864789131584051,0.14950195387316292,0.07711145680611713
row,0.03,4212,102,0.24304289267149912,0.23810910348575887,0.28640556116932747,0.14964227809820405,0.07642313566637329
row,0.03,4212,103,0.2428684508735799,0.23793376215362003,0.2863357380413614,0.14978228916282488,0.07575141479300998
row,0.03,4212,104,0.2426970502938196,0.23776147326639524,0.2862693019517797,0.14992191212007555,0.07509600593673943
row,0.03,4212,105,0.24252859117691838,0.23759213684919078,0.28620611606178026,0.1500610758824362,0.07445662280366909
row,0.03,4212,106,0.24236297694585957,0.23742565610289068,0.286146048355159,0.15019971308034294,0.07383298111406834
row,0.03,4212,107,0.24220011410298342,0.2372619373055045,0.28608897148158324,0.15033775992490686,0.07322479866232375
row,0.03,4212,108,0.24203991213387605,0.2371008897163186,0.2860347626043616,0.15047515607473128,0.07263179537788779
row,0.03,4212,109,0.24188228341400603,0.23694242548278296,0.2859833032526059,0.15061184450673548,0.07205369338701939
row,0.03,4212,110,0.24172714311804105,0.23678645955006677,0.2859344791776828,0.15074777139089168,0.07149021707511216
row,0.03,4212,111,0.24157440913177974,0.23663290957321806,0.2858881802138538,0.15088288596878485,0.07094109314940104
row,0.03,4212,112,0.24142400196663413,0.23648169583186351,0.2858443001430039,0.15101714043590503,0.07040605070183589
row,0.03,4212,113,0.241275844676599,0.23633274114738473,0.28580273656335964,0.15115048982758256,0.06988482127190924
row,0.03,4212,114,0.24112986277764678,0.23618597080251022,0.2857633907621011,0.15128289190847893,0.06937713890922623
row,0.03,4212,115,0.2409859841694861,0.23604131246326143,0.2857261675917705,0.15141430706554634,0.06888274023560088
row,0.03,4212,116,0.24084413905962476,0.23589869610319408,0.2856909753503837,0.15154469820436936,0.06840136450647201
row,0.03,4212,117,0.2407042598896779,0.23575805392987573,0.2856577256651528,0.15167403064880508,0.06793275367142669
row,0.03,4212,118,0.2405662812638636,0.23561932031354216,0.285626333379727,0.1518022720438381,0.06747665243362914
row,0.03,4212,119,0.24043013987962997,0.2354824317178772,0.2855967164448634,0.1519293922615681,0.06703280830795552
row,0.03,4212,120,0.24029577446035738,0.23534732663285945,0.28556879581243905,0.15205536331024935,0.06660097167764018
row,0.03,4212,121,0.2401631256900818,0.23521394550962282,0.28554249533271625,0.15218015924630235,0.06618089584924827
row,0.03,4212,122,0.240032136150186,0.23508223069727718,0.28551774165477906,0.1523037560892196,0.06577233710579555
row,0.03,4212,123,0.23990275025800586,0.23495212638163734,0.2854944641300534,0.15242613173928848,0.06537505475784629
row,0.03,4212,124,0.2397749142073013,0.23482357852580968,0.28547259471883213,0.1525472658980554,0.06498881119242735
row,0.03,4212,125,0.23964857591054065,0.23469653481258568,0.28545206789972266,0.15266713999145712,0.06461337191961188
row,0.03,4212,126,0.23952368494295032,0.23457094458859445,0.28543282058193814,0.1527857370955463,0.06424850561663065
row,0.03,4212,127,0.23940019248828104,0.2344467588101658,0.2854147920203561,0.15290304186473963,0.06389398416938467
row,0.03,4212,128,0.23927805128624377,0.2343239299908571,0.2853979237332669,0.1530190404625183,0.06354958271124449
row,0.03,4212,129,0.239157215581569,0.234202412150598,0.28538215942273937,0.1531337204945119,0.06321507965903188
row,0.03,4212,130,0.2390376410746451,0.2340821607664088,0.2853674448975291,0.1532470709438986,0.0628902567460934
row,0.03,4212,131,0.2389192848736906,0.23396313272464755,0.2853537279984597,0.15335908210905483,0.0625748990523879
row,0.03,4212,132,0.23880210544841846,0.23384528627474427,0.2853409585262066,0.15346974554339018,0.062268795031524646
row,0.03,4212,133,0.238686062585149,0.23372858098437904,0.28532908817141456,0.15357905399730437,0.06197173653469613
row,0.03,4212,134,0.23857111734333167,0.23361297769606454,0.28531807044708346,0.15368700136220315,0.06168351883147068
row,0.03,4212,135,0.23845723201343444,0.2334984384850914,0.28530786062315583,0.15379358261651402,0.061403940627413105
row,0.03,4212,136,0.23834437007616222,0.23338492661879898,0.28529841566324343,0.15389879377364069,0.06113280407852409
row,0.03,4212,137,0.23823249616296552,0.2332724065171321,0.2852896941634302,0.15400263183179985,0.06086991480249027
row,0.03,4212,138,0.23812157601780234,0.23316084371444712,0.28528165629309044,0.15410509472568237,0.06061508188675841
row,0.03,4212,139,0.23801157646011684,0.23305020482253114,0.28527426373766307,0.15420618127988409,0.06036811789345121
row,0.03,4212,140,0.23790246534899875,0.23294045749479875,0.28526747964332455,0.15430589116405227,0.06012883886115745
row,0.03,4212,141,0.23779421154848915,0.23283157039163133,0.285261268563503,0.1544042248496944,0.05989706430363546
row,0.03,4212,142,0.23768678489399878,0.23272351314682604,0.2852555964071784,0.15450118356859824,0.05967261720548237
row,0.03,4212,143,0.2375801561598059,0.23261625633512115,0.2852504303889165,0.15459676927281268,0.05945532401482757
row,0.03,4212,144,0.23747429702760123,0.23250977144076546,0.2852457389805816,0.15469098459614072,0.059245014633118216
row,0.03,4212,145,0.23736918005604876,0.23240403082710104,0.28524149186467895,0.1547838328170961,0.059041522402072714
row,0.03,4212,146,0.2372647786513325,0.23229900770712902,0.28523765988927663,0.15487531782327751,0.05884468408788381
row,0.03,4212,147,0.23716106703865805,0.2321946761150278,0.28523421502445745,0.15496544407711552,0.05865433986276038
row,0.03,4212,148,0.23705802023468184,0.23209101087859643,0.28523113032025404,0.15505421658294652,0.05847033328390191
row,0.03,4212,149,0.23695561402083828,0.23198798759259365,0.28522837986602256,0.15514164085537227,0.05829251127000531
row,0.03,4212,150,0.23685382491753804,0.2318855825929459,0.285225938751207,0.1552277228888622,0.058120724075405875
row,0.03,4212,151,0.2367526301592109,0.23178377293179775,0.28522378302745366,0.15531246912855787,0.057954825261961475
row,0.03,4212,152,0.23665200767016686,0.23168253635337874,0.285221889672032,0.15539588644223998,0.05779467166878794
row,0.03,4212,153,0.23655193604125052,0.23158185127066133,0.2852202365525197,0.15547798209341956,0.05764012337995893
row,0.03,4212,154,0.23645239450726388,0.23148169674278585,0.285218802392714,0.15555876371551527,0.0574910436902834
row,0.03,4212,155,0.23635336292513373,0.23138205245322813,0.2852175667397281,0.1556382392870809,0.057347299069276665
row,0.03,4212,156,0.23625482175280038,0.2312828986886869,0.28521650993223546,0.15571641710804712,0.05720875912343907
row,0.03,4212,157,0.23615675202880557,0.2311842163186688,0.2852156130698259,0.15579330577694342,0.057075296556959795
row,0.03,4212,158,0.23605913535255696,0.23108598677574882,0.2852148579834366,0.15586891416906656,0.05694678713096035
row,0.03,4212,159,0.2359619538652479,0.23098819203648407,0.2852142272068235,0.15594325141556292,0.0568231096213912
row,0.03,4212,160,0.23586519023141245,0.23089081460296224,0.2852137039490392,0.15601632688339348,0.056704145775696324
row,0.03,4212,161,0.23576882762109494,0.2307938374849629,0.28521327206788527,0.15608815015615027,0.05658978026835756
row,0.03,4212,162,0.23567284969261454,0.2306972441827127,0.28521291604430526,0.15615873101569538,0.05647990065542577
row,0.03,4212,163,0.23557724057590593,0.23060101867021587,0.28521262095768984,0.15622807942459263,0.05637439732814932
row,0.03,4212,164,0.23548198485641803,0.2305051453791415,0.2852123724620623,0.15629620550930468,0.05627316346580276
row,0.03,4212,165,0.23538706755955194,0.23040960918324924,0.2852121567631152,0.15636311954412815,0.05617609498781807
row,0.03,4212,166,0.23529247413562224,0.23031439538333728,0.2852119605960716,0.15642883193584015,0.056083090505318206
row,0.03,4212,167,0.23519819044532295,0.2302194896926945,0.285211771204341,0.1564933532090314,0.05599405127214714
row,0.03,4212,168,0.2351042027456832,0.23012487822304112,0.28521157631894534,0.1565566939921002,0.05590888113549007
row,0.03,4212,169,0.2350104976764968,0.23003054747094284,0.28521136413868853,0.15661886500388403,0.05582748648617254
row,0.03,4212,170,0.23491706224720862,0.22993648430468105,0.28521112331104415,0.15667987704090547,0.05574977620872264
row,0.03,4212,171,0.2348238838242456,0.22984267595156685,0.2852108429137371,0.15673974096520918,0.0556756616312792
row,0.03,4212,172,0.23473095011877476,0.22974910998568177,0.2852105124369968,0.15679846769276928,0.05560505647542309
row,0.03,4212,173,0.23463824917487752,0.22965577431603407,0.28521012176645755,0.15685606818244505,0.05553787680600593
row,0.03,4212,174,0.2345457693581236,0.2295626571751141,0.28520966116668484,0.15691255342546512,0.05547404098104551
row,0.03,4212,175,0.2344534993445337,0.22946974710783818,0.2852091212653062,0.15696793443541965,0.05541346960175684
row,0.03,4212,176,0.23436142810991667,0.2293770329608663,0.2852084930377256,0.1570222222387424,0.05535608546277822
row,0.03,4212,177,0.23426954491956992,0.2292845038722828,0.2852077677924017,0.1570754278656632,0.05530181350265429
row,0.03,4212,178,0.2341778393183299,0.22919214926162684,0.28520693715666967,0.15712756234161307,0.055250580754629165
row,0.03,4212,179,0.23408630112096218,0.2290999588202619,0.2852059930630891,0.15717863667906562,0.05520231629780304
row,0.03,4212,180,0.23399492040287903,0.22900792250207286,0.28520492773629835,0.1572286618697961,0.05515695120869888
row,0.03,4212,181,0.23390368749117396,0.22891603051447934,0.28520373368035856,0.15727764887754372,0.055114418513284906
row,0.03,4212,182,0.23381259295596293,0.228824273309756,0.2852024036665707,0.1573256086310606,0.05507465313949379
row,0.03,4212,183,0.23372162760202095,0.2287326415766474,0.285200930721747,0.15737255201753222,0.055037591870276376
row,0.03,4212,184,0.23363078246070562,0.2286411262322704,0.28519930811692373,0.1574184898763552,0.05500317329722503
row,0.03,4212,185,0.23354004878215712,0.22854971841429197,0.2851975293564976,0.15746343299325782,0.054971337774798235
row,0.03,4212,186,0.2334494180277651,0.22845840947337462,0.2851955881677719,0.15750739209474973,0.054942027375174854
row,0.03,4212,187,0.23335888186289444,0.22836719096587998,0.28519347849089716,0.1575503778428876,0.054915185843764744
row,0.03,4212,188,0.23326843214986065,0.2282760546468222,0.28519119446919344,0.15759240083034465,0.05489075855539823
row,0.03,4212,189,0.23317806094114607,0.22818499246306218,0.2851887304398391,0.15763347157577018,0.05486869247121541
row,0.03,4212,190,0.23308776047284954,0.22809399654673485,0.28518608092491515,0.1576736005194291,0.05484893609627268
row,0.03,4212,191,0.23299752315836117,0.22800305920890204,0.2851832406227901,0.15771279801910854,0.05483143943788372
row,0.03,4212,192,0.2329073415822547,0.22791217293342247,0.2851802043998348,0.15775107434628138,0.05481615396470622
row,0.03,4212,193,0.2328172084943902,0.22782133037103236,0.2851769672824549,0.15778843968251544,0.054803032566587626
row,0.03,4212,194,0.23272711680421937,0.22773052433362861,0.2851735244494294,0.15782490411611833,0.05479202951517781
row,0.03,4212,195,0.23263705957528774,0.2276397477887487,0.2851698712245441,0.1578604776390081,0.05478310042531696
row,0.03,4212,196,0.2325470300199255,0.22754899385423977,0.28516600306951023,0.15789517014379975,0.05477620221720349
row,0.03,4212,197,0.23245702149412226,0.22745825579311107,0.2851619155771562,0.1579289914210989,0.054771293079346126
row,0.03,4212,198,0.23236702749257776,0.22736752700856294,0.28515760446488464,0.1579619511569931,0.05476833243230285
row,0.03,4212,199,0.23227704164392377,0.22727680103918685,0.28515306556838305,0.15799405893073273,0.054767280893206524
row,0.03,4212,200,0.23218705770611106,0.22718607155433054,0.2851482948355805,0.15802532421259274,0.05476810024107777
row,0.03,4212,201,0.23209706956195492,0.227095332349622,0.28514328832084007,0.15805575636190808,0.0547707533829217
row,0.03,4212,202,0.23200707121483524,0.22700457734264806,0.28513804217937927,0.15808536462527395,0.054775204320607514
row,0.03,4212,203,0.23191705678454475,0.2269138005687811,0.2851325526619096,0.15811415813490443,0.05478141811852408
row,0.03,4212,204,0.23182702050328052,0.22682299617714954,0.28512681610948765,0.15814214590714215,0.05478936087200899
row,0.03,4212,205,0.23173695671177436,0.2267321584267469,0.28512082894856855,0.15816933684111179,0.054798999676542795
row,0.03,4212,206,0.2316468598555566,0.22664128168267478,0.28511458768625697,0.15819573971751139,0.054810302597702844
row,0.03,4212,207,0.23155672448134904,0.2265503604125149,0.285108088905745,0.15822136319753455,0.05482323864186754
row,0.03,4212,208,0.23146654523358287,0.22645938918282654,0.28510132926193305,0.15824621582191783,0.05483777772766417
row,0.03,4212,209,0.23137631685103632,0.2263683626557636,0.28509430547722436,0.15827030601010728,0.05485389065814956
row,0.03,4212,210,0.23128603416358937,0.22627727558580904,0.28508701433748884,0.15829364205953828,0.05487154909371477
row,0.03,4212,211,0.2311956920890898,0.22618612281662087,0.28507945268818824,0.15831623214502397,0.05489072552570304
row,0.03,4212,212,0.23110528563032817,0.2260948992779872,0.28507161743065756,0.1583380843182458,0.05491139325073045
row,0.03,4212,213,0.23101480987211717,0.22600359998288583,0.2850635055185364,0.15835920650734248,0.05493352634569837
row,0.03,4212,214,0.23092425997847182,0.22591222002464484,0.2850551139543447,0.15837960651659166,0.05495709964348559
row,0.03,4212,215,0.23083363118988717,0.22582075457420114,0.2850464397861976,0.1583992920261801,0.05498208870930918
row,0.03,4212,216,0.2307429188207103,0.22572919887745316,0.28503748010465385,0.15841827059205732,0.05500846981774057
row,0.03,4212,217,0.23065211825660278,0.22563754825270438,0.28502823203969263,0.15843654964586934,0.05503621993036675
row,0.03,4212,218,0.2305612249520912,0.22554579808819522,0.28501869275781466,0.15845413649496753,0.05506531667408158
row,0.03,4212,219,0.23047023442820183,0.22545394383971906,0.285008859459262,0.1584710383224893,0.05509573831999677
row,0.03,4212,220,0.23037914227017736,0.22536198102832072,0.28499872937535226,0.15848726218750617,0.055127463762957914
row,0.03,4212,221,0.23028794412527254,0.22526990523807394,0.28498829976592277,0.15850281502523605,0.055160472501654886
row,0.03,4212,222,0.23019663570062543,0.22517771211393484,0.2849775679168815,0.15851770364731643,0.05519474461931137
row,0.03,4212,223,0.23010521276120266,0.22508539735966931,0.2849665311378584,0.15853193474213423,0.05523026076494234
row,0.03,4212,224,0.23001367112781557,0.22499295673585185,0.2849551867599559,0.15854551487521,0.05526700213516619
row,0.03,4212,225,0.2299220066752041,0.2249003860579321,0.2849435321335928,0.1585584504896333,0.055304950456558304
row,0.03,4212,226,0.22983021533018785,0.22480768119436897,0.284931564626439,0.1585707479065456,0.05534408796853349
row,0.03,4212,227,0.22973829306987997,0.22471483806482753,0.2849192816214367,0.1585824133256685,0.05538439740674492
row,0.03,4212,228,0.22964623591996303,0.22462185263843842,0.2849066805149058,0.15859345282587456,0.05542586198698601
row,0.03,4212,229,0.22955403995302434,0.22452872093211676,0.28489375871472933,0.1586038723657979,0.055468465389583825
row,0.03,4212,230,0.22946170128694848,0.22443543900893842,0.2848805136386161,0.15861367778448193,0.0555121917442707
row,0.03,4212,231,0.22936921608336505,0.22434200297657195,0.2848669427124373,0.15862287480206247,0.05555702561552236
row,0.03,4212,232,0.22927658054615038,0.2242484089857644,0.28485304336863493,0.15863146902048308,0.05560295198834974
row,0.03,4212,233,0.22918379091998006,0.22415465322887837,0.2848388130446984,0.15863946592424144,0.0556499562545337
row,0.03,4212,234,0.22909084348893202,0.22406073193847992,0.28482424918170657,0.15864687088116364,0.055698024199289334
row,0.03,4212,235,0.22899773457513684,0.2239666413859735,0.2848093492229337,0.15865368914320527,0.055747141988349416
row,0.03,4212,236,0.22890446053747526,0.22387237788028486,0.28479411061251564,0.15865992584727692,0.05579729615545489
row,0.03,4212,237,0.22881101777032004,0.22377793776658805,0.28477853079417415,0.15866558601609235,0.055848473590241525
row,0.03,4212,238,0.2287174027023207,0.2236833174250758,0.2847626072099979,0.15867067455903772,0.055900661526511165
row,0.03,4212,239,0.2286236117952309,0.22358851326977258,0.2847463372992766,0.15867519627305995,0.055953847530877225
row,0.03,4212,240,0.2285296415427752,0.22349352174738726,0.2847297184973868,0.158679155843573,0.05600801949177331
row,0.03,4212,241,0.22843548846955503,0.2233983393362055,0.28471274823472764,0.15868255784538038,0.056063165608815246
row,0.03,4212,242,0.22834114912999245,0.22330296254501958,0.2846954239357038,0.15868540674361206,0.05611927438250478
row,0.03,4212,243,0.22824662010730964,0.22320738791209457,0.28467774301775445,0.15868770689467535,0.05617633460426689
row,0.03,4212,244,0.2281518980125437,0.22311161200417004,0.28465970289042564,0.15868946254721725,0.056234335346808946
row,0.03,4212,245,0.22805697948359527,0.22301563141549538,0.28464130095448537,0.15869067784309826,0.05629326595479374
row,0.03,4212,246,0.2279618611843094,0.22291944276689812,0.28462253460107817,0.15869135681837532,0.05635311603581551
row,0.03,4212,247,0.22786653980358834,0.22282304270488396,0.28460340121091965,0.15869150340429336,0.05641387545167101
row,0.03,4212,248,0.22777101205453443,0.22272642790076716,0.2845838981535271,0.15869112142828473,0.05647553430991604
row,0.03,4212,249,0.22767527467362242,0.22262959504983082,0.28456402278648624,0.15869021461497446,0.05653808295569829
row,0.03,4212,250,0.22757932441990011,0.22253254087051527,0.28454377245475276,0.15868878658719127,0.0566015119638592
row,0.03,4212,251,0.22748315807421662,0.22243526210363462,0.2845231444899854,0.15868684086698323,0.05666581213129478
row,0.03,4212,252,0.22738677243847658,0.22233775551161922,0.28450213620991244,0.1586843808766369,0.05673097446956899
row,0.03,4212,253,0.22729016433492036,0.2222400178777844,0.28448074491772624,0.15868140993969915,0.05679699019777024
row,0.03,4212,254,0.22719333060542873,0.22214204600562398,0.28445896790150876,0.15867793128200158,0.05686385073560453
row,0.03,4212,255,0.22709626811085126,0.22204383671812725,0.2844368024336837,0.15867394803268553,0.056931547696716406
row,0.03,4212,256,0.226998973730358,0.22194538685711998,0.28441424577049607,0.15866946322522832,0.05700007288223203
row,0.03,4212,257,0.2269014443608131,0.2218466932826273,0.28439129515151645,0.15866447979846912,0.05706941827451575
row,0.03,4212,258,0.22680367691617015,0.22174775287225817,0.2843679477991711,0.15865900059763433,0.05713957603113353
row,0.03,4212,259,0.22670566832688813,0.22164856252061124,0.2843442009182945,0.15865302837536122,0.05721053847901765
row,0.03,4212,260,0.22660741553936742,0.2215491191387005,0.28432005169570496,0.15864656579272052,0.057282298108824375
row,0.03,4212,261,0.22650891551540528,0.22144941965340062,0.28429549729980225,0.15863961542023608,0.057354847569479554
row,0.03,4212,262,0.22641016523167004,0.22134946100691136,0.28427053488018517,0.15863217973890179,0.05742817966290515
row,0.03,4212,263,0.22631116167919338,0.22124924015624003,0.2842451615672899,0.1586242611411953,0.057502287338921106
row,0.03,4212,264,0.22621190186288004,0.22114875407270174,0.28421937447204704,0.15861586193208824,0.057577163690316555
row,0.03,4212,265,0.22611238280103457,0.22104799974143652,0.2841931706855573,0.15860698433005166,0.05765280194808486
row,0.03,4212,266,0.22601260152490454,0.2209469741609436,0.2841665472787841,0.15859763046805767,0.05772919547681615
row,0.03,4212,267,0.2259125550782392,0.22084567434263072,0.2841395013022643,0.15858780239457573,0.057806337770243535
row,0.03,4212,268,0.22581224051686402,0.22074409731037975,0.28411202978583383,0.15857750207456411,0.057884222446936265
row,0.03,4212,269,0.2257116549082694,0.22064224010012679,0.28408412973836983,0.15856673139045546,0.05796284324613545
row,0.03,4212,270,0.2256107953312142,0.22054009975945688,0.28405579814754683,0.15855549214313708,0.05804219402372777
row,0.03,4212,271,0.22550965887534297,0.22043767334721287,0.2840270319796086,0.15854378605292457,0.05812226874835189
row,0.03,4212,272,0.2254082426408166,0.22033495793311758,0.2839978281791521,0.1585316147605299,0.05820306149763296
row,0.03,4212,273,0.22530654373795597,0.2202319505974094,0.28396818366892596,0.1585189798280224,0.05828456645454129
row,0.03,4212,274,0.22520455928689806,0.22012864843049032,0.2839380953496409,0.15850588273978336,0.05836677790387032
row,0.03,4212,275,0.22510228641726454,0.22002504853258645,0.28390756009979246,0.15849232490345364,0.058449690228829745
row,0.03,4212,276,0.22499972226784165,0.2199211480134204,0.2838765747754959,0.15847830765087428,0.058533297907750484
row,0.03,4212,277,0.2248968639862722,0.2198169439918953,0.28384513621033136,0.15846383223902,0.05861759551089605
row,0.03,4212,278,0.2247937087287581,0.21971243359579012,0.2838132412152011,0.15844889985092522,0.05870257769737837
row,0.03,4212,279,0.22469025365977355,0.2196076139614654,0.2837808865781957,0.15843351159660257,0.05878823921217281
row,0.03,4212,280,0.22458649595178945,0.2195024822335802,0.2837480690644716,0.1584176685139543,0.05887457488322957
row,0.03,4212,281,0.22448243278500657,0.2193970355648185,0.28371478541613726,0.1584013715696755,0.05896157961867772
row,0.03,4212,282,0.22437806134709984,0.21929127111562624,0.2836810323521491,0.15838462166014988,0.05904924840411931
row,0.03,4212,283,0.22427337883297122,0.2191851860539574,0.28364680656821606,0.15836741961233783,0.05913757630000867
row,0.03,4212,284,0.2241683824445125,0.21907877755503008,0.28361210473671306,0.15834976618465657,0.05922655843911552
row,0.03,4212,285,0.224063069390376,0.21897204280109053,0.28357692350660213,0.15833166206785224,0.05931619002406784
row,0.03,4212,286,0.2239574368857552,0.21886497898118729,0.2835412595033626,0.1583131078858645,0.05940646632497175
row,0.03,4212,287,0.22385148215217285,0.2187575832909529,0.28350510932892764,0.1582941041966829,0.0594973826771058
row,0.03,4212,288,0.22374520241727783,0.2186498529323945,0.2834684695616292,0.15827465149319525,0.05958893447868634
row,0.03,4212,289,0.22363859491464969,0.21854178511369218,0.2834313367561499,0.15825475020402852,0.05968111718870231
row,0.03,4212,290,0.22353165688361093,0.21843337704900523,0.28339370744348163,0.15823440069438113,0.059773926324815985
row,0.03,4212,291,0.2234243855690471,0.21832462595828622,0.2833555781308911,0.15821360326684805,0.05986735746132716
row,0.03,4212,292,0.2233167782212339,0.2182155290671024,0.28331694530189183,0.15819235816223753,0.05996140622719942
row,0.03,4212,293,0.2232088320956715,0.21810608360646414,0.2832778054162225,0.15817066556038012,0.06005606830414484
row,0.03,4212,294,0.22310054445292593,0.2179962868126608,0.2832381549098313,0.1581485255809299,0.0601513394247656
row,0.03,4212,295,0.2229919125584773,0.21788613592710337,0.28319799019486624,0.15812593828415814,0.06024721537075078
row,0.03,4212,296,0.22288293368257417,0.2177756281961734,0.2831573076596715,0.1581029036717389,0.06034369197112464
row,0.03,4212,297,0.22277360510009495,0.21766476087107917,0.2831161036687888,0.1580794216875271,0.060440765100546516
row,0.03,4212,298,0.2226639240904151,0.21755353120771748,0.28307437456296514,0.15805549221832926,0.06053843067765858
row,0.03,4212,299,0.22255388793728076,0.2174419364665423,0.2830321166591648,0.15803111509466664,0.06063668466348032
row,0.03,4212,300,0.2224434939286882,0.2173299739124392,0.28298932625058737,0.1580062900915305,0.06073552305984828
row,0.03,4212,301,0.22233273935676923,0.2172176408146056,0.28294599960669076,0.1579810169291309,0.060834941907898184
row,0.03,4212,302,0.22222162151768202,0.21710493444643705,0.28290213297321876,0.15795529527363725,0.06093493728658916
row,0.03,4212,303,0.22211013771150812,0.21699185208541916,0.28285772257223396,0.1579291247379127,0.06103550531126715
row,0.03,4212,304,0.22199828524215418,0.2168783910130249,0.2828127646021549,0.15790250488224047,0.06113664213226672
row,0.03,4212,305,0.22188606141725964,0.21676454851461752,0.28276725523779866,0.15787543521504416,0.06123834393354935
row,0.03,4212,306,0.22177346354810915,0.21665032187935854,0.28272119063042755,0.15784791519360059,0.06134060693137693
row,0.03,4212,307,0.22166048894955082,0.21653570840012162,0.2826745669078002,0.15781994422474596,0.06144342737301891
row,0.03,4212,308,0.22154713493991862,0.21642070537341057,0.28262738017422795,0.15779152166557572,0.0615468015354917
row,0.03,4212,309,0.2214333988409605,0.21630531009928314,0.2825796265106345,0.15776264682413754,0.06165072572432922
row,0.03,4212,310,0.2213192779777709,0.21618951988127943,0.28253130197462106,0.1577333189601181,0.06175519627238316
row,0.03,4212,311,0.22120476967872799,0.21607333202635512,0.28248240260053503,0.15770353728552358,0.06186020953865123
row,0.03,4212,312,0.2210898712754361,0.2159567438448197,0.2824329243995435,0.15767330096535387,0.0619657619071336
row,0.03,4212,313,0.22097458010267224,0.21583975265027905,0.2823828633597105,0.157642609118271,0.062071849785714464
row,0.03,4212,314,0.22085889349833732,0.215722355759583,0.2823322154460792,0.15761146081726135,0.062178469605069314
row,0.03,4212,315,0.22074280880341174,0.2156045504927769,0.28228097660075746,0.1575798550902926,0.062285617817595854
row,0.03,4212,316,0.2206263233619158,0.21548633417305835,0.28222914274300814,0.1575477909209643,0.062393290896367824
row,0.03,4212,317,0.22050943452087365,0.21536770412673756,0.28217670976934384,0.1575152672491538,0.06250148533411108
row,0.03,4212,318,0.2203921396302825,0.21524865768320292,0.28212367355362467,0.15748228297165615,0.06261019764219994
row,0.03,4212,319,0.2202744360430851,0.21512919217489002,0.2820700299471619,0.15744883694281914,0.06271942434967427
row,0.03,4212,320,0.22015632111514707,0.2150093049372554,0.28201577477882417,0.1574149279751734,0.06282916200227537
row,0.03,4212,321,0.2200377922052382,0.2148889933087546,0.2819609038551488,0.15738055484005706,0.06293940716150007
row,0.03,4212,322,0.21991884667501727,0.21476825463082366,0.2819054129604571,0.157345716268236,0.06305015640367269
row,0.03,4212,323,0.21979948188902193,0.21464708624786563,0.28184929785697393,0.15731041095051973,0.063161406319033
row,0.03,4212,324,0.2196796952146617,0.21452548550724054,0.2817925542849511,0.15727463753837181,0.06327315351084088
row,0.03,4212,325,0.21955948402221542,0.2144034497592595,0.281735177962796,0.15723839464451736,0.06338539459449549
row,0.03,4212,326,0.21943884568483207,0.21428097635718277,0.28167716458720315,0.1572016808435449,0.06349812619666916
row,0.03,4212,327,0.2193177775785364,0.2141580626572221,0.2816185098332912,0.1571644946725054,0.06361134495445524
row,0.03,4212,328,0.2191962770822374,0.21403470601854635,0.28155920935474377,0.15712683463150648,0.06372504751452866
row,0.03,4212,329,0.21907434157774133,0.21391090380329175,0.28149925878395454,0.1570886991843035,0.06383923053231928
row,0.03,4212,330,0.21895196844976836,0.21378665337657554,0.2814386537321777,0.15705008675888682,0.06395389067119713
row,0.03,4212,331,0.2188291550859728,0.21366195210651354,0.2813773897896811,0.1570109957480657,0.0640690246016687
row,0.03,4212,332,0.21870589887696726,0.21353679736424153,0.2813154625259056,0.15697142451004875,0.06418462900058444
row,0.03,4212,333,0.21858219721635072,0.21341118652394073,0.2812528674896285,0.15693137136902147,0.06430070055035583
row,0.03,4212,334,0.21845804750074002,0.21328511696286667,0.28118960020913103,0.1568908346157208,0.06441723593818267
row,0.03,4212,335,0.21833344712980537,0.21315858606138208,0.28112565619237095,0.15684981250800664,0.06453423185528967
row,0.03,4212,336,0.2182083935063092,0.21303159120299334,0.28106103092715984,0.1568083032714312,0.06465168499617091
row,0.03,4212,337,0.2180828840361493,0.21290412977439116,0.28099571988134575,0.15676630509980516,0.06476959205784368
row,0.03,4212,338,0.21795691612840504,0.21277619916549434,0.28092971850299897,0.156723816155762,0.06488794973910933
row,0.03,4212,339,0.2178304871953876,0.21264779676949774,0.28086302222060494,0.15668083457132004,0.06500675473982234
row,0.03,4212,340,0.21770359465269395,0.2125189199829239,0.28079562644326056,0.15663735844844223,0.0651260037601652
row,0.03,4212,341,0.217576235919264,0.21238956620567812,0.28072752656087585,0.15659338585959448,0.0652456934999314
row,0.03,4212,342,0.21744840841744248,0.21225973284110786,0.2806587179443816,0.15654891484830175,0.06536582065781336
row,0.03,4212,343,0.2173201095730432,0.21212941729606516,0.28058919594594056,0.15650394342970297,0.06548638193069771
row,0.03,4212,344,0.2171913368154181,0.21199861698097336,0.2805189558991658,0.15645846959110446,0.06560737401296451
row,0.03,4212,345,0.2170620875775292,0.2118673293098972,0.28044799311934293,0.15641249129253182,0.06572879359579331
row,0.03,4212,346,0.21693235929602464,0.21173555170061675,0.28037630290365834,0.15636600646728122,0.06585063736647306
row,0.03,4212,347,0.21680214941131842,0.2116032815747052,0.28030388053143296,0.15631901302246937,0.06597290200771762
row,0.03,4212,348,0.2166714553676738,0.21147051635761038,0.28023072126436155,0.15627150883958274,0.066095584196985
row,0.03,4212,349,0.21654027461328998,0.21133725347873963,0.2801568203467573,0.15622349177502623,0.0662186806058012
row,0.03,4212,350,0.21640860460039343,0.21120349037154923,0.2800821730058031,0.15617495966067138,0.06634218789908763
row,0.03,4213,0,0.3023259354519155,0.29032791439513883,0.32870859730643376,0.13291453122021685,0.4657052150086721
row,0.03,4213,1,0.29599384031825693,0.28399840314944397,0.3258610567281437,0.13278194078473265,0.44084206728394765
row,0.03,4213,2,0.2903175525029551,0.2783242886372519,0.3233605809949684,0.13279422546923492,0.4176552779930724
row,0.03,4213,3,0.28522046930925266,0.27322902903179,0.32115691877936886,0.13292485607071733,0.3960456808902146
row,0.03,4213,4,0.2806350585416306,0.26864514458896227,0.3192065728406016,0.1331511769105502,0.37591922642565684
row,0.03,4213,5,0.27650179440430916,0.26451315463117164,0.3174719517086684,0.1334538970480982,0.3571866416658975
row,0.03,4213,6,0.27276821655972255,0.2607806375584497,0.3159206229689248,0.13381664443424085,0.3397631238919221
row,0.03,4213,7,0.26938809812300335,0.2574013996784384,0.314524656276881,0.13422557541881086,0.3235680647301155
row,0.03,4213,8,0.26632071007732416,0.2543347403538323,0.3132600456475575,0.13466903296271504,0.3085248025161815
row,0.03,4213,9,0.2635301710703845,0.25154480243977406,0.31210620178992066,0.13513724771287658,0.2945604011502193
row,0.03,4213,10,0.26098487283420385,0.24899999826418667,0.31104550632584643,0.13562207679806945,0.2816054540039262
row,0.03,4213,11,0.2586569725901139,0.2466725025225308,0.31006292066961116,0.13611677581356657,0.2695939115241266
row,0.03,4213,12,0.25652194478342305,0.24453780443996034,0.3091456431678933,0.1366157999961583,0.2584629310804854
row,0.03,4213,13,0.254558185357728,0.2425743124183754,0.3082828088276691,0.1371146310596895,0.24815274737519796
row,0.03,4213,14,0.2527466625435436,0.24076300514970433,0.30746522660321873,0.13760962657390724,0.23860656141975276
row,0.03,4213,15,0.25107060881318843,0.23908712385323744,0.30668514978445305,0.13809788913359666,0.22977044574274355
row,0.03,4213,16,0.24951524925477628,0.23753190089506243,0.30593607553590185,0.13857715288692896,0.2215932631767599
row,0.03,4213,17,0.24806756215203438,0.23608432058091208,0.3052125700865308,0.1390456852768958,0.21402659633004317
row,0.03,4213,18,0.246716068031401,0.2347329083879231,0.3045101164715538,0.13950220210210185,0.2070246847184989
row,0.03,4213,19,0.24545064386022708,0.23346754532269695,0.30382498208415576,0.13994579422684772,0.20054436654068686
row,0.03,4213,20,0.24426235945577776,0.23227930446849648,0.3031541036124151,0.1403758644686592,0.19454502223143688
row,0.03,4213,21,0.2431433334992327,0.23116030711853763,0.3024949872189644,0.14079207336708402,0.18898851722126644
row,0.03,4213,22,0.2420866068465102,0.23010359618962678,0.301845622071846,0.14119429269319855,0.18383914173679564
row,0.03,4213,23,0.24108603109247206,0.22910302487482953,0.30120440555794714,0.14158256569708427,0.1790635459689829
row,0.03,4213,24,0.24013617058043743,0.2281531587289667,0.300570078708314,0.1419570732124964,0.1746306694722055
row,0.03,4213,25,0.23923221625808694,0.22724918958965523,0.29994167054023907,0.14231810484582333,0.17051166419788477
row,0.03,4213,26,0.23836990996659174,0.22638685992216134,0.2993184501766627,0.14266603457177018,0.16667981107492266
row,0.03,4213,27,0.2375454779146624,0.22556239634101394,0.2986998857412832,0.1430013001423886,0.16311043049607576
row,0.03,4213,28,0.2367555722354443,0.22477245120739997,0.29808560914975946,0.14332438579035484,0.15978078743401936
row,0.03,4213,29,0.23599721965379913,0.22401405133083768,0.2974753860252368,0.1436358077728775,0.15666999218238353
row,0.03,4213,30,0.2352677764063238,0.22328455291831256,0.2968690900616908,0.1439361023602892,0.15375889789362926
row,0.03,4213,31,0.23456488865809053,0.2225816020155871,0.2962666812426498,0.14422581592411687,0.1510299961729052
row,0.03,4213,32,0.23388645774999517,0.22190309977520367,0.2956681873969814,0.144505496824034,0.14846731199605293
row,0.03,4213,33,0.23323060969008588,0.22124717196510282,0.29507368863871897,0.14477568883227193,0.14605629916507412
row,0.03,4213,34,0.23259566837246443,0.2206121422019277,0.2944833042953691,0.14503692586843575,0.14378373741132297
row,0.03,4213,35,0.23198013206935883,0.21999650845502802,0.29389718197966874,0.1452897278477934,0.141637632120879
row,0.03,4213,36,0.231382652796686,0.21939892242184167,0.293315488504152,0.14553459747248396,0.13960711750196808
row,0.03,4213,37,0.23080201820167998,0.21881817142354149,0.2927384023768476,0.14577201781815963,0.13768236385282387
row,0.03,4213,38,0.230237135663707,0.21825316251233734,0.29216610765059886,0.14600245058873587,0.13585448942941838
row,0.03,4213,39,0.22968701833686894,0.21770290851926827,0.29159878892843716,0.1462263349295192,0.13411547726300752
row,0.03,4213,40,0.22915077289600658,0.21716651580429636,0.2910366273536463,0.14644408670432324,0.13245809714210408
row,0.03,4213,41,0.22862758877677053,0.21664317349954332,0.29047979743608304,0.1466560981555458,0.1308758328550381
row,0.03,4213,42,0.22811672872599145,0.21613214406205028,0.2899284645863442,0.14686273787780163,0.12936281468883598
row,0.03,4213,43,0.22761752050106734,0.2156327549749058,0.2893827832468666,0.1470643510458057,0.1279137570976867
row,0.03,4213,44,0.2271293495768525,0.21514439145533681,0.288842895524295,0.14726125984596494,0.1265239013888554
row,0.03,4213,45,0.226651652735905,0.21466649004571228,0.2883089302407477,0.14745376406873187,0.12518896322406797
row,0.03,4213,46,0.22618391243321348,0.21419853297866087,0.28778100233318515,0.14764214182534735,0.1239050846983622
row,0.03,4213,47,0.22572565183992613,0.21374004322089335,0.28725921254014586,0.1478266503582791,0.12266879073423813
row,0.03,4213,48,0.22527643048237517,0.2132905801120809,0.2867436473238625,0.14800752691956615,0.12147694951476394
row,0.03,4213,49,0.22483584040301996,0.21284973552546155,0.28623437898335824,0.1481849896955003,0.12032673667327559
row,0.03,4213,50,0.22440350277899387,0.21241713048590116,0.2857314659207,0.14835923875970727,0.11921560295781698
row,0.03,4213,51,0.22397906494189562,0.2119924121890847,0.2852349530282821,0.14853045703980616,0.11814124509402425
row,0.03,4213,52,0.2235621977494365,0.2115752513724784,0.28474487216993905,0.14869881128549547,0.11710157957951364
row,0.03,4213,53,0.22315259326567344,0.21116533999481665,0.2842612427329362,0.1488644530281927,0.11609471915491175
row,0.03,4213,54,0.22274996271191702,0.21076238918622386,0.2837840722315574,0.14902751952430038,0.1151189517105826
row,0.03,4213,55,0.22235403465510492,0.21036612743577776,0.2833133569461641,0.14918813467582165,0.1141727214031502
row,0.03,4213,56,0.22196455340454893,0.20997629898743606,0.2828490825843126,0.14934640992344922,0.11325461177150314
row,0.03,4213,57,0.22158127759157237,0.20959266241885466,0.2823912249528465,0.14950244510843325,0.11236333065766341
row,0.03,4213,58,0.22120397890971624,0.20921498938078456,0.2819397506318726,0.14965632930052672,0.11149769675336432
row,0.03,4213,59,0.22083244099596308,0.20884306347750325,0.28149461764323147,0.14980814159014091,0.1106566276081628
row,0.03,4213,60,0.22046645843585214,0.20847667927116004,0.281055776107525,0.149957951843533,0.10983912894923105
row,0.03,4213,61,0.22010583587748328,0.20811564139503683,0.2806231688849967,0.150105821420425,0.10904428517652337
row,0.03,4213,62,0.21975038724126944,0.20775976376258706,0.28019673219660446,0.15025180385392167,0.10827125090970827
row,0.03,4213,63,0.21939993501392377,0.20740886886074153,0.27977639622250805,0.15039594549297924,0.10751924347507782
row,0.03,4213,64,0.2190543096165957,0.20706278711739629,0.279362085675937,0.15053828610798722,0.10678753623157249
row,0.03,4213,65,0.21871334883831722,0.20672135633424507,0.27895372035102395,0.15067885946026927,0.10607545264511353
row,0.03,4213,66,0.21837689732701457,0.2063844211772115,0.2785512156437074,0.1508176938365032,0.10538236102963736
row,0.03,4213,67,0.21804480613129693,0.20605183271769265,0.27815448304523605,0.15095481254920512,0.10470766988162157
row,0.03,4213,68,0.21771693228707029,0.20572344801866163,0.27776343060816,0.15109023440453243,0.1040508237425213
row,0.03,4213,69,0.21739313844376051,0.20539912976041244,0.2773779633849802,0.15122397413873623,0.10341129953044399
row,0.03,4213,70,0.21707329252556729,0.20507874590136796,0.27699798383986096,0.1513560428246435,0.10278860328864281
row,0.03,4213,71,0.21675726742373586,0.2047621693699367,0.2766233922339917,0.15148644824957658,0.10218226730403511
row,0.03,4213,72,0.2164449407163233,0.20444927778389405,0.27625408698533327,0.1516151952661282,0.10159184755402542
row,0.03,4213,73,0.21613619441236695,0.2041399531941942,0.27588996500358964,0.15174228611720275,0.10101692144446005
row,0.03,4213,74,0.21583091471773913,0.20383408185049579,0.27553092200133095,0.15186772073671836,0.1004570858056248
row,0.03,4213,75,0.2155289918203025,0.20353155398601375,0.27517685278225135,0.15199149702733697,0.09991195511684858
row,0.03,4213,76,0.21523031969226922,0.20323226361959973,0.27482765150758165,0.15211361111655375,0.09938115993354718
row,0.03,4213,77,0.21493479590791986,0.2029361083732053,0.27448321194170056,0.15223405759243785,0.09886434549345832
row,0.03,4213,78,0.21464232147505813,0.20264298930310287,0.27414342767799427,0.15235282972027137,0.09836117048142509
row,0.03,4213,79,0.21435280067877527,0.2023528107434365,0.2738081923460111,0.15246991964128337,0.09787130593440659
row,0.03,4213,80,0.21406614093626197,0.20206548016083983,0.27347739980094726,0.15258531855462923,0.09739443427046512
row,0.03,4213,81,0.21378225266156117,0.20178090801901244,0.2731509442964765,0.15269901688371004,0.09693024842731937
row,0.03,4213,82,0.2135010491392795,0.20149900765227186,0.27282872064191477,0.15281100442787826,0.09647845109769049
row,0.03,4213,83,0.21322244640639396,0.20121969514721644,0.2725106243446795,0.15292127050052118,0.09603875405012817
row,0.03,4213,84,0.21294636314138765,0.20094288923173165,0.2721965517389686,0.1530298040544643,0.09561087752529313
row,0.03,4213,85,0.21267272056003877,0.20066851117066342,0.2718864001015527,0.15313659379558436,0.09519454969882525
row,0.03,4213,86,0.21240144231726182,0.20039648466755589,0.2715800677555314,0.15324162828547408,0.09478950620294617
row,0.03,4213,87,0.21213245441446923,0.20012673577192136,0.2712774541628724,0.153344896033951,0.09439548969984915
row,0.03,4213,88,0.21186568511198084,0.1998591927915689,0.27097846000650805,0.15344638558215756,0.09401224950073496
row,0.03,4213,89,0.21160106484606012,0.19959378620956938,0.270682987262729,0.15354608557695418,0.09363954122506116
row,0.03,4213,90,0.21133852615020296,0.19933044860548224,0.2703909392645748,0.15364398483726432,0.09327712649520749
row,0.03,4213,91,0.21107800358034393,0.1990691145805082,0.27010222075688456,0.1537400724129894,0.09292477266231608
row,0.03,4213,92,0.2108194336436814,0.19880972068626845,0.269816737943631,0.1538343376370722,0.09258225255956339
row,0.03,4213,93,0.21056275473085417,0.1985522053569426,0.26953439852813066,0.1539267701712504,0.09224934427955865
row,0.03,4213,94,0.21030790705122832,0.1982965088445229,0.26925511174668276,0.15401736004600536,0.09192583097295239
row,0.03,4213,95,0.21005483257107962,0.1980425731569705,0.26897878839615963,0.15410609769517924,0.09161150066568417
row,0.03,4213,96,0.20980347495447585,0.1977903419990764,0.2687053408560376,0.1541929739857002,0.0913061460926015
row,0.03,4213,97,0.20955377950668364,0.1975397607158525,0.2684346831053266,0.15427798024282635,0.09100956454545309
row,0.03,4213,98,0.20930569311994168,0.19729077623829291,0.2681667307348289,0.15436110827129032,0.09072155773349723
row,0.03,4213,99,0.2090591642214545,0.19704333703136023,0.26790140095512693,0.15444235037269993,0.09044193165517776
row,0.03,4213,100,0.2088141427234774,0.19679739304406646,0.26763861260067595,0.15452169935952487,0.09017049647950612
row,0.03,4213,101,0.2085705799753715,0.19655289566152756,0.2673782861303492,0.15459914856597623,0.08990706643595343
row,0.03,4213,102,0.20832842871752136,0.19630979765888334,0.26712034362476433,0.15467469185606303,0.0896514597118023
row,0.03,4213,103,0.2080876430370135,0.19606805315698111,0.2668647087806898,0.15474832362908952,0.08940349835603617
row,0.03,4213,104,0.20784817832498542,0.19582761757973205,0.26661130690281676,0.15482003882283743,0.08916300818895938
row,0.03,4213,105,0.20760999123555945,0.19558844761305477,0.26636006489315533,0.15488983291465916,0.0889298187168395
row,0.03,4213,106,0.20737303964628462,0.19535050116532865,0.26611091123829944,0.1549577019206907,0.08870376305095422
row,0.03,4213,107,0.20713728262001285,0.19511373732928317,0.2658637759947843,0.15502364239337724,0.08848467783050275
row,0.03,4213,108,0.20690268036814408,0.1948781163452578,0.26561859077274497,0.15508765141749017,0.08827240314890905
row,0.03,4213,109,0.2066691942151771,0.19464359956576882,0.26537528871806965,0.15514972660479887,0.08806678248310759
row,0.03,4213,110,0.20643678656450792,0.19441014942132473,0.2651338044932228,0.15520986608754933,0.08786766262545502
row,0.03,4213,111,0.2062054208654226,0.1941777293874372,0.26489407425690625,0.15526806851088906,0.08767489361795669
row,0.03,4213,112,0.20597506158123258,0.19394630395277535,0.2646560356427061,0.15532433302436544,0.0874883286885414
row,0.03,4213,113,0.2057456741585057,0.19371583858841646,0.2644196277368672,0.15537865927261651,0.08730782418915149
row,0.03,4213,114,0.20551722499734762,0.1934862997181475,0.26418479105532205,0.1554310473853613,0.0871332395354497
row,0.03,4213,115,0.20528968142269208,0.19325765468977607,0.26395146752009324,0.15548149796678898,0.08696443714796992
row,0.03,4213,116,0.20506301165655938,0.1930298717474102,0.26371960043517584,0.15553001208443745,0.08680128239456647
row,0.03,4213,117,0.20483718479124655,0.19280292000466964,0.2634891344620003,0.15557659125764445,0.08664364353403536
row,0.03,4213,118,0.2046121707634123,0.19257676941879248,0.26326001559456536,0.15562123744564618,0.08649139166080134
row,0.03,4213,119,0.20438794032902408,0.1923513907656041,0.26303219113432447,0.15566395303539338,0.08634440065058165
row,0.03,4213,120,0.20416446503913468,0.19212675561531528,0.26280560966490074,0.15570474082914687,0.08620254710694855
row,0.03,4213,121,0.20394171721645726,0.19190283630911933,0.2625802210266991,0.15574360403190982,0.08606571030872978
row,0.03,4213,122,0.20371966993271096,0.19167960593655928,0.2623559762914782,0.15578054623874882,0.08593377215819266
row,0.03,4213,123,0.2034982969867078,0.1914570383136367,0.26213282773693897,0.1558155714220503,0.08580661712996913
row,0.03,4213,124,0.20327757288315584,0.19123510796163617,0.2619107288213802,0.1558486839187547,0.0856841322206872
row,0.03,4213,125,0.20305747281215217,0.1910137900866399,0.26168963415846797,0.1558798884176065,0.08556620689927914
row,0.03,4213,126,0.20283797262934194,0.1907930605597078,0.2614694994921607,0.1559091899464545,0.08545273305794533
row,0.03,4213,127,0.20261904883672002,0.19057289589770018,0.2612502816718263,0.1559365938596331,0.08534360496375579
row,0.03,4213,128,0.2024006785640531,0.19035327324472065,0.2610319386275852,0.1559621058254519,0.08523871921087657
row,0.03,4213,129,0.20218283955090113,0.1901341703541578,0.2608144293459097,0.15598573181381797,0.08513797467341037
row,0.03,4213,130,0.20196551012921685,0.1899155655713051,0.2605977138455039,0.1560074780840128,0.08504127245884699
row,0.03,4213,131,0.20174866920650467,0.18969743781653936,0.2603817531534902,0.1560273511726426,0.08494851586211712
row,0.03,4213,132,0.2015322962495188,0.18947976656903862,0.2601665092819204,0.15604535788177862,0.08485961032024904
row,0.03,4213,133,0.20131637126848376,0.18926253185102151,0.2599519452046302,0.15606150526730295,0.08477446336762695
row,0.03,4213,134,0.20110087480181854,0.1890457142124905,0.25973802483445263,0.15607580062747092,0.08469298459185168
row,0.03,4213,135,0.20088578790134806,0.18882929471646157,0.2595247130008027,0.15608825149170227,0.08461508559020624
row,0.03,4213,136,0.20067109211798576,0.188613254924665,0.2593119754276451,0.15609886560960956,0.08454067992672762
row,0.03,4213,137,0.20045676948787156,0.1883975768837009,0.259099778711854,0.15610765094027113,0.08446968308988866
row,0.03,4213,138,0.20024280251894946,0.18818224311163434,0.2588880903019719,0.1561146156417558,0.08440201245089263
row,0.03,4213,139,0.2000291741779715,0.18796723658501596,0.2586768784773745,0.15611976806090327,0.08433758722258448
row,0.03,4213,140,0.19981586787791308,0.1877525407263141,0.2584661123278448,0.15612311672336476,0.08427632841898158
row,0.03,4213,141,0.19960286746578565,0.18753813939174344,0.2582557617335614,0.15612467032390628,0.08421815881542763
row,0.03,4213,142,0.19939015721083528,0.18732401685947964,0.2580457973455012,0.15612443771697643,0.08416300290937238
row,0.03,4213,143,0.19917772179311294,0.18711015781824475,0.2578361905662587,0.15612242790754008,0.08411078688178093
row,0.03,4213,144,0.198965546292405,0.18689654735625302,0.25762691353128175,0.15611865004217734,0.08406143855917345
row,0.03,4213,145,0.19875361617751186,0.18668317095050388,0.25741793909052224,0.15611311340044826,0.08401488737629882
row,0.03,4213,146,0.19854191729586396,0.18647001445641265,0.25720924079050145,0.15610582738652165,0.08397106433944317
row,0.03,4213,147,0.19833043586346327,0.1862570640977656,0.25700079285678545,0.15609680152106606,0.08392990199037433
row,0.03,4213,148,0.19811915845514028,0.1860443064569907,0.2567925701768704,0.1560860454334015,0.08389133437092294
row,0.03,4213,149,0.19790807199511576,0.18583172846573265,0.25658454828347177,0.15607356885390866,0.08385529698820061
row,0.03,4213,150,0.1976971637478582,0.18561931739572302,0.2563767033382148,0.1560593816066928,0.08382172678045388
row,0.03,4213,151,0.19748642130922606,0.18540706084993513,0.2561690121157203,0.1560434936024991,0.0837905620835544
row,0.03,4213,152,0.197275832597887,0.1851949467540155,0.25596145198808357,0.15602591483187536,0.08376174259812272
row,0.03,4213,153,0.19706538584700342,0.18498296334798114,0.25575400090973743,0.15600665535857866,0.08373520935728403
row,0.03,4213,154,0.19685506959617766,0.18477109917817638,0.255546637402697,0.15598572531322125,0.08371090469505395
row,0.03,4213,155,0.1966448726836464,0.1845593430894784,0.2553393405421785,0.15596313488715177,0.0836887722153506
row,0.03,4213,156,0.19643478423871807,0.18434768421774564,0.25513208994258685,0.15593889432656693,0.08366875676163038
row,0.03,4213,157,0.1962247936744438,0.18413611198249913,0.2549248657438654,0.15591301392684892,0.08365080438714288
row,0.03,4213,158,0.19601489068051525,0.18392461607983093,0.254717648598202,0.15588550402712426,0.08363486232580103
row,0.03,4213,159,0.19580506521638183,0.183713186475531,0.2545104196570834,0.15585637500503818,0.08362087896366192
row,0.03,4213,160,0.19559530750458018,0.18350181339842664,0.2543031605586933,0.15582563727174095,0.08360880381101256
row,0.03,4213,161,0.19538560802426866,0.18329048733392628,0.2540958534156458,0.15579330126707952,0.08359858747505611
row,0.03,4213,162,0.19517595750496067,0.18307919901776204,0.25388848080304816,0.15575937745499088,0.0835901816331913
row,0.03,4213,163,0.1949663469204506,0.18286793942992446,0.25368102574688545,0.15572387631909096,0.08358353900688073
row,0.03,4213,164,0.19475676748292492,0.18265669978878238,0.25347347171272105,0.15568680835845486,0.08357861333609985
row,0.03,4213,165,0.19454721063725436,0.18244547154538326,0.2532658025947053,0.15564818408358225,0.08357535935436122
row,0.03,4213,166,0.19433766805545905,0.1822342463779267,0.2530580027048863,0.155608014012544,0.0835737327643056
row,0.03,4213,167,0.1941281316313431,0.18202301618640676,0.2528500567628149,0.15556630866730434,0.08357369021385455
row,0.03,4213,168,0.19391859347529203,0.18181177308741703,0.25264194988543814,0.1555230785702134,0.083575189272915
row,0.03,4213,169,0.1937090459092274,0.18160050940911282,0.25243366757727415,0.15547833424066582,0.08357818841062978
row,0.03,4213,170,0.19349948146171478,0.18138921768632618,0.2522251957208608,0.1554320861919199,0.08358264697316503
row,0.03,4213,171,0.19328989286321901,0.1811778906558282,0.25201652056747326,0.15538434492807252,0.08358852516202755
row,0.03,4213,172,0.19308027304150244,0.18096652125173412,0.2518076287281023,0.15533512094118554,0.08359578401290277
row,0.03,4213,173,0.19287061511716136,0.1807551026010462,0.2515985071646879,0.15528442470855836,0.08360438537500607
row,0.03,4213,174,0.1926609123992963,0.1805436280193305,0.25138914318160055,0.1552322666901421,0.08361429189093866
row,0.03,4213,175,0.19245115838131174,0.18033209100652262,0.25117952441736596,0.1551786573260911,0.0836254669770393
row,0.03,4213,176,0.19224134673684046,0.18012048524285829,0.2509696388366245,0.1551236070344472,0.08363787480422347
row,0.03,4213,177,0.19203147131579018,0.17990880458492559,0.25075947472232135,0.15506712620895194,0.08365148027930173
row,0.03,4213,178,0.19182152614050593,0.1796970430618331,0.2505490206681198,0.15500922521698304,0.08366624902676822
row,0.03,4213,179,0.19161150540204686,0.1794851948714921,0.2503382655710329,0.1549499143976103,0.08368214737105018
row,0.03,4213,180,0.1914014034565721,0.17927325437700786,0.25012719862426713,0.15488920405976722,0.08369914231921113
row,0.03,4213,181,0.19119121482183302,0.17906121610317677,0.24991580931027213,0.154827104480534,0.08371720154409718
row,0.03,4213,182,0.19098093417376769,0.17884907473308614,0.24970408739399155,0.15476362590352818,0.08373629336791952
row,0.03,4213,183,0.190770556343195,0.17863682510481288,0.24949202291630912,0.15469877853739872,0.08375638674626276
row,0.03,4213,184,0.19056007631260446,0.17842446220821806,0.2492796061876845,0.15463257255442006,0.08377745125251211
row,0.03,4213,185,0.19034948921303896,0.17821198118183418,0.24906682778197392,0.15456501808918238,0.08379945706268901
row,0.03,4213,186,0.19013879032106715,0.1779993773098421,0.24885367853043064,0.1544961252373744,0.0838223749406882
row,0.03,4213,187,0.1899279750558429,0.17778664601913463,0.248640149515879,0.15442590405465495,0.0838461762239063
row,0.03,4213,188,0.18971703897624861,0.1775737828764639,0.2484262320670592,0.15435436455561058,0.08387083280925473
row,0.03,4213,189,0.1895059777781197,0.1773607835856701,0.24821191775313595,0.15428151671279527,0.08389631713954737
row,0.03,4213,190,0.18929478729154744,0.17714764398498797,0.24799719837836742,0.15420737045584892,0.08392260219025545
row,0.03,4213,191,0.18908346347825847,0.17693436004443025,0.2477820659769298,0.1541319356706922,0.08394966145662082
row,0.03,4213,192,0.18887200242906663,0.17672092786324303,0.24756651280789269,0.15405522219879383,0.08397746894112015
row,0.03,4213,193,0.18866040036139672,0.17650734366743315,0.2473505313503409,0.15397723983650802,0.0840059991412709
row,0.03,4213,194,0.18844865361687635,0.17629360380736347,0.24713411429863888,0.1538979983344785,0.08403522703777214
row,0.03,4213,195,0.18823675865899456,0.17607970475541476,0.24691725455783303,0.15381750739710684,0.08406512808297167
row,0.03,4213,196,0.18802471207082425,0.1758656431037114,0.24669994523918815,0.1537357766820821,0.08409567818965187
row,0.03,4213,197,0.18781251055280668,0.17565141556190902,0.24648217965585398,0.1536528157999695,0.08412685372012647
row,0.03,4213,198,0.1876001509205963,0.17543701895504232,0.246263951318658,0.1535686343138546,0.084158631475641
row,0.03,4213,199,0.1873876301029629,0.17522245022143024,0.2460452539320207,0.15348324173904188,0.0841909886860688
row,0.03,4213,200,0.18717494513975033,0.17500770641063743,0.24582608138998968,0.15339664754280397,0.08422390299989604
row,0.03,4213,201,0.18696209317988932,0.17479278468148984,0.24560642777238864,0.1533088611441801,0.08425735247448793
row,0.03,4213,202,0.1867490714794619,0.17457768230014198,0.24538628734107867,0.15321989191382118,0.08429131556662904
row,0.03,4213,203,0.18653587739981753,0.1743623966381954,0.2451656545363275,0.1531297491738789,0.08432577112333131
row,0.03,4213,204,0.1863225084057371,0.17414692517086544,0.24494452397328373,0.15303844219793766,0.08436069837290212
row,0.03,4213,205,0.18610896206364486,0.17393126547519538,0.24472289043855322,0.15294598021098627,0.08439607691626598
row,0.03,4213,206,0.18589523603986524,0.1737154152283159,0.24450074888687384,0.1528523723894282,0.0844318867185332
row,0.03,4213,207,0.1856813280989246,0.17349937220574885,0.24427809443788615,0.15275762786112795,0.08446810810080958
row,0.03,4213,208,0.1854672361018949,0.17328313427975325,0.24405492237299659,0.15266175570549176,0.08450472173223944
row,0.03,4213,209,0.1852529580047787,0.17306669941771258,0.24383122813233044,0.1525647649535812,0.08454170862227679
row,0.03,4213,210,0.18503849185693405,0.17285006568056155,0.24360700731177207,0.15246666458825728,0.08457905011317872
row,0.03,4213,211,0.18482383579953765,0.17263323122125138,0.24338225566008914,0.15236746354435404,0.08461672787271338
row,0.03,4213,212,0.1846089880640851,0.17241619428325206,0.2431569690761387,0.15226717070887963,0.08465472388707891
row,0.03,4213,213,0.18439394697092693,0.1721989531990902,0.24293114360615226,0.15216579492124316,0.08469302045402552
row,0.03,4213,214,0.18417871092783922,0.17198150638892162,0.24270477544109728,0.15206334497350635,0.0847316001761765
row,0.03,4213,215,0.18396327842862764,0.17176385235913705,0.242477860914113,0.15195982961065785,0.08477044595454156
row,0.03,4213,216,0.18374764805176402,0.17154598970100046,0.24225039649801788,0.15185525753090934,0.08480954098221821
row,0.03,4213,217,0.18353181845905334,0.17132791708931783,0.24202237880288666,0.1517496373860117,0.08484886873827469
row,0.03,4213,218,0.18331578839433166,0.1711096332811366,0.2417938045736944,0.15164297778159028,0.08488841298180994
row,0.03,4213,219,0.18309955668219255,0.17089113711447373,0.2415646706880259,0.15153528727749765,0.0849281577461859
row,0.03,4213,220,0.1828831222267415,0.1706724275070717,0.24133497415384755,0.15142657438818274,0.08496808733342626
row,0.03,4213,221,0.1826664840103778,0.17045350345518176,0.24110471210734094,0.1513168475830753,0.08500818630877742
row,0.03,4213,222,0.18244964109260237,0.17023436403237327,0.2408738818107944,0.15120611528698444,0.085048439495427
row,0.03,4213,223,0.18223259260885047,0.17001500838836778,0.24064248065055222,0.15109438588051016,0.08508883196937493
row,0.03,4213,224,0.18201533776934928,0.16979543574789802,0.24041050613501874,0.1509816677004668,0.08512934905445319
row,0.03,4213,225,0.1817978758579985,0.16957564540958975,0.24017795589271565,0.1508679690403176,0.08516997631748856
row,0.03,4213,226,0.18158020623127416,0.1693556367448668,0.2399448276703909,0.15075329815061908,0.08521069956360626
row,0.03,4213,227,0.1813623283171537,0.16913540919687756,0.23971111933117753,0.15063766323947447,0.0852515048316676
row,0.03,4213,228,0.1811442416140627,0.16891496227944264,0.2394768288528004,0.15052107247299545,0.08529237838984022
row,0.03,4213,229,0.18092594568984166,0.16869429557602303,0.23924195432582976,0.15040353397577097,0.0853333067312946
row,0.03,4213,230,0.18070744018073254,0.1684734087387076,0.23900649395197932,0.15028505583134286,0.08537427657002501
row,0.03,4213,231,0.18048872479038433,0.16825230148721987,0.23877044604244824,0.15016564608268654,0.08541527483678932
row,0.03,4213,232,0.1802697992888769,0.16803097360794286,0.23853380901630472,0.1500453127326973,0.08545628867516525
row,0.03,4213,233,0.18005066351176263,0.16780942495296164,0.23829658139891036,0.14992406374468042,0.08549730543771918
row,0.03,4213,234,0.17983131735912486,0.1675876554391229,0.23805876182038344,0.14980190704284474,0.0855383126822834
row,0.03,4213,235,0.17961176079465285,0.1673656650471108,0.23782034901410037,0.14967885051279906,0.08557929816833916
row,0.03,4213,236,0.17939199384473303,0.16714345382053913,0.23758134181523302,0.14955490200205104,0.08562024985350201
row,0.03,4213,237,0.17917201659755486,0.16692102186505803,0.23734173915932172,0.14943006932050715,0.08566115589010583
row,0.03,4213,238,0.17895182920223227,0.16669836934747628,0.2371015400808825,0.1493043602409739,0.08570200462188299
row,0.03,4213,239,0.17873143186793847,0.16647549649489707,0.236860743712046,0.14917778249965966,0.08574278458073685
row,0.03,4213,240,0.17851082486305553,0.16625240359386817,0.23661934928122944,0.14905034379667567,0.08578348448360469
row,0.03,4213,241,0.17829000851433646,0.16602909098954488,0.23637735611183822,0.14892205179653736,0.08582409322940661
row,0.03,4213,242,0.17806898320608053,0.16580555908486616,0.23613476362099722,0.14879291412866388,0.08586459989607953
row,0.03,4213,243,0.17784774937932069,0.1655818083397426,0.23589157131831037,0.14866293838787617,0.08590499373769184
row,0.03,4213,244,0.1776263075310233,0.165357839270257,0.2356477788046477,0.1485321321348932,0.08594526418163691
row,0.03,4213,245,0.17740465821329904,0.1651336524478758,0.23540338577095885,0.14840050289682552,0.08598540082590266
row,0.03,4213,246,0.17718280203262546,0.1649092484986724,0.23515839199711175,0.14826805816766636,0.08602539343641485
row,0.03,4213,247,0.17696073964907927,0.16468462810255993,0.234912797350756,0.14813480540877902,0.0860652319444514
row,0.03,4213,248,0.17673847177558047,0.1644597919925361,0.23466660178620982,0.14800075204938085,0.08610490644412537
row,0.03,4213,249,0.17651599917714517,0.16423474095393648,0.23441980534336962,0.14786590548702355,0.0861444071899347
row,0.03,4213,250,0.1762933226701489,0.16400947582369838,0.2341724081466415,0.14773027308806888,0.08618372459437565
row,0.03,4213,251,0.17607044312159917,0.1637839974896339,0.23392441040389428,0.14759386218816,0.08622284922561907
row,0.03,4213,252,0.17584736144841664,0.16355830688971176,0.23367581240543173,0.14745668009268803,0.0862617718052456
row,0.03,4213,253,0.1756240786167256,0.163332405011348,0.23342661452298546,0.1473187340772531,0.08630048320603974
row,0.03,4213,254,0.17540059564115262,0.16310629289070516,0.2331768172087261,0.14718003138812066,0.0863389744498393
row,0.03,4213,255,0.17517691358413331,0.16287997161199969,0.23292642099429256,0.14704057924267147,0.08637723670543888
row,0.03,4213,256,0.1749530335552272,0.16265344230681691,0.23267542648983847,0.14690038482984644,0.08641526128654553
row,0.03,4213,257,0.1747289567104401,0.1624267061534339,0.2324238343830961,0.14675945531058482,0.08645303964978471
row,0.03,4213,258,0.17450468425155385,0.1621997643761498,0.23217164543845542,0.14661779781825646,0.0864905633927549
row,0.03,4213,259,0.1742802174254636,0.161972618244623,0.23191886049605903,0.14647541945908754,0.086527824252129
row,0.03,4213,260,0.17405555752352142,0.16174526907321554,0.23166548047091218,0.14633232731257972,0.08656481410180064
row,0.03,4213,261,0.17383070588088698,0.16151771822034383,0.23141150635200658,0.14618852843192254,0.08660152495107483
row,0.03,4213,262,0.1736056638758851,0.1612899670878365,0.2311569392014582,0.14604402984439874,0.08663794894289986
row,0.03,4213,263,0.1733804329293687,0.16106201712029772,0.23090178015365817,0.14589883855178262,0.08667407835214037
row,0.03,4213,264,0.17315501450408896,0.16083386980447756,0.2306460304144363,0.14575296153073133,0.0867099055838891
row,0.03,4213,265,0.17292941010407034,0.16060552666864725,0.23038969126023662,0.14560640573316866,0.08674542317181692
row,0.03,4213,266,0.17270362127399255,0.16037698928198127,0.23013276403730482,0.14545917808666142,0.08678062377655858
row,0.03,4213,267,0.17247764959857698,0.16014825925394416,0.22987525016088653,0.14531128549478867,0.08681550018413425
row,0.03,4213,268,0.1722514967019794,0.1599193382336832,0.22961715111443642,0.14516273483750278,0.08685004530440382
row,0.03,4213,269,0.17202516424718767,0.15969022790942644,0.22935846844883787,0.1450135329714833,0.08688425216955521
row,0.03,4213,270,0.1717986539354244,0.15946093000788536,0.22909920378163187,0.14486368673048305,0.08691811393262265
row,0.03,4213,271,0.17157196750555526,0.15923144629366337,0.22883935879625594,0.1447132029256659,0.08695162386603614
row,0.03,4213,272,0.1713451067335013,0.1590017785686683,0.22857893524129175,0.14456208834593748,0.08698477536019955
row,0.03,4213,273,0.17111807343165691,0.15877192867153023,0.22831793492972144,0.14441034975826758,0.08701756192209736
row,0.03,4213,274,0.17089086944831186,0.15854189847702385,0.22805635973819255,0.1442579939080045,0.08704997717392768
row,0.03,4213,275,0.170663496667078,0.15831168989549513,0.22779421160629015,0.14410502751918178,0.08708201485176187
row,0.03,4213,276,0.17043595700632064,0.1580813048722926,0.22753149253581767,0.1439514572948167,0.08711366880422933
row,0.03,4213,277,0.170208252418594,0.157850745387203,0.22726820459008382,0.14379728991720112,0.08714493299122615
row,0.03,4213,278,0.16998038489008094,0.15762001345389087,0.2270043498931975,0.14364253204818375,0.0871758014826471
row,0.03,4213,279,0.16975235644003692,0.15738911111934262,0.22673993062936876,0.14348719032944518,0.08720626845714045
row,0.03,4213,280,0.1695241691202381,0.15715804046331447,0.22647494904221616,0.14333127138276422,0.08723632820088359
row,0.03,4213,281,0.16929582501443322,0.15692680359778435,0.22620940743408063,0.14317478181027676,0.0872659751063807
row,0.03,4213,282,0.16906732623779946,0.1566954026664077,0.22594330816534483,0.1430177281947263,0.0872952036712791
row,0.03,4213,283,0.16883867493640223,0.1564638398439771,0.225676653653758,0.14286011709970695,0.08732400849720613
row,0.03,4213,284,0.16860987328665886,0.156232117335886,0.2254094463737666,0.142701955069898,0.08735238428862377
row,0.03,4213,285,0.1683809234948054,0.15600023737759522,0.22514168885584948,0.14254324863129103,0.08738032585170169
row,0.03,4213,286,0.16815182779636798,0.15576820223410426,0.22487338368585835,0.142384004291409,0.08740782809320766
row,0.03,4213,287,0.1679225884556369,0.15553601419942537,0.22460453350436274,0.14222422853951744,0.0874348860194139
row,0.03,4213,288,0.16769320776514482,0.15530367559606129,0.22433514100599933,0.1420639278468281,0.08746149473502077
row,0.03,4213,289,0.16746368804514827,0.15507118877448683,0.22406520893882564,0.14190310866669456,0.08748764944209438
row,0.03,4213,290,0.1672340316431125,0.15483855611263342,0.22379474010367786,0.1417417774348006,0.0875133454390207
row,0.03,4213,291,0.1670042409332001,0.1546057800153774,0.2235237373535323,0.14157994056934045,0.08753857811947283
row,0.03,4213,292,0.1667743183157624,0.15437286291403143,0.2232522035928707,0.14141760447119187,0.08756334297139295
row,0.03,4213,293,0.16654426621683474,0.1541398072658393,0.22298014177704933,0.14125477552408156,0.08758763557598742
row,0.03,4213,294,0.16631408708763482,0.15390661555347415,0.22270755491167102,0.14109146009474316,0.08761145160673456
row,0.03,4213,295,0.16608378340406438,0.1536732902845397,0.2224344460519606,0.140927664533068,0.08763478682840571
row,0.03,4213,296,0.16585335766621392,0.15343983399107486,0.2221608183021437,0.1407633951722482,0.08765763709609722
row,0.03,4213,297,0.16562281239787094,0.15320624922906154,0.22188667481482813,0.14059865832891308,0.08767999835427559
row,0.03,4213,298,0.1653921501460312,0.15297253857793558,0.22161201879038828,0.1404334603032581,0.08770186663583238
row,0.03,4213,299,0.16516137348041302,0.15273870464010075,0.2213368534763524,0.14026780737916655,0.08772323806115113
row,0.03,4213,300,0.16493048499297516,0.15250475004044625,0.22106118216679188,0.14010170582432474,0.08774410883718445
row,0.03,4213,301,0.1646994872974372,0.1522706774258666,0.22078500820171387,0.13993516189032992,0.08776447525654135
row,0.03,4213,302,0.16446838302880354,0.15203648946478546,0.22050833496645572,0.13976818181279138,0.08778433369658462
row,0.03,4213,303,0.16423717484289044,0.151802188846682,0.22023116589108166,0.13960077181142505,0.08780368061853756
row,0.03,4213,304,0.16400586541585577,0.15156777828162046,0.21995350444978218,0.13943293809014135,0.08782251256660051
row,0.03,4213,305,0.16377445744373237,0.15133326049978285,0.21967535416027478,0.13926468683712614,0.08784082616707592
row,0.03,4213,306,0.1635429536419639,0.15109863825100447,0.21939671858320764,0.139096024224916,0.0878586181275026
row,0.03,4213,307,0.16331135674494435,0.15086391430431287,0.21911760132156452,0.13892695641046604,0.08787588523579823
row,0.03,4213,308,0.16307966950556008,0.1506290914474694,0.2188380060200718,0.13875748953521252,0.08789262435941064
row,0.03,4213,309,0.16284789469473512,0.15039417248651404,0.21855793636460746,0.1385876297251285,0.08790883244447664
row,0.03,4213,310,0.16261603510097955,0.15015916024531323,0.21827739608161173,0.13841738309077375,0.08792450651498906
row,0.03,4213,311,0.16238409352994088,0.14992405756511057,0.21799638893749923,0.13824675572733858,0.08793964367197149
row,0.03,4213,312,0.16215207280395824,0.14968886730408068,0.21771491873807317,0.13807575371468173,0.08795424109266047
row,0.03,4213,313,0.16191997576161993,0.149453592336886,0.21743298932794086,0.1379043831173626,0.08796829602969501
row,0.03,4213,314,0.1616878052573237,0.14921823555423647,0.21715060458993077,0.13773264998466742,0.08798180581031327
row,0.03,4213,315,0.1614555641608405,0.14898279986245272,0.21686776844451136,0.13756056035063052,0.08799476783555639
row,0.03,4213,316,0.16122325535688037,0.14874728818303132,0.21658448484921097,0.13738812023404912,0.08800717957947896
row,0.03,4213,317,0.16099088174466242,0.1485117034522141,0.21630075779803967,0.13721533563849356,0.08801903858836649
row,0.03,4213,318,0.16075844623748703,0.14827604862055965,0.21601659132091217,0.13704221255231183,0.08803034247995925
row,0.03,4213,319,0.16052595176231135,0.14804032665251815,0.21573198948307198,0.136868756948629,0.08804108894268281
row,0.03,4213,320,0.16029340125932812,0.1478045405260095,0.21544695638451752,0.13669497478534126,0.08805127573488483
row,0.03,4213,321,0.16006079768154663,0.14756869323200358,0.215161496159429,0.13652087200510574,0.08806090068407822
row,0.03,4213,322,0.15982814399437795,0.1473327877741047,0.21487561297559685,0.13634645453532435,0.08806996168619027
row,0.03,4213,323,0.15959544317522192,0.14709682716813782,0.2145893110338515,0.13617172828812366,0.08807845670481823
row,0.03,4213,324,0.15936269821305823,0.14686081444173893,0.21430259456749443,0.1359966991603298,0.08808638377049058
row,0.03,4213,325,0.1591299121080397,0.14662475263394745,0.21401546784173042,0.13582137303343877,0.08809374097993433
row,0.03,4213,326,0.15889708787108933,0.14638864479480257,0.2137279351531013,0.13564575577358215,0.0881005264953483
row,0.03,4213,327,0.15866422852349954,0.14615249398494157,0.21344000082892062,0.13546985323148875,0.08810673854368208
row,0.03,4213,328,0.15843133709653545,0.14591630327520233,0.21315166922671003,0.13529367124244146,0.08811237541592057
row,0.03,4213,329,0.15819841663104023,0.14568007574622777,0.21286294473363654,0.1351172156262305,0.08811743546637454
row,0.03,4213,330,0.15796547017704413,0.14544381448807406,0.21257383176595152,0.13494049218710216,0.08812191711197664
row,0.03,4213,331,0.15773250079337645,0.14520752259982161,0.21228433476843034,0.13476350671370368,0.08812581883158295
row,0.03,4213,332,0.15749951154728026,0.144971203189189,0.21199445821381382,0.13458626497902426,0.08812913916528003
row,0.03,4213,333,0.15726650551403054,0.14473485937215003,0.2117042066022511,0.13440877274033242,0.08813187671369775
row,0.03,4213,334,0.15703348577655518,0.1444984942725539,0.21141358446074304,0.1342310357391093,0.0881340301373272
row,0.03,4213,335,0.15680045542505908,0.1442621110217483,0.21112259634258768,0.13405305970097886,0.0881355981558443
row,0.03,4213,336,0.15656741755665132,0.14402571275820564,0.21083124682682702,0.13387485033563415,0.08813657954743892
row,0.03,4213,337,0.15633437527497523,0.143789302627152,0.21053954051769444,0.13369641333676047,0.08813697314814874
row,0.03,4213,338,0.15610133168984194,0.14355288378019984,0.21024748204406435,0.1335177543819553,0.08813677785119954
row,0.03,4213,339,0.1558682899168666,0.143316459374983,0.20995507605890262,0.13333887913264464,0.08813599260634966
row,0.03,4213,340,0.1556352530771077,0.14308003257479504,0.20966232723871872,0.13315979323399674,0.08813461641924074
row,0.03,4213,341,0.1554022242967097,0.1428436065482309,0.20936924028301904,0.13298050231483238,0.08813264835075302
row,0.03,4213,342,0.1551692067065485,0.1426071844688311,0.20907581991376195,0.13280101198753266,0.08813008751636676
row,0.03,4213,343,0.15493620344188008,0.14237076951472946,0.20878207087481412,0.13262132784794367,0.08812693308552783
row,0.03,4213,344,0.15470321764199219,0.14213436486830341,0.2084879979314081,0.13244145547527864,0.08812318428101967
row,0.03,4213,345,0.1544702524498591,0.1418979737158279,0.208193605869602,0.1322614004320172,0.0881188403783398
row,0.03,4213,346,0.1542373110117995,0.1416615992471319,0.20789889949574028,0.13208116826380253,0.08811390070508167
row,0.03,4213,347,0.15400439647713715,0.14142524465525802,0.20760388363591598,0.13190076449933563,0.08810836464032243
row,0.03,4213,348,0.15377151199786523,0.14118891313612553,0.20730856313543503,0.13172019465026752,0.08810223161401459
row,0.03,4213,349,0.1535386607283131,0.140952607888196,0.2070129428582817,0.13153946421108903,0.08809550110638437
row,0.03,4213,350,0.15330584582481632,0.14071633211214216,0.2067170276865859,0.13135857865901865,0.08808817264733415
row,0.1,4211,0,0.3681315288942972,0.3632500929997499,0.3877468387101874,0.1951203278844612,0.5550103145290876
row,0.1,4211,1,0.3392200860998144,0.33434750142058584,0.36355752779084927,0.17634790821535387,0.48733318516959007
row,0.1,4211,2,0.3168876780091106,0.3120158818539847,0.345422196083654,0.16310820397080214,0.4295621799503145
row,0.1,4211,3,0.2995092563416688,0.2946328738508485,0.3317834292035243,0.15389021356181176,0.37984698009203766
row,0.1,4211,4,0.2859030582928525,0.28101860719951566,0.32150764624281275,0.14760735733756952,0.3367766764471406
row,0.1,4211,5,0.27519581102942653,0.2703011401051073,0.31375919777919653,0.143469426650368,0.29926226064729416
row,0.1,4211,6,0.2667330669235305,0.26182695665887706,0.30791561134905077,0.1408965334701727,0.26645258352995443
row,0.1,4211,7,0.26001839730927895,0.2551002745612283,0.3035093507120251,0.13946016632919495,0.237673204539439
row,0.1,4211,8,0.2546713958211928,0.24974112930307507,0.3001870423851901,0.1388421203642406,0.21238157529339283
row,0.1,4211,9,0.250398144954112,0.2454558985417995,0.29768043159439006,0.1388054307350673,0.1901341631241935
row,0.1,4211,10,0.24697007076889185,0.24201619843434197,0.2957853547671566,0.13917350057194194,0.17056237754690723
row,0.1,4211,11,0.24420853464813175,0.23924350552440424,0.29434628604036694,0.13981491125568804,0.15335497353124222
row,0.1,4211,12,0.2419734169973299,0.23699776233722164,0.2932448266999129,0.14063223364716215,0.13824518265040034
row,0.1,4211,13,0.24015452997806136,0.235168806055143,0.29239103185685655,0.1415536989429146,0.1250012619441244
row,0.1,4211,14,0.23866507333499598,0.23366983595741309,0.2917168127288287,0.1425269431656756,0.11341949398605289
row,0.1,4211,15,0.23743659330441388,0.2324323807732308,0.2911708807595331,0.14351427578671122,0.10331894196120822
row,0.1,4211,16,0.23641506650043476,0.23140238868392776,0.2907148526347719,0.14448908228441987,0.09453747352653474
row,0.1,4211,17,0.23555783857391308,0.23053717038137805,0.2903202392945435,0.14543307920950804,0.08692872569645048
row,0.1,4211,18,0.2348312204942304,0.22980299848248498,0.28996611411785145,0.14633421570595617,0.08035979634361784
row,0.1,4211,19,0.2342085957411966,0.2291732169191917,0.2896373063720181,0.14718506853178112,0.07470952125799034
row,0.1,4211,20,0.23366892729787683,0.2286267494414686,0.28932300272651323,0.14798161565702905,0.06986723459954852
row,0.1,4211,21,0.23319557906278934,0.2281469220353851,0.2890156666314676,0.1487223012170812,0.06573192271043811
row,0.1,4211,22,0.23277538531895853,0.22772053303074224,0.2887102055873415,0.1494073250902232,0.06221167722629789
row,0.1,4211,23,0.23239791624806064,0.22733711898869433,0.28840333172313454,0.1500381057365232,0.05922334550602344
row,0.1,4211,24,0.23205489849328925,0.22698837544911915,0.28809307295982917,0.15061687659598785,0.056692275394964735
row,0.1,4211,25,0.2317397583433369,0.22666770016668852,0.28777840126009124,0.15114638527501637,0.05455206322244697
row,0.1,4211,26,0.23144726184025954,0.2263698331802348,0.28745895168714075,0.15162967163930668,0.05274423825699393
row,0.1,4211,27,0.2311732314347253,0.2260905733696621,0.2871348116731951,0.1520699062727378,0.05121784795249766
row,0.1,4211,28,0.23091432303491835,0.22582655536908894,0.28680636437104684,0.15247027491725315,0.049928938624467976
row,0.1,4211,29,0.23066785065322942,0.22557507405651891,0.28647417348914717,0.1528338977481858,0.04883994951953558
row,0.1,4211,30,0.23043164852634532,0.22533394650714528,0.2861388997901797,0.153163774866959,0.04791905168368584
row,0.1,4211,31,0.2302039627087885,0.22510140341835402,0.28580124162125453,0.1534627513650884,0.04713946697227492
row,0.1,4211,32,0.229983365827522,0.22487600369948202,0.28546189356340523,0.15373349685086615,0.04647879943234094
row,0.1,4211,33,0.22976869002379832,0.22465656725605843,0.2851215186364702,0.15397849552721787,0.04591840421607206
row,0.1,4211,34,0.22955897416839297,0.2244421220568453,0.28478073055023667,0.15420004383967378,0.04544281084095346
row,0.1,4211,35,0.22935342227424055,0.2242318624088825,0.2844400833156351,0.15440025343499228,0.04503920981938128
row,0.1,4211,36,0.22915137069167987,0.22402511602623087,0.2841000661699375,0.15458105772915004,0.04469700538169878
row,0.1,4211,37,0.22895226219239326,0.22382131799850336,0.2837611022663851,0.15474422081387715,0.04440743248860025
row,0.1,4211,38,0.22875562545784314,0.22361999017466555,0.2834235499624339,0.15489134776174546,0.04416323344441025
row,0.1,4211,39,0.2285610588098238,0.2234207247991945,0.2830877058364016,0.15502389564306768,0.04395838786765038
row,0.1,4211,40,0.22836821727319612,0.22322317149000914,0.28275380878908285,0.15514318476083136,0.043787889192038576
row,0.1,4211,41,0.2281768022586883,0.22302702684533648,0.2824220447601512,0.15525040975613907,0.04364756093642272
row,0.1,4211,42,0.22798655330849565,0.22283202612150702,0.28209255172087,0.15534665034675466,0.04353390643839271
row,0.1,4211,43,0.22779724146853814,0.22263793654480427,0.28176542470419763,0.15543288154365237,0.043443986405322925
row,0.1,4211,44,0.22760866394590976,0.22244455191519602,0.28144072070814785,0.15550998325138032,0.04337531937081994
row,0.1,4211,45,0.22742063978403118,0.2222516882337902,0.2811184633639867,0.1555787492026115,0.04332580087381767
row,0.1,4211,46,0.2272330063457914,0.22205918014367837,0.28079864730197684,0.15563989520935362,0.04329363785593396
row,0.1,4211,47,0.2270456164400864,0.22186687801900046,0.28048124217738946,0.15569406673594932,0.04327729537756017
row,0.1,4211,48,0.2268583359624022,0.2216746455723545,0.2801661963410566,0.15574184581454367,0.04327545327681981
row,0.1,4211,49,0.2266710419476161,0.2214823578782477,0.2798534401539272,0.15578375733392832,0.043286970839292935
row,0.1,4211,50,0.22648362095470204,0.22128989973184734,0.2795428889554885,0.15582027473896354,0.04331085791645112
row,0.1,4211,51,0.22629596771985072,0.22109716427915466,0.2792344457027595,0.1558518251811892,0.04334625123553562
row,0.1,4211,52,0.2261079840276797,0.22090405186793338,0.2789280033007833,0.15587879416256045,0.04339239489225213
row,0.1,4211,53,0.2259195777605281,0.22071046907907868,0.2786234466478483,0.15590152971409793,0.04344862421896533
row,0.1,4211,54,0.22573066209392453,0.22051632790624232,0.2783206544196082,0.15592034615007888,0.043514352383099045
row,0.1,4211,55,0.22554115481268233,0.22032154505792415,0.27801950061623315,0.1559355274365598,0.0435890592002526
row,0.1,4211,56,0.2253509777270842,0.2201260413612774,0.27771985589603754,0.1559473302107678,0.04367228175016228
row,0.1,4211,57,0.2251600561725773,0.21992974125085762,0.2774215887179003,0.15595598648541,0.043763606466135314
row,0.1,4211,58,0.22496831857952831,0.21973257232869686,0.2771245663134053,0.1559617060693684,0.04386266243414362
row,0.1,4211,59,0.22477569610207562,0.21953446498459112,0.2768286555080882,0.15596467873366046,0.043969115689806396
row,0.1,4211,60,0.2245821222970941,0.21933535206748553,0.27653372340958665,0.15596507614902624,0.04408266434278209
row,0.1,4211,61,0.22438753284587165,0.21913516860044074,0.27623963797889534,0.15596305361909102,0.044203034390857744
row,0.1,4211,62,0.22419186531236796,0.21893385153294892,0.2759462684993883,0.15595875163077633,0.044329976112049814
row,0.1,4211,63,0.2239950589329508,0.2187313395254052,0.2756534859567965,0.15595229724151052,0.0444632609437302
row,0.1,4211,64,0.22379705443333528,0.2185275727613803,0.27536116334194993,0.15594380532082622,0.04460267877428859
row,0.1,4211,65,0.2235977938691282,0.21832249278402785,0.2750691758868133,0.15593337966212906,0.04474803558602668
row,0.1,4211,66,0.22339722048693383,0.21811604235352022,0.2747774012431671,0.15592111397877564,0.04489915139854863
row,0.1,4211,67,0.2231952786034321,0.21790816532287102,0.2744857196122119,0.15590709279710316,0.04505585847041988
row,0.1,4211,68,0.22299191350021882,0.21769880652988574,0.2741940138323987,0.15589139225769794,0.04521799972374234
row,0.1,4211,69,0.22278707133251063,0.21748791170330148,0.2739021694319116,0.15587408083497062,0.045385427361880656
row,0.1,4211,70,0.22258069905007968,0.21727542738144423,0.27361007465143694,0.15585521998400617,0.045558001655136446
row,0.1,4211,71,0.22237274432900575,0.21706130084195874,0.2733176204421499,0.15583486472267144,0.04573558987291603
row,0.1,4211,72,0.22216315551301788,0.21684548004135457,0.27302470044321936,0.15581306415608223,0.04591806534403389
row,0.1,4211,73,0.22195188156335943,0.21662791356327699,0.27273121094256986,0.15578986194974181,0.04610530662937054
row,0.1,4211,74,0.221738872016242,0.2164085505745461,0.2724370508241469,0.1557652967569607,0.0462971967932584
row,0.1,4211,75,0.2215240769470744,0.21618734078813076,0.27214212150449146,0.15573940260554006,0.04649362276178599
row,0.1,4211,76,0.22130744694074783,0.21596423443232107,0.2718463268610423,0.15571220924814483,0.04669447475774668
row,0.1,4211,77,0.22108893306734936,0.21573918222545652,0.27154957315424444,0.15568374248029393,0.04689964580327174
row,0.1,4211,78,0.22086848686274568,0.21551213535563818,0.27125176894524256,0.15565402442945836,0.047109031282308825
row,0.1,4211,79,0.2206460603135485,0.2152830454649243,0.27095282501067586,0.15562307381836313,0.04732252855607458
row,0.1,4211,80,0.22042160584602438,0.215051864637562,0.27065265425586094,0.15559090620524488,0.04754003662545031
row,0.1,4211,81,0.22019507631856575,0.214818545391862,0.2703511716274476,0.1555575342035079,0.04776145583501296
row,0.1,4211,82,0.2199664250173775,0.21458304067536288,0.27004829402645936,0.15552296768294893,0.04798668761403213
row,0.1,4211,83,0.21973560565507513,0.21434530386297362,0.2697439402224763,0.15548721395448042,0.048215634250316795
row,0.1,4211,84,0.21950257237192014,0.21410528875781337,0.2694380307695862,0.15545027794006558,0.04844819869328413
row,0.1,4211,85,0.21926727973944787,0.21386294959449817,0.2691304879246161,0.1554121623293919,0.04868428438304862
row,0.1,4211,86,0.21902968276626728,0.2136182410446487,0.2688212355680543,0.15537286772463935,0.0489237951027103
row,0.1,4211,87,0.2187897369058344,0.21337111822441682,0.26851019912799234,0.15533239277455124,0.04916663485134879
row,0.1,4211,88,0.21854739806601903,0.21312153670384582,0.26819730550733595,0.1552907342988848,0.04941270773552749
row,0.1,4211,89,0.21830262262030128,0.21286945251789785,0.2678824830144775,0.15524788740420048,0.049661917877367685
row,0.1,4211,90,0.21805536742044876,0.2126148221789958,0.2675656612975629,0.15520384559184525,0.049914169337482536
row,0.1,4211,91,0.21780558981053688,0.2123576026909396,0.26724677128244323,0.15515860085889424,0.050169366051262654
row,0.1,4211,92,0.21755324764218661,0.21209775156406813,0.2669257451143595,0.15511214379273233,0.05042741177718137
row,0.1,4211,93,0.21729829929090153,0.2118352268315471,0.26660251610337743,0.15506446365988535,0.05068821005594579
row,0.1,4211,94,0.2170407036733957,0.21156998706667152,0.26627701867356,0.15501554848964594,0.05095166417945558
row,0.1,4211,95,0.2167804202658091,0.2113019914010783,0.26594918831584274,0.15496538515298222,0.05121767716865587
row,0.1,4211,96,0.21651740912271472,0.21103119954377092,0.26561896154455567,0.154913959437165,0.05148615175947121
row,0.1,4211,97,0.21625163089682495,0.21075757180086271,0.26528627585752196,0.15486125611650645,0.05175699039610537
row,0.1,4211,98,0.21598304685930997,0.2104810690959497,0.26495106969964755,0.15480725901955938,0.052030095231068454
row,0.1,4211,99,0.21571161892064458,0.2102016529910285,0.2646132824299067,0.15475195109309248,0.052305368131365375
row,0.1,4211,100,0.21543730965190228,0.2099192857078767,0.26427285429161973,0.15469531446312357,0.05258271069033781
row,0.1,4211,101,0.21516008230641887,0.20963393014981727,0.2639297263859117,0.15463733049326375,0.05286202424470595
row,0.1,4211,102,0.21487990084174918,0.20934554992378918,0.2635838406482376,0.15457797984059962,0.05314320989639936
row,0.1,4211,103,0.21459672994184364,0.20905410936265068,0.2632351398278524,0.1545172425093177,0.05342616853880423
row,0.1,4211,104,0.21431053503937197,0.20875957354764116,0.26288356747010583,0.1544550979022533,0.053710800887086366
row,0.1,4211,105,0.2140212823381237,0.20846190833093087,0.2625290679014376,0.1543915248705287,0.053997007512275964
row,0.1,4211,106,0.2137289388354157,0.20816108035818792,0.26217158621694864,0.1543265017614265,0.05428468887882165
row,0.1,4211,107,0.21343347234443963,0.20785705709109487,0.2618110682704241,0.1542600064646311,0.05457374538533888
row,0.1,4211,108,0.21313485151648165,0.20754980682974633,0.2614474606666852,0.15419201645695488,0.0548640774082936
row,0.1,4211,109,0.21283304586294977,0.207239298734863,0.26108071075614714,0.15412250884565581,0.05515558534837028
row,0.1,4211,110,0.21252802577714383,0.20692550284975608,0.2607107666314622,0.15405146041043943,0.05544816967928647
row,0.1,4211,111,0.21221976255570638,0.20660839012198004,0.26033757712612954,0.15397884764422942,0.05574173099881669
row,0.1,4211,112,0.21190822841969179,0.20628793242461052,0.2599610918149561,0.15390464679278193,0.0560361700817976
row,0.1,4211,113,0.2115933965351951,0.20596410257708853,0.2595812610162542,0.15382883389320917,0.05633138793488725
row,0.1,4211,114,0.21127524103348114,0.2056368743655709,0.25919803579566475,0.15375138481147155,0.05662728585285045
row,0.1,4211,115,0.2109537370305582,0.20530622256273123,0.2588113679715003,0.15367227527889027,0.056923765476148136
row,0.1,4211,116,0.21062886064614214,0.20497212294695608,0.25842121012150066,0.15359148092772573,0.05722072884960176
row,0.1,4211,117,0.2103005890219576,0.20463455232088357,0.2580275155909031,0.15350897732586294,0.05751807848190797
row,0.1,4211,118,0.20996890033932752,0.20429348852923465,0.2576302385017271,0.15342474001063827,0.057815717405774826
row,0.1,4211,119,0.20963377383600235,0.20394891047588826,0.2572293337631818,0.15333874452183965,0.0581135492384499
row,0.1,4211,120,0.20929518982218503,0.20360079814015625,0.2568247570831042,0.15325096643390607,0.058411478242410594
row,0.1,4211,121,0.2089531296957095,0.20324913259221505,0.25641646498034326,0.15316138138735094,0.05870940938598371
row,0.1,4211,122,0.20860757595633353,0.2028938960076553,0.2560044147980065,0.15306996511942958,0.05900724840366237
row,0.1,4211,123,0.20825851221911051,0.20253507168111312,0.2555885647174906,0.15297669349406837,0.05930490185588746
row,0.1,4211,124,0.20790592322680826,0.20217264403895102,0.25516887377322134,0.1528815425310716,0.05960227718806039
row,0.1,4211,125,0.20754979486134545,0.20180659865095893,0.2547453018680319,0.15278448843462006,0.05989928278855684
row,0.1,4211,126,0.20719011415422123,0.20143692224105042,0.2543178097891131,0.15268550762107228,0.0601958280455109
row,0.1,4211,127,0.20682686929591682,0.20106360269693277,0.25388635922447167,0.15258457674608086,0.06049182340214363
row,0.1,4211,128,0.2064600496442519,0.2006866290787334,0.2534509127798387,0.15248167273103255,0.0607871804104123
row,0.1,4211,129,0.206089645731683,0.20030599162656954,0.25301143399597237,0.15237677278882122,0.061081811782762986
row,0.1,4211,130,0.20571564927153418,0.19992168176705155,0.2525678873663034,0.15226985444896282,0.06137563144177269
row,0.1,4211,131,0.20533805316315729,0.1995336921187165,0.25212023835487674,0.15216089558206028,0.06166855456747733
row,0.1,4211,132,0.20495685149601872,0.1991420164963889,0.2516684534145447,0.15204987442362586,0.06196049764218637
row,0.1,4211,133,0.20457203955271958,0.1987466499144755,0.25121250000537165,0.1519367695972704,0.06225137849259717
row,0.1,4211,134,0.204183613810955,0.19834758858919926,0.2507523466132143,0.15182156013726694,0.06254111632903023
row,0.1,4211,135,0.2037915719444269,0.19794482993978715,0.2502879627684429,0.15170422551049736,0.06282963178161945
row,0.1,4211,136,0.20339591282272573,0.1975383725886266,0.24981931906477486,0.15158474563779278,0.06311684693330266
row,0.1,4211,137,0.20299663651020275,0.19712821636041244,0.24934638717819368,0.15146310091467585,0.06340268534947253
row,0.1,4211,138,0.2025937442638577,0.19671436228030859,0.24886913988592885,0.15133927223151683,0.06368707210416155
row,0.1,4211,139,0.2021872385302699,0.19629681257115283,0.24838755108547617,0.15121324099311437,0.06396993380265
row,0.1,4211,140,0.20177712294160574,0.19587557064973732,0.2479015958136408,0.15108498913771318,0.06425119860040349
row,0.1,4211,141,0.201363402310739,0.19545064112220087,0.24741125026558572,0.15095449915547166,0.06453079621826266
row,0.1,4211,142,0.20094608262552185,0.19502202977857125,0.2469164918138738,0.15082175410639312,0.06480865795382491
row,0.1,4211,143,0.20052517104225034,0.19458974358650077,0.24641729902749016,0.15068673763773557,0.06508471668897792
row,0.1,4211,144,0.20010067587836897,0.19415379068423988,0.24591365169083618,0.150549434000915,0.06535890689356233
row,0.1,4211,145,0.19967260660446134,0.19371418037289567,0.24540553082268646,0.1504098280679187,0.0656311646251611
row,0.1,4211,146,0.19924097383557832,0.1932709231080264,0.24489291869510096,0.1502679053472451,0.06590142752503148
row,0.1,4211,147,0.19880578932195414,0.1928240304906229,0.24437579885228805,0.1501236519993878,0.06616963481021637
row,0.1,4211,148,0.19836706593916478,0.19237351525753044,0.24385415612941044,0.14997705485188118,0.06643572726189105
row,0.1,4211,149,0.1979248176777828,0.19191939127136579,0.24332797667133224,0.14982810141392644,0.06669964721002035
row,0.1,4211,150,0.19747905963258472,0.19146167350998516,0.24279724795129964,0.14967677989061565,0.06696133851442192
row,0.1,4211,151,0.19702980799136646,0.19100037805555886,0.24226195878955217,0.14952307919677368,0.0672207465423486
row,0.1,4211,152,0.19657708002342406,0.19053552208330904,0.24172209937185885,0.149366988970435,0.06747781814272381
row,0.1,4211,153,0.19612089406775407,0.1900671238499661,0.2411776612679732,0.149208499585975,0.06773250161717853
row,0.1,4211,154,0.1956612695210318,0.1895952026820007,0.2406286374500004,0.14904760216691337,0.06798474668805922
row,0.1,4211,155,0.19519822682541899,0.18911977896368376,0.24007502231066918,0.1488842885984065,0.0682345044635893
row,0.1,4211,156,0.19473178745625633,0.18864087412502956,0.2395168116814982,0.14871855153944702,0.06848172740038484
row,0.1,4211,157,0.19426197390969163,0.1881585106296725,0.23895400285084667,0.14855038443478505,0.06872636926353645
row,0.1,4211,158,0.19378880969029313,0.1876727119627274,0.2383865945818356,0.14837978152658682,0.06896838508448601
row,0.1,4211,159,0.19331231929869533,0.1871835026186804,0.2378145871301251,0.14820673786584457,0.06920773111693558
row,0.1,4211,160,0.19283252821932242,0.18669090808935557,0.23723798226153003,0.1480312493235495,0.06944436479103817
row,0.1,4211,161,0.19234946290822966,0.18619495485199777,0.23665678326945383,0.147853312601639,0.06967824466612887
row,0.1,4211,162,0.19186315078110275,0.1856956703575115,0.2360709949921189,0.14767292524372727,0.06990933038226238
row,0.1,4211,163,0.1913736202014493,0.18519308301888968,0.23548062382956678,0.14749008564562646,0.07013758261082771
row,0.1,4211,164,0.19088090046901307,0.18468722219986367,0.23488567776040106,0.14730479306566396,0.070362963004519
row,0.1,4211,165,0.1903850218084398,0.18417811820380256,0.2342861663582415,0.14711704763479874,0.07058543414693916
row,0.1,4211,166,0.1898860153582161,0.18366580226288354,0.2336821008078542,0.14692685036653785,0.07080495950211867
row,0.1,4211,167,0.18938391315990194,0.1831503065275537,0.2330734939209219,0.14673420316665203,0.07102150336422945
row,0.1,4211,168,0.18887874814767086,0.18263166405629735,0.23246036015141291,0.1465391088426864,0.07123503080777105
row,0.1,4211,169,0.18837055413816692,0.18210990880571795,0.2318427156105055,0.14634157111326,0.07144550763850482
row,0.1,4211,170,0.18785936582068644,0.18158507562094217,0.2312205780810212,0.14614159461714585,0.07165290034540377
row,0.1,4211,171,0.18734521874768345,0.18105720022634553,0.23059396703131813,0.14593918492212016,0.0718571760538816
row,0.1,4211,172,0.18682814932559724,0.18052631921659723,0.22996290362859148,0.14573434853356634,0.07205830248055402
row,0.1,4211,173,0.1863081948059928,0.17999247004801538,0.22932741075152677,0.14552709290281834,0.07225624788977571
row,0.1,4211,174,0.1857853932770032,0.17945569103022116,0.22868751300224832,0.14531742643522383,0.07245098105218731
row,0.1,4211,175,0.1852597836550566,0.1789160213180748,0.22804323671750415,0.14510535849790576,0.07264247120548983
row,0.1,4211,176,0.1847314056768678,0.17837350090387252,0.2273946099790246,0.1448908994271993,0.07283068801765605
row,0.1,4211,177,0.1842002998916691,0.17782817060977982,0.22674166262299247,0.14467406053573698,0.0730156015527666
row,0.1,4211,178,0.18366650765365292,0.1772800720804726,0.22608442624855898,0.14445485411915507,0.07319718223964881
row,0.1,4211,179,0.18313007111459292,0.17672924777595322,0.22542293422534027,0.1442332934623894,0.07337540084347527
row,0.1,4211,180,0.18259103321660985,0.17617574096450694,0.2247572216998267,0.14400939284552994,0.07355022844046294
row,0.1,4211,181,0.1820494376850419,0.1756195957157588,0.22408732560063888,0.14378316754919873,0.0737216363957954
row,0.1,4211,182,0.18150532902137956,0.17506085689379025,0.22341328464256127,0.14355463385941716,0.07388959634487041
row,0.1,4211,183,0.180958752496221,0.17449957015027137,0.22273513932928746,0.1433238090719243,0.07405408017795848
row,0.1,4211,184,0.18040975414220123,0.17393578191756184,0.22205293195480946,0.14309071149590957,0.07421506002833343
row,0.1,4211,185,0.17985838074684823,0.17336953940173325,0.2213667066033864,0.1428553604571203,0.07437250826392212
row,0.1,4211,186,0.17930467984531626,0.1728008905754625,0.2206765091480265,0.14261777630030498,0.07452639748249477
row,0.1,4211,187,0.1787486997129456,0.1722298841707458,0.21998238724742233,0.14237798039095292,0.07467670051040091
row,0.1,4211,188,0.17819048935759849,0.1716565696713819,0.21928439034127734,0.14213599511628935,0.07482339040483534
row,0.1,4211,189,0.17763009851171782,0.17108099730517123,0.21858256964396675,0.14189184388548828,0.0749664404595979
row,0.1,4211,190,0.1770675776240587,0.17050321803578056,0.2178769781364786,0.14164555112906208,0.0751058242142928
row,0.1,4211,191,0.17650297785104063,0.16992328355422026,0.21716767055658365,0.14139714229739095,0.07524151546689502
row,0.1,4211,192,0.17593635104766878,0.16934124626988262,0.21645470338718673,0.14114664385835451,0.07537348828959173
row,0.1,4211,193,0.17536774975797617,0.1687571593010923,0.21573813484281773,0.14089408329403008,0.07550171704779188
row,0.1,4211,194,0.17479722720493707,0.16817107646511897,0.21501802485422228,0.14063948909642307,0.07562617642217773
row,0.1,4211,195,0.1742248372798056,0.16758305226760548,0.21429443505102014,0.14038289076219818,0.07574684143366033
row,0.1,4211,196,0.17365063453083474,0.16699314189136655,0.21356742874240212,0.14012431878638051,0.07586368747108216
row,0.1,4211,197,0.17307467415133357,0.16640140118451516,0.21283707089584353,0.13986380465500056,0.07597669032150182
row,0.1,4211,198,0.1724970119670229,0.16580788664787643,0.21210342811381683,0.13960138083665694,0.07608582620287813
row,0.1,4211,199,0.17191770442265264,0.16521265542165198,0.21136656860849268,0.1393370807729769,0.07619107179896469
row,0.1,4211,200,0.17133680856784778,0.16461576527130092,0.21062656217442524,0.13907093886795519,0.07629240429621283
row,0.1,4211,201,0.17075438204215215,0.16401727457260656,0.20988348015922248,0.13880299047615677,0.0763898014224741
row,0.1,4211,202,0.17017048305924418,0.16341724229590213,0.20913739543221072,0.1385332718897724,0.07648324148728579
row,0.1,4211,203,0.16958517039030124,0.16281572798943234,0.20838838235110788,0.13826182032451934,0.07657270342351674
row,0.1,4211,204,0.1689985033464944,0.16221279176183157,0.2076365167267271,0.1379886739043838,0.076658166830147
row,0.1,4211,205,0.1684105417605992,0.16160849426370405,0.20688187578573855,0.13771387164520604,0.076739612015951
row,0.1,4211,206,0.1678213459677106,0.16100289666829432,0.20612453813152543,0.1374374534371126,0.07681702004385199
row,0.1,4211,207,0.16723097678505813,0.16039606065124262,0.20536458370317476,0.13715946002580467,0.07689037277571563
row,0.1,4211,208,0.16663949549091786,0.15978804836942237,0.2046020937326516,0.1368799329927164,0.07695965291735093
row,0.1,4211,209,0.16604696380262435,0.15917892243886228,0.20383715070021127,0.1365989147340601,0.07702484406348807
row,0.1,4211,210,0.16545344385368965,0.15856874591175965,0.20306983828811032,0.13631644843878069,0.07708593074250758
row,0.1,4211,211,0.1648589981700407,0.15795758225259623,0.20230024133268323,0.1360325780654454,0.07714289846069801
row,0.1,4211,212,0.16426368964539076,0.15734549531337166,0.20152844577485712,0.1357473483180989,0.07719573374582547
row,0.1,4211,213,0.16366758151576472,0.1567325493079747,0.20075453860918352,0.13546080462111862,0.0772444241898054
row,0.1,4211,214,0.1630707373332025,0.15611880878571546,0.1999786078314698,0.1351729930931079,0.0772889584902733
row,0.1,4211,215,0.1624732209386683,0.15550433860404703,0.19920074238509908,0.13488396051986978,0.07732932649086137
row,0.1,4211,216,0.161875096434198,0.15488920390050798,0.19842103210613146,0.13459375432650664,0.07736551921999514
row,0.1,4211,217,0.16127642815431992,0.1542734700639215,0.19763956766728363,0.13430242254869534,0.07739752892803678
row,0.1,4211,218,0.16067728063678818,0.15365720270488967,0.19685644052088758,0.13401001380318928,0.0774253491226102
row,0.1,4211,219,0.16007771859267117,0.153040467625626,0.19607174284093265,0.13371657725760414,0.07744897460195646
row,0.1,4211,220,0.15947780687584057,0.15242333078917114,0.1952855674642981,0.13342216259954362,0.07746840148617816
row,0.1,4211,221,0.15887761045190912,0.15180585828804039,0.1944980078312849,0.13312682000512702,0.0774836272462454
row,0.1,4211,222,0.15827719436666812,0.1511881163123539,0.19370915792555946,0.1328306001069801,0.07749465073064804
row,0.1,4211,223,0.1576766237140781,0.1505701711175031,0.1929191122136209,0.1325335539617543,0.07750147218959089
row,0.1,4211,224,0.15707596360386786,0.1499520889914089,0.1921279655839066,0.1322357330172399,0.07750409329664398
row,0.1,4211,225,0.15647527912879913,0.14933393622142876,0.19133581328565002,0.13193718907914007,0.07750251716777153
row,0.1,4211,226,0.15587463533165544,0.14871577906097194,0.19054275086760578,0.1316379742775738,0.07749674837767598
row,0.1,4211,227,0.15527409717201499,0.14809768369588255,0.18974887411675517,0.1313381410333762,0.07748679297340977
row,0.1,4211,228,0.154673729492869,0.14747971621065242,0.18895427899710682,0.13103774202426482,0.07747265848521702
row,0.1,4211,229,0.1540735969871463,0.14686194255452492,0.1881590615887028,0.1307368301509401,0.07745435393458215
row,0.1,4211,230,0.1534737641642068,0.14624442850755257,0.18736331802694145,0.1304354585031887,0.07743188983947517
row,0.1,4211,231,0.15287429531636537,0.14562723964667054,0.18656714444232436,0.1301336803260561,0.07740527821679516
row,0.1,4211,232,0.1522752544855086,0.1450104413118491,0.18577063690073317,0.12983154898615576,0.07737453258202497
row,0.1,4211,233,0.15167670542986544,0.14439409857238591,0.18497389134433817,0.12952911793817812,0.077339667946123
row,0.1,4211,234,0.1510787115909931,0.143778276193401,0.18417700353323874,0.1292264406916647,0.0773007008096873
row,0.1,4211,235,0.1504813360610376,0.14316303860259338,0.18338006898792994,0.12892357077810607,0.07725764915443899
row,0.1,4211,236,0.14988464155032807,0.14254844985731963,0.18258318293268733,0.12862056171842504,0.07721053243208105
row,0.1,4211,237,0.14928869035536244,0.1419345736120524,0.1817864402399578,0.1283174669909002,0.0771593715505983
row,0.1,4211,238,0.14869354432723964,0.14132147308627474,0.18098993537583832,0.1280143399995842,0.07710418885807234
row,0.1,4211,239,0.14809926484059296,0.1407092110328654,0.1801937623467209,0.12771123404326823,0.07704500812409427
row,0.1,4211,240,0.14750591276307679,0.14009784970702782,0.17939801464717725,0.12740820228504063,0.07698185451886431
row,0.1,4211,241,0.1469135484254558,0.13948745083581326,0.17860278520915124,0.1271052977224844,0.07691475459007424
row,0.1,4211,242,0.14632223159234528,0.13887807558828658,0.1778081663525217,0.12680257315855592,0.07684373623767507
row,0.1,4211,243,0.1457320214336472,0.13826978454638034,0.17701424973709318,0.12650008117318232,0.07676882868663733
row,0.1,4211,244,0.14514297649672542,0.13766263767648174,0.1762211263160676,0.12619787409561312,0.07669006245781486
row,0.1,4211,245,0.14455515467935887,0.1370566943017913,0.17542888629104245,0.12589600397755712,0.07660746933702847
row,0.1,4211,246,0.14396861320351187,0.13645201307549354,0.17463761906857775,0.12559452256713177,0.07652108234248876
row,0.1,4211,247,0.14338340858995433,0.13584865195477325,0.17384741321836766,0.12529348128364975,0.07643093569067728
row,0.1,4211,248,0.14279959663376504,0.13524666817571088,0.17305835643304646,0.12499293119326271,0.07633706476081198
row,0.1,4211,249,0.14221723238074593,0.13464611822908626,0.17227053548965537,0.12469292298547911,0.07623950605801863
row,0.1,4211,250,0.1416363701047736,0.13404705783711712,0.17148403621278854,0.12439350695056953,0.07613829717533548
row,0.1,4211,251,0.1410570632861109,0.1334495419311565,0.17069894343943495,0.12409473295786919,0.07603347675467374
row,0.1,4211,252,0.14047936459069915,0.13285362463036976,0.16991534098552397,0.12379665043498386,0.07592508444686091
row,0.1,4211,253,0.13990332585044715,0.13225935922140875,0.16913331161418083,0.12349930834790267,0.07581316087088831
row,0.1,4211,254,0.13932899804453241,0.1316667981390986,0.168352937005692,0.1232027551820171,0.07569774757248568
row,0.1,4211,255,0.13875643128172485,0.13107599294814887,0.16757429772917543,0.1229070389240435,0.07557888698214309
row,0.1,4211,256,0.13818567478374302,0.13048699432589897,0.16679747321594776,0.1226122070448424,0.07545662237269637
row,0.1,4211,257,0.13761677686964707,0.12989985204610355,0.16602254173457529,0.12231830648312608,0.07533099781659262
row,0.1,4211,258,0.1370497849412732,0.12931461496376273,0.16524958036759219,0.12202538363004273,0.07520205814294534
row,0.1,4211,259,0.1364847454697096,0.12873133100099796,0.16447866498986524,0.12173348431462293,0.07506984889448877
row,0.1,4211,260,0.13592170398281173,0.12815004713397243,0.1637098702485814,0.12144265379007224,0.07493441628453468
row,0.1,4211,261,0.13536070505375403,0.12757080938085294,0.1629432695448314,0.12115293672089159,0.07479580715403246
row,0.1,4211,262,0.1348017922906099,0.1269936627908064,0.1621789350167586,0.12086437717080477,0.0746540689288278
row,0.1,4211,263,0.13424500832695266,0.12641865143402387,0.16141693752424077,0.12057701859147119,0.07450924957721201
row,0.1,4211,264,0.1336903948134661,0.12584581839276154,0.1606573466350698,0.12029090381196028,0.07436139756784778
row,0.1,4211,265,0.13313799241055205,0.1252752057533864,0.1599002306125911,0.12000607502896224,0.07421056182815504
row,0.1,4211,266,0.1325878407819208,0.12470685459941296,0.15914565640476347,0.11972257379770915,0.07405679170323186
row,0.1,4211,267,0.13203997858914734,0.1241408050055148,0.15839368963459854,0.11944044102357966,0.07390013691538465
row,0.1,4211,268,0.13149444348717654,0.12357709603249412,0.15764439459193616,0.11915971695435877,0.0737406475243333
row,0.1,4211,269,0.13095127212075733,0.12301576572319012,0.15689783422651246,0.11888044117312449,0.07357837388815398
row,0.1,4211,270,0.13041050012178562,0.1224568510993061,0.1561540701422751,0.11860265259173253,0.07341336662501745
row,0.1,4211,271,0.12987216210753372,0.12190038815913362,0.15541316259289922,0.11832638944486973,0.07324567657577259
row,0.1,4211,272,0.1293362916797435,0.12134641187615135,0.1546751704784588,0.11805168928464708,0.07307535476742572
row,0.1,4211,273,0.12880292142455957,0.12079495619847509,0.15394015134320466,0.11777858897570273,0.07290245237755473
row,0.1,4211,274,0.1282720829132771,0.12024605404913395,0.15320816137440335,0.11750712469078683,0.07272702069969707
row,0.1,4211,275,0.12774380670387903,0.11969973732714778,0.15247925540218876,0.11723733190679886,0.07254911110974412
row,0.1,4211,276,0.12721812234333665,0.11915603690938008,0.15175348690037918,0.11696924540124953,0.07236877503336941
row,0.1,4211,277,0.12669505837064632,0.11861498265313933,0.15103090798821395,0.11670289924912017,0.07218606391451483
row,0.1,4211,278,0.12617464232057538,0.1180766033995022,0.15031156943296187,0.11643832682009232,0.07200102918495357
row,0.1,4211,279,0.12565690072808994,0.11754092697733126,0.1495955206533565,0.11617556077612212,0.07181372223494481
row,0.1,4211,280,0.12514185913343648,0.11700798020795943,0.14888280972381301,0.1159146330693341,0.07162419438499132
row,0.1,4211,281,0.12462954208784954,0.11647778891051372,0.1481734833793822,0.11565557494021098,0.07143249685870708
row,0.1,4211,282,0.12411997315985777,0.11595037790785029,0.14746758702139834,0.11539841691605601,0.07123868075679747
row,0.1,4211,283,0.12361317494215991,0.11542577103307305,0.14676516472377948,0.11514318880970714,0.07104279703215303
row,0.1,4211,284,0.12310916905904377,0.11490399113660837,0.14606625923993755,0.11488991971848134,0.07084489646605205
row,0.1,4211,285,0.12260797617431991,0.11438506009380801,0.14537091201025992,0.1146386380233313,0.07064502964546615
row,0.1,4211,286,0.122109615999743,0.11386899881305326,0.14467916317012364,0.11438937138819556,0.07044324694145873
row,0.1,4211,287,0.1216141073038939,0.11335582724433324,0.14399105155840436,0.11414214675952636,0.07023959848866378
row,0.1,4211,288,0.12112146792149599,0.11284556438827092,0.14330661472644562,0.1138969903659795,0.0700341341658304
row,0.1,4211,289,0.12063171476313912,0.11233822830557037,0.14262588894745307,0.11365392771825299,0.0698269035774152
row,0.1,4211,290,0.12014486382538611,0.11183383612685976,0.1419489092262814,0.11341298360906156,0.06961795603620297
row,0.1,4211,291,0.11966093020123614,0.11133240406290495,0.14127570930958327,0.11317418211323643,0.06940734054693401
row,0.1,4211,292,0.11917992809092086,0.11083394741516887,0.1406063216962896,0.11293754658794061,0.06919510579091505
row,0.1,4211,293,0.11870187081300891,0.11033848058669271,0.13994077764839347,0.11270309967299116,0.06898130011158775
row,0.1,4211,294,0.11822677081579597,0.10984601709327563,0.139279107202012,0.11247086329128175,0.06876597150102906
row,0.1,4211,295,0.11775463968895719,0.10935656957493012,0.13862133917869932,0.11224085864929953,0.06854916758735487
row,0.1,4211,296,0.11728548817544043,0.10887014980759085,0.13796750119698895,0.11201310623773159,0.06833093562299883
row,0.1,4211,297,0.11681932618357888,0.10838676871505583,0.13731761968414233,0.11178762583215855,0.06811132247383529
row,0.1,4211,298,0.11635616279940247,0.10790643638113892,0.1366717198880837,0.11156443649383233,0.0678903746091169
row,0.1,4211,299,0.11589600629912858,0.10742916206201414,0.13602982588950188,0.11134355657053695,0.06766813809219414
row,0.1,4211,300,0.11543886416181268,0.10695495419873222,0.13539196061410175,0.1111250036975333,0.06744465857198713
row,0.1,4211,301,0.11498474308214061,0.10648382042989096,0.1347581458449882,0.11090879479858763,0.06721998127517458
row,0.1,4211,302,0.11453364898334518,0.10601576760444181,0.13412840223516878,0.11069494608708655,0.06699415099907056
row,0.1,4211,303,0.11408558703023038,0.10555080179461583,0.13350274932016085,0.11048347306724099,0.066767212105155
row,0.1,4211,304,0.11364056164228628,0.10508892830895195,0.13288120553069027,0.11027439053538221,0.06653920851322619
row,0.1,4211,305,0.11319857650688074,0.10463015170541329,0.13226378820547158,0.11006771258135489,0.06631018369614262
row,0.1,4211,306,0.11275963459251181,0.10417447580457553,0.13165051360405816,0.10986345259001129,0.06608018067512367
row,0.1,4211,307,0.1123237381621082,0.103721903702874,0.13104139691975475,0.10966162324281271,0.06584924201557601
row,0.1,4211,308,0.1118908887863637,0.1032724377858957,0.13043645229258294,0.10946223651954382,0.06561740982341632
row,0.1,4211,309,0.11146108735709384,0.10282607974170385,0.12983569282229357,0.10926530370014606,0.06538472574185891
row,0.1,4211,310,0.11103433410060229,0.10238283057418257,0.1292391305814191,0.10907083536667746,0.06515123094863946
row,0.1,4211,311,0.1106106285910464,0.10194269061639066,0.12864677662836127,0.10887884140540512,0.06491696615364516
row,0.1,4211,312,0.11018996976379092,0.10150565954391345,0.12805864102050868,0.10868933100903831,0.06468197159692374
row,0.1,4211,313,0.10977235592874053,0.10107173638820285,0.12747473282738117,0.10850231267910976,0.06444628704704401
row,0.1,4211,314,0.10935778478364111,0.1006409195498957,0.12689506014379712,0.10831779422851126,0.06420995179978166
row,0.1,4211,315,0.10894625342734189,0.10021320681210184,0.1263196301030613,0.10813578278419318,0.0639730046771044
row,0.1,4211,316,0.10853775837300962,0.09978859535365336,0.12574844889017145,0.10795628479003395,0.0637354840264332
row,0.1,4211,317,0.10813229556128733,0.09936708176230671,0.12518152175504105,0.10777930600988714,0.06349742772015565
row,0.1,4211,318,0.10772986037339094,0.09894866204789131,0.12461885302573839,0.10760485153081432,0.06325887315536896
row,0.1,4211,319,0.10733044764413623,0.09853333165539646,0.12406044612173923,0.10743292576650931,0.06301985725383263
row,0.1,4211,320,0.10693405167489084,0.09812108547799142,0.12350630356719486,0.10726353246092224,0.06278041646210952
row,0.1,4211,321,0.10654066624644486,0.09771191786997142,0.12295642700421278,0.10709667469208861,0.06254058675187718
row,0.1,4211,322,0.10615028463179535,0.09730582265962534,0.12241081720615202,0.10693235487617038,0.06230040362039228
row,0.1,4211,323,0.10576289960883903,0.09690279316201852,0.12186947409093171,0.1067705747717146,0.06205990209108958
row,0.1,4211,324,0.10537850347296941,0.0965028221916871,0.12133239673435395,0.1066113354841349,0.06181911671430271
row,0.1,4211,325,0.10499708804957353,0.09610590207523867,0.12079958338344102,0.10645463747042104,0.061578081568089804
row,0.1,4211,326,0.10461864470642462,0.0957120246638553,0.12027103146978707,0.10630048054408027,0.06133683025915272
row,0.1,4211,327,0.10424316436596731,0.0953211813456954,0.11974673762292501,0.10614886388031552,0.06109539592383652
row,0.1,4211,328,0.10387063751749162,0.09493336305819051,0.11922669768370872,0.10599978602144275,0.06085381122919857
row,0.1,4211,329,0.10350105422919328,0.09454856030023406,0.11871090671771063,0.10585324488255082,0.06061210837413748
row,0.1,4211,330,0.10313440416011704,0.09416676314425884,0.11819935902863532,0.10570923775740594,0.060370319090571924
row,0.1,4211,331,0.10277067657198083,0.09378796124820074,0.11769204817174878,0.10556776132460231,0.06012847464466265
row,0.1,4211,332,0.10240986034087836,0.09341214386734599,0.11718896696732334,0.10542881165396022,0.05988660583806919
row,0.1,4211,333,0.10205194396885782,0.09303929986605952,0.11669010751409835,0.1052923842131716,0.059644743009236195
row,0.1,4211,334,0.10169691559537501,0.09266941772939252,0.11619546120275559,0.10515847387469321,0.05940291603470353
row,0.1,4211,335,0.1013447630086191,0.09230248557456713,0.11570501872940941,0.10502707492288654,0.05916115433043578
row,0.1,4211,336,0.100995473656709,0.09193849116233613,0.11521877010911037,0.10489818106140252,0.05891948685316751
row,0.1,4211,337,0.10064903465875968,0.09157742190821662,0.11473670468936162,0.10477178542080999,0.05867794210176136
row,0.1,4211,338,0.1003054328158161,0.0912192648935954,0.1142588111636465,0.10464788056646412,0.05843654811857707
row,0.1,4211,339,0.0999646546216543,0.09086400687670518,0.1137850775849662,0.10452645850661255,0.058195332490849024
row,0.1,4211,340,0.09962668627344826,0.09051163430347005,0.11331549137938535,0.10440751070073427,0.05795432235207283
row,0.1,4211,341,0.09929151368230141,0.09016213331821911,0.11285003935958383,0.10429102806810825,0.0577135443833991
row,0.1,4211,342,0.09895912248364211,0.0898154897742672,0.11238870773841289,0.10417700099660526,0.0574730248150357
row,0.1,4211,343,0.09862949804748199,0.08947168924436145,0.11193148214245215,0.10406541935169886,0.05723278942765907
row,0.1,4211,344,0.09830262548853658,0.08913071703099298,0.11147834762556588,0.1039562724856881,0.056992863553834754
row,0.1,4211,345,0.09797848967620751,0.0887925581765729,0.11102928868245518,0.10384954924712687,0.056753272079450315
row,0.1,4211,346,0.09765707524442563,0.08845719747347151,0.11058428926220254,0.10374523799045149,0.05651403944516107
row,0.1,4211,347,0.09733836660135434,0.08812461947392033,0.1101433327818062,0.10364332658580011,0.05627518964785198
row,0.1,4211,348,0.09702234793895285,0.08779480849977588,0.1097064021397,0.10354380242901573,0.05603674624211731
row,0.1,4211,349,0.0967090032423989,0.0874677486521451,0.10927347972925541,0.10344665245182422,0.055798732341761546
row,0.1,4211,350,0.09639831629937004,0.08714342382087119,0.10884454745226144,0.10335186313217917,0.05556117062132394
row,0.1,4212,0,0.3282733079861462,0.3234517381824632,0.3869862686608707,0.18834999937302896,0.2938185652050199
row,0.1,4212,1,0.31985907363494276,0.31504024930605085,0.3756383981664875,0.18141092038647197,0.27897722917064555
row,0.1,4212,2,0.3122713806267391,0.3074536543868669,0.36546468295312406,0.17536351341353276,0.2650241924810806
row,0.1,4212,3,0.3054222484108984,0.30060423466955316,0.3563483788836214,0.1701142401284823,0.251873868393826
row,0.1,4212,4,0.2992348967659873,0.29441543883351917,0.3481852933612989,0.1655790214985432,0.2394563442142833
row,0.1,4212,5,0.29364180438246507,0.2888199456902436,0.34088196116429625,0.1616820429247436,0.22771401580756712
row,0.1,4212,6,0.28858320316884684,0.28375816195328885,0.33435420403760285,0.15835478747042084,0.21659896160692874
row,0.1,4212,7,0.28400589764458684,0.27917704458402515,0.32852597678401274,0.15553524152240766,0.20607088269298493
row,0.1,4212,8,0.27986232869757804,0.2750291670952193,0.3233284288624638,0.15316723185350367,0.1960954806306163
row,0.1,4212,9,0.27610982227624276,0.2712719704608879,0.31869912926973887,0.1511998635911285,0.1866431768887165
row,0.1,4212,10,0.27270997893494237,0.26786715461060145,0.3145814160618845,0.1495870363040925,0.1776881008076305
row,0.1,4212,11,0.26962817134224765,0.26478017766320083,0.3109238418058657,0.14828702112814263,0.16920728994038176
row,0.1,4212,12,0.2668331251009847,0.2619798382838293,0.30767969358257974,0.14726208612009997,0.16118005904524185
row,0.1,4212,13,0.2642965643441602,0.2594379226555804,0.3048065716064019,0.14647816024318255,0.15358750333715324
row,0.1,4212,14,0.26199290813754944,0.25712890211792305,0.3022660145853817,0.14590452881100083,0.14641210870554944
row,0.1,4212,15,0.25989900714467523,0.2550296709446507,0.30002316297685155,0.14551355504714622,0.13963744709579076
row,0.1,4212,16,0.25799391258489035,0.25311931630582685,0.2980464535538124,0.14528042379232797,0.13324793956318493
row,0.1,4212,17,0.2562586714526674,0.2513789143931485,0.29630734037796913,0.1451829044172668,0.12722867294585005
row,0.1,4212,18,0.2546761434226843,0.24979134814280085,0.2947800385174546,0.1452011307575844,0.12156525887960198
row,0.1,4212,19,0.25323083595782714,0.2483411430810349,0.29344128775814027,0.14531739643907915,0.11624372614644388
row,0.1,4212,20,0.2519087549540323,0.24701431863345377,0.2922701342185543,0.145515964356792,0.1112504392162724
row,0.1,4212,21,0.2506972688639326,0.24579825284623844,0.29124772825234113,0.14578288934746866,0.1065720373862185
row,0.1,4212,22,0.24958498469174673,0.24468155891739363,0.2903571373569532,0.14610585328258752,0.1021953901985635
row,0.1,4212,23,0.2485616345839117,0.2436539722676584,0.2895831730397975,0.14647401193173518,0.098107565865423
row,0.1,4212,24,0.24761797198361296,0.24270624712397132,0.28891223075161726,0.146877853022246,0.09429581027415815
row,0.1,4212,25,0.24674567649554383,0.2418300617662128,0.28833214210298397,0.14730906496495128,0.09074753481203336
row,0.1,4212,26,0.2459372667373923,0.2410179317178069,0.2878320386496086,0.14776041573846688,0.08745031174795419
row,0.1,4212,27,0.24518602054990843,0.24026313025584733,0.2874022265777948,0.14822564143382622,0.08439187625762537
row,0.1,4212,28,0.24448590200788126,0.23955961568663406,0.2870340716515967,0.14869934396337237,0.08156013439143364
row,0.1,4212,29,0.24383149472731727,0.23890196488522839,0.28671989380441776,0.14917689743689674,0.07894317637972269
row,0.1,4212,30,0.24321794100497565,0.2382853126382716,0.28645287077431264,0.14965436270691168,0.07652929466953018
row,0.1,4212,31,0.24264088635909692,0.23770529636177146,0.2862269501970948,0.15012840958552776,0.0743070060157354
row,0.1,4212,32,0.24209642906743783,0.23715800579262697,0.28603676958638335,0.15059624623873655,0.07226507683620913
row,0.1,4212,33,0.24158107432253084,0.23663993727626292,0.28587758364603827,0.15105555527047984,0.07039255091416242
row,0.1,4212,34,0.24109169264571048,0.23614795229417498,0.2857451983785665,0.15150443601881736,0.06867877841905771
row,0.1,4212,35,0.24062548222174673,0.23567923989529527,0.28563591147316253,0.15194135259960778,0.0671134451434222
row,0.1,4212,36,0.24017993483539565,0.23523128271438237,0.28554645847897775,0.1523650872490539,0.0656866008332003
row,0.1,4212,37,0.23975280511011388,0.2348018262794057,0.28547396429270344,0.15277469853477194,0.06438868553218328
row,0.1,4212,38,0.2393420827677112,0.2343888513282638,0.285415899514262,0.15316948402525504,0.06321055296620212
row,0.1,4212,39,0.23894596764586862,0.23399054887317888,0.2853700412499299,0.15354894702920205,0.06214349015201999
row,0.1,4212,40,0.23856284722819163,0.23360529776871533,0.28533443796818037,0.153912767038717,0.06117923261515179
row,0.1,4212,41,0.238191276458746,0.23323164455651496,0.28530737803957346,0.15426077353341636,0.06030997482265276
row,0.1,4212,42,0.23782995962975312,0.23286828537645524,0.28528736161780066,0.15459292282563136,0.059528375662944354
row,0.1,4212,43,0.23747773414723508,0.23251404974993772,0.2852730755442464,0.15490927764983353,0.058827559018222925
row,0.1,4212,44,0.2371335559948221,0.23216788605633704,0.2852633709829159,0.15520998922187665,0.05820110966246913
row,0.1,4212,45,0.23679648673061832,0.23182884853823083,0.2852572435161214,0.15549528151541242,0.05764306487033449
row,0.1,4212,46,0.2364656818659162,0.23149608568484348,0.2852538154537758,0.15576543752373437,0.05714790223455305
row,0.1,4212,47,0.23614038048763653,0.23116882985614526,0.2852523201304157,0.15602078729520819,0.05671052426140891
row,0.1,4212,48,0.23581989599862874,0.23084638802224042,0.28525208798409857,0.15626169754926816,0.056326240347922475
row,0.1,4212,49,0.23550360786140317,0.23052813350405071,0.2852525342300667,0.1564885626976443,0.055990746745828844
row,0.1,4212,50,0.23519095424148212,0.23021349861186274,0.28525314795952317,0.1567017971120097,0.05570010509246247
row,0.1,4212,51,0.23488142545638258,0.2299019680880831,0.28525348251004967,0.15690182849459364,0.055450720044109614
row,0.1,4212,52,0.23457455814529346,0.22959307326955175,0.28525314696913245,0.15708909222251546,0.05523931648976261
row,0.1,4212,53,0.23426993008282837,0.2292863868930431,0.2852517986859988,0.1572640265496829,0.05506291675830229
row,0.1,4212,54,0.23396715556784725,0.22898151847516146,0.28524913667955515,0.1574270685621051,0.05491881816477356
row,0.1,4212,55,0.233665881325294,0.2286781102047616,0.28524489584171303,0.15757865079345443,0.05480457117533298
row,0.1,4212,56,0.23336578286532964,0.22837583329232938,0.28523884184586185,0.15771919841771476,0.054717958408344605
row,0.1,4212,57,0.23306656124979025,0.22807438472648434,0.2852307666797572,0.15784912694484343,0.05465697463274612
row,0.1,4212,58,0.2327679402212142,0.22777348439295958,0.2852204847307096,0.15796884035361133,0.054619807875184716
row,0.1,4212,59,0.23246966365439875,0.22747287251611317,0.28520782935874667,0.15807872960322172,0.054604821704911946
row,0.1,4212,60,0.2321714932947024,0.22717230738726335,0.2851926499004469,0.15817917147201652,0.05461053872993816
row,0.1,4212,61,0.23187320675114692,0.2268715633479661,0.2851748090524662,0.15827052767760477,0.05463562530909322
row,0.1,4212,62,0.23157459571582445,0.22657042899979127,0.2851541805894591,0.1583531442381576,0.05467887746181958
row,0.1,4212,63,0.23127546438421645,0.22626870561524515,0.2851306473761951,0.15842735103945502,0.0547392079400484
row,0.1,4212,64,0.23097562805381222,0.22596620572725973,0.2851040996382319,0.15849346157659566,0.05481563441363536
row,0.1,4212,65,0.2306749118809087,0.22566275187715457,0.28507443345958966,0.15855177284313837,0.05490726871184854
row,0.1,4212,66,0.23037314977770176,0.2253581755031998,0.2850415494795152,0.15860256534387668,0.05501330705762387
row,0.1,4212,67,0.23007018343377522,0.22505231595389863,0.2850053517636729,0.1586461032104996,0.055133021228122726
row,0.1,4212,68,0.22976586144787187,0.2247450196118818,0.28496574682799464,0.15868263440209535,0.05526575057400152
row,0.1,4212,69,0.22946003855742136,0.22443613911589258,0.2849226427959974,0.1587123909748524,0.05541089483026533
row,0.1,4212,70,0.22915257495471442,0.22412553266975194,0.28487594867266375,0.15873558940742838,0.05556790765323422
row,0.1,4212,71,0.22884333567987458,0.2238130634284537,0.2848255737200134,0.15875243097032632,0.055736290820675743
row,0.1,4212,72,0.22853219008190134,0.22349859895265833,0.28477142692129553,0.15876310212926428,0.05591558903527872
row,0.1,4212,73,0.22821901134005648,0.22318201072385155,0.2847134165223295,0.15876777497397254,0.05610538527515151
row,0.1,4212,74,0.22790367603875394,0.2228631737133201,0.28465144963993394,0.15876660766512277,0.05630529663875108
row,0.1,4212,75,0.22758606378990162,0.22254196599888415,0.28458543192863717,0.15875974489320976,0.056514970635454735
row,0.1,4212,76,0.22726605689734358,0.22221826842402578,0.2845152672979654,0.15874731834417985,0.05673408187677974
row,0.1,4212,77,0.22694354005867493,0.22189196429467462,0.2844408576735845,0.15872944716745271,0.05696232912695608
row,0.1,4212,78,0.2266184001002503,0.22156293910946137,0.2843621027964328,0.15870623844272594,0.05719943267511963
row,0.1,4212,79,0.22629052574169908,0.2212310803197413,0.28427890005474177,0.1586777876425972,0.05744513199477501
row,0.1,4212,80,0.22595980738669402,0.22089627711612295,0.28419114434451626,0.15864417908859993,0.05769918365936246
row,0.1,4212,81,0.22562613693710387,0.22055842023862143,0.28409872795463487,0.15860548639873534,0.0579613594857313
row,0.1,4212,82,0.22528940762800392,0.22021740180789945,0.2840015404732524,0.1585617729250023,0.05823144488007871
row,0.1,4212,83,0.2249495138813194,0.21987311517535946,0.2838994687126476,0.15851309217979034,0.058509237363448714
row,0.1,4212,84,0.22460635117614633,0.21952545479012145,0.28379239665006184,0.15845948825031175,0.058794545256215275
row,0.1,4212,85,0.22425981593403244,0.21917431608115753,0.28368020538243066,0.1584009962005161,0.05908718650309856
row,0.1,4212,86,0.2239098054177103,0.21881959535306628,0.2835627730932248,0.15833764246015883,0.059386987622196914
row,0.1,4212,87,0.22355621764196518,0.21846118969415873,0.28343997502989093,0.15826944520089067,0.059693782763273334
row,0.1,4212,88,0.22319895129548303,0.2180989968956923,0.28331168349062796,0.15819641469939905,0.06000741286211996
row,0.1,4212,89,0.22283790567267442,0.21773291538123898,0.2831777678194455,0.1581185536877721,0.06032772487925753
row,0.1,4212,90,0.22247298061459872,0.21736284414530418,0.2830380944086427,0.15803585769137454,0.06065457111251475
row,0.1,4212,91,0.22210407645823235,0.21698868270043048,0.28289252670800813,0.15794831535462014,0.0609878085741929
row,0.1,4212,92,0.2217310939934247,0.21661033103212315,0.28274092524019145,0.15785590875511069,0.06132729842455871
row,0.1,4212,93,0.22135393442698187,0.2162276895610295,0.2825831476218227,0.15775861370667427,0.06167290545434268
row,0.1,4212,94,0.22097249935339552,0.2158406591118823,0.2824190485900723,0.15765640005189485,0.0620244976097517
row,0.1,4212,95,0.2205866907318125,0.2154491408887965,0.28224848003444386,0.15754923194476605,0.06238194555425463
row,0.1,4212,96,0.22019641086890065,0.2150530364565681,0.28207129103368095,0.1574370681241396,0.06274512226206198
row,0.1,4212,97,0.21980156240732965,0.21465224772768832,0.281887327897748,0.1573198621786657,0.06311390263882166
row,0.1,4212,98,0.21940204831963214,0.21424667695483293,0.28169643421491564,0.15719756280394373,0.06348816316558158
row,0.1,4212,99,0.2189977719072627,0.21383622672863878,0.2814984509040416,0.1570701140526177,0.0638677815625483
row,0.1,4212,100,0.21858863680470758,0.21342079998061636,0.28129321627219406,0.15693745557816077,0.06425263646959636
row,0.1,4212,101,0.21817454698854027,0.2130002999910883,0.2810805660778128,0.1567995228731014,0.06464260714086294
row,0.1,4212,102,0.21775540679134647,0.21257463040207422,0.28086033359964496,0.1566562475024453,0.06503757315110532
row,0.1,4212,103,0.21733112092047532,0.21214369523507448,0.2806323497117327,0.15650755733304988,0.06543741411180495
row,0.1,4212,104,0.2169015944815964,0.21170739891372925,0.28039644296476096,0.1563533767597031,0.06584200939527725
row,0.1,4212,105,0.21646673300706745,0.21126564629135483,0.28015243967410475,0.15619362692865743,0.06625123786529677
row,0.1,4212,106,0.21602644248913713,0.21081834268337898,0.2799001640149388,0.15602822595936103,0.06666497761297047
row,0.1,4212,107,0.2155806294180244,0.21036539390471415,0.27963943812479586,0.15585708916512125,0.06708310569679983
row,0.1,4212,108,0.2151292008249325,0.20990670631212494,0.2793700822139774,0.15568012927342567,0.06750549788605548
row,0.1,4212,109,0.2146720643300683,0.2094421868516582,0.2790919146842346,0.1554972566466347,0.06793202840676354
row,0.1,4212,110,0.21420912819574725,0.20897174311121536,0.27880475225615087,0.1553083795037473,0.0683625696897577
row,0.1,4212,111,0.21374030138467606,0.20849528337835688,0.27850841010566363,0.15511340414392583,0.0687969921203988
row,0.1,4212,112,0.21326549362350822,0.20801271670343371,0.27820270201016983,0.15491223517245162,0.06923516378970039
row,0.1,4212,113,0.21278461547177469,0.2075239529681471,0.2778874405046591,0.154704775729763,0.06967695024672639
row,0.1,4212,114,0.21229757839629484,0.20702890295964138,0.27756243704831945,0.15449092772420944,0.07012221425224757
row,0.1,4212,115,0.21180429485117086,0.2065274784502327,0.27722750220205283,0.15427059206913232,0.07057081553375898
row,0.1,4212,116,0.21130467836347094,0.20601959228287903,0.2768824458173287,0.15404366892485882,0.07102261054206953
row,0.1,4212,117,0.21079864362469986,0.2055051584624904,0.27652707723679343,0.1538100579461684,0.07147745220977876
row,0.1,4212,118,0.21028610658815147,0.20498409225317415,0.2761612055070315,0.15356965853576118,0.07193518971205906
row,0.1,4212,119,0.20976698457223092,0.2044563102815034,0.2757846396038587,0.15332237010422542,0.07239566823025587
row,0.1,4212,120,0.20924119636982075,0.20392173064588448,0.27539718867049506,0.15306809233696334,0.07285872871891545
row,0.1,4212,121,0.20870866236375657,0.20338027303208892,0.2749986622689415,0.15280672546849502,0.07332420767693966
row,0.1,4212,122,0.20816930464846123,0.202831858835001,0.2745888706448413,0.15253817056451585,0.07379193692365513
row,0.1,4212,123,0.20762304715776878,0.2022764112866129,0.27416762500607256,0.15226232981203275,0.07426174338067114
row,0.1,4212,124,0.20706981579895162,0.20171385559028235,0.2737347378152676,0.15197910681785196,0.07473344886048155
row,0.1,4212,125,0.20650953859294038,0.20114411906124413,0.2732900230964047,0.15168840691563085,0.07520686986284639
row,0.1,4212,126,0.20594214582070205,0.20056713127334214,0.27283329675556056,0.15139013748164276,0.07568181738006352
row,0.1,4212,127,0.20536757017571444,0.19998282421192226,0.2723643769158447,0.15108420825933233,0.07615809671231337
row,0.1,4212,128,0.2047857469224452,0.19939113243279594,0.27188308426647445,0.15077053169266422,0.07663550729432554
row,0.1,4212,129,0.20419661406071027,0.19879199322715096,0.2713892424258635,0.15044902326818302,0.0771138425346798
row,0.1,4212,130,0.20360011249575236,0.1981853467922523,0.2708826783185251,0.15011960186561576,0.0775928896691089
row,0.1,4212,131,0.20299618621384155,0.19757113640773674,0.27036322256549494,0.14978219011675098,0.07807242962922116
row,0.1,4212,132,0.20238478246316002,0.1969493086172654,0.2698307098878904,0.1494367147722268,0.07855223692810351
row,0.1,4212,133,0.20176585193969063,0.1963198134152555,0.26928497952311925,0.14908310707575279,0.07903207956429964
row,0.1,4212,134,0.20113934897778304,0.19568260443836713,0.26872587565314776,0.1487213031451737,0.07951171894568379
row,0.1,4212,135,0.20050523174502557,0.19503763916137462,0.26815324784412775,0.14835124435966443,0.07999090983476606
row,0.1,4212,136,0.19986346244100053,0.19438487909700225,0.26756695149656273,0.14797287775221737,0.08046940031697024
row,0.1,4212,137,0.1992140074994509,0.19372428999925329,0.26696684830508044,0.1475861564064529,0.08094693179341717
row,0.1,4212,138,0.19855683779333413,0.1930558420697096,0.26635280672674855,0.14719103985664764,0.08142323899972793
row,0.1,4212,139,0.19789192884218598,0.19237951016622595,0.26572470245674845,0.1467874944897354,0.08189805005232659
row,0.1,4212,140,0.1972192610211627,0.19169527401338787,0.2650824189100912,0.1463754939478948,0.0823710865236743
row,0.1,4212,141,0.19653881977107632,0.191003118414049,0.2644258477079312,0.1459550195301939,0.0828420635478036
row,0.1,4212,142,0.19585059580868464,0.19030303346120903,0.2637548891669017,0.1455260605916196,0.08331068995744058
row,0.1,4212,143,0.19515458533644228,0.18959501474943968,0.26306945278976956,0.14508861493767894,0.08377666845390712
row,0.1,4212,144,0.19445079025086928,0.18887906358501394,0.2623694577555763,0.1446426892126212,0.08423969581088102
row,0.1,4212,145,0.19373921834864194,0.18815518719384278,0.2616548334073144,0.14418829927919805,0.0846994631129588
row,0.1,4212,146,0.19301988352946278,0.18742339892627563,0.26092551973506467,0.1437254705877544,0.08515565602981726
row,0.1,4212,147,0.19229280599472295,0.18668371845777537,0.26018146785241447,0.1432542385323274,0.08560795512660058
row,0.1,4212,148,0.1915580124409271,0.18593617198443685,0.25942264046386865,0.1427746487913286,0.08605603621097366
row,0.1,4212,149,0.19081553624681596,0.1851807924122807,0.2586490123208767,0.14228675765029525,0.08649957071707796
row,0.1,4212,150,0.19006541765308896,0.1844176195392222,0.25786057066401535,0.1417906323041262,0.0869382261264053
row,0.1,4212,151,0.18930770393360338,0.1836467002285882,0.25705731564880013,0.1412863511361647,0.08737166642536658
row,0.1,4212,152,0.1885424495569087,0.18286808857303571,0.256239260752545,0.14077400397146123,0.08779955259908107
row,0.1,4212,153,0.18776971633695982,0.1820818460477123,0.2554064331596564,0.14025369230154283,0.08822154316064389
row,0.1,4212,154,0.18698957357185206,0.18128804165149429,0.2545588741227289,0.1397255294780359,0.08863729471485265
row,0.1,4212,155,0.18620209816942213,0.18048675203514253,0.2536966392968117,0.13918964087253902,0.08904646255508473
row,0.1,4212,156,0.18540737475857433,0.1796780616152271,0.25281979904424445,0.13864616400021992,0.08944870129172294
row,0.1,4212,157,0.18460549578521399,0.17886206267269616,0.2519284387075023,0.13809524860472366,0.08984366551022507
row,0.1,4212,158,0.18379656159170185,0.1780388554349952,0.2510226588475657,0.13753705670211974,0.09023101045663356
row,0.1,4212,159,0.18298068047878865,0.1772085481406867,0.2501025754454241,0.13697176258179497,0.09061039274801959
row,0.1,4212,160,0.18215796874904044,0.17637125708557227,0.2491683200644436,0.13639955276240692,0.0909814711050619
row,0.1,4212,161,0.1813285507308316,0.17552710664938467,0.2482200399714765,0.13582062590125693,0.09134390710367599
row,0.1,4212,162,0.18049255878205708,0.17467622930219062,0.2472578982147603,0.13523519265571554,0.09169736594233517
row,0.1,4212,163,0.17965013327280058,0.17381876558973097,0.24628207365685262,0.1346434754956387,0.09204151722147096
row,0.1,4212,164,0.17880142254629144,0.17295486409702018,0.24529276096106722,0.13404570846604544,0.0923760357311066
row,0.1,4212,165,0.17794658285758988,0.1720846813896323,0.24429017053012245,0.13344213689968631,0.0927006022426683
row,0.1,4212,166,0.17708577828955202,0.17120838193221458,0.24327452839597713,0.13283301707951095,0.09301490430074073
row,0.1,4212,167,0.17621918064575162,0.17032613798389243,0.24224607606011384,0.13221861585143968,0.09331863701038906
row,0.1,4212,168,0.17534696932016455,0.16943812947036024,0.24120507028383303,0.13159921018825543,0.09361150381556078
row,0.1,4212,169,0.17446933114355834,0.16854454383258777,0.24015178282843577,0.13097508670584732,0.0938932172640137
row,0.1,4212,170,0.17358646020667104,0.1676455758522143,0.23908650014550104,0.13034654113345925,0.09416349975419351
row,0.1,4212,171,0.1726985576604089,0.1667414274538476,0.2380095230178012,0.12971387774001147,0.09442208425950457
row,0.1,4212,172,0.1718058314934389,0.16583230748463168,0.23692116615173486,0.1290774087189704,0.09466871502548746
row,0.1,4212,173,0.17090849628770088,0.16491843147159632,0.23582175772250175,0.12843745353463232,0.09490314823553363
row,0.1,4212,174,0.17000677295251124,0.1640000213574488,0.23471163887357666,0.12779433823305697,0.09512515264093373
row,0.1,4212,175,0.1691008884380727,0.16307730521561126,0.23359116317237144,0.12714839472122752,0.09533451015126942
row,0.1,4212,176,0.16819107542934675,0.16215051694545,0.23246069602428995,0.12649996001832345,0.0955310163814177
row,0.1,4212,177,0.1672775720213777,0.16121989594877542,0.23132061404768298,0.12584937548326403,0.09571448115174346
row,0.1,4212,178,0.16636062137728386,0.1602856867888196,0.23017130441249173,0.12519698602290755,0.09588472893839707
row,0.1,4212,179,0.1654404713702483,0.1593481388330151,0.22901316414562714,0.12454313928547527,0.09604159927102088
row,0.1,4212,180,0.1645173742109489,0.15840750588100752,0.22784659940636368,0.12388818484390082,0.09618494707557848
row,0.1,4212,181,0.16359158606195945,0.15746404577942769,0.2266720247352283,0.12323247337388854,0.09631464296046575
row,0.1,4212,182,0.16266336664073802,0.15651802002503334,0.22548986228003473,0.12257635583149154,0.09643057344452366
row,0.1,4212,183,0.1617329788128841,0.1555696933578986,0.2243005410028483,0.12192018263499771,0.09653264112605041
row,0.1,4212,184,0.1608006881773984,0.1546193333463813,0.22310449587176523,0.12126430285583342,0.09662076479239735
row,0.1,4212,185,0.15986676264571828,0.15366720996563987,0.22190216704145269,0.12060906342306746,0.0966948794702182
row,0.1,4212,186,0.15893147201632182,0.15271359517149138,0.22069399902641895,0.11995480834592062,0.09675493641692298
row,0.1,4212,187,0.15799508754670027,0.15175876247141198,0.21948043987097243,0.11930187795846521,0.09680090305435657
row,0.1,4212,188,0.15705788152448877,0.15080298649447063,0.2182619403197757,0.11865060819043316,0.09683276284617141
row,0.1,4212,189,0.15612012683952178,0.1498465425619659,0.2170389529928184,0.11800132986775341,0.09685051512078759
row,0.1,4212,190,0.15518209655853873,0.14888970626049558,0.21581193156851186,0.11735436804610519,0.09685417484222789
row,0.1,4212,191,0.15424406350421482,0.1479327530191395,0.2145813299784619,0.11671004138041598,0.09684377233147369
row,0.1,4212,192,0.1533062998401246,0.14697595769236912,0.21334760161729402,0.11606866153285447,0.09681935294130536
row,0.1,4212,193,0.1523690766631702,0.14601959415022425,0.21211119857070532,0.11543053262147578,0.09678097668786739
row,0.1,4212,194,0.15143266360491847,0.14506393487720853,0.21087257086469058,0.11479595071127416,0.09672871784242797
row,0.1,4212,195,0.1504973284431945,0.1441092505812616,0.20963216573864424,0.11416520334899535,0.09666266448698593
row,0.1,4212,196,0.14956333672517652,0.14315580981406245,0.20839042694478455,0.11353856914265927,0.09658291803751437
row,0.1,4212,197,0.14863095140312646,0.14220387860380962,0.20714779407607437,0.11291631738635222,0.09648959273871738
row,0.1,4212,198,0.1477004324837767,0.14125372010151008,0.2059047019245363,0.11229870773046838,0.09638281513422016
row,0.1,4212,199,0.14677203669227623,0.14030559424169253,0.20466157987158096,0.11168598989721956,0.09626272351610819
row,0.1,4212,200,0.14584601715148174,0.1393597574183427,0.20341885131168547,0.11107840344089302,0.09612946735768906
row,0.1,4212,201,0.14492262307725842,0.13841646217673886,0.2021769331104838,0.11047617755202184,0.09598320673326606
row,0.1,4212,202,0.1440020994903391,0.1374759569217489,0.20093623509805897,0.1098795309043461,0.09582411172859452
row,0.1,4212,203,0.14308468694517434,0.13653848564303506,0.19969715959796663,0.10928867154318504,0.09565236184554325
row,0.1,4212,204,0.14217062127609437,0.1356042876575003,0.19846010099227002,0.10870379681361272,0.09546814540430505
row,0.1,4212,205,0.141260133360995,0.13467359736920204,0.19722544532263037,0.10812509332663578,0.09527165894630245
row,0.1,4212,206,0.14035344890265905,0.13374664404685752,0.19599356992727612,0.10755273696140637,0.09506310664071596
row,0.1,4212,207,0.13945078822772625,0.13282365161896661,0.19476484311347164,0.10698689290137259,0.09484269969733124
row,0.1,4212,208,0.13855236610323546,0.13190483848648893,0.1935396238649191,0.10642771570216525,0.09461065578816047
row,0.1,4212,209,0.1376583915705796,0.130990417352927,0.1923182615833619,0.10587534938894858,0.09436719848004488
row,0.1,4212,210,0.13676906779663617,0.13008059507159103,0.19110109586350746,0.10532992758091678,0.09411255668019863
row,0.1,4212,211,0.13588459194176963,0.12917557250975203,0.18988845630025974,0.10479157364059925,0.09384696409640546
row,0.1,4212,212,0.13500515504433694,0.1282755444293256,0.18868066232713993,0.10426040084564303,0.0935706587133377
row,0.1,4212,213,0.13413094192127623,0.12738069938367652,0.18747802308468084,0.10373651258076629,0.09328388228623145
row,0.1,4212,214,0.1332621310843088,0.12649121963008386,0.18628083731750683,0.10322000254762248,0.09298687985292721
row,0.1,4212,215,0.13239889467124652,0.12560728105736738,0.18508939329875126,0.10271095499037806,0.09267989926506974
row,0.1,4212,216,0.13154139839186132,0.12472905312814009,0.183903968780421,0.10220944493488202,0.09236319073906114
row,0.1,4212,217,0.13068980148774625,0.12385669883512462,0.18272483096828984,0.10171553843939533,0.09203700642717468
row,0.1,4212,218,0.12984425670557753,0.12299037467094885,0.18155223651988672,0.10122929285494739,0.0917016000090632
row,0.1,4212,219,0.12900491028316996,0.12213023061081998,0.18038643156414308,0.10075075709349122,0.09135722630374286
row,0.1,4212,220,0.1281719019477074,0.12127641010746432,0.1792276517412707,0.10027997190214381,0.09100414090198933
row,0.1,4212,221,0.12734536492552467,0.12042905009771356,0.17807612226146,0.09981697014191086,0.09064259981896063
row,0.1,4212,222,0.12652542596281446,0.11958828102011626,0.1769320579810142,0.09936177706941557,0.09027285916675042
row,0.1,4212,223,0.1257122053566362,0.11875422684295439,0.17579566349456854,0.09891441062026718,0.0898951748464799
row,0.1,4212,224,0.1249058169956075,0.11792700510204909,0.17466713324208336,0.09847488169282442,0.08950980225945691
row,0.1,4212,225,0.12410636840966906,0.11710672694774892,0.1735466516293438,0.09804319443122321,0.08911699603686223
row,0.1,4212,226,0.12331396082832267,0.11629349720050233,0.1724343931607469,0.09761934650665063,0.08871700978736786
row,0.1,4212,227,0.12252868924675728,0.1154874144144307,0.17133052258321033,0.09720332939595633,0.08831009586204995
row,0.1,4212,228,0.1217506424992913,0.11468857094833113,0.17023519504008727,0.09679512865679585,0.08789650513592348
row,0.1,4212,229,0.12097990333957653,0.11389705304355505,0.1691485562340309,0.09639472419860011,0.08747648680540472
row,0.1,4212,230,0.12021654852702675,0.11311294090822568,0.1680707425978042,0.09600209054875765,0.08705028820099152
row,0.1,4212,231,0.11946064891895246,0.11233630880727577,0.1670018814720899,0.09561719711348542,0.08661815461444318
row,0.1,4212,232,0.11871226956790229,0.11156722515780526,0.16594209128940887,0.09524000843294395,0.08618032913974343
row,0.1,4212,233,0.11797146982373245,0.11080575262927966,0.16489148176331123,0.09487048443023038,0.0857370525271324
row,0.1,4212,234,0.11723830343994382,0.11005194824810723,0.16385015408205766,0.09450858065395076,0.08528856304950588
row,0.1,4212,235,0.11651281868384875,0.1093058635061557,0.16281820110606143,0.09415424851413814,0.08483509638049279
row,0.1,4212,236,0.11579505845014748,0.10856754447278677,0.16179570756841072,0.09380743551134055,0.0843768854835404
row,0.1,4212,237,0.11508506037751626,0.10783703191000826,0.1607827502778411,0.09346808545875518,0.08391416051135683
row,0.1,4212,238,0.11438285696782695,0.10711436139036201,0.15977939832357324,0.09313613869733273,0.0834471487150835
row,0.1,4212,239,0.11368847570763915,0.10639956341718591,0.15878571328147578,0.09281153230381732,0.08297607436259367
row,0.1,4212,240,0.11300193919162357,0.10569266354690651,0.15780174942105554,0.09249420029172473,0.08250115866534007
row,0.1,4212,241,0.11232326524759405,0.1049936825130372,0.15682755391281683,0.09218407380529439,0.08202261971319898
row,0.1,4212,242,0.11165246706284467,0.10430263635157544,0.1558631670355694,0.09188108130647883,0.08154067241678721
row,0.1,4212,243,0.1109895533115036,0.10361953652750844,0.15490862238330022,0.09158514875505917,0.08105552845675285
row,0.1,4212,244,0.11033452828263492,0.10294439006215522,0.1539639470712562,0.091296199781995,0.08056739623956839
row,0.1,4212,245,0.10968739200883293,0.10227719966108735,0.15302916194091848,0.09101415585613631,0.08007648085938161
row,0.1,4212,246,0.10904814039507163,0.10161796384238755,0.15210428176357482,0.09073893644443783,0.07958298406550385
row,0.1,4212,247,0.10841676534758515,0.10096667706501965,0.15118931544222652,0.09047045916582946,0.0790871042351411
row,0.1,4212,248,0.1077932549025698,0.1003233298570973,0.15028426621158922,0.09020863993890514,0.07858903635099727
row,0.1,4212,249,0.107177593354513,0.09968790894385406,0.1493891318359719,0.08995339312359919,0.07808897198340234
row,0.1,4212,250,0.10656976138396568,0.0990603973751285,0.14850390480483883,0.08970463165702608,0.0775870992766393
row,0.1,4212,251,0.10596973618458896,0.09844077465219231,0.14762857252587958,0.08946226718366083,0.0770836029391668
row,0.1,4212,252,0.10537749158931692,0.09782901685376033,0.146763117515432,0.08922621018004108,0.07657866423745202
row,0.1,4212,253,0.10479299819548879,0.09722509676103341,0.14590751758611728,0.08899637007417142,0.07607246099314996
row,0.1,4212,254,0.10421622348881499,0.09662898398163529,0.1450617460315657,0.08877265535981063,0.07556516758338111
row,0.1,4212,255,0.10364713196605134,0.09604064507231563,0.14422577180812313,0.0885549737058205,0.07505695494387749
row,0.1,4212,256,0.10308568525626638,0.0954600436603012,0.14339955971344348,0.0883432320607533,0.07454799057478319
row,0.1,4212,257,0.10253184224059457,0.09488714056318556,0.14258307056188427,0.08813733675285101,0.07403843854890922
row,0.1,4212,258,0.10198555917037903,0.09432189390725844,0.14177626135663415,0.08793719358562681,0.07352845952225781
row,0.1,4212,259,0.10144678978361395,0.09376425924418222,0.14097908545851093,0.08774270792919422,0.07301821074664339
row,0.1,4212,260,0.10091548541960602,0.09321418966593305,0.1401914927513795,0.0875537848075063,0.07250784608424989
row,0.1,4212,261,0.10039159513178161,0.09267163591793025,0.13941342980414723,0.08737032898166038,0.07199751602397553
row,0.1,4212,262,0.09987506579857303,0.09213654651028574,0.13864484002930297,0.08719224502942173,0.07148736769942621
row,0.1,4212,263,0.09936584223232484,0.09160886782711201,0.13788566383797296,0.0870194374211115,0.07097754490842935
row,0.1,4212,264,0.09886386728616685,0.09108854423383309,0.13713583879147456,0.08685181059200166,0.07046818813394737
row,0.1,4212,265,0.09836908195880772,0.09057551818245034,0.136395299749355,0.08668926901135261,0.06995943456628055
row,0.1,4212,266,0.09788142549720702,0.09006973031471938,0.13566397901390775,0.08653171724822512,0.06945141812645504
row,0.1,4212,267,0.09740083549709143,0.08957111956320118,0.13494180647116535,0.08637906003419235,0.0689442694906998
row,0.1,4212,268,0.09692724800128386,0.08907962325015494,0.1342287097283722,0.08623120232307314,0.06843811611592263
row,0.1,4212,269,0.09646059759582047,0.08859517718424546,0.13352461424794554,0.08608804934780266,0.06793308226610159
row,0.1,4212,270,0.09600081750383499,0.08811771575504285,0.13282944347793763,0.08594950667455105,0.06742928903951433
row,0.1,4212,271,0.0955478396771934,0.08764717202529607,0.13214311897901454,0.085815480254197,0.06692685439673218
row,0.1,4212,272,0.09510159488586757,0.08718347782096714,0.13146556054797373,0.08568587647125799,0.06642589318931136
row,0.1,4212,273,0.0946620128050389,0.08672656381901545,0.13079668633782204,0.08556060219037406,0.06592651718911821
row,0.1,4212,274,0.0942290220999276,0.0862763596329266,0.1301364129744424,0.08543956480043922,0.06542883511822899
row,0.1,4212,275,0.09380255050834684,0.08583279389598322,0.12948465566987832,0.08532267225646853,0.06493295267934954
row,0.1,4212,276,0.09338252492098315,0.0853957943422781,0.1288413283322688,0.08520983311928665,0.06443897258670257
row,0.1,4212,277,0.09296887145940928,0.08496528788547422,0.12820634367246797,0.0851009565931192,0.06394699459733458
row,0.1,4212,278,0.09256151555183678,0.0845412006953178,0.12757961330738735,0.08499595256116432,0.06345711554279727
row,0.1,4212,279,0.09216038200661983,0.08412345827191473,0.12696104786009943,0.08489473161921954,0.06296942936116078
row,0.1,4212,280,0.09176539508352329,0.08371198551778217,0.12635055705674364,0.08479720510743437,0.06248402712931953
row,0.1,4212,281,0.091376478562771,0.08330670680768996,0.12574804982027782,0.08470328514025768,0.062000997095553165
row,0.1,4212,282,0.0909935558118923,0.08290754605630915,0.12515343436111942,0.08461288463464423,0.06152042471230805
row,0.1,4212,283,0.09061654985038657,0.08251442678368605,0.12456661826472223,0.0845259173365834,0.06104239266916678
row,0.1,4212,284,0.09024538341222854,0.08212727217856372,0.1239875085761364,0.08444229784600978,0.06056698092597496
row,0.1,4212,285,0.08987997900623693,0.08174600515957264,0.12341601188159895,0.08436194164015298,0.060094266746097136
row,0.1,4212,286,0.08952025897433347,0.08137054843431629,0.12285203438720577,0.08428476509538217,0.05962432472977483
row,0.1,4212,287,0.08916614554771776,0.0810008245563767,0.12229548199471418,0.08421068550759755,0.059157226847562035
row,0.1,4212,288,0.08881756090098747,0.08063675598026823,0.12174626037452804,0.08413962111122028,0.05869304247381469
row,0.1,4212,289,0.08847442720423306,0.08027826511436839,0.121204275035917,0.08407149109682938,0.05823183842021282
row,0.1,4212,290,0.08813666667313795,0.07992527437185536,0.12066943139452276,0.08400621562749269,0.05777367896929479
row,0.1,4212,291,0.08780420161711627,0.07957770621968398,0.12014163483720525,0.08394371585383734,0.057318625907985116
row,0.1,4212,292,0.08747695448552101,0.07923548322563231,0.11962079078428255,0.08388391392790318,0.056866738561099014
row,0.1,4212,293,0.08715484791195621,0.07889852810345156,0.1191068047492183,0.08382673301582155,0.056418073824806646
row,0.1,4212,294,0.08683780475672828,0.07856676375615385,0.11859958239581093,0.08377209730935999,0.05597268620004359
row,0.1,4212,295,0.08652574814747101,0.07824011331747205,0.11809902959293933,0.08371993203637199,0.05553062782585333
row,0.1,4212,296,0.08621860151798084,0.07791850019152732,0.11760505246691924,0.08367016347018999,0.05509194851264948
row,0.1,4212,297,0.08591628864529839,0.07760184809074001,0.11711755745152505,0.08362271893799866,0.05465669577538742
row,0.1,4212,298,0.08561873368507321,0.07729008107202034,0.11663645133573204,0.08357752682822331,0.05422491486663438
row,0.1,4212,299,0.08532586120524906,0.07698312357127564,0.11616164130923305,0.08353451659696884,0.05379664880952992
row,0.1,4212,300,0.08503759621810715,0.07668090043627103,0.11569303500578443,0.08349361877354218,0.05337193843062827
row,0.1,4212,301,0.08475386421070516,0.07638333695788116,0.11523054054443527,0.0834547649650908,0.05295082239261645
row,0.1,4212,302,0.08447459117374997,0.07609035889977023,0.11477406656869407,0.0834178878603889,0.05253333722690167
row,0.1,4212,303,0.08419970362894219,0.07580189252653814,0.11432352228368657,0.08338292123280217,0.052119517366063545
row,0.1,4212,304,0.08392912865483045,0.07551786463037034,0.11387881749135775,0.08334979994246035,0.05170939517616702
row,0.1,4212,305,0.08366279391121384,0.07523820255622936,0.11343986262377156,0.08331845993766732,0.05130300098893281
row,0.1,4212,306,0.08340062766213005,0.07496283422562522,0.11300656877456033,0.08328883825557634,0.05090036313376353
row,0.1,4212,307,0.08314255879746779,0.07469168815900315,0.11257884772857625,0.08326087302215829,0.05050150796962335
row,0.1,4212,308,0.08288851685324061,0.07442469349678518,0.1121566119897963,0.08323450345148967,0.050106459916771665
row,0.1,4212,309,0.08263843203056032,0.0741617800191037,0.11173977480753192,0.08320966984438621,0.0497152414883496
row,0.1,4212,310,0.08239223521334689,0.07390287816426355,0.11132825020099327,0.08318631358640778,0.0493278733218212
row,0.1,4212,311,0.08214985798481217,0.0736479190459698,0.11092195298225827,0.08316437714525939,0.04894437421027041
row,0.1,4212,312,0.08191123264275417,0.07339683446935753,0.11052079877769569,0.083143804067612,0.048564761133555887
row,0.1,4212,313,0.08167629221369825,0.07314955694586006,0.11012470404789022,0.08312453897536778,0.04818904928932636
row,0.1,4212,314,0.08144497046592142,0.07290601970695132,0.10973358610611787,0.08310652756139165,0.047817252123900096
row,0.1,4212,315,0.08121720192139524,0.07266615671679787,0.10934736313541848,0.08308971658473216,0.047449381363011946
row,0.1,4212,316,0.08099292186668257,0.07242990268385559,0.10896595420431143,0.08307405386535378,0.04708544704243212
row,0.1,4212,317,0.08077206636282304,0.07219719307144576,0.10858927928120068,0.08305948827840172,0.04672545753846158
row,0.1,4212,318,0.0805545722542416,0.07196796410734466,0.10821725924751358,0.0830459697480199,0.046369419598308745
row,0.1,4212,319,0.0803403771767135,0.07174215279242005,0.10784981590961715,0.08303344924074314,0.04601733837035308
row,0.1,4212,320,0.08012941956441945,0.0715196969083482,0.10748687200955578,0.08302187875848302,0.04566921743430068
row,0.1,4212,321,0.07992163865612355,0.07130053502444364,0.10712835123465222,0.08301121133112631,0.045325058831238094
row,0.1,4212,322,0.07971697450050597,0.07108460650363395,0.10677417822601326,0.08300140100876613,0.044984863093589754
row,0.1,4212,323,0.07951536796068229,0.07087185150761105,0.1064242785859813,0.08299240285358304,0.04464862927498544
row,0.1,4212,324,0.07931676071794017,0.07066221100118987,0.10607857888457159,0.08298417293139491,0.04431635498004346
row,0.1,4212,325,0.07912109527472422,0.070455626755905,0.1057370066649339,0.08297666830289244,0.0439880363940756
row,0.1,4212,326,0.07892831495689859,0.07025204135287488,0.10539949044787708,0.0829698470145783,0.04366366831272005
row,0.1,4212,327,0.07873836391531658,0.07005139818496287,0.10506595973549404,0.08296366808942553,0.043343244171507665
row,0.1,4212,328,0.07855118712672576,0.06985364145826348,0.104736345013923,0.0829580915172723,0.04302675607536747
row,0.1,4212,329,0.07836673039403717,0.0696587161929424,0.1044105777552816,0.08295307824496846,0.04271419482807666
row,0.1,4212,330,0.07818494034598515,0.06946656822345693,0.10408859041880787,0.08294859016628914,0.042405549961660315
row,0.1,4212,331,0.07800576443620494,0.06927714419818386,0.10377031645124254,0.08294459011163094,0.042100809765745345
row,0.1,4212,332,0.07782915094175447,0.06909039157848121,0.10345569028648541,0.08294104183750466,0.04179996131687321
row,0.1,4212,333,0.07765504896110507,0.06890625863720867,0.10314464734455867,0.08293791001583928,0.04150299050777523
row,0.1,4212,334,0.07748340841162683,0.06872469445673227,0.10283712402990777,0.08293516022311057,0.041209882076613934
row,0.1,4212,335,0.07731418002659184,0.06854564892643689,0.10253305772907131,0.08293275892930811,0.04092061963619313
row,0.1,4212,336,0.07714731535172,0.068369072739771,0.10223238680774925,0.08293067348675348,0.04063518570313942
row,0.1,4212,337,0.07698276674128922,0.06819491739084561,0.10193505060729843,0.08292887211878239,0.040353561727056314
row,0.1,4212,338,0.07682048735383336,0.06802313517061084,0.10164098944068398,0.08292732390830299,0.040075728119652196
row,0.1,4212,339,0.07666043114744882,0.0678536791626311,0.10135014458791344,0.08292599878624235,0.039801664283842624
row,0.1,4212,340,0.07650255287473152,0.06768650323848055,0.10106245829098084,0.0829248675198924,0.039531348642826224
row,0.1,4212,341,0.07634680807736421,0.06752156205277891,0.10077787374834576,0.08292390170116701,0.03926475866913319
row,0.1,4212,342,0.07619315308037437,0.06735881103788809,0.10049633510897338,0.08292307373478026,0.03900187091364454
row,0.1,4212,343,0.07604154498608182,0.0671982063982885,0.10021778746595875,0.0829223568263575,0.03874266103457924
row,0.1,4212,344,0.07589194166775487,0.06703970510465426,0.09994217684976003,0.08292172497048811,0.03848710382644572
row,0.1,4212,345,0.07574430176299281,0.06688326488764501,0.09966945022106222,0.08292115293873063,0.03823517324895361
row,0.1,4212,346,0.0755985846668528,0.06672884423143247,0.09939955546329464,0.08292061626757961,0.037986842455880146
row,0.1,4212,347,0.07545475052473742,0.06657640236697822,0.0991324413748227,0.08292009124640295,0.03774208382388566
row,0.1,4212,348,0.07531276022506006,0.06642589926507991,0.09886805766083515,0.082919554905359,0.03750086898127121
row,0.1,4212,349,0.07517257539170336,0.06627729562920102,0.09860635492494658,0.08291898500330146,0.03726316883667049
row,0.1,4212,350,0.07503415837628646,0.0661305528881003,0.09834728466053451,0.08291836001568109,0.03702895360766796
row,0.1,4213,0,0.3023259354519155,0.29032791439513883,0.32870859730643376,0.13291453122021685,0.4657052150086721
row,0.1,4213,1,0.28257952714014123,0.2705892177175807,0.3203696937127519,0.13317769917280683,0.38354203281101495
row,0.1,4213,2,0.26910748083924874,0.25712116296247134,0.31504086852403945,0.1345401541617831,0.32024426711511234
row,0.1,4213,3,0.2596457082692671,0.24766137537311764,0.3113444626390035,0.13631379671261573,0.271934910898294
row,0.1,4213,4,0.25276420794029614,0.24078082004076662,0.308493288616846,0.1381380910538756,0.23536878743600173
row,0.1,4213,5,0.24756076608830263,0.235577807741881,0.30605408826160835,0.13984177798556838,0.2078342763260256
row,0.1,4213,6,0.2434658408384799,0.23148306531539736,0.30380114975244527,0.14135901799396597,0.18709825273866693
row,0.1,4213,7,0.24011887936236587,0.22813616481589688,0.3016270104326919,0.1426795185103061,0.17137070471253038
row,0.1,4213,8,0.23729031381672971,0.22530758561344233,0.29948893096429546,0.14381962796439543,0.1592663970729512
row,0.1,4213,9,0.23483259089148015,0.22284978217870982,0.2973774974949598,0.14480616195824578,0.14975240245744498
row,0.1,4213,10,0.23264954366264198,0.22066657741502904,0.29529871138013003,0.14566781092646353,0.14208405858954126
row,0.1,4213,11,0.23067728832720477,0.21869407098696958,0.29326416152919965,0.14643095252885469,0.13573890004160208
row,0.1,4213,12,0.22887232897855136,0.21688874997931168,0.29128594282530473,0.14711794082147875,0.1303573379878742
row,0.1,4213,13,0.2272041539000291,0.2152200878644199,0.2893742899167707,0.14774672386582147,0.1256946099574659
row,0.1,4213,14,0.22565062286494147,0.21366593273964318,0.28753670982507196,0.14833112123217446,0.12158462067848494
row,0.1,4213,15,0.22419508550411776,0.21220962574702543,0.2857778980446562,0.14888138361457842,0.1179141020431385
row,0.1,4213,16,0.22282457232225036,0.21083819173567991,0.28410002737567863,0.14940482994398474,0.1146047988176
row,0.1,4213,17,0.22152865042469333,0.20954119448867997,0.28250318114860795,0.14990645839288003,0.11160148845004164
row,0.1,4213,18,0.22029869167552815,0.2083100043688588,0.28098580992295263,0.15038948501326055,0.1088640610366019
row,0.1,4213,19,0.21912739744811124,0.20713732260692047,0.2795451526642394,0.15085579510087302,0.10636234473508514
row,0.1,4213,20,0.21800848374070755,0.2060168660277248,0.27817759807463793,0.15130630853836471,0.10407275202400758
row,0.1,4213,21,0.21693646721314747,0.20494315277379113,0.2768789803507713,0.1517412678659145,0.10197611766270888
row,0.1,4213,22,0.2159065153713872,0.20391135224647478,0.27564481294055154,0.1521604605468727,0.10005630935233872
row,0.1,4213,23,0.21491433809135704,0.20291717644605367,0.27447046792616914,0.15256338711311496,0.0982993360237125
row,0.1,4213,24,0.21395610627499548,0.20195679849279005,0.27335130986935063,0.15294938589320017,0.09669277492579262
row,0.1,4213,25,0.21302838873301863,0.201026789413455,0.27228279270936906,0.15331772357004003,0.09522540205592223
row,0.1,4213,26,0.21212810166159912,0.20012406755179227,0.27126052739363093,0.15366765926815149,0.09388695176007314
row,0.1,4213,27,0.2112524671054275,0.1992458569881974,0.27028032677828623,0.15399848842305253,0.0926679580424668
row,0.1,4213,28,0.2103989780579763,0.1983896526136501,0.2693382331879272,0.1543095714170976,0.09155964732122707
row,0.1,4213,29,0.2095653686361566,0.19755319029054275,0.268430532976355,0.1546003508984807,0.09055386340150995
row,0.1,4213,30,0.20874958826203888,0.19673442102956154,0.2675537615262221,0.15487036082509195,0.08964301250106395
row,0.1,4213,31,0.2079497791000582,0.1959314884283598,0.26670470137100877,0.1551192295710698,0.08882002067613207
row,0.1,4213,32,0.2071642562024126,0.1951427088227139,0.2658803755080686,0.15534667887563033,0.08807829887384917
row,0.1,4213,33,0.2063914899501512,0.19436655373615752,0.2650780374790771,0.15555251997579456,0.08741171266891265
row,0.1,4213,34,0.2056300904685813,0.19360163430562036,0.26429515940493853,0.1557366479241095,0.08681455490402458
row,0.1,4213,35,0.20487879375903026,0.1928466874243088,0.2635294188577427,0.1558990348297286,0.086281520186433
row,0.1,4213,36,0.2041364493345756,0.19210056338887344,0.26277868521638287,0.1560397225599352,0.08580768065105403
row,0.1,4213,37,0.20340200918123327,0.19136221487195682,0.2620410059710684,0.1561588152860238,0.08538846268288544
row,0.1,4213,38,0.20267451789213686,0.19063068706738667,0.2613145933036638,0.15625647214171454,0.08501962446110452
row,0.1,4213,39,0.20195310384288317,0.18990510887601617,0.2605978111661947,0.15633290017547008,0.08469723428516952
row,0.1,4213,40,0.20123697129302848,0.18918468501709093,0.2598891630014708,0.1563883477135396,0.08441764969574247
row,0.1,4213,41,0.2005253933127121,0.18846868896406457,0.25918728019162424,0.15642309820304232,0.08417749742737518
row,0.1,4213,42,0.19981770544524216,0.18775645661567747,0.2584909112777421,0.15643746456987165,0.08397365423672368
row,0.1,4213,43,0.19911330002666355,0.18704738062332354,0.25779891196303306,0.15643178410149883,0.0838032286467466
row,0.1,4213,44,0.1984116210921637,0.1863409053045819,0.25711023589022086,0.15640641384746717,0.08366354363855769
row,0.1,4213,45,0.1977121598069036,0.1856365220805323,0.25642392616891657,0.15636172651862582,0.08355212031129786
row,0.1,4213,46,0.19701445036565282,0.18493376538127185,0.2557391076188559,0.15629810685853399,0.08346666251844448
row,0.1,4213,47,0.19631806631161022,0.1842322089700559,0.2550549796888004,0.15621594845588715,0.08340504247750778
row,0.1,4213,48,0.19562261723010277,0.18353146264179887,0.2543708100075798,0.15611565096444224,0.08336528733972769
row,0.1,4213,49,0.19492774577757452,0.18283116925638954,0.2536859285224372,0.15599761769613327,0.08334556669749552
row,0.1,4213,50,0.19423312501046935,0.18213100207146588,0.25299972217994854,0.15586225355339622,0.08334418099990179
row,0.1,4213,51,0.1935384559823471,0.1814306623430284,0.25231163010588753,0.15570996326780728,0.08335955084103373
row,0.1,4213,52,0.1928434655809,0.18072987716559663,0.25162113924216656,0.1555411499137267,0.08339020708131274
row,0.1,4213,53,0.1921479045795091,0.18002839752658192,0.25092778040116825,0.15535621366753238,0.08343478175913398
row,0.1,4213,54,0.1914515458806278,0.17932599655219683,0.2502311247002016,0.15515555078508228,0.08349199974817866
row,0.1,4213,55,0.19075418293065263,0.17862246792458986,0.2495307803413539,0.15493955277216628,0.08356067111484687
row,0.1,4213,56,0.19005562828805714,0.17791762445200826,0.24882638970456028,0.15470860572481623,0.08363968413014573
row,0.1,4213,57,0.18935571232846052,0.17721129677568515,0.24811762672422252,0.15446308981839996,0.08372799889090536
row,0.1,4213,58,0.18865428207199839,0.17650333219883982,0.24740419452212564,0.15420337892638297,0.08382464150625216
row,0.1,4213,59,0.18795120011988087,0.17579359362469707,0.2466858232717009,0.15392984035149843,0.0839286988067259
row,0.1,4213,60,0.1872463436883866,0.17508195859179104,0.2459622682708528,0.15364283465379255,0.08403931353517427
row,0.1,4213,61,0.18653960372975806,0.17436831839603584,0.24523330820258543,0.15334271556161802,0.08415567998051446
row,0.1,4213,62,0.18583088413056145,0.17365257729014005,0.24449874356454593,0.1530298299531237,0.08427704001754108
row,0.1,4213,63,0.18512010097905499,0.17293465175192174,0.24375839525033288,0.15270451789714107,0.0844026795181196
row,0.1,4213,64,0.18440718189399224,0.17221446981396238,0.24301210326701403,0.15236711274360154,0.08453192510129326
row,0.1,4213,65,0.18369206540808156,0.17149197044783027,0.2422597255747567,0.15201794125473939,0.08466414119200409
row,0.1,4213,66,0.18297470040003327,0.17076710299681463,0.24150113703581433,0.1516573237693507,0.08479872736026185
row,0.1,4213,67,0.18225504556977076,0.17003982665175407,0.24073622846132722,0.1512855743932952,0.08493511591465974
row,0.1,4213,68,0.18153306895195662,0.16931010996511775,0.23996490574551163,0.15090300121025738,0.08507276972612653
row,0.1,4213,69,0.18080874746350678,0.1685779303990182,0.23918708907781708,0.1505099065075247,0.08521118025969697
row,0.1,4213,70,0.1800820664812334,0.16784327390330211,0.23840271222455472,0.15010658701221255,0.08534986579388179
row,0.1,4213,71,0.17935301944618026,0.1671061345202875,0.23761172187233182,0.14969333413396305,0.08548836980891422
row,0.1,4213,72,0.17862160749159434,0.16636651401309488,0.2368140770263853,0.14927043421068348,0.08562625952674113
row,0.1,4213,73,0.1778878390918217,0.1656244215148646,0.2360097484575957,0.14883816875437025,0.08576312458711781
row,0.1,4213,74,0.1771517297297252,0.1648798731964603,0.23519871819258734,0.1483968146944938,0.08589857584555297
row,0.1,4213,75,0.1764133015805001,0.16413289195053793,0.2343809790418841,0.14794664461680296,0.08603224428014505
row,0.1,4213,76,0.17567258321001666,0.16338350709011124,0.2335565341616075,0.14748792699574845,0.08616377999554621
row,0.1,4213,77,0.17492960928604467,0.1626317540599707,0.23272539664466763,0.14702092641902953,0.08629285131340383
row,0.1,4213,78,0.17418442030091932,0.16187767415951726,0.23188758913781982,0.1465459038030369,0.08641914393965189
row,0.1,4213,79,0.17343706230439196,0.16112131427575527,0.23104314348134689,0.1460631165982053,0.08654236019997301
row,0.1,4213,80,0.17268758664557396,0.16036272662535464,0.23019210036847093,0.14557281898350072,0.08666221833562164
row,0.1,4213,81,0.17193604972303012,0.15960196850483901,0.22933450902191915,0.14507526204945445,0.08677845185260326
row,0.1,4213,82,0.17118251274221055,0.15883910204809004,0.22847042688535113,0.14457069396932218,0.08689080891793706
row,0.1,4213,83,0.17042704147952856,0.1580741939904756,0.22759991932761858,0.14405936015809034,0.08699905179740915
row,0.1,4213,84,0.1696697060524978,0.15730731543901602,0.22672305935806247,0.1435415034191803,0.08710295632983796
row,0.1,4213,85,0.16891058069543458,0.15653854164809425,0.22583992735126862,0.1430173640788116,0.0872023114334426
row,0.1,4213,86,0.16814974354031564,0.15576795180030048,0.22495061077989553,0.14248718010808242,0.0872969186404181
row,0.1,4213,87,0.16738727640245335,0.15499562879207374,0.22405520395436507,0.14195118723290812,0.08738659165629277
row,0.1,4213,88,0.16662326457071525,0.15422165902386673,0.2231538077683662,0.1414096190320323,0.08747115594107156
row,0.1,4213,89,0.16585779660206917,0.15344613219461598,0.22224652944926518,0.14086270702338416,0.08755044830955434
row,0.1,4213,90,0.1650909641202855,0.15266914110034788,0.22133348231264682,0.14031068073910957,0.0876243165485707
row,0.1,4213,91,0.16432286161866685,0.1518907814367915,0.22041478552032845,0.1397537677896451,0.08769261904918735
row,0.1,4213,92,0.16355358626671218,0.1511111516059047,0.21949056384129365,0.1391921939172416,0.08775522445222866
row,0.1,4213,93,0.16278323772065162,0.15033035252624954,0.21856094741508947,0.13862618303937124,0.08781201130570451
row,0.1,4213,94,0.16201191793781183,0.14954848744717691,0.2176260715173136,0.13805595728247672,0.08786286773296549
row,0.1,4213,95,0.16123973099479183,0.14876566176679948,0.21668607632689726,0.13748173700653687,0.08790769111060624
row,0.1,4213,96,0.16046678290944505,0.14798198285374914,0.21574110669495525,0.13690374082093748,0.08794638775531297
row,0.1,4213,97,0.15969318146667497,0.1471975598727256,0.2147913119150372,0.13632218559214307,0.08797887261900672
row,0.1,4213,98,0.1589190360480603,0.14641250361385186,0.21383684549466558,0.13573728644367167,0.08800506899176595
row,0.1,4213,99,0.15814445746533226,0.14562692632585894,0.2128778649280954,0.13514925674887404,0.0880249082121279
row,0.1,4213,100,0.15736955779772918,0.14484094155312469,0.21191453147027045,0.13455830811701944,0.08803832938446501
row,0.1,4213,101,0.15659445023325527,0.1440546639765934,0.2109470099119884,0.1339646503731848,0.08804527910321429
row,0.1,4213,102,0.1558192489138699,0.1432682092586023,0.20997546835631736,0.13336849153243824,0.08804571118380443
row,0.1,4213,103,0.15504406878463226,0.14248169389163948,0.20900007799633474,0.13277003776880045,0.08803958640018002
row,0.1,4213,104,0.1542690254468225,0.1416952350510539,0.20802101289427996,0.132169493379457,0.08802687222886307
row,0.1,4213,105,0.15349423501505643,0.1409089504517353,0.20703844976223557,0.13156706074468516,0.0880075425995251
row,0.1,4213,106,0.15271981397840664,0.1401229582087754,0.206052567744463,0.13096294028394534,0.08798157765206417
row,0.1,4213,107,0.15194587906553694,0.1393373767021184,0.20506354820153624,0.13035733040857556,0.0879489635001956
row,0.1,4213,108,0.1511725471138513,0.138552324445201,0.20407157449642335,0.1297504274715136,0.08790969200157205
row,0.1,4213,109,0.15039993494265372,0.1377679199575789,0.20307683178267777,0.12914242571445714,0.08786376053444854
row,0.1,4213,110,0.14962815923030778,0.1369842816415282,0.20207950679490277,0.12853351721285805,0.08781117178090414
row,0.1,4213,111,0.14885733639538037,0.13620152766260651,0.2010797876416601,0.12792389181913177,0.08775193351662285
row,0.1,4213,112,0.1480875824817481,0.13541977583415216,0.20007786360099322,0.12731373710444902,0.08768605840722313
row,0.1,4213,113,0.147319013047639,0.1346391435056943,0.1990739249187381,0.12670323829945948,0.08761356381111178
row,0.1,4213,114,0.14655174305857827,0.1338597474552432,0.198068162609792,0.12609257823428566,0.08753447158881944
row,0.1,4213,115,0.14578588678420099,0.13308170378542333,0.19706076826251068,0.12548193727810628,0.08744880791875675
row,0.1,4213,116,0.145021557698892,0.1323051278234103,0.19605193384639996,0.12487149327863659,0.0873566031193118
row,0.1,4213,117,0.14425886838620847,0.13153013402462738,0.1950418515232641,0.12426142150179673,0.0872578914771889
row,0.1,4213,118,0.14349793044703804,0.13075683588015455,0.1940307134619696,0.12365189457184403,0.08715271108186975
row,0.1,4213,119,0.14273885441144274,0.12998534582780163,0.19301871165697634,0.12304308241223302,0.0870411036660602
row,0.1,4213,120,0.1419817496541365,0.129215775166793,0.19200603775078354,0.12243515218744933,0.08692311445196654
row,0.1,4213,121,0.14122672431354283,0.1284482339760115,0.19099288286043004,0.1218282682460526,0.08679879200323014
row,0.1,4213,122,0.1404738852143772,0.1276828310357469,0.18997943740818332,0.12122259206514746,0.08666818808233435
row,0.1,4213,123,0.13972333779369903,0.1269196737528942,0.18896589095654293,0.12061828219648915,0.08653135751328231
row,0.1,4213,124,0.13897518603037615,0.12615886808954568,0.18795243204767725,0.12001549421441615,0.08638835804933648
row,0.1,4213,125,0.13822953237790614,0.1254005184949218,0.18693924804740558,0.11941438066578958,0.08623925024559732
row,0.1,4213,126,0.1374864777005375,0.124644727840585,0.18592652499382697,0.11881509102210563,0.08608409733619381
row,0.1,4213,127,0.13674612121263574,0.1238915973588823,0.18491444745069358,0.11821777163393443,0.0859229651158517
row,0.1,4213,128,0.13600856042123824,0.12314122658456177,0.18390319836561275,0.11762256568782566,0.08575592182560256
row,0.1,4213,129,0.13527389107174492,0.12239371329951036,0.18289295893315924,0.11702961316581063,0.08558303804239425
row,0.1,4213,130,0.13454220709668985,0.12164915348056038,0.18188390846296515,0.11643905080761509,0.08540438657236502
row,0.1,4213,131,0.13381360056754313,0.120907641250314,0.1808762242528525,0.11585101207568835,0.08522004234754464
row,0.1,4213,132,0.1330881616494905,0.12016926883093529,0.17987008146705918,0.11526562712313948,0.08503008232574999
row,0.1,4213,133,0.13236597855914178,0.11943412650086155,0.17886565301960583,0.11468302276466202,0.08483458539344904
row,0.1,4213,134,0.13164713752511903,0.11870230255438641,0.17786310946283876,0.11410332245051535,0.08463363227137234
row,0.1,4213,135,0.13093172275147646,0.11797388326406773,0.17686261888117805,0.11352664624362101,0.08442730542266076
row,0.1,4213,136,0.13021981638390565,0.11724895284591552,0.17586434679009083,0.11295311079981993,0.08421568896334695
row,0.1,4213,137,0.12951149847868038,0.11652759342731533,0.17486845604030182,0.11238282935132708,0.08399886857497915
row,0.1,4213,138,0.12880684697429626,0.11580988501764342,0.1738751067272442,0.11181591169340814,0.08377693141920546
row,0.1,4213,139,0.12810593766576053,0.11509590548153087,0.17288445610574693,0.11125246417429366,0.08354996605415137
row,0.1,4213,140,0.12740884418148926,0.11438573051473494,0.17189665850994645,0.11069258968833542,0.08331806235243328
row,0.1,4213,141,0.1267156379627676,0.11367943362257485,0.17091186527840177,0.11013638767240003,0.08308131142066436
row,0.1,4213,142,0.1260263882457315,0.11297708610089158,0.169930224684386,0.10958395410548581,0.08283980552032472
row,0.1,4213,143,0.1253411620458269,0.11227875701948928,0.1689518818713185,0.10903538151153995,0.08259363798987596
row,0.1,4213,144,0.12466002414470408,0.11158451320801731,0.16797697879329482,0.1084907589654428,0.08234290316801902
row,0.1,4213,145,0.12398303707950423,0.11089441924425107,0.16700565416066465,0.10795017210212028,0.08208769631800396
row,0.1,4213,146,0.12331026113449436,0.11020853744472936,0.16603804339060163,0.10741370312873479,0.08182811355291414
row,0.1,4213,147,0.12264175433500671,0.10952692785770567,0.16507427856259954,0.10688143083989923,0.08156425176186032
row,0.1,4213,148,0.12197757244363845,0.1088496482583704,0.16411448837882703,0.10635343063585065,0.08129620853703197
row,0.1,4213,149,0.12131776895866567,0.10817675414629936,0.1631587981292622,0.10582977454351339,0.08102408210156507
row,0.1,4213,150,0.12066239511462588,0.1075082987450839,0.16220732966152682,0.10531053124037526,0.08074797123819615
row,0.1,4213,151,0.12001149988502163,0.1068443330040966,0.1612602013553297,0.10479576608109491,0.08046797521868458
row,0.1,4213,152,0.11936512998709702,0.10618490560234538,0.16031752810142735,0.10428554112675185,0.08018419373399249
row,0.1,4213,153,0.11872332988863726,0.10553006295436741,0.15937942128500215,0.10377991517664717,0.07989672682522334
row,0.1,4213,154,0.11808614181674171,0.10487984921811405,0.15844598877335436,0.10327894380255685,0.07960567481532735
row,0.1,4213,155,0.11745360576851711,0.10423430630477501,0.1575173349078005,0.10278267938533732,0.07931113824158927
row,0.1,4213,156,0.11682575952363941,0.10359347389049073,0.1565935604996646,0.10229117115377735,0.07901321778892278
row,0.1,4213,157,0.11620263865872829,0.10295738942989832,0.15567476283024648,0.10180446522558896,0.0787120142239997
row,0.1,4213,158,0.11558427656348046,0.10232608817145775,0.15476103565464783,0.10132260465042645,0.07840762833024967
row,0.1,4213,159,0.11497070445850355,0.1016996031745012,0.15385246920933182,0.10084562945482065,0.07810016084376901
row,0.1,4213,160,0.11436195141479324,0.10107796532794892,0.1529491502232912,0.10037357668891388,0.07778971239018274
row,0.1,4213,161,0.11375804437479456,0.1004612033706331,0.15205116193269624,0.09990648047487995,0.07747638342250618
row,0.1,4213,162,0.11315900817498652,0.09984934391317003,0.1511585840988921,0.0994443720569121,0.07716027416005487
row,0.1,4213,163,0.11256486556992995,0.09924241146132043,0.1502714930296133,0.09898727985266215,0.07684148452845493
row,0.1,4213,164,0.11197563725771509,0.0986404284407756,0.14938996160328094,0.09853522950601366,0.07652011410080511
row,0.1,4213,165,0.11139134190674714,0.09804341522330796,0.14851405929624892,0.09808824394107202,0.07619626204004368
row,0.1,4213,166,0.11081199618380547,0.09745139015422187,0.14764385221286241,0.09764634341725595,0.07587002704257415
row,0.1,4213,167,0.1102376147833122,0.09686436958104125,0.14677940311819296,0.09720954558537512,0.07554150728320079
row,0.1,4213,168,0.10966821045774594,0.09628236788336983,0.14592077147331417,0.09677786554458034,0.0752108003614274
row,0.1,4213,169,0.10910379404913455,0.0957053975038584,0.14506801347298148,0.09635131590007535,0.07487800324916818
row,0.1,4213,170,0.10854437452156278,0.09513346898021485,0.14422118208558082,0.09592990682147935,0.07454321223992025
row,0.1,4213,171,0.10798995899462793,0.09456659097819076,0.14338032709521137,0.09551364610173385,0.0742065228994439
row,0.1,4213,172,0.10744055277777935,0.09400477032547995,0.14254549514576856,0.09510253921644893,0.07386803001799427
row,0.1,4213,173,0.10689615940547507,0.09344801204646294,0.14171672978689534,0.09469658938358634,0.0735278275641463
row,0.1,4213,174,0.10635678067309162,0.09289631939773285,0.14089407152167038,0.09429579762338122,0.07318600864025078
row,0.1,4213,175,0.10582241667352152,0.0923496939043376,0.14007755785590503,0.09390016281840635,0.07284266543955635
row,0.1,4213,176,0.1052930658343946,0.09180813539667425,0.13926722334892128,0.09350968177368629,0.0724978892050298
row,0.1,4213,177,0.10476872495585954,0.09127164204797186,0.13846309966568698,0.09312434927677293,0.072151770189902
row,0.1,4213,178,0.1042493892488628,0.0907402104122999,0.13766521563018586,0.09274415815769699,0.07180439761996445
row,0.1,4213,179,0.10373505237386298,0.09021383546303988,0.1368735972799021,0.09236909934871358,0.07145585965763705
row,0.1,4213,180,0.10322570647991976,0.08969251063175929,0.13608826792130438,0.09199916194376481,0.07110624336782402
row,0.1,4213,181,0.10272134224409765,0.08917622784742765,0.13530924818621404,0.09163433325758463,0.07075563468557139
row,0.1,4213,182,0.10222194891112575,0.0886649775759156,0.13453655608894743,0.09127459888437667,0.07040411838553495
row,0.1,4213,183,0.10172751433325644,0.08815874885971955,0.13377020708412551,0.09091994275599867,0.07005177805326508
row,0.1,4213,184,0.10123802501026667,0.08765752935785523,0.13301021412504507,0.09057034719959134,0.06969869605830913
row,0.1,4213,185,0.100753466129548,0.08716130538586567,0.13225658772251292,0.09022579299459367,0.06934495352913088
row,0.1,4213,186,0.10027382160623166,0.08667006195588971,0.1315093360040437,0.08988625942909034,0.0689906303298404
row,0.1,4213,187,0.09979907412329815,0.0861837828167397,0.13076846477332923,0.08955172435544068,0.06863580503872611
row,0.1,4213,188,0.09932920517162092,0.08570245049393785,0.13003397756988838,0.08922216424514294,0.06828055492857643
row,0.1,4213,189,0.09886419508989704,0.08522604632966306,0.1293058757288117,0.08889755424289102,0.06792495594877512
row,0.1,4213,190,0.09840402310441793,0.08475455052256123,0.12858415844051668,0.08857786821978408,0.06756908270915189
row,0.1,4213,191,0.09794866736863644,0.08428794216737451,0.12786882281043674,0.0882630788256546,0.06721300846556605
row,0.1,4213,192,0.09749810500248762,0.0838261992943461,0.1271598639185657,0.08795315754048175,0.06685680510719834
row,0.1,4213,193,0.09705231213142244,0.08336929890835959,0.12645727487878844,0.0876480747248628,0.06650054314552384
row,0.1,4213,194,0.09661126392511615,0.08291721702777356,0.12576104689792772,0.08734779966951627,0.06614429170493513
row,0.1,4213,195,0.09617493463581409,0.0824699287229137,0.1250711693344437,0.08705230064379606,0.06578811851498428
row,0.1,4213,196,0.0957432976362807,0.08202740815418767,0.12438762975672456,0.08676154494319653,0.06543208990420725
row,0.1,4213,197,0.0953163254573183,0.0815896286097883,0.1237104140009112,0.08647549893583402,0.06507627079549518
row,0.1,4213,198,0.09489398982482512,0.08115656254295425,0.12303950622820146,0.08619412810789065,0.06472072470297291
row,0.1,4213,199,0.09447626169636311,0.08072818160875783,0.12237488898158383,0.08591739710801122,0.06436551373034431
row,0.1,4213,200,0.09406311129720919,0.08030445670039275,0.12171654324195326,0.08564526979064488,0.06401069857066194
row,0.1,4213,201,0.0936545081558637,0.07988535798493529,0.1210644484835648,0.08537770925832695,0.0636563385074773
row,0.1,4213,202,0.0932504211389936,0.07947085493855534,0.12041858272878511,0.08511467790289823,0.06330249141732694
row,0.1,4213,203,0.0928508184857886,0.07906091638115495,0.1197789226021033,0.0848561374456607,0.06294921377350755
row,0.1,4213,204,0.09245566784171036,0.07865551051041392,0.11914544338336747,0.08460204897647218,0.06259656065109345
row,0.1,4213,205,0.09206493629161715,0.07825460493522396,0.11851811906021431,0.08435237299178283,0.06224458573314796
row,0.1,4213,206,0.0916785903922478,0.0778581667084946,0.11789692237966443,0.08410706943161919,0.06189334131807992
row,0.1,4213,207,0.09129659620405027,0.07746616235931562,0.11728182489885602,0.08386609771552322,0.06154287832809674
row,0.1,4213,208,0.09091891932234253,0.07707855792446269,0.11667279703489469,0.08362941677745452,0.06119324631870284
row,0.1,4213,209,0.090545524907794,0.0766953189792343,0.11606980811379816,0.08339698509966685,0.06084449348919492
row,0.1,4213,210,0.09017637771621839,0.07631641066760955,0.1154728264185177,0.08316876074556992,0.06049666669410289
row,0.1,4213,211,0.08981144212766981,0.07594179773171852,0.11488181923602127,0.08294470139158963,0.06014981145552672
row,0.1,4213,212,0.08945068217483548,0.0755714445406176,0.11429675290342352,0.08272476435804106,0.05980397197631869
row,0.1,4213,213,0.08909406157071974,0.07520531511836388,0.11371759285315239,0.08250890663902873,0.05945919115406165
row,0.1,4213,214,0.08874154373561591,0.07484337317138474,0.1131443036571432,0.08229708493139082,0.059115510595793
row,0.1,4213,215,0.08839309182336309,0.07448558211513871,0.11257684907005198,0.08208925566270385,0.05877297063342569
row,0.1,4213,216,0.08804866874688698,0.07413190510006643,0.11201519207148397,0.08188537501836536,0.05843161033981739
row,0.1,4213,217,0.08770823720302415,0.07378230503683042,0.11145929490723294,0.08168539896777315,0.058091467545439306
row,0.1,4213,218,0.08737175969663158,0.07343674462084493,0.11090911912953003,0.08148928328961963,0.05775257885559782
row,0.1,4213,219,0.08703919856398305,0.07309518635609666,0.11036462563630194,0.08129698359632062,0.05741497966816192
row,0.1,4213,220,0.08671051599545561,0.07275759257825949,0.1098257747094396,0.08110845535759834,0.05707870419175069
row,0.1,4213,221,0.08638567405751062,0.07242392547710669,0.10929252605208037,0.08092365392323848,0.05674378546433582
row,0.1,4213,222,0.08606463471397403,0.07209414711822511,0.10876483882490784,0.08074253454504167,0.056410255372215376
row,0.1,4213,223,0.08574735984662218,0.07176821946403689,0.10824267168147514,0.08056505239798951,0.05607814466931585
row,0.1,4213,224,0.08543381127507958,0.0714461043941348,0.10772598280255767,0.08039116260064622,0.05574748299678081
row,0.1,4213,225,0.08512395077603617,0.07112776372493826,0.10721472992954333,0.08022082023481553,0.05541829890280508
row,0.1,4213,226,0.08481774010179256,0.07081315922867785,0.1067088703968696,0.08005398036447446,0.055090619862675654
row,0.1,4213,227,0.08451514099814157,0.07050225265171653,0.10620836116351628,0.07989059805400359,0.05476447229898059
row,0.1,4213,228,0.08421611522159599,0.07019500573221671,0.10571315884356494,0.07973062838573457,0.05443988160194919
row,0.1,4213,229,0.08392062455597192,0.06989138021716254,0.10522321973583681,0.0795740264768352,0.054116872149887404
row,0.1,4213,230,0.0836286308283391,0.06959133787874788,0.10473849985262064,0.07942074749555182,0.053795467329675134
row,0.1,4213,231,0.08334009592434793,0.06929484053013985,0.10425895494750387,0.0792707466768288,0.05347568955729107
row,0.1,4213,232,0.08305498180294553,0.06900185004062953,0.10378454054232031,0.07912397933732518,0.053157560298334586
row,0.1,4213,233,0.082773250510492,0.06871232835018087,0.10331521195322836,0.07898040088984674,0.052841100088514045
row,0.1,4213,234,0.08249486419428897,0.06842623748338941,0.10285092431593418,0.07883996685721326,0.05252632855407263
row,0.1,4213,235,0.08221978511553271,0.06814353956286288,0.10239163261007482,0.07870263288557898,0.05221326443212454
row,0.1,4213,236,0.08194797566170453,0.06786419682203601,0.10193729168277674,0.0785683547572246,0.051901925590875087
row,0.1,4213,237,0.08167939835841069,0.06758817161743164,0.10148785627140475,0.07843708840283838,0.05159232904970098
row,0.1,4213,238,0.08141401588068527,0.06731542644038113,0.10104328102551788,0.07830878991330396,0.05128449099906637
row,0.1,4213,239,0.08115179106376867,0.06704592392821664,0.10060352052804804,0.07818341555101155,0.050978426820254046
row,0.1,4213,240,0.08089268691337495,0.06677962687494808,0.10016852931571768,0.07806092176070877,0.050674151104890694
row,0.1,4213,241,0.0806366666154611,0.06651649824143786,0.09973826189871304,0.07794126517990774,0.05037167767424711
row,0.1,4213,242,0.08038369354551148,0.06625650116508625,0.09931267277962952,0.07782440264886323,0.05007101959829647
row,0.1,4213,243,0.08013373127735102,0.06599959896904067,0.09889171647170569,0.0777102912201372,0.04977218921451317
row,0.1,4213,244,0.07988674359149962,0.06574575517094161,0.09847534751636258,0.07759888816776465,0.04947519814639823
row,0.1,4213,245,0.07964269448308169,0.06549493349121832,0.09806352050006542,0.07749015099603417,0.049180057321717104
row,0.1,4213,246,0.07940154816930335,0.06524709786094726,0.09765619007052345,0.07738403744789725,0.04888677699043711
row,0.1,4213,247,0.07916326909651082,0.06500221242928617,0.09725331095224532,0.07728050551301964,0.04859536674235428
row,0.1,4213,248,0.07892782194684239,0.0647602415704964,0.09685483796146621,0.07717951343548696,0.04830583552439827
row,0.1,4213,249,0.07869517164448704,0.06452114989056627,0.09646072602046292,0.07708101972117698,0.04801819165760779
row,0.1,4213,250,0.0784652833615625,0.06428490223344815,0.0960709301712733,0.07698498314481027,0.04773244285376794
row,0.1,4213,251,0.07823812252362482,0.06405146368692129,0.09568540558883629,0.07689136275669076,0.04744859623170344
row,0.1,4213,252,0.07801365481482182,0.06382079958809268,0.09530410759356817,0.07680011788914627,0.047166658333222186
row,0.1,4213,253,0.07779184618270328,0.0635928755285486,0.09492699166339097,0.07671120816268001,0.046886635138704245
row,0.1,4213,254,0.07757266284269834,0.0633676573591676,0.09455401344522862,0.07662459349184318,0.04660853208233364
row,0.1,4213,255,0.0773560712822735,0.06314511119460771,0.09418512876598603,0.07654023409083693,0.04633235406696975
row,0.1,4213,256,0.07714203826478117,0.06292520341747837,0.09382029364302596,0.07645809047885443,0.046058105478657095
row,0.1,4213,257,0.0769305308330112,0.06270790068220906,0.09345946429415923,0.07637812348517031,0.045785790200772884
row,0.1,4213,258,0.07672151631245583,0.06249316991862515,0.0931025971471621,0.07630029425398653,0.04551541162781228
row,0.1,4213,259,0.07651496231429877,0.06228097833524184,0.09274964884883549,0.0762245642490423,0.04524697267881245
row,0.1,4213,260,0.07631083673813942,0.06207129342228688,0.0924005762736201,0.07615089525799552,0.04498047581041744
row,0.1,4213,261,0.07610910777446205,0.061864082954462135,0.09205533653178107,0.0760792493965832,0.044715923029585734
row,0.1,4213,262,0.0759097439068601,0.06165931499345412,0.09171388697717586,0.07600958911256707,0.04445331590594417
row,0.1,4213,263,0.07571271391402573,0.06145695789020343,0.09137618521461835,0.07594187718947173,0.04419265558379167
row,0.1,4213,264,0.07551798687151332,0.06125698028694216,0.09104218910685209,0.0758760767501206,0.04393394279375732
row,0.1,4213,265,0.07532553215328716,0.061059351119009245,0.09071185678114568,0.07581215125997631,0.043677177864117664
row,0.1,4213,266,0.07513531943306144,0.06086403961645198,0.09038514663552186,0.07575006453029043,0.04342236073177856
row,0.1,4213,267,0.0749473186854419,0.06067101530542321,0.09006201734463312,0.07568978072106837,0.04316949095292764
row,0.1,4213,268,0.07476150018687715,0.06048024800938206,0.0897424278652952,0.07563126434385428,0.042918567713363734
row,0.1,4213,269,0.0745778345164282,0.06029170785010697,0.08942633744168967,0.07557448026434056,0.04266958983850973
row,0.1,4213,270,0.07439629255636399,0.06010536524852868,0.08911370561024713,0.07551939370480676,0.042422555803116394
row,0.1,4213,271,0.07421684549259046,0.059921190925390985,0.08880449220422179,0.07546597024639215,0.04217746374066416
row,0.1,4213,272,0.07403946481492092,0.059739155901746936,0.08849865735796769,0.07541417583120592,0.041934311452470834
row,0.1,4213,273,0.07386412231719483,0.05955923149929751,0.08819616151092716,0.07536397676427917,0.041693096416513246
row,0.1,4213,274,0.07369079009725152,0.05938138934057987,0.08789696541134132,0.07531533971536193,0.041453815795970565
row,0.1,4213,275,0.07351944055676624,0.05920560134901199,0.0876010301196922,0.0752682317205696,0.04121646644749828
row,0.1,4213,276,0.07335004640095436,0.05903183974880004,0.08730831701188624,0.0752226201838812,0.04098104492924079
row,0.1,4213,277,0.07318258063815047,0.058860077064715154,0.08701878778218779,0.07517847287849325,0.0407475475085916
row,0.1,4213,278,0.0730170165792679,0.058690286121745205,0.0867324044459121,0.0751357579480325,0.040515970169709564
row,0.1,4213,279,0.07285332783714484,0.05852244004462788,0.08644912934188557,0.07509444390762984,0.04028630862080009
row,0.1,4213,280,0.07269148832578237,0.058356512257270426,0.08616892513468266,0.07505449964485897,0.0400585583011703
row,0.1,4213,281,0.07253147225947998,0.05819247648206158,0.08589175481664635,0.07501589442054173,0.03983271438806636
row,0.1,4213,282,0.07237325415187332,0.05803030673908093,0.0856175817097011,0.07497859786942372,0.039608771803302655
row,0.1,4213,283,0.07221680881487962,0.05786997734521068,0.08534636946696494,0.07494258000072185,0.039386725219690666
row,0.1,4213,284,0.07206211135755511,0.0577114629131547,0.08507808207416886,0.07490781119854661,0.03916656906727698
row,0.1,4213,285,0.07190913718486926,0.05755473835036947,0.08481268385088991,0.07487426222220162,0.03894829753939849
row,0.1,4213,286,0.07175786199639997,0.05739977885791134,0.08455013945160542,0.0748419042063624,0.03873190459856376
row,0.1,4213,287,0.07160826178495427,0.057246559929204556,0.08429041386657467,0.07481070866113708,0.03851738398216848
row,0.1,4213,288,0.07146031283511799,0.05709505734873384,0.08403347242255474,0.07478064747201055,0.03830472920805371
row,0.1,4213,289,0.0713139917217388,0.056945247190665814,0.08377928078335656,0.07475169289967491,0.03809393357991466
row,0.1,4213,290,0.07116927530834603,0.05679710581740284,0.08352780495024727,0.07472381757974789,0.037884990192568045
row,0.1,4213,291,0.07102614074551081,0.056650609878072904,0.08327901126220469,0.07469699452238149,0.03767789193708574
row,0.1,4213,292,0.07088456546914991,0.05650573630695909,0.08303286639602997,0.07467119711176266,0.037472631505802434
row,0.1,4213,293,0.07074452719877662,0.05636246232187195,0.08278933736632302,0.07464639910550845,0.03726920139720423
row,0.1,4213,294,0.07060600393570171,0.056220765422467935,0.08254839152532695,0.07462257463395713,0.03706759392070567
row,0.1,4213,295,0.07046897396118734,0.05608062338851696,0.08230999656264594,0.07459969819935765,0.03686780120132199
row,0.1,4213,296,0.0703334158345569,0.055942014278122,0.082074120504842,0.07457774467495891,0.036669815184243025
row,0.1,4213,297,0.07019930839126354,0.055804916425893636,0.0818407317149151,0.07455668930400168,0.036473627639315546
row,0.1,4213,298,0.07006663074091954,0.05566930844108196,0.08160979889167118,0.07453650769861395,0.03627923016543974
row,0.1,4213,299,0.06993536226528974,0.055535169205668776,0.08138129106898312,0.07451717583861261,0.03608661419488631
row,0.1,4213,300,0.06980548261625082,0.05540247787242233,0.08115517761494831,0.074498670070213,0.03589577099753932
row,0.1,4213,301,0.06967697171371875,0.055271213862916786,0.08093142823094729,0.07448096710464815,0.03570669168507032
row,0.1,4213,302,0.06954980974354703,0.055141356865519214,0.0807100129506079,0.07446404401669987,0.035519367215049225
row,0.1,4213,303,0.06942397715539708,0.05501288683334554,0.08049090213867804,0.07444787824314372,0.03533378839499626
row,0.1,4213,304,0.06929945466058353,0.05488578398218822,0.08027406648981159,0.07443244758110938,0.035149945886380034
row,0.1,4213,305,0.0691762232298957,0.05476002878841713,0.08005947702727091,0.07441773018635903,0.03496783020856586
row,0.1,4213,306,0.06905426409139735,0.0546356019868557,0.07984710510154933,0.07440370457148482,0.034787431742718415
row,0.1,4213,307,0.06893355872820657,0.05451248456863432,0.07963692238891726,0.07439034960402843,0.03460874073566267
row,0.1,4213,308,0.06881408887625706,0.054390657779022425,0.07942890088989517,0.07437764450452389,0.03443174730370655
row,0.1,4213,309,0.06869583652204284,0.054270103115241136,0.07922301292765689,0.07436556884446582,0.03425644143642872
row,0.1,4213,310,0.0685787839003476,0.05415080232425805,0.07901923114636589,0.07435410254420577,0.0340828130004344
row,0.1,4213,311,0.06846291349196038,0.054032737400565536,0.07881752850944808,0.07434322587077714,0.03391085174308225
row,0.1,4213,312,0.0683482080213786,0.05391589058394432,0.07861787829780381,0.07433291943565269,0.033740547296184704
row,0.1,4213,313,0.0682346504545004,0.053800244357213374,0.07842025410796198,0.07432316419243473,0.03357188917968428
row,0.1,4213,314,0.06812222399630691,0.053685781443967864,0.07822462985017897,0.07431394143448147,0.03340486680530765
row,0.1,4213,315,0.06801091208853602,0.0535724848063061,0.07803097974648504,0.07430523279247067,0.03323946948019973
row,0.1,4213,316,0.06790069840734891,0.05346033764254694,0.07783927832868107,0.07429702023190311,0.03307568641053924
row,0.1,4213,317,0.06779156686099022,0.05334932338493886,0.0776495004362878,0.07428928605054748,0.03291350670513711
row,0.1,4213,318,0.06768350158744309,0.0532394256973617,0.07746162121445013,0.07428201287582922,0.03275291937901924
row,0.1,4213,319,0.06757648695208004,0.053130628473022246,0.07727561611179906,0.07427518366216515,0.03259391335699435
row,0.1,4213,320,0.06747050754531089,0.053022915832144746,0.07709146087827318,0.07426878168824559,0.032436477477208
row,0.1,4213,321,0.06736554818022823,0.052916272119657395,0.07690913156290229,0.07426279055426663,0.032280600494683426
row,0.1,4213,322,0.067261593890252,0.05281068190287572,0.07672860451155523,0.07425719417911406,0.032126271084849424
row,0.1,4213,323,0.0671586299267734,0.052706129969183696,0.0765498563646538,0.07425197679750134,0.03197347784705614
row,0.1,4213,324,0.06705664175679954,0.05260260132371383,0.0763728640548551,0.0742471229570634,0.03182220930807826
row,0.1,4213,325,0.06695561506059924,0.052500081187026745,0.07619760480470417,0.0742426175154085,0.03167245392560626
row,0.1,4213,326,0.06685553572935103,0.05239855499279118,0.07602405612425864,0.07423844563712999,0.031524200091725116
row,0.1,4213,327,0.06675638986279397,0.05229800838546552,0.07585219580868789,0.07423459279078,0.031377436136380533
row,0.1,4213,328,0.0666581637668821,0.052198427217981104,0.07568200193584752,0.07423104474580709,0.031232150330832063
row,0.1,4213,329,0.06656084395144322,0.05209979754942859,0.07551345286383196,0.07422778756946015,0.031088330891092773
row,0.1,4213,330,0.06646441712784248,0.052002105642747695,0.07534652722850606,0.0742248076236598,0.03094596598135469
row,0.1,4213,331,0.06636887020665183,0.051905337962421305,0.07518120394101804,0.07422209156183981,0.030805043717399644
row,0.1,4213,332,0.06627419029532558,0.05180948117217443,0.07501746218529481,0.0742196263257606,0.030665552169994087
row,0.1,4213,333,0.06618036469588287,0.05171452213267877,0.07485528141552153,0.07421739914229601,0.03052747936826768
row,0.1,4213,334,0.06608738090259757,0.051620447899263414,0.07469464135360701,0.07421539752019607,0.030390813303074124
row,0.1,4213,335,0.06599522659969617,0.05152724571963245,0.07453552198663613,0.07421360924682718,0.030255541930333505
row,0.1,4213,336,0.0659038896590644,0.05143490303158989,0.07437790356431097,0.07421202238489155,0.030121653174354893
row,0.1,4213,337,0.06581335813796256,0.05134340746077246,0.07422176659638197,0.07421062526912806,0.029989134931138077
row,0.1,4213,338,0.06572362027675087,0.05125274681839108,0.07406709185007036,0.07420940650299598,0.029857975071653158
row,0.1,4213,339,0.06563466449662458,0.05116290909898122,0.07391386034748332,0.07420835495534361,0.029728161445096837
row,0.1,4213,340,0.06554647939735969,0.05107388247816271,0.07376205336302305,0.07420745975706344,0.029599681882123967
row,0.1,4213,341,0.06545905375506969,0.050985655310409744,0.07361165242079103,0.07420671029773564,0.029472524198053254
row,0.1,4213,342,0.0653723765199738,0.050898216126831174,0.0734626392919886,0.07420609622226158,0.029346676196045404
row,0.1,4213,343,0.06528643681417681,0.050811553632961845,0.07331499599231509,0.07420560742748915,0.029222125670252785
row,0.1,4213,344,0.06520122392946143,0.050725656706565175,0.07316870477936457,0.07420523405883113,0.029098860408938852
row,0.1,4213,345,0.0651167273250931,0.05064051439544766,0.07302374815002233,0.07420496650687894,0.028976868197566147
row,0.1,4213,346,0.06503293662563782,0.050556115915285325,0.07288010883786214,0.07420479540401263,0.028856136821851446
row,0.1,4213,347,0.06494984161879344,0.05047245064746303,0.07273776981054529,0.07420471162100914,0.028736654070786783
row,0.1,4213,348,0.06486743225323452,0.050389508136926386,0.0725967142672224,0.07420470626365007,0.028618407739624672
row,0.1,4213,349,0.06478569863647135,0.050307278090047286,0.07245692563593911,0.07420477066933068,0.028501385632826573
row,0.1,4213,350,0.06470463103272317,0.05022575037250276,0.07231838757104608,0.07420489640367149,0.028385575566972996
entity,0.03,4211,0,0.3926282746047346,0.38774683871018734,0.3877468387101874,0.1951203278844612,0.58282116974167
entity,0.03,4211,1,0.38264176217373863,0.3777596883266106,0.37775968832661055,0.18902476234822882,0.5595275391788119
entity,0.03,4211,2,0.3734366517467842,0.36855341817226506,0.36855341817226506,0.18354081200344566,0.5372726872151126
entity,0.03,4211,3,0.3649484132932048,0.36006356515464194,0.360063565154642,0.17861363815303416,0.5160044943191043
entity,0.03,4211,4,0.3571181510665848,0.35223129343942405,0.35223129343942405,0.17419331653578127,0.4956741992862365
entity,0.03,4211,5,0.3498920710124297,0.3450028625504907,0.3450028625504906,0.17023436869725955,0.47623611531850935
entity,0.03,4211,6,0.3432210041323287,0.3383291513585597,0.33832915135855973,0.16669534291215649,0.4576473763866851
entity,0.03,4211,7,0.3370599791463686,0.33216523130714165,0.33216523130714165,0.16353843871921503,0.43986771011139464
entity,0.03,4211,8,0.33136783869419956,0.3264699831223512,0.3264699831223512,0.1607291699368008,0.42285923390788277
entity,0.03,4211,9,0.3261068940783279,0.32120575201562485,0.32120575201562485,0.1582360617117058,0.4065862715746819
entity,0.03,4211,10,0.3212426142032136,0.3163380370378082,0.3163380370378082,0.15603037773637773,0.39101518788008915
entity,0.03,4211,11,0.31674334491896694,0.3118352107977762,0.3118352107977762,0.15408587426695583,0.3761142390211726
entity,0.03,4211,12,0.3125800554540348,0.3076682662338893,0.3076682662338893,0.15237857800000854,0.3618534371059523
entity,0.03,4211,13,0.3087261090298059,0.30381058753472606,0.303810587534726,0.15088658523106183,0.348204427046962
entity,0.03,4211,14,0.30515705510197033,0.3002377426570796,0.3002377426570796,0.14958988003228446,0.3351403744592167
entity,0.03,4211,15,0.3018504409774264,0.2969272951928491,0.2969272951928491,0.14847016945789335,0.32263586333243444
entity,0.03,4211,16,0.2987856408187562,0.29385863359940045,0.29385863359940045,0.14751073402047987,0.310666802400223
entity,0.03,4211,17,0.2959437002768726,0.29101281603630147,0.29101281603630147,0.1466962918849952,0.29921033926130086
entity,0.03,4211,18,0.2933071951914156,0.2883724292500869,0.2883724292500869,0.14601287540414082,0.28824478142260795
entity,0.03,4211,19,0.2908601029721422,0.2859214601221721,0.2859214601221721,0.14544771877323054,0.27774952353389104
entity,0.03,4211,20,0.2885876854264839,0.28364517864678435,0.28364517864678435,0.14498915571745413,0.2677049801701779
entity,0.03,4211,21,0.2864763819316805,0.28153003123885156,0.28153003123885156,0.144626526242619,0.25809252359431367
entity,0.03,4211,22,0.2845137119670203,0.27956354338876455,0.27956354338876455,0.14435009158417733,0.24889442599802214
entity,0.03,4211,23,0.2826881861248846,0.2777342307839644,0.2777342307839644,0.14415095658062937,0.24009380577812345
entity,0.03,4211,24,0.28098922481038907,0.2760315181082821,0.2760315181082821,0.14402099877789665,0.23167457745575368
entity,0.03,4211,25,0.2794070839200011,0.27444566481043764,0.27444566481043764,0.14395280364240123,0.2236214048917131
entity,0.03,4211,26,0.27793278686095757,0.27296769720445413,0.27296769720445413,0.14393960532358607,0.21591965749125697
entity,0.03,4211,27,0.27655806233676533,0.27158934632811227,0.27158934632811227,0.14397523246251054,0.20855536912750006
entity,0.03,4211,28,0.27527528738053625,0.27030299104196154,0.2703029910419615,0.1440540585928427,0.2015151995447406
entity,0.03,4211,29,0.27407743516825395,0.26910160590167775,0.26910160590167775,0.14417095672482233,0.19478639803197206
entity,0.03,4211,30,0.27295802718902196,0.26797871338144497,0.26797871338144497,0.14432125774224536,0.18835676918307695
entity,0.03,4211,31,0.2719110893895573,0.2669283400661937,0.2669283400661937,0.14450071227779687,0.182214640584054
entity,0.03,4211,32,0.2709311119462158,0.26594497646649884,0.26594497646649884,0.14470545576363397,0.1763488322894114
entity,0.03,4211,33,0.2700130123501564,0.26502354014221113,0.2650235401422111,0.1449319763824246,0.17074862796978862
entity,0.03,4211,34,0.26915210152029184,0.26415934184989326,0.2641593418498932,0.14517708566945678,0.1654037476311103
entity,0.03,4211,35,0.2683440526847961,0.26334805445521614,0.26334805445521614,0.14543789153927797,0.16030432182222124
entity,0.03,4211,36,0.2675848727954788,0.262585684374972,0.262585684374972,0.1457117735308875,0.15544086726306405
entity,0.03,4211,37,0.2668708762605598,0.2618685453345544,0.2618685453345544,0.14599636008404304,0.15080426383903045
entity,0.03,4211,38,0.26619866080054894,0.26119323424589536,0.26119323424589536,0.14628950767597088,0.1463857329191084
entity,0.03,4211,39,0.26556508524926264,0.26055660902814953,0.2605566090281496,0.14658928166288618,0.14217681696578804
entity,0.03,4211,40,0.26496724913768893,0.25995576820907323,0.25995576820907323,0.14689393868440317,0.13816936041329048
entity,0.03,4211,41,0.26440247391261795,0.25938803215922623,0.25938803215922623,0.1472019105012976,0.13435549179743686
entity,0.03,4211,42,0.2638682856548341,0.2588509258239854,0.2588509258239854,0.14751178914830776,0.13072760712528925
entity,0.03,4211,43,0.2633623991733509,0.2583421628300258,0.25834216283002576,0.1478223132938445,0.12727835447548874
entity,0.03,4211,44,0.2628827033627891,0.2578596308535269,0.257859630853527,0.1481323557077305,0.12400061982094043
entity,0.03,4211,45,0.2624272477206446,0.2574013781469932,0.25740137814699315,0.14844091174649582,0.12088751406416068
entity,0.03,4211,46,0.2619942299299723,0.256965601130345,0.25696560113034494,0.14874708877340515,0.11793236127226177
entity,0.03,4211,47,0.2615819844210063,0.2565506329599151,0.25655063295991515,0.14905009643735864,0.1151286880933405
entity,0.03,4211,48,0.2611889718325108,0.25615493299625347,0.25615493299625347,0.14934923774114972,0.11247021432916478
entity,0.03,4211,49,0.2608137693002982,0.2557770770982697,0.2557770770982697,0.1496439008353534,0.1099508446307958
entity,0.03,4211,50,0.2604550615064039,0.25541574867728983,0.2554157486772898,0.14993355147939547,0.10756466127449822
entity,0.03,4211,51,0.2601116324279276,0.25506973045011605,0.255069730450116,0.1502177261161749,0.10530591796538166
entity,0.03,4211,52,0.2597823577296035,0.25473789683522025,0.25473789683522025,0.15049602551101543,0.10316903460614182
entity,0.03,4211,53,0.2594661977487674,0.2544192069408043,0.2544192069408043,0.15076810890974965,0.10114859295849686
entity,0.03,4211,54,0.25916219102560273,0.2541126980976661,0.2541126980976661,0.1510336886744208,0.09923933311592145
entity,0.03,4211,55,0.2588694483354078,0.25381747989366493,0.25381747989366493,0.15129252535845866,0.09743615069849956
entity,0.03,4211,56,0.25858714718314596,0.25353272867009435,0.2535327286700944,0.1515444231862724,0.09573409467454606
entity,0.03,4211,57,0.25831452672377614,0.253257682443503,0.253257682443503,0.15178922590503086,0.09412836570938997
entity,0.03,4211,58,0.25805088307481355,0.25299163621944976,0.25299163621944976,0.15202681297899157,0.09261431493959091
entity,0.03,4211,59,0.2577955649902835,0.2527339376673908,0.25273393766739083,0.15225709609911678,0.09118744307098986
entity,0.03,4211,60,0.25754796986771106,0.25248398312837167,0.2524839831283716,0.15248001598289546,0.0898433997013779
entity,0.03,4211,61,0.2573075400620688,0.25224121392947446,0.25224121392947446,0.15269553944128816,0.08857798277310275
entity,0.03,4211,62,0.2570737594826922,0.25200511298105377,0.2520051129810538,0.15290365669155187,0.08738713806742515
entity,0.03,4211,63,0.2568461504510876,0.25177520163470907,0.25177520163470907,0.1531043788963855,0.08626695866061018
entity,0.03,4211,64,0.25662427079931743,0.2515510367816979,0.2515510367816979,0.15329773591138846,0.08521368427124798
entity,0.03,4211,65,0.2564077111902623,0.25133220817310703,0.25133220817310703,0.1534837742242479,0.08422370043877742
entity,0.03,4211,66,0.2561960926425401,0.25111833594457844,0.25111833594457844,0.15366255507037968,0.0832935374842325
entity,0.03,4211,67,0.25598906424422735,0.25090906832974835,0.25090906832974835,0.15383415271095263,0.08241986921546784
entity,0.03,4211,68,0.2557863010407763,0.2507040795478074,0.2507040795478073,0.15399865286033182,0.08159951135018259
entity,0.03,4211,69,0.25558750208367603,0.25050306785173904,0.25050306785173904,0.15415615125099777,0.08082941964062842
entity,0.03,4211,70,0.2553923886274583,0.2503057537248503,0.25030575372485037,0.1543067523249335,0.08010668769370118
entity,0.03,4211,71,0.255200702463625,0.25011187821417774,0.25011187821417774,0.15445056804133722,0.07942854448895159
entity,0.03,4211,72,0.2550122043809682,0.24992120139024904,0.2499212013902491,0.15458771679131228,0.07879235160477939
entity,0.03,4211,73,0.2548266727425753,0.2497335009235001,0.2497335009235001,0.1547183224109171,0.07819560016959165
entity,0.03,4211,74,0.254643902170569,0.2495485707684033,0.24954857076840328,0.1548425132846342,0.07763590755999136
entity,0.03,4211,75,0.25446370233033155,0.24936621994706154,0.24936621994706154,0.15496042153193731,0.07711101387212292
entity,0.03,4211,76,0.25428589680660113,0.24918627142466093,0.2491862714246609,0.15507218227020825,0.07661877819519528
entity,0.03,4211,77,0.2541103220644201,0.24900856106976726,0.24900856106976726,0.15517793294778362,0.07615717471802193
entity,0.03,4211,78,0.25393682648845894,0.2488329366929926,0.24883293669299264,0.155277812741397,0.075724288700263
entity,0.03,4211,79,0.2537652694947426,0.24865925715806192,0.24865925715806192,0.1553719620127311,0.07531831234005781
entity,0.03,4211,80,0.25359552070926256,0.24848739155976746,0.2484873915597674,0.1554605218192081,0.07493754056902231
entity,0.03,4211,81,0.25342745920839005,0.24831721846372695,0.248317218463727,0.15554363347452746,0.07458036680429281
entity,0.03,4211,82,0.25326097281639215,0.24814862520325093,0.2481486252032509,0.15562143815481172,0.07424527868554189
entity,0.03,4211,83,0.253095957455716,0.24798150722898543,0.24798150722898543,0.15569407654654643,0.07393085382280283
entity,0.03,4211,84,0.2529323165460413,0.24781576750733209,0.2478157675073321,0.1557616885327986,0.07363575557861496
entity,0.03,4211,85,0.25276996044840383,0.24765131596394965,0.24765131596394963,0.15582441291447388,0.07335872890554142
entity,0.03,4211,86,0.25260880595098023,0.2474880689689284,0.2474880689689284,0.1558823871636293,0.07309859625759321
entity,0.03,4211,87,0.25244877579338304,0.24732594886048723,0.24732594886048723,0.15593574720609082,0.07285425359158693
entity,0.03,4211,88,0.2522897982265563,0.24716488350428445,0.2471648835042844,0.15598462723084372,0.07262466647202122
entity,0.03,4211,89,0.25213180660558404,0.2470048058856553,0.2470048058856553,0.15602915952386376,0.07240886629072123
entity,0.03,4211,90,0.2519747390129308,0.24684565373229556,0.24684565373229556,0.15606947432424076,0.07220594661030598
entity,0.03,4211,91,0.25181853790981784,0.24668736916509584,0.24668736916509584,0.15610569970061802,0.07201505963849604
entity,0.03,4211,92,0.2516631498136194,0.24652989837501066,0.24652989837501066,0.1561379614461273,0.07183541283841811
entity,0.03,4211,93,0.2515085249993199,0.24637319132400273,0.24637319132400276,0.15616638299014488,0.07166626567838148
entity,0.03,4211,94,0.2513546172232223,0.24621720146825465,0.24621720146825465,0.15619108532532797,0.07150692652310366
entity,0.03,4211,95,0.25120138346723775,0.24606188550197616,0.24606188550197614,0.1562121869485146,0.07135674966703993
entity,0.03,4211,96,0.25104878370221,0.245907203120261,0.245907203120261,0.1562298038141839,0.07121513250932587
entity,0.03,4211,97,0.2508967806688472,0.24575311679956677,0.24575311679956677,0.15624404929927943,0.07108151286885347
entity,0.03,4211,98,0.250745339674941,0.24559959159449607,0.24559959159449607,0.15625503417829523,0.07095536643717003
entity,0.03,4211,99,0.2505944284076528,0.2454465949496597,0.2454465949496597,0.15626286660761385,0.07083620436619377
entity,0.03,4211,100,0.2504440167597388,0.245294096525493,0.245294096525493,0.1562676521181687,0.07072357098717427
entity,0.03,4211,101,0.2502940766686719,0.24514206803698257,0.24514206803698257,0.15626949361557868,0.0706170416568743
entity,0.03,4211,102,0.250144581967695,0.24499048310433874,0.24499048310433874,0.15626849138697513,0.07051622072660022
entity,0.03,4211,103,0.24999550824791442,0.2448393171147214,0.24483931711472146,0.1562647431138037,0.07042073962945065
entity,0.03,4211,104,0.2498468327306099,0.24468854709419535,0.24468854709419535,0.15625834388994617,0.07033025508097245
entity,0.03,4211,105,0.2496985341489973,0.24453815158915138,0.24453815158915138,0.1562493862445603,0.07024444738830353
entity,0.03,4211,106,0.2495505926387398,0.24438811055648824,0.24438811055648824,0.15623796016908933,0.07016301886283026
entity,0.03,4211,107,0.24940298963655513,0.24423840526190288,0.24423840526190288,0.1562241531479363,0.07008569233138529
entity,0.03,4211,108,0.24925570778631542,0.24408901818568496,0.24408901818568499,0.15620805019234565,0.0700122097410522
entity,0.03,4211,109,0.249108730852082,0.2439399329354579,0.2439399329354579,0.15618973387707083,0.06994233085271875
entity,0.03,4211,110,0.2489620436375589,0.24379113416534964,0.24379113416534964,0.15616928437944644,0.06987583201862388
entity,0.03,4211,111,0.24881563191148728,0.2436426075011151,0.24364260750111513,0.15614677952051495,0.06981250503926924
entity,0.03,4211,112,0.2486694823385395,0.2434943394707688,0.24349433947076882,0.15612229480789103,0.06975215609521151
entity,0.03,4211,113,0.24852358241530398,0.24334631744031815,0.24334631744031815,0.1560959034800739,0.06969460474940742
entity,0.03,4211,114,0.24837792041098225,0.24319852955421895,0.24319852955421897,0.1560676765519461,0.0696396830159513
entity,0.03,4211,115,0.248232485312449,0.24305096468020299,0.24305096468020299,0.15603768286121936,0.06958723449121908
entity,0.03,4211,116,0.24808726677335122,0.24290361235815405,0.24290361235815405,0.15600598911561323,0.06953711354360921
entity,0.03,4211,117,0.2479422550669463,0.24275646275273166,0.24275646275273166,0.15597265994057,0.06948918455825047
entity,0.03,4211,118,0.24779744104240264,0.2426095066094655,0.2426095066094655,0.15593775792733075,0.06944332123322593
entity,0.03,4211,119,0.24765281608430545,0.24246273521406364,0.24246273521406364,0.15590134368121306,0.0693994059240382
entity,0.03,4211,120,0.24750837207513107,0.24231614035469673,0.24231614035469673,0.15586347586994825,0.06935732903321586
entity,0.03,4211,121,0.24736410136046943,0.2421697142870381,0.24216971428703807,0.15582421127194956,0.0693169884421301
entity,0.03,4211,122,0.24721999671679135,0.24202344970185596,0.24202344970185596,0.15578360482439646,0.0692782889822559
entity,0.03,4211,123,0.24707605132157262,0.2418773396949695,0.24187733969496952,0.1557417096710336,0.0692411419432705
entity,0.03,4211,124,0.24693225872560096,0.2417313777393943,0.24173137773939427,0.15569857720959265,0.06920546461553648
entity,0.03,4211,125,0.24678861282730297,0.24158555765951462,0.24158555765951464,0.1556542571387569,0.06917117986466259
entity,0.03,4211,126,0.24664510784894428,0.24143987360713484,0.24143987360713487,0.15560879750459722,0.06913821573597709
entity,0.03,4211,127,0.246501738314562,0.2412943200392694,0.24129432003926943,0.15556224474641722,0.06910650508688207
entity,0.03,4211,128,0.2463584990295036,0.24114889169754475,0.24114889169754478,0.15551464374195303,0.06907598524518448
entity,0.03,4211,129,0.2462153850614525,0.24100358358909368,0.24100358358909368,0.15546603785188065,0.0690465976916214
entity,0.03,4211,130,0.2460723917228312,0.24085839096883263,0.24085839096883266,0.15541646896358977,0.06901828776491144
entity,0.03,4211,131,0.24592951455448017,0.24071330932301943,0.24071330932301943,0.15536597753419035,0.06899100438777164
entity,0.03,4211,132,0.24578674931051883,0.24056833435399866,0.24056833435399866,0.15531460263272182,0.0689646998124435
entity,0.03,4211,133,0.24564409194430104,0.2404234619660457,0.2404234619660457,0.1552623819815419,0.06893932938436606
entity,0.03,4211,134,0.2455015385953849,0.2402786882522299,0.24027868825222987,0.15520935199687494,0.06891485132272629
entity,0.03,4211,135,0.24535908557744207,0.24013400948222163,0.24013400948222163,0.15515554782850371,0.06889122651670147
entity,0.03,4211,136,0.24521672936703745,0.2399894220909736,0.23998942209097357,0.15510100339859484,0.06886841833628894
entity,0.03,4211,137,0.24507446659321525,0.23984492266821295,0.239844922668213,0.15504575143964733,0.06884639245669265
entity,0.03,4211,138,0.24493229402783243,0.23970050794868414,0.23970050794868414,0.15498982353156057,0.06882511669530804
entity,0.03,4211,139,0.24479020857658376,0.23955617480308752,0.2395561748030875,0.15493325013781828,0.06880456086041112
entity,0.03,4211,140,0.24464820727066897,0.23941192022966326,0.2394119202296633,0.15487606064078924,0.06878469661072001
entity,0.03,4211,141,0.24450628725905388,0.23926774134637274,0.2392677413463728,0.1548182833761457,0.06876549732505492
entity,0.03,4211,142,0.24436444580128236,0.23912363538363401,0.23912363538363401,0.15475994566640516,0.0687469379813762
entity,0.03,4211,143,0.24422268026079813,0.2389795996775703,0.2389795996775703,0.15470107385359988,0.06872899504453035
entity,0.03,4211,144,0.24408098809874051,0.2388356316637352,0.23883563166373523,0.15464169333108269,0.06871164636208121
entity,0.03,4211,145,0.24393936686817738,0.23869172887127826,0.23869172887127826,0.1545818285744775,0.0686948710676467
entity,0.03,4211,146,0.24379781420874502,0.23854788891751996,0.23854788891752,0.15452150317178429,0.06867864949120289
entity,0.03,4211,147,0.24365632784166416,0.2384041095029056,0.23840410950290564,0.15446073985265055,0.06866296307585505
entity,0.03,4211,148,0.24351490556510494,0.23826038840631072,0.23826038840631075,0.1543995605168203,0.0686477943006104
entity,0.03,4211,149,0.24337354524987548,0.23811672348067234,0.2381167234806723,0.15433798626177414,0.06863312660872112
entity,0.03,4211,150,0.24323224483541,0.2379731126489223,0.23797311264892235,0.15427603740957396,0.06861894434119571
entity,0.03,4211,151,0.24309100232603545,0.2378295539002011,0.2378295539002011,0.15421373353292595,0.06860523267510657
entity,0.03,4211,152,0.24294981578749478,0.2376860452863308,0.2376860452863308,0.15415109348047695,0.06859197756634763
entity,0.03,4211,153,0.24280868334371014,0.23754258491852964,0.23754258491852964,0.1540881354013594,0.06857916569652046
entity,0.03,4211,154,0.2426676031737671,0.2373991709643496,0.2373991709643496,0.15402487676899987,0.0685667844236508
entity,0.03,4211,155,0.24252657350910384,0.23725580164482118,0.23725580164482113,0.1539613344042066,0.06855482173645852
entity,0.03,4211,156,0.24238559263089157,0.2371124752317908,0.2371124752317908,0.15389752449755284,0.06854326621192383
entity,0.03,4211,157,0.24224465886759103,0.23696919004543615,0.23696919004543615,0.15383346263107084,0.06853210697591126
entity,0.03,4211,158,0.2421037705926728,0.23682594445194707,0.2368259444519471,0.15376916379927333,0.06852133366663013
entity,0.03,4211,159,0.2419629262224895,0.23668273686135988,0.23668273686135993,0.15370464242951806,0.06851093640072531
entity,0.03,4211,160,0.2418221242142891,0.23653956572553425,0.23653956572553425,0.15363991240173178,0.06850090574180884
entity,0.03,4211,161,0.24168136306435864,0.2363964295362619,0.23639642953626192,0.15357498706750947,0.06849123267125416
entity,0.03,4211,162,0.24154064130628936,0.23625332682349842,0.23625332682349845,0.1535098792686049,0.06848190856108978
entity,0.03,4211,163,0.24139995750935433,0.2361102561537085,0.2361102561537085,0.1534446013548282,0.06847292514883936
entity,0.03,4211,164,0.24125931027699032,0.23596721612831695,0.23596721612831695,0.15337916520136607,0.06846427451416764
entity,0.03,4211,165,0.24111869824537657,0.2358242053822578,0.2358242053822578,0.1533135822255403,0.06845594905720019
entity,0.03,4211,166,0.24097812008210373,0.23568122258261465,0.23568122258261462,0.15324786340301996,0.06844794147839658
entity,0.03,4211,167,0.24083757448492563,0.23553826642734513,0.2355382664273451,0.15318201928350178,0.06844024475986289
entity,0.03,4211,168,0.24069706018058934,0.23539533564408457,0.23539533564408455,0.15311606000587463,0.06843285214799996
entity,0.03,4211,169,0.24055657592373628,0.23525242898902193,0.23525242898902193,0.15304999531288155,0.06842575713738998
entity,0.03,4211,170,0.24041612049587066,0.2351095452458439,0.23510954524584393,0.15298383456529507,0.06841895345583086
entity,0.03,4211,171,0.24027569270439003,0.23496668322474204,0.23496668322474207,0.15291758675561826,0.06841243505043611
entity,0.03,4211,172,0.24013529138167275,0.234823841761478,0.234823841761478,0.15285126052132747,0.06840619607472151
entity,0.03,4211,173,0.23999491538421963,0.23468101971650351,0.23468101971650351,0.15278486415766812,0.06840023087660753
entity,0.03,4211,174,0.23985456359184512,0.23453821597413088,0.23453821597413083,0.15271840563001887,0.0683945339872708
entity,0.03,4211,175,0.23971423490691451,0.2343954294417503,0.2343954294417503,0.15265189258583584,0.06838910011078256
entity,0.03,4211,176,0.23957392825362456,0.23425265904909132,0.23425265904909132,0.15258533236619012,0.0683839241144771
entity,0.03,4211,177,0.23943364257732314,0.23410990374752413,0.23410990374752416,0.15251873201691113,0.06837900101999685
entity,0.03,4211,178,0.23929337684386714,0.23396716250939986,0.23396716250939986,0.15245209829934778,0.06837432599496517
entity,0.03,4211,179,0.23915313003901412,0.23382443432742495,0.23382443432742495,0.15238543770075966,0.06836989434524067
entity,0.03,4211,180,0.23901290116784635,0.2336817182140692,0.2336817182140692,0.15231875644434895,0.06836570150771118
entity,0.03,4211,181,0.2388726892542248,0.23353901320100373,0.23353901320100373,0.15225206049894577,0.06836174304358751
entity,0.03,4211,182,0.23873249334027105,0.23339631833856792,0.2333963183385679,0.15218535558835666,0.06835801463216154
entity,0.03,4211,183,0.23859231248587476,0.23325363269526228,0.23325363269526225,0.15211864720038765,0.06835451206499339
entity,0.03,4211,184,0.23845214576822574,0.2331109553572665,0.2331109553572665,0.1520519405955521,0.0683512312404977
entity,0.03,4211,185,0.23831199228136832,0.23296828542798032,0.23296828542798032,0.1519852408154737,0.06834816815889938
entity,0.03,4211,186,0.23817185113577663,0.2328256220275859,0.2328256220275859,0.15191855269099414,0.06834531891753166
entity,0.03,4211,187,0.23803172145794954,0.2326829642926302,0.23268296429263016,0.15185188084999532,0.068342679706452
entity,0.03,4211,188,0.2378916023900239,0.23254031137562625,0.23254031137562622,0.15178522972494568,0.06834024680435215
entity,0.03,4211,189,0.2377514930894048,0.23239766244467178,0.23239766244467178,0.15171860356017908,0.06833801657474124
entity,0.03,4211,190,0.23761139272841167,0.23225501668308424,0.23225501668308424,0.15165200641891569,0.068335985462382
entity,0.03,4211,191,0.23747130049393925,0.23211237328905093,0.232112373289051,0.1515854421900332,0.06833414998996111
entity,0.03,4211,192,0.2373312155871326,0.23196973147529382,0.2319697314752938,0.1515189145945965,0.06833250675497748
entity,0.03,4211,193,0.23719113722307486,0.2318270904687471,0.2318270904687471,0.15145242719215432,0.0683310524268315
entity,0.03,4211,194,0.2370510646304876,0.23168444951024825,0.23168444951024827,0.15138598338681034,0.06832978374410131
entity,0.03,4211,195,0.23691099705144206,0.2315418078542397,0.2315418078542397,0.15131958643307625,0.0683286975119922
entity,0.03,4211,196,0.23677093374108138,0.23139916476848238,0.2313991647684824,0.1512532394415148,0.06832779059994645
entity,0.03,4211,197,0.23663087396735286,0.23125651953377924,0.23125651953377924,0.15118694538417915,0.06832705993940164
entity,0.03,4211,198,0.23649081701074948,0.23111387144370854,0.23111387144370854,0.15112070709985578,0.0683265025216872
entity,0.03,4211,199,0.2363507621640602,0.23097121980436613,0.23097121980436616,0.15105452729911809,0.06832611539604815
entity,0.03,4211,200,0.2362107087321291,0.23082856393411683,0.23082856393411683,0.15098840856919646,0.06832589566778761
entity,0.03,4211,201,0.23607065603162136,0.23068590316335305,0.23068590316335302,0.1509223533786717,0.06832584049651882
entity,0.03,4211,202,0.23593060339079738,0.23054323683426164,0.23054323683426164,0.1508563640819974,0.06832594709451874
entity,0.03,4211,203,0.23579055014929376,0.23040056430059808,0.23040056430059808,0.15079044292385785,0.06832621272517585
entity,0.03,4211,204,0.23565049565791052,0.23025788492746674,0.2302578849274667,0.15072459204336636,0.06832663470152513
entity,0.03,4211,205,0.23551043927840445,0.23011519809110803,0.23011519809110803,0.1506588134781103,0.06832721038486406
entity,0.03,4211,206,0.2353703803832889,0.22997250317869186,0.2299725031786919,0.15059310916804775,0.06832793718344325
entity,0.03,4211,207,0.23523031835563837,0.2298297995881161,0.22982979958811614,0.15052748095926105,0.06832881255122653
entity,0.03,4211,208,0.23509025258889885,0.2296870867278112,0.2296870867278112,0.15046193060757246,0.06832983398671544
entity,0.03,4211,209,0.2349501824867028,0.2295443640165496,0.2295443640165496,0.15039645978202654,0.06833099903183294
entity,0.03,4211,210,0.23481010746268913,0.22940163088326004,0.22940163088326004,0.1503310700682438,0.0683323052708625
entity,0.03,4211,211,0.23467002694032754,0.22925888676684686,0.2292588867668469,0.150265762971651,0.06833375032943809
entity,0.03,4211,212,0.2345299403527472,0.22911613111601348,0.22911613111601348,0.15020053992059113,0.06833533187358172
entity,0.03,4211,213,0.2343898471425693,0.22897336338909,0.22897336338908997,0.15013540226931868,0.06833704760878424
entity,0.03,4211,214,0.23424974676174382,0.22883058305386533,0.22883058305386533,0.1500703513008834,0.06833889527912745
entity,0.03,4211,215,0.23410963867138984,0.22868778958742278,0.22868778958742278,0.1500053882299068,0.06834087266644286
entity,0.03,4211,216,0.23396952234163934,0.22854498247597946,0.22854498247597949,0.14994051420525537,0.0683429775895061
entity,0.03,4211,217,0.23382939725148483,0.22840216121472945,0.22840216121472945,0.14987573031261392,0.06834520790326282
entity,0.03,4211,218,0.23368926288862962,0.2282593253076901,0.2282593253076901,0.14981103757696296,0.06834756149808499
entity,0.03,4211,219,0.2335491187493418,0.22811647426755183,0.22811647426755183,0.1497464369649633,0.06835003629905408
entity,0.03,4211,220,0.23340896433831113,0.22797360761553098,0.22797360761553095,0.14968192938725128,0.06835263026527066
entity,0.03,4211,221,0.2332687991685085,0.22783072488122577,0.22783072488122577,0.14961751570064794,0.06835534138918684
entity,0.03,4211,222,0.23312862276104895,0.22768782560247525,0.22768782560247527,0.1495531967102853,0.06835816769596119
entity,0.03,4211,223,0.23298843464505675,0.2275449093252211,0.22754490932522112,0.1494889731716524,0.06836110724283358
entity,0.03,4211,224,0.23284823435753332,0.2274019756033719,0.22740197560337191,0.14942484579256463,0.06836415811851906
entity,0.03,4211,225,0.23270802144322802,0.2272590239986706,0.22725902399867057,0.14936081523505823,0.06836731844261884
entity,0.03,4211,226,0.23256779545451095,0.2271160540805641,0.22711605408056412,0.149296882117214,0.06837058636504775
entity,0.03,4211,227,0.23242755595124884,0.22697306542607582,0.22697306542607582,0.14923304701491127,0.06837396006547607
entity,0.03,4211,228,0.2322873025006823,0.22683005761968006,0.22683005761968011,0.14916931046351609,0.06837743775278571
entity,0.03,4211,229,0.2321470346773068,0.2266870302531797,0.2266870302531797,0.14910567295950505,0.068381017664539
entity,0.03,4211,230,0.23200675206275423,0.22654398292558517,0.2265439829255852,0.14904213496202745,0.06838469806645917
entity,0.03,4211,231,0.23186645424567803,0.2264009152429965,0.22640091524299646,0.14897869689440865,0.06838847725192201
entity,0.03,4211,232,0.2317261408216399,0.22625782681848733,0.2262578268184873,0.1489153591455954,0.0683923535414577
entity,0.03,4211,233,0.2315858113929984,0.2261147172719909,0.2261147172719909,0.14885212207154686,0.06839632528226197
entity,0.03,4211,234,0.23144546556880025,0.2259715862301887,0.2259715862301887,0.14878898599657223,0.06840039084771642
entity,0.03,4211,235,0.231305102964673,0.22582843332640054,0.22582843332640054,0.1487259512146174,0.06840454863691628
entity,0.03,4211,236,0.23116472320272008,0.2256852582004772,0.2256852582004772,0.1486630179905024,0.06840879707420659
entity,0.03,4211,237,0.23102432591141758,0.2255420604986948,0.2255420604986948,0.14860018656111182,0.06841313460872475
entity,0.03,4211,238,0.23088391072551334,0.22539883987365145,0.22539883987365145,0.14853745713653918,0.06841755971395011
entity,0.03,4211,239,0.2307434772859274,0.22525559598416553,0.22525559598416556,0.14847482990118793,0.06842207088725923
entity,0.03,4211,240,0.23060302523965462,0.22511232849517604,0.22511232849517607,0.14841230501482994,0.0684266666494872
entity,0.03,4211,241,0.23046255423966933,0.22496903707764504,0.22496903707764504,0.14834988261362358,0.06843134554449422
entity,0.03,4211,242,0.2303220639448312,0.2248257214084614,0.2248257214084614,0.14828756281109254,0.06843610613873695
entity,0.03,4211,243,0.2301815540197936,0.2246823811703472,0.22468238117034717,0.148225345699067,0.06844094702084466
entity,0.03,4211,244,0.2300410241349133,0.22453901605176518,0.22453901605176516,0.1481632313485889,0.06844586680119993
entity,0.03,4211,245,0.2299004739661619,0.22439562574682842,0.22439562574682842,0.14810121981078206,0.06845086411152303
entity,0.03,4211,246,0.22975990319503953,0.22425220995521206,0.22425220995521203,0.14803931111768898,0.06845593760446075
entity,0.03,4211,247,0.22961931150848924,0.22410876838206573,0.22410876838206575,0.1479775052830753,0.06846108595317818
entity,0.03,4211,248,0.2294786985988145,0.22396530073792922,0.2239653007379292,0.14791580230320323,0.06846630785095473
entity,0.03,4211,249,0.22933806416359687,0.22382180673864843,0.2238218067386484,0.1478542021575754,0.06847160201078267
entity,0.03,4211,250,0.2291974079056165,0.22367828610529408,0.2236782861052941,0.14779270480964962,0.06847696716496952
entity,0.03,4211,251,0.2290567295327739,0.22353473856408174,0.22353473856408176,0.14773131020752664,0.0684824020647427
entity,0.03,4211,252,0.22891602875801315,0.2233911638462933,0.22339116384629326,0.1476700182846105,0.06848790547985767
entity,0.03,4211,253,0.2287753052992468,0.22324756168820037,0.22324756168820037,0.14760882896024433,0.06849347619820828
entity,0.03,4211,254,0.22863455887928297,0.22310393183098962,0.22310393183098962,0.14754774214032107,0.06849911302544014
entity,0.03,4211,255,0.228493789225753,0.22296027402068894,0.2229602740206889,0.14748675771787073,0.0685048147845664
entity,0.03,4211,256,0.2283529960710417,0.22281658800809612,0.22281658800809612,0.14742587557362485,0.06851058031558568
entity,0.03,4211,257,0.22821217915221867,0.2226728735487086,0.22267287354870857,0.14736509557655958,0.06851640847510314
entity,0.03,4211,258,0.2280713382109712,0.22252913040265498,0.22252913040265496,0.14730441758441734,0.068522298135953
entity,0.03,4211,259,0.22793047299353877,0.22238535833462805,0.22238535833462808,0.14724384144420877,0.06852824818682389
entity,0.03,4211,260,0.22778958325064952,0.22224155711381965,0.22224155711381965,0.14718336699269488,0.0685342575318865
entity,0.03,4211,261,0.22764866873745732,0.2220977265138567,0.22209772651385667,0.14712299405685125,0.06854032509042308
entity,0.03,4211,262,0.2275077292134814,0.22195386631273906,0.2219538663127391,0.14706272245431365,0.06854644979645937
entity,0.03,4211,263,0.227366764442547,0.2218099762927791,0.2218099762927791,0.14700255199380705,0.06855263059839846
entity,0.03,4211,264,0.22722577419272733,0.22166605624054225,0.22166605624054225,0.1469424824755582,0.06855886645865729
entity,0.03,4211,265,0.2270847582362874,0.22152210594678956,0.22152210594678956,0.14688251369169164,0.06856515635330467
entity,0.03,4211,266,0.22694371634962945,0.22137812520642175,0.22137812520642175,0.14682264542661158,0.06857149927170192
entity,0.03,4211,267,0.22680264831323935,0.2212341138184245,0.22123411381842448,0.14676287745736835,0.06857789421614524
entity,0.03,4211,268,0.22666155391163498,0.22109007158581553,0.2210900715858155,0.1467032095540112,0.0685843402015107
entity,0.03,4211,269,0.22652043293331553,0.22094599831559275,0.22094599831559275,0.1466436414799277,0.06859083625490095
entity,0.03,4211,270,0.22637928517071312,0.22080189381868454,0.22080189381868456,0.14658417299216991,0.06859738141529423
entity,0.03,4211,271,0.22623811042014497,0.22065775790990094,0.22065775790990094,0.14652480384176841,0.06860397473319595
entity,0.03,4211,272,0.22609690848176744,0.22051359040788646,0.22051359040788643,0.1464655337740346,0.06861061527029155
entity,0.03,4211,273,0.2259556791595314,0.22036939113507428,0.22036939113507428,0.14640636252885095,0.06861730209910263
entity,0.03,4211,274,0.2258144222611393,0.2202251599176423,0.2202251599176423,0.14634728984095097,0.06862403430264481
entity,0.03,4211,275,0.22567313759800303,0.22008089658546992,0.22008089658546992,0.14628831544018836,0.06863081097408763
entity,0.03,4211,276,0.22553182498520402,0.2199366009720969,0.2199366009720969,0.14622943905179595,0.06863763121641733
entity,0.03,4211,277,0.2253904842414538,0.21979227291468312,0.21979227291468312,0.1461706603966353,0.06864449414210175
entity,0.03,4211,278,0.2252491151890568,0.21964791225397012,0.21964791225397012,0.1461119791914365,0.06865139887275731
entity,0.03,4211,279,0.22510771765387386,0.21950351883424377,0.21950351883424374,0.14605339514902993,0.06865834453881875
entity,0.03,4211,280,0.22496629146528754,0.2193590925032984,0.2193590925032984,0.1459949079785683,0.06866533027921137
entity,0.03,4211,281,0.2248248364561687,0.21921463311240255,0.21921463311240258,0.1459365173857416,0.06867235524102537
entity,0.03,4211,282,0.224683352462844,0.21907014051626544,0.21907014051626544,0.14587822307298356,0.06867941857919314
entity,0.03,4211,283,0.22454183932506536,0.21892561457300552,0.21892561457300555,0.1458200247396708,0.06868651945616881
entity,0.03,4211,284,0.2244002968859806,0.21878105514412,0.21878105514411997,0.1457619220823147,0.06869365704161073
entity,0.03,4211,285,0.22425872499210467,0.2186364620944554,0.21863646209445536,0.14570391479474645,0.06870083051206603
entity,0.03,4211,286,0.22411712349329344,0.21849183529218025,0.21849183529218025,0.14564600256829535,0.0687080390506587
entity,0.03,4211,287,0.2239754922427175,0.21834717460875813,0.21834717460875813,0.14558818509196084,0.06871528184677969
entity,0.03,4211,288,0.22383383109683827,0.21820247991892278,0.21820247991892278,0.14553046205257847,0.06872255809578014
entity,0.03,4211,289,0.22369213991538472,0.218057751100654,0.218057751100654,0.14547283313497994,0.06872986699866737
entity,0.03,4211,290,0.22355041856133148,0.21791298803515502,0.21791298803515502,0.1454152980221478,0.0687372077618038
entity,0.03,4211,291,0.22340866690087863,0.21776819060683117,0.2177681906068311,0.14535785639536433,0.06874457959660853
entity,0.03,4211,292,0.22326688480343168,0.2176233587032694,0.21762335870326943,0.14530050793435584,0.06875198171926233
entity,0.03,4211,293,0.2231250721415844,0.21747849221521998,0.21747849221521998,0.14524325231743165,0.06875941335041531
entity,0.03,4211,294,0.22298322879110097,0.2173335910365781,0.2173335910365781,0.14518608922161882,0.06876687371489763
entity,0.03,4211,295,0.22284135463090096,0.2171886550643678,0.21718865506436782,0.1451290183227918,0.06877436204143357
entity,0.03,4211,296,0.22269944954304435,0.21704368419872652,0.21704368419872652,0.14507203929579832,0.06878187756235836
entity,0.03,4211,297,0.2225575134127184,0.21689867834289095,0.21689867834289095,0.1450151518145808,0.06878941951333876
entity,0.03,4211,298,0.22241554612822526,0.21675363740318412,0.21675363740318412,0.14495835555229405,0.06879698713309623
entity,0.03,4211,299,0.22227354758097112,0.2166085612890036,0.21660856128900358,0.14490165018141896,0.06880457966313379
entity,0.03,4211,300,0.22213151766545605,0.21646344991281075,0.21646344991281075,0.1448450353738731,0.06881219634746621
entity,0.03,4211,301,0.22198945627926533,0.2163183031901213,0.2163183031901213,0.1447885108011169,0.0688198364323533
entity,0.03,4211,302,0.22184736332306162,0.2161731210394969,0.2161731210394969,0.14473207613425762,0.06882749916603689
entity,0.03,4211,303,0.22170523870057843,0.21602790338253772,0.21602790338253774,0.14467573104414946,0.06883518379848112
entity,0.03,4211,304,0.22156308231861455,0.21588265014387642,0.21588265014387642,0.1446194752014907,0.06884288958111623
entity,0.03,4211,305,0.22142089408702925,0.2157373612511726,0.2157373612511726,0.1445633082769185,0.06885061576658585
entity,0.03,4211,306,0.2212786739187395,0.21559203663510929,0.21559203663510929,0.14450722994109996,0.06885836160849829
entity,0.03,4211,307,0.2211364217297168,0.21544667622938923,0.21544667622938923,0.14445123986482156,0.06886612636118052
entity,0.03,4211,308,0.22099413743898627,0.21530127997073342,0.21530127997073342,0.14439533771907528,0.06887390927943686
entity,0.03,4211,309,0.22085182096862602,0.21515584779887967,0.21515584779887967,0.14433952317514287,0.0688817096183108
entity,0.03,4211,310,0.220709472243768,0.21501037965658298,0.21501037965658296,0.14428379590467724,0.06888952663285047
entity,0.03,4211,311,0.22056709119259912,0.21486487548961608,0.21486487548961603,0.14422815557978222,0.06889735957787839
entity,0.03,4211,312,0.22042467774636412,0.21471933524677167,0.21471933524677167,0.14417260187308972,0.06890520770776448
entity,0.03,4211,313,0.22028223183936904,0.2145737588798653,0.2145737588798653,0.14411713445783514,0.06891307027620328
entity,0.03,4211,314,0.22013975340898528,0.21442814634373897,0.21442814634373902,0.14406175300793064,0.06892094653599498
entity,0.03,4211,315,0.21999724239565546,0.21428249759626633,0.21428249759626633,0.1440064571980368,0.0689288357388303
entity,0.03,4211,316,0.21985469874289876,0.21413681259835762,0.21413681259835762,0.14395124670363224,0.06893673713507929
entity,0.03,4211,317,0.21971212239731885,0.21399109131396693,0.21399109131396699,0.14389612120108167,0.06894464997358458
entity,0.03,4211,318,0.21956951330861135,0.21384533371009926,0.21384533371009923,0.14384108036770235,0.0689525735014578
entity,0.03,4211,319,0.21942687142957265,0.21369953975681874,0.21369953975681877,0.14378612388182876,0.0689605069638809
entity,0.03,4211,320,0.21928419671610963,0.213553709427258,0.21355370942725793,0.14373125142287613,0.06896844960391105
entity,0.03,4211,321,0.21914148912724984,0.21340784269762775,0.21340784269762775,0.14367646267140216,0.06897640066228983
entity,0.03,4211,322,0.2189987486251531,0.21326193954722794,0.21326193954722794,0.1436217573091677,0.0689843593772567
entity,0.03,4211,323,0.218855975175123,0.21311599995845892,0.21311599995845892,0.14356713501919588,0.06899232498436626
entity,0.03,4211,324,0.21871316874562013,0.212970023916834,0.21297002391683403,0.14351259548582995,0.06900029671631014
entity,0.03,4211,325,0.21857032930827522,0.2128240114109924,0.21282401141099236,0.1434581383947901,0.06900827380274294
entity,0.03,4211,326,0.21842745683790338,0.21267796243271286,0.2126779624327128,0.14340376343322905,0.06901625547011232
entity,0.03,4211,327,0.21828455131251917,0.2125318769769285,0.21253187697692852,0.1433494702897863,0.06902424094149356
entity,0.03,4211,328,0.2181416127133523,0.2123857550417419,0.2123857550417419,0.1432952586546417,0.06903222943642826
entity,0.03,4211,329,0.21799864102486363,0.2122395966284409,0.21223959662844089,0.14324112821956747,0.06904022017076752
entity,0.03,4211,330,0.2178556362347622,0.21209340174151525,0.21209340174151525,0.1431870786779799,0.06904821235651948
entity,0.03,4211,331,0.217712598334023,0.21194717038867383,0.21194717038867383,0.14313310972498922,0.06905620520170082
entity,0.03,4211,332,0.217569527316905,0.21180090258086248,0.21180090258086248,0.1430792210574494,0.06906419791019348
entity,0.03,4211,333,0.2174264231809699,0.21165459833228242,0.21165459833228248,0.1430254123740065,0.06907218968160476
entity,0.03,4211,334,0.21728328592710183,0.2115082576604095,0.21150825766040954,0.1429716833751463,0.06908017971113271
entity,0.03,4211,335,0.21714011555952686,0.21136188058601352,0.2113618805860135,0.14291803376324103,0.0690881671894355
entity,0.03,4211,336,0.21699691208583372,0.2112154671331785,0.2112154671331785,0.14286446324259564,0.06909615130250536
entity,0.03,4211,337,0.2168536755169949,0.2110690173293237,0.2110690173293237,0.14281097151949274,0.06910413123154695
entity,0.03,4211,338,0.21671040586738807,0.21092253120522453,0.21092253120522453,0.14275755830223705,0.06911210615286031
entity,0.03,4211,339,0.21656710315481814,0.21077600879503433,0.21077600879503436,0.14270422330119928,0.06912007523772831
entity,0.03,4211,340,0.2164237674005398,0.2106294501363069,0.21062945013630688,0.14265096622885892,0.06912803765230834
entity,0.03,4211,341,0.21628039862928028,0.2104828552700187,0.2104828552700187,0.14259778679984664,0.06913599255752895
entity,0.03,4211,342,0.21613699686926297,0.21033622424059248,0.2103362242405925,0.14254468473098564,0.06914393910899061
entity,0.03,4211,343,0.2159935621522311,0.21018955709592052,0.21018955709592052,0.14249165974133293,0.06915187645687121
entity,0.03,4211,344,0.21585009451347192,0.21004285388738878,0.21004285388738878,0.14243871155221915,0.06915980374583618
entity,0.03,4211,345,0.21570659399184133,0.2098961146699011,0.2098961146699011,0.14238583988728865,0.06916772011495276
entity,0.03,4211,346,0.2155630606297888,0.20974933950190416,0.2097493395019041,0.14233304447253795,0.06917562469760952
entity,0.03,4211,347,0.21541949447338252,0.20960252844541227,0.20960252844541227,0.14228032503635443,0.06918351662143943
entity,0.03,4211,348,0.2152758955723352,0.20945568156603306,0.2094556815660331,0.1422276813095541,0.06919139500824863
entity,0.03,4211,349,0.21513226398002985,0.2093087989329931,0.2093087989329931,0.14217511302541852,0.06919925897394874
entity,0.03,4211,350,0.21498859975354587,0.2091618806191638,0.2091618806191638,0.14212261991973144,0.06920710762849434
entity,0.03,4212,0,0.3918078384645537,0.3869862686608707,0.3869862686608707,0.18834999937302896,0.5509537408674808
entity,0.03,4212,1,0.38288427700392674,0.37806163085913924,0.3780616308591393,0.1833933251522855,0.528838389374516
entity,0.03,4212,2,0.3746622585605247,0.369838147423864,0.369838147423864,0.17894745129655032,0.5076697009216216
entity,0.03,4212,3,0.36708485595545426,0.3622589489386242,0.3622589489386242,0.17496709479321806,0.4874069361846555
entity,0.03,4212,4,0.3600998359615482,0.35527185364845,0.35527185364845004,0.17141078400619805,0.46801142233373977
entity,0.03,4212,5,0.3536592606866147,0.3488289694522537,0.3488289694522537,0.16824053672907993,0.44944637324958664
entity,0.03,4212,6,0.3477191258554453,0.34288633273833213,0.3428863327383321,0.1654215677710294,0.431676735046454
entity,0.03,4212,7,0.34223903187893645,0.33740357995638703,0.33740357995638703,0.16292202278100398,0.41466905303343077
entity,0.03,4212,8,0.3371818841805628,0.33234364840087527,0.33234364840087527,0.1607127354864249,0.3983913567994866
entity,0.03,4212,9,0.33251361973474114,0.3276725031643477,0.32767250316434776,0.1587670059135909,0.3828130605885104
entity,0.03,4212,10,0.3282029571757934,0.3233588876232094,0.3233588876232094,0.1570603974830814,0.3679048765473089
entity,0.03,4212,11,0.32422116817454805,0.3193740951563183,0.3193740951563183,0.15557055114582147,0.35363873879013363
entity,0.03,4212,12,0.3205418680638735,0.31569176008078254,0.31569176008078254,0.15427701495393378,0.33998773653469594
entity,0.03,4212,13,0.31714082393420895,0.31228766602881514,0.3122876660288152,0.15316108765281972,0.32692605483298187
entity,0.03,4212,14,0.31399577862333977,0.30913957019244026,0.30913957019244026,0.15220567504350815,0.3144289216509288
entity,0.03,4212,15,0.31108628919769876,0.3062270420356573,0.3062270420356573,0.151395158002451,0.3024725602489852
entity,0.03,4212,16,0.30839357867063233,0.3035313152216268,0.3035313152216268,0.15071527116392597,0.29103414598499117
entity,0.03,4212,17,0.30590039983065875,0.3010351516298498,0.3010351516298498,0.15015299137154176,0.2800917668054402
entity,0.03,4212,18,0.3035909101632823,0.2987227164486829,0.2987227164486829,0.14969643509290897,0.26962438681431705
entity,0.03,4212,19,0.3014505569462821,0.29657946342473607,0.29657946342473607,0.14933476406767593,0.25961181241323367
entity,0.03,4212,20,0.29946597168290556,0.294592029435074,0.294592029435074,0.1490580985257508,0.2500346605950749
entity,0.03,4212,21,0.2976248731119814,0.29274813762260016,0.2927481376226001,0.1488574373711996,0.24087432904803383
entity,0.03,4212,22,0.2959159781001694,0.2910365084010908,0.2910365084010908,0.14872458477928846,0.2321129677897058
entity,0.03,4212,23,0.2943289197806784,0.28944677769535193,0.28944677769535193,0.14865208270047858,0.2237334521035325
entity,0.03,4212,24,0.2928541723558245,0.28796942183491836,0.28796942183491836,0.1486331488067164,0.2157193565938119
entity,0.03,4212,25,0.2914829820286453,0.2865956885674652,0.2865956885674652,0.14866161945279385,0.2080549302119996
entity,0.03,4212,26,0.29020730357211416,0.2853175337013505,0.2853175337013505,0.14873189725944563,0.20072507213723936
entity,0.03,4212,27,0.28901974208390124,0.28412756292603253,0.2841275629260326,0.14883890295566907,0.19371530841892493
entity,0.03,4212,28,0.28791349951057404,0.28301897839498386,0.2830189783949839,0.14897803114588465,0.18701176930946367
entity,0.03,4212,29,0.28688232555802534,0.28198552968855306,0.28198552968855306,0.14914510969331538,0.1806011672319542
entity,0.03,4212,30,0.28592047263508413,0.2810214688043366,0.2810214688043366,0.14933636243462173,0.17447077534087368
entity,0.03,4212,31,0.2850226545049983,0.2801215088502996,0.2801215088502996,0.14954837496259996,0.16860840664455887
entity,0.03,4212,32,0.2841840083450027,0.2792807861413625,0.2792807861413625,0.1497780632338348,0.16300239366675484
entity,0.03,4212,33,0.28340005993771544,0.2784948254236522,0.2784948254236522,0.15002264477673738,0.15764156863113965
entity,0.03,4212,34,0.2826666917398189,0.27775950797228977,0.27775950797228977,0.15027961229254852,0.15251524415785284
entity,0.03,4212,35,0.28198011359352004,0.27707104232858515,0.27707104232858515,0.1505467094577538,0.14761319446492766
entity,0.03,4212,36,0.2813368358648037,0.27642593746099575,0.27642593746099575,0.15082190875104914,0.14292563707037753
entity,0.03,4212,37,0.2807336448095963,0.27582097815127593,0.27582097815127593,0.15110339114160637,0.1384432149927067
entity,0.03,4212,38,0.28016757998476505,0.2752532024230228,0.27525320242302287,0.15138952748799872,0.13415697944897476
entity,0.03,4212,39,0.2796359135354841,0.2747198808444052,0.27471988084440524,0.15167886150882814,0.13005837305035775
entity,0.03,4212,40,0.2791361312039896,0.2742184975503268,0.2742184975503268,0.1519700941969226,0.1261392134955455
entity,0.03,4212,41,0.2786659149172121,0.2737467328417208,0.2737467328417208,0.1522620695589951,0.12239167776237207
entity,0.03,4212,42,0.2782231268222788,0.2733024472311555,0.27330244723115543,0.152553761571942,0.11880828679787048
entity,0.03,4212,43,0.27780579464950067,0.2728836668145357,0.2728836668145357,0.15284426225555076,0.11538189070653791
entity,0.03,4212,44,0.2774120982922598,0.27248856985846787,0.27248856985846787,0.15313277076933873,0.1121056544360395
entity,0.03,4212,45,0.27704035750224393,0.272115474501874,0.272115474501874,0.15341858344860015,0.10897304395890034
entity,0.03,4212,46,0.2766890206068114,0.2717628274787608,0.27176282747876085,0.1537010847015342,0.10597781294798052
entity,0.03,4212,47,0.2763566541629381,0.27142919377670705,0.27142919377670705,0.15397973869561202,0.1031139899427056
entity,0.03,4212,48,0.2760419334692665,0.2711132471526897,0.2711132471526897,0.15425408176713776,0.10037586600216816
entity,0.03,4212,49,0.27574363386428147,0.2708137614343633,0.2708137614343633,0.1545237154933166,0.09775798284033199
entity,0.03,4212,50,0.27546062274462074,0.2705296025408801,0.2705296025408801,0.1547883003710801,0.0952551214376738
entity,0.03,4212,51,0.2751918522430282,0.27025972116283237,0.27025972116283237,0.15504755005147536,0.09286229112270199
entity,0.03,4212,52,0.27493635251051746,0.2700031460459482,0.2700031460459483,0.15530122608262245,0.09057471911589973
entity,0.03,4212,53,0.27469322555195635,0.26975897782780944,0.26975897782780944,0.15554913311811158,0.08838784052776918
entity,0.03,4212,54,0.2744616395685506,0.2695263833811209,0.2695263833811209,0.15579111455127237,0.08629728880179721
entity,0.03,4212,55,0.27424082376461884,0.26930459062097,0.26930459062097,0.1560270485390241,0.08429888659234694
entity,0.03,4212,56,0.27403006357964504,0.2690928837371026,0.2690928837371026,0.15625684438203216,0.08238863706669156
entity,0.03,4212,57,0.2738286963098887,0.2688905988155328,0.2688905988155328,0.1564804392306655,0.08056271561966909
entity,0.03,4212,58,0.2736361070868541,0.26869711981681965,0.26869711981681965,0.1566977950888006,0.07881746198874694
entity,0.03,4212,59,0.27345172518269006,0.26851187488111117,0.26851187488111117,0.15690889608985645,0.07714937275665519
entity,0.03,4212,60,0.2732750206151268,0.26833433293258757,0.2683343329325876,0.1571137460215966,0.07555509422818359
entity,0.03,4212,61,0.2731055010268822,0.26816400055825823,0.2681640005582583,0.1573123660782087,0.0740314156672431
entity,0.03,4212,62,0.27294270881659594,0.2680004191381915,0.2680004191381915,0.15750479281998273,0.07257526287987759
entity,0.03,4212,63,0.2727862185003007,0.2678431622062025,0.2678431622062025,0.1576910763225736,0.07118369212858082
entity,0.03,4212,64,0.27263563428421994,0.2676918330218051,0.26769183302180516,0.15787127849935778,0.0698538843630286
entity,0.03,4212,65,0.2724905878313158,0.2675460623358646,0.2675460623358646,0.15804547158179244,0.0685831397521825
entity,0.03,4212,66,0.2723507362055026,0.26740550633387794,0.26740550633387794,0.15821373674396813,0.06736887250266305
entity,0.03,4212,67,0.2722157599788078,0.2672698447421741,0.267269844742174,0.15837616285872125,0.06620860594832094
entity,0.03,4212,68,0.27208536148801105,0.26713877908357353,0.2671387790835736,0.15853284537374923,0.06509996789606219
entity,0.03,4212,69,0.27195926322843406,0.2670120310701882,0.2670120310701882,0.15868388529715843,0.06404068621319875
entity,0.03,4212,70,0.2718372063735996,0.26688934112208573,0.26688934112208573,0.15882938828277804,0.06302858464189513
entity,0.03,4212,71,0.2717189494104326,0.26677046700149726,0.2667704670014973,0.15896946380640176,0.06206157882666672
entity,0.03,4212,72,0.2716042668805502,0.2666551825531204,0.2666551825531204,0.1591042244248753,0.061137672541336854
entity,0.03,4212,73,0.2714929482189842,0.26654327654186494,0.26654327654186494,0.15923378511064462,0.06025495410238361
entity,0.03,4212,74,0.27138479668241217,0.2664345515801214,0.2664345515801214,0.15935826265501063,0.05941159295618159
entity,0.03,4212,75,0.2712796283596386,0.26632882313729517,0.26632882313729517,0.15947777513392147,0.05860583642827048
entity,0.03,4212,76,0.2711772712576785,0.2662259186249631,0.26622591862496303,0.159592441430663,0.05783600662344212
entity,0.03,4212,77,0.2710775644573528,0.2661256765515625,0.2661256765515625,0.15970238081029586,0.05710049746612539
entity,0.03,4212,78,0.270980357332816,0.2660279457410347,0.2660279457410347,0.15980771254113213,0.056397771871254124
entity,0.03,4212,79,0.2708855088299015,0.2659325846103102,0.2659325846103102,0.15990855555895284,0.05572635903651276
entity,0.03,4212,80,0.27079288679859725,0.2658394605009484,0.2658394605009484,0.16000502817003975,0.05508485184756501
entity,0.03,4212,81,0.27070236737535347,0.26574844906063466,0.26574844906063466,0.16009724778943593,0.05447190438856651
entity,0.03,4212,82,0.2706138344112809,0.2656594336705935,0.2656594336705935,0.16018533071116114,0.05388622955094305
entity,0.03,4212,83,0.2705271789426241,0.2655723049153028,0.26557230491530287,0.16026939190739373,0.053326596734067824
entity,0.03,4212,84,0.2704422987001936,0.26548696009119194,0.265486960091192,0.16034954485389072,0.05279182963209374
entity,0.03,4212,85,0.2703590976547095,0.2654033027512783,0.2654033027512783,0.16042590137915722,0.05228080410178303
entity,0.03,4212,86,0.2702774855952661,0.26532124228294907,0.26532124228294907,0.1604985715350935,0.05179244610672176
entity,0.03,4212,87,0.27019737773834696,0.26524069351631957,0.2652406935163196,0.16056766348704732,0.05132572973381357
entity,0.03,4212,88,0.2701186943650364,0.2651615763608122,0.2651615763608123,0.16063328342138264,0.05087967527840617
entity,0.03,4212,89,0.27004136048425914,0.26508381546778853,0.2650838154677886,0.1606955354688405,0.05045334739482309
entity,0.03,4212,90,0.26996530552005976,0.2650073399172438,0.2650073399172437,0.16075452164212214,0.0500458533094462
entity,0.03,4212,91,0.2698904630210894,0.26493208292673326,0.2649320829267332,0.16081034178626208,0.04965634109382565
entity,0.03,4212,92,0.26981677039062024,0.26485798158084783,0.26485798158084783,0.16086309354048714,0.04928399799558438
entity,0.03,4212,93,0.2697441686355351,0.26478497657968714,0.26478497657968714,0.1609128723103737,0.04892804882513528
entity,0.03,4212,94,0.26967260213287103,0.26471301200490815,0.26471301200490815,0.1609597712492209,0.0485877543964433
entity,0.03,4212,95,0.2696020184126038,0.26464203510203455,0.26464203510203455,0.16100388124765563,0.04826241002024787
entity,0.03,4212,96,0.26953236795546487,0.2645719960778192,0.2645719960778193,0.16104529093057418,0.047951344048308524
entity,0.03,4212,97,0.26946360400467967,0.26450284791154693,0.2645028479115469,0.16108408666060467,0.04765391646736264
entity,0.03,4212,98,0.2693956823906,0.26443454617924966,0.26443454617924966,0.1611203525473511,0.047369517541580045
entity,0.03,4212,99,0.2693285613672878,0.264367048889891,0.26436704888989104,0.16115417046174582,0.04709756650237803
entity,0.03,4212,100,0.2692622014601756,0.26430031633264506,0.26430031633264506,0.1611856200548997,0.046837510284516944
entity,0.03,4212,101,0.26919656532400227,0.26423431093446625,0.26423431093446625,0.1612147787808956,0.04658882230744069
entity,0.03,4212,102,0.26913161761028026,0.2641689971272073,0.26416899712720726,0.1612417219230228,0.04635100130085471
entity,0.03,4212,103,0.2690673248436101,0.26410434122359905,0.26410434122359905,0.16126652262299634,0.04612357017355288
entity,0.03,4212,104,0.2690036553062097,0.2640403113014599,0.2640403113014599,0.16128925191274976,0.045906074924515025
entity,0.03,4212,105,0.2689405789300719,0.26397687709554796,0.26397687709554796,0.16130997874842656,0.0456980835952994
entity,0.03,4212,106,0.2688780671962136,0.26391400989651737,0.26391400989651737,0.16132877004623497,0.04549918526275443
entity,0.03,4212,107,0.2688160930405133,0.2638516824564763,0.2638516824564763,0.1613456907198597,0.04530898907106664
entity,0.03,4212,108,0.2687546307656777,0.2637898689006864,0.26378986890068634,0.16136080371915718,0.04512712330215702
entity,0.03,4212,109,0.2686936559589082,0.2637285446449738,0.26372854464497375,0.1613741700698859,0.04495323448342856
entity,0.03,4212,110,0.2686331454148733,0.2636676863184568,0.2636676863184568,0.16138584891425053,0.044786986531860085
entity,0.03,4212,111,0.2685730770636183,0.2636072716912223,0.26360727169122233,0.161395897552058,0.04462805993343397
entity,0.03,4212,112,0.26851342990307525,0.2635472796066124,0.26354727960661234,0.16140437148230805,0.044476150956878666
entity,0.03,4212,113,0.2684541839358567,0.26348768991780436,0.26348768991780436,0.16141132444505674,0.044330970900703114
entity,0.03,4212,114,0.2683953201100434,0.2634284834283944,0.2634284834283944,0.1614168084634095,0.04419224537249697
entity,0.03,4212,115,0.26833682026369404,0.2633696418367118,0.26336964183671185,0.16142087388551654,0.044059713599470356
entity,0.03,4212,116,0.2682786670728271,0.2633111476836142,0.2633111476836142,0.1614235694264566,0.043933127769208886
entity,0.03,4212,117,0.26822084400264196,0.26325298430352984,0.2632529843035298,0.1614249422099083,0.04381225239962459
entity,0.03,4212,118,0.26816333526176234,0.2631951357785305,0.2631951357785305,0.16142503780952072,0.04369686373708899
entity,0.03,4212,119,0.26810612575930315,0.2631375868952343,0.2631375868952343,0.16142390028990425,0.043586749181745654
entity,0.03,4212,120,0.26804920106457175,0.2630803231043509,0.2630803231043509,0.16142157224717357,0.043481706739008835
entity,0.03,4212,121,0.26799254736923217,0.2630233304826958,0.2630233304826958,0.16141809484898315,0.04338154449627045
entity,0.03,4212,122,0.2679361514517706,0.2629665956975126,0.2629665956975125,0.16141350787400283,0.04328608012385107
entity,0.03,4212,123,0.26788000064411177,0.2629101059729518,0.26291010597295184,0.1614078497507895,0.0431951403992498
entity,0.03,4212,124,0.2678240828002478,0.2628538490585686,0.2628538490585686,0.16140115759601692,0.04310856075376531
entity,0.03,4212,125,0.2677683862667476,0.2627978131997067,0.2627978131997067,0.16139346725203044,0.043026184840581926
entity,0.03,4212,126,0.267712899855029,0.262741987109649,0.262741987109649,0.16138481332370186,0.04294786412343407
entity,0.03,4212,127,0.26765761281527795,0.2626863599434221,0.2626863599434221,0.16137522921456043,0.04287345748498829
entity,0.03,4212,128,0.2676025148119119,0.2626309212731486,0.2626309212731486,0.1613647471621835,0.04280283085410138
entity,0.03,4212,129,0.26754759590048854,0.2625756610648497,0.26257566106484964,0.1613533982728331,0.042735856851141084
entity,0.03,4212,130,0.26749284650596905,0.262520569656607,0.262520569656607,0.1613412125553281,0.04267241445057784
entity,0.03,4212,131,0.26743825740225113,0.26246563773799747,0.26246563773799747,0.16132821895414462,0.04261238866008215
entity,0.03,4212,132,0.2673838196928915,0.2624108563307228,0.2624108563307228,0.16131444538174114,0.0425556702153874
entity,0.03,4212,133,0.26732952479294453,0.2623562167703579,0.2623562167703579,0.16129991875010613,0.04250215529020301
entity,0.03,4212,134,0.2672753644118481,0.26230171068915076,0.26230171068915076,0.1612846650015294,0.042451745220488155
entity,0.03,4212,135,0.26722133053729125,0.26224732999980693,0.26224732999980693,0.16126870913859867,0.04240434624242208
entity,0.03,4212,136,0.26716741542000333,0.2621930668801999,0.2621930668801999,0.16125207525342705,0.04235986924343073
entity,0.03,4212,137,0.26711361155940955,0.2621389137589496,0.26213891375894954,0.16123478655611662,0.042318229525655934
entity,0.03,4212,138,0.26705991169009846,0.2620848633018168,0.2620848633018168,0.16121686540246524,0.04227934658127594
entity,0.03,4212,139,0.26700630876905307,0.2620309083988638,0.2620309083988638,0.1611983333209258,0.04224314387911131
entity,0.03,4212,140,0.2669527959635992,0.26197704215233486,0.26197704215233486,0.16117921103882715,0.04220954866197257
entity,0.03,4212,141,0.2668993666400279,0.26192325786521353,0.26192325786521353,0.16115951850786658,0.042178491754230066
entity,0.03,4212,142,0.26684601435285177,0.26186954903041615,0.26186954903041615,0.16113927492888663,0.04214990737910739
entity,0.03,4212,143,0.26679273283465704,0.26181590932058363,0.26181590932058363,0.16111849877594678,0.042123732985222255
entity,0.03,4212,144,0.26673951598651574,0.2617623325784356,0.2617623325784356,0.16109720781970285,0.04209990908191977
entity,0.03,4212,145,0.26668635786892575,0.26170881280765457,0.2617088128076546,0.161075419150108,0.04207837908296306
entity,0.03,4212,146,0.2666332526932469,0.26165534416426783,0.26165534416426783,0.16105314919844702,0.04205908915816619
entity,0.03,4212,147,0.2665801948136033,0.2616019209484983,0.2616019209484983,0.16103041375871974,0.04204198809257322
entity,0.03,4212,148,0.26652717871922643,0.26154853759705754,0.26154853759705754,0.1610072280083851,0.04202702715280584
entity,0.03,4212,149,0.26647419902721176,0.2614951886758538,0.26149518867585375,0.160983606528482,0.042014159960219497
entity,0.03,4212,150,0.26642125047566495,0.2614418688730923,0.26144186887309223,0.16095956332314004,0.04200334237052489
entity,0.03,4212,151,0.2663683279172164,0.2613885729927443,0.2613885729927443,0.1609351118384947,0.04199453235954882
entity,0.03,4212,152,0.26631542631288113,0.26133529594836447,0.26133529594836447,0.16091026498102112,0.04198768991482283
entity,0.03,4212,153,0.26626254072624583,0.2612820327572354,0.2612820327572354,0.1608850351353012,0.04198277693270438
entity,0.03,4212,154,0.2662096663179629,0.2612287785348216,0.2612287785348216,0.16085943418123777,0.04197975712074877
entity,0.03,4212,155,0.2661567983405347,0.26117552848951536,0.26117552848951536,0.16083347351073016,0.04197859590506486
entity,0.03,4212,156,0.26610393213337236,0.26112227791765696,0.26112227791765696,0.16080716404382542,0.04197926034239944
entity,0.03,4212,157,0.2660510631181115,0.2610690221988147,0.2610690221988147,0.16078051624435846,0.04198171903670967
entity,0.03,4212,158,0.2659981867941722,0.26101575679130967,0.26101575679130967,0.16075354013509574,0.041985942059992606
entity,0.03,4212,159,0.2659452987345492,0.2609624772279716,0.2609624772279716,0.16072624531239552,0.04199190087715511
entity,0.03,4212,160,0.2658923945818184,0.2609091791121129,0.2609091791121129,0.16069864096039785,0.04199956827471597
entity,0.03,4212,161,0.26583947004434894,0.26085585811370876,0.2608558581137088,0.16067073586475805,0.04200891829314413
entity,0.03,4212,162,0.2657865208927083,0.2608025099657715,0.2608025099657715,0.16064253842593626,0.04201992616264638
entity,0.03,4212,163,0.26573354295625107,0.26074913046090936,0.26074913046090936,0.1606140566720558,0.04203256824222669
entity,0.03,4212,164,0.2656805321198792,0.2606957154480583,0.26069571544805825,0.16058529827134285,0.042046821961850084
entity,0.03,4212,165,0.26562748432096644,0.26064226082937814,0.26064226082937814,0.16055627054415972,0.04206266576755053
entity,0.03,4212,166,0.26557439554643736,0.26058876255730457,0.26058876255730457,0.16052698047464384,0.042080079069332275
entity,0.03,4212,167,0.26552126182999075,0.26053521663174645,0.26053521663174645,0.16049743472196362,0.04209904219172043
entity,0.03,4212,168,0.2654680792494625,0.26048161909742307,0.26048161909742307,0.16046763963120358,0.04211953632682501
entity,0.03,4212,169,0.265414843924318,0.26042796604133206,0.2604279660413321,0.16043760124388892,0.04214154348978927
entity,0.03,4212,170,0.2653615520132686,0.2603742535903416,0.2603742535903416,0.16040732530816135,0.04216504647649951
entity,0.03,4212,171,0.26530819971200376,0.2603204779088998,0.2603204779088998,0.16037681728861647,0.042190028823440626
entity,0.03,4212,172,0.2652547832510351,0.2602666351968558,0.2602666351968558,0.160346082375813,0.04221647476958674
entity,0.03,4212,173,0.2652012988936436,0.2602127216873854,0.2602127216873854,0.16031512549546428,0.04224436922022312
entity,0.03,4212,174,0.2651477429339272,0.26015873364501724,0.26015873364501724,0.16028395131732218,0.042273697712599693
entity,0.03,4212,175,0.2650941116949407,0.26010466736375215,0.26010466736375215,0.16025256426376208,0.042304446383322744
entity,0.03,4212,176,0.26504040152692565,0.26005051916527294,0.260050519165273,0.1602209685180797,0.04233660193739523
entity,0.03,4212,177,0.2649866088056237,0.2599962853972383,0.2599962853972383,0.1601891680325078,0.04237015161882217
entity,0.03,4212,178,0.26493272993066985,0.2599419624316572,0.25994196243165724,0.16015716653596215,0.04240508318269991
entity,0.03,4212,179,0.2648787613240611,0.25988754666333896,0.2598875466633389,0.16012496754152558,0.04244138486871454
entity,0.03,4212,180,0.2648246994286967,0.259833034508416,0.259833034508416,0.16009257435367794,0.04247904537597664
entity,0.03,4212,181,0.2647705407069866,0.2597784224029343,0.25977842240293436,0.16005999007528066,0.042518053839124346
entity,0.03,4212,182,0.2647162816395239,0.2597237068015094,0.2597237068015094,0.1600272176143239,0.042558399805630594
entity,0.03,4212,183,0.26466191872381806,0.25966888417604306,0.25966888417604306,0.15999425969044342,0.042600073214252396
entity,0.03,4212,184,0.2646074484730871,0.25961395101449913,0.25961395101449913,0.1599611188412154,0.042643064374564436
entity,0.03,4212,185,0.2645528674151033,0.2595589038197341,0.2595589038197341,0.15992779742823568,0.042687363947521845
entity,0.03,4212,186,0.26449817209109244,0.2595037391083808,0.2595037391083808,0.1598942976429917,0.04273296292699956
entity,0.03,4212,187,0.2644433590546815,0.25944845340978145,0.2594484534097815,0.15986062151253233,0.042779852622259106
entity,0.03,4212,188,0.2643884248708943,0.2593930432649688,0.2593930432649688,0.1598267709049438,0.04282802464129525
entity,0.03,4212,189,0.2643333661151904,0.2593375052256912,0.2593375052256912,0.1597927475346371,0.04287747087501823
entity,0.03,4212,190,0.26427817937254855,0.25928183585348213,0.25928183585348213,0.15975855296745384,0.04292818348222927
entity,0.03,4212,191,0.2642228612365884,0.2592260317187686,0.25922603171876857,0.15972418862559604,0.04298015487534896
entity,0.03,4212,192,0.2641674083087314,0.25917008940001934,0.25917008940001934,0.15968965579238606,0.04303337770686056
entity,0.03,4212,193,0.2641118171973987,0.25911400548292957,0.2591140054829295,0.15965495561686233,0.043087844856432175
entity,0.03,4212,194,0.2640560845172424,0.25905777655964035,0.2590577765596404,0.1596200891182164,0.04314354941868346
entity,0.03,4212,195,0.2640002068884111,0.25900139922799176,0.2590013992279917,0.15958505719007646,0.043200484691564144
entity,0.03,4212,196,0.2639441809358457,0.2589448700908071,0.2589448700908071,0.15954986060464277,0.04325864416531381
entity,0.03,4212,197,0.2638880032886058,0.25888818575520767,0.25888818575520767,0.1595145000166799,0.04331802151197328
entity,0.03,4212,198,0.2638316705792241,0.2588313428319563,0.2588313428319563,0.1594789759673706,0.043378610575420334
entity,0.03,4212,199,0.26377517944308837,0.25877433793482807,0.25877433793482807,0.15944328888803608,0.043440405361902745
entity,0.03,4212,200,0.26371852651784833,0.2587171676800067,0.2587171676800067,0.15940743910372723,0.043503400031043846
entity,0.03,4212,201,0.26366170844284825,0.2586598286855066,0.25865982868550663,0.15937142683669123,0.043567588887297184
entity,0.03,4212,202,0.26360472185858186,0.25860231757061786,0.25860231757061786,0.1593352522097175,0.04363296637182708
entity,0.03,4212,203,0.26354756340617047,0.2585446309553743,0.2585446309553743,0.15929891524936796,0.04369952705479409
entity,0.03,4212,204,0.2634902297268619,0.2584867654600426,0.2584867654600427,0.15926241588909432,0.04376726562802492
entity,0.03,4212,205,0.26343271746155006,0.25842871770463277,0.25842871770463277,0.1592257539722477,0.04383617689804708
entity,0.03,4212,206,0.26337502325031364,0.25837048430842713,0.25837048430842713,0.15918892925498287,0.04390625577947111
entity,0.03,4212,207,0.2633171437319737,0.2583120618895292,0.2583120618895292,0.1591519414090622,0.04397749728870099
entity,0.03,4212,208,0.2632590755436687,0.25825344706442993,0.25825344706442993,0.15911479002456155,0.044049896537958294
entity,0.03,4212,209,0.26320081532044665,0.258194636447591,0.258194636447591,0.15907747461248234,0.044123448729602596
entity,0.03,4212,210,0.2631423596948735,0.2581356266510449,0.25813562665104495,0.15903999460727275,0.044198149150734736
entity,0.03,4212,211,0.263083705296657,0.25807641428401046,0.2580764142840104,0.15900234936926094,0.04427399316806691
entity,0.03,4212,212,0.263024848752285,0.25801699595252336,0.25801699595252336,0.1589645381870043,0.044350976223048434
entity,0.03,4212,213,0.26296578668467874,0.2579573682590813,0.2579573682590813,0.15892656027955634,0.04442909382723212
entity,0.03,4212,214,0.2629065157128595,0.2578975278023028,0.25789752780230274,0.15888841479865567,0.04450834155787025
entity,0.03,4212,215,0.2628470324516275,0.25783747117659905,0.25783747117659905,0.15885010083083798,0.04458871505372883
entity,0.03,4212,216,0.26278733351125483,0.25777719497185914,0.2577771949718591,0.15881161739947572,0.044670210011108144
entity,0.03,4212,217,0.26272741549718903,0.2577166957731464,0.2577166957731464,0.15877296346674644,0.044752822180060235
entity,0.03,4212,218,0.26266727500976916,0.25765597016040753,0.25765597016040753,0.15873413793553334,0.04483654736079205
entity,0.03,4212,219,0.2626069086439524,0.25759501470819246,0.25759501470819246,0.1586951396512597,0.04492138140024668
entity,0.03,4212,220,0.2625463129890517,0.2575338259853848,0.2575338259853848,0.15865596740366036,0.045007320188851535
entity,0.03,4212,221,0.2624854846284832,0.25747240055494336,0.25747240055494336,0.15861661992849158,0.04509435965742706
entity,0.03,4212,222,0.2624244201395246,0.25741073497365324,0.2574107349736532,0.15857709590918243,0.04518249577424596
entity,0.03,4212,223,0.26236311609308166,0.2573488257918866,0.2573488257918866,0.15853739397842895,0.045271724542236685
entity,0.03,4212,224,0.26230156905346497,0.2572866695533731,0.25728666955337315,0.158497512719734,0.04536204199632326
entity,0.03,4212,225,0.2622397755781751,0.257224262794979,0.25722426279497895,0.15845745066889383,0.045453444200894026
entity,0.03,4212,226,0.2621777322176964,0.2571616020464948,0.2571616020464948,0.15841720631543427,0.04554592724739378
entity,0.03,4212,227,0.2621154355152994,0.2570986838304322,0.2570986838304322,0.15837677810399753,0.04563948725203214
entity,0.03,4212,228,0.26205288200685045,0.25703550466182784,0.25703550466182784,0.15833616443568205,0.04573412035360206
entity,0.03,4212,229,0.2619900682206299,0.25697206104805614,0.25697206104805614,0.15829536366933689,0.04582982271140394
entity,0.03,4212,230,0.2619269906771575,0.2569083494886488,0.2569083494886488,0.15825437412281193,0.04592659050326812
entity,0.03,4212,231,0.26186364588902505,0.25684436647512265,0.25684436647512265,0.15821319407416648,0.04602441992367249
entity,0.03,4212,232,0.26180003036073596,0.2567801084908137,0.2567801084908137,0.15817182176283667,0.046123307181949076
entity,0.03,4212,233,0.2617361405885517,0.2567155720107186,0.2567155720107186,0.15813025539076442,0.04622324850057515
entity,0.03,4212,234,0.26167197306034573,0.2566507535013433,0.2566507535013433,0.15808849312348783,0.0463242401135451
entity,0.03,4212,235,0.2616075242554623,0.2565856494205575,0.25658564942055756,0.1580465330911964,0.04642627826481782
entity,0.03,4212,236,0.2615427906445833,0.25652025621745617,0.25652025621745617,0.1580043733897507,0.046529359206836714
entity,0.03,4212,237,0.2614777686896,0.2564545703322268,0.2564545703322268,0.15796201208166852,0.04663347919911761
entity,0.03,4212,238,0.2614124548434913,0.25638858819602306,0.25638858819602306,0.1579194471970791,0.0467386345069016
entity,0.03,4212,239,0.26134684555020776,0.25632230623084445,0.2563223062308445,0.15787667673464612,0.04684482139986888
entity,0.03,4212,240,0.2612809372445619,0.25625572084942183,0.25625572084942183,0.15783369866246086,0.04695203615091107
entity,0.03,4212,241,0.2612147263521228,0.2561888284551081,0.2561888284551081,0.15779051091890672,0.047060275034957806
entity,0.03,4212,242,0.26114820928911747,0.2561216254417752,0.2561216254417752,0.15774711141349596,0.04716953432785574
entity,0.03,4212,243,0.26108138246233703,0.2560541081937159,0.2560541081937159,0.15770349802768063,0.047279810305296655
entity,0.03,4212,244,0.2610142422690482,0.2559862730855517,0.25598627308555166,0.15765966861563688,0.047391099241792134
entity,0.03,4212,245,0.2609467850969099,0.2559181164821452,0.25591811648214513,0.1576156210050261,0.04750339740969193
entity,0.03,4212,246,0.26087900732389524,0.255849634738518,0.255849634738518,0.15757135299773176,0.04761670107824436
entity,0.03,4212,247,0.26081090531821804,0.255780824199774,0.25578082419977405,0.1575268623705738,0.04773100651269589
entity,0.03,4212,248,0.26074247543826495,0.25571168120102705,0.25571168120102705,0.15748214687600198,0.047846309973427925
entity,0.03,4212,249,0.2606737140325312,0.25564220206733373,0.2556422020673337,0.15743720424276766,0.04796260771512866
entity,0.03,4212,250,0.26060461743956276,0.25557238311363156,0.25557238311363156,0.15739203217657632,0.04807989598599827
entity,0.03,4212,251,0.26053518198790193,0.2555022206446812,0.2555022206446812,0.15734662836072083,0.04819817102698575
entity,0.03,4212,252,0.26046540399603824,0.2554317109550138,0.2554317109550139,0.1573009904566962,0.048317429071054636
entity,0.03,4212,253,0.2603952797723635,0.25536085032888306,0.255360850328883,0.15725511610479728,0.04843766634247755
entity,0.03,4212,254,0.26032480561513155,0.2552896350402213,0.2552896350402213,0.1572090029246992,0.048558879056156815
entity,0.03,4212,255,0.26025397781242315,0.25521806135260133,0.2552180613526014,0.1571626485160223,0.04868106341697005
entity,0.03,4212,256,0.26018279264211414,0.25514612551920157,0.2551461255192016,0.15711605045888108,0.04880421561913912
entity,0.03,4212,257,0.26011124637184907,0.2550738237827764,0.25507382378277643,0.1570692063144191,0.04892833184562182
entity,0.03,4212,258,0.26003933525901846,0.2550011523756306,0.25500115237563065,0.1570221136253293,0.049053408267524044
entity,0.03,4212,259,0.25996705555074107,0.2549281075195986,0.2549281075195986,0.15697476991636117,0.0491794410435321
entity,0.03,4212,260,0.25989440348385,0.2548546854260278,0.25485468542602785,0.15692717269481532,0.04930642631936333
entity,0.03,4212,261,0.2598213752848832,0.25478088229576606,0.2547808822957661,0.15687931945102512,0.049434360227234804
entity,0.03,4212,262,0.2597479671700783,0.25470669431915427,0.25470669431915427,0.1568312076588277,0.04956323888534808
entity,0.03,4212,263,0.25967417534537196,0.2546321176760224,0.2546321176760224,0.15678283477602284,0.04969305839739041
entity,0.03,4212,264,0.2595999960064027,0.25455714853569017,0.2545571485356901,0.15673419824482193,0.049823814852049696
entity,0.03,4212,265,0.2595254253385188,0.2544817830569722,0.2544817830569722,0.15668529549228657,0.0499555043225443
entity,0.03,4212,266,0.25945045951678974,0.2544060173881873,0.25440601738818724,0.15663612393075768,0.05008812286616588
entity,0.03,4212,267,0.2593750947060223,0.2543298476671714,0.2543298476671714,0.1565866809582755,0.05022166652383399
entity,0.03,4212,268,0.25929932706078046,0.254253270021296,0.254253270021296,0.15653696395899086,0.05035613131966333
entity,0.03,4212,269,0.25922315272540974,0.2541762805674894,0.2541762805674894,0.1564869703035684,0.05049151326054136
entity,0.03,4212,270,0.25914656783406526,0.25409887541226317,0.2540988754122632,0.15643669734958188,0.050627808335716916
entity,0.03,4212,271,0.25906956851074475,0.25402105065174246,0.25402105065174246,0.1563861424419022,0.05076501251639809
entity,0.03,4212,272,0.25899215086932476,0.25394280237170025,0.25394280237170025,0.1563353029130784,0.05090312175536037
entity,0.03,4212,273,0.25891431101360163,0.2538641266475964,0.25386412664759644,0.1562841760837122,0.051042131986562635
entity,0.03,4212,274,0.25883604503733654,0.2537850195446204,0.2537850195446204,0.15623275926282645,0.051182039124772434
entity,0.03,4212,275,0.2587573490243043,0.2537054771177384,0.25370547711773833,0.15618104974822722,0.051322839065198585
entity,0.03,4212,276,0.25867821904834665,0.25362549541174445,0.25362549541174445,0.15612904482686113,0.05146452768313163
entity,0.03,4212,277,0.2585986511734298,0.2535450704613163,0.2535450704613163,0.15607674177516695,0.05160710083359159
entity,0.03,4212,278,0.25851864145370546,0.2534641982910746,0.2534641982910746,0.15602413785942276,0.05175055435098201
entity,0.03,4212,279,0.2584381859335768,0.25338287491564704,0.2533828749156471,0.15597123033608845,0.051894884048751366
entity,0.03,4212,280,0.2583572806477684,0.2533010963397365,0.2533010963397365,0.1559180164521439,0.05204008571905982
entity,0.03,4212,281,0.2582759216213995,0.25321885855819304,0.25321885855819304,0.15586449344542364,0.0521861551324526
entity,0.03,4212,282,0.2581941048700624,0.2531361575560903,0.2531361575560903,0.15581065854494724,0.05233308803753859
entity,0.03,4212,283,0.25811182639990493,0.25305298930880665,0.2530529893088067,0.15575650897124718,0.05248088016067483
entity,0.03,4212,284,0.25802908220771653,0.2529693497821096,0.2529693497821096,0.15570204193669293,0.052629527205655766
entity,0.03,4212,285,0.2579458682810185,0.252885234932245,0.252885234932245,0.15564725464581244,0.052779024853408164
entity,0.03,4212,286,0.25786218059815963,0.2528006407060307,0.2528006407060307,0.15559214429561116,0.05292936876169046
entity,0.03,4212,287,0.25777801512841414,0.2527155630409537,0.2527155630409537,0.1555367080758885,0.053080554564797065
entity,0.03,4212,288,0.2576933678320854,0.2526299978652723,0.2526299978652723,0.15548094316955247,0.053232577873267364
entity,0.03,4212,289,0.2576082346606131,0.252543941098122,0.252543941098122,0.15542484675293183,0.053385434273599076
entity,0.03,4212,290,0.25752261155668454,0.25245738864962586,0.25245738864962586,0.15536841599608736,0.053539119327966046
entity,0.03,4212,291,0.2574364944543507,0.25237033642100926,0.25237033642100926,0.15531164806312084,0.05369362857394062
entity,0.03,4212,292,0.25734987927914577,0.2522827803047184,0.2522827803047184,0.1552545401124833,0.05384895752421965
entity,0.03,4212,293,0.25726276194821196,0.25219471618454403,0.25219471618454403,0.15519708929728188,0.054005101666355575
entity,0.03,4212,294,0.2571751383704274,0.2521061399357484,0.2521061399357485,0.15513929276558583,0.054162056462490726
entity,0.03,4212,295,0.25708700444653904,0.2520170474251973,0.25201704742519737,0.1550811476607316,0.05431981734909641
entity,0.03,4212,296,0.2569983560692995,0.251927434511496,0.251927434511496,0.15502265112162797,0.054478379736715515
entity,0.03,4212,297,0.2569091891236082,0.25183729704512964,0.25183729704512964,0.15496380028305967,0.05463773900971002
entity,0.03,4212,298,0.2568194994866574,0.25174663086860805,0.25174663086860805,0.15490459227599176,0.05479789052601137
entity,0.03,4212,299,0.2567292830280809,0.25165543181661454,0.25165543181661454,0.15484502422787344,0.054958829616875864
entity,0.03,4212,300,0.25663853561010924,0.2515636957161596,0.2515636957161596,0.15478509326294165,0.055120551586643814
entity,0.03,4212,301,0.25654725308772713,0.25147141838673837,0.25147141838673837,0.1547247965025254,0.05528305171250257
entity,0.03,4212,302,0.2564554313088364,0.2513785956404926,0.2513785956404926,0.15466413106534976,0.05544632524425394
entity,0.03,4212,303,0.2563630661144234,0.25128522328237746,0.25128522328237746,0.15460309406784076,0.05561036740408595
entity,0.03,4212,304,0.2562701533387292,0.25119129711033195,0.25119129711033195,0.15454168262443063,0.05577517338634783
entity,0.03,4212,305,0.2561766888094263,0.2510968129154542,0.2510968129154542,0.15447989384786343,0.05594073835733063
entity,0.03,4212,306,0.2560826683477977,0.2510017664821811,0.25100176648218103,0.15441772484950197,0.056107057455051054
entity,0.03,4212,307,0.2559880877689211,0.2509061535884716,0.2509061535884716,0.1543551727396351,0.05627412578903993
entity,0.03,4212,308,0.2558929428818584,0.25080997000599603,0.25080997000599603,0.15429223462778605,0.05644193844013543
entity,0.03,4212,309,0.2557972294898472,0.2507132115003277,0.25071321150032766,0.15422890762302205,0.056610490460280355
entity,0.03,4212,310,0.25570094339049887,0.2506158738311405,0.2506158738311405,0.15416518883426492,0.05677977687232412
entity,0.03,4212,311,0.25560408037599996,0.2505179527524102,0.25051795275241023,0.15410107537060258,0.056949792669829497
entity,0.03,4212,312,0.2555066362333178,0.2504194440126202,0.2504194440126202,0.15403656434160254,0.057120532816883667
entity,0.03,4212,313,0.2554086067444108,0.25032034335497166,0.25032034335497166,0.15397165285762604,0.057291992247914814
entity,0.03,4212,314,0.255309987686443,0.25022064651759823,0.25022064651759823,0.15390633803014414,0.0574641658675127
entity,0.03,4212,315,0.2552107748320027,0.2501203492337848,0.2501203492337848,0.15384061697205495,0.057637048550254595
entity,0.03,4212,316,0.2551109639493262,0.25001944723219094,0.25001944723219094,0.1537744867980027,0.05781063514053704
entity,0.03,4212,317,0.2550105508025247,0.24991793623707875,0.24991793623707878,0.15370794462469833,0.05798492045241109
entity,0.03,4212,318,0.25490953115181625,0.24981581196854452,0.24981581196854452,0.15364098757124162,0.0581598992694242
entity,0.03,4212,319,0.2548079007537622,0.2497130701427556,0.24971307014275557,0.15357361275944528,0.05833556634446715
entity,0.03,4212,320,0.2547056553615071,0.24960970647219088,0.24960970647219086,0.1535058173141606,0.05851191639962594
entity,0.03,4212,321,0.2546027907250238,0.24950571666588617,0.24950571666588617,0.15343759836360513,0.05868894412603958
entity,0.03,4212,322,0.2544993025913626,0.24940109642968367,0.24940109642968367,0.153368953039692,0.05886664418376365
entity,0.03,4212,323,0.2543951867049043,0.24929584146648576,0.24929584146648573,0.15329987847836113,0.05904501120163922
entity,0.03,4212,324,0.25429043880761765,0.24918994747651307,0.24918994747651307,0.15323037181991264,0.05922403977716795
entity,0.03,4212,325,0.2541850546393218,0.24908341015756733,0.2490834101575673,0.1531604302093418,0.05940372447639257
entity,0.03,4212,326,0.2540790299379517,0.24897622520529766,0.24897622520529766,0.1530900507966762,0.0595840598337844
entity,0.03,4212,327,0.2539723604398289,0.24886838831347224,0.24886838831347222,0.1530192307373148,0.059765040352135736
entity,0.03,4212,328,0.253865041879936,0.2487598951742531,0.24875989517425312,0.1529479671923692,0.05994666050245924
entity,0.03,4212,329,0.2537570699921955,0.24865074147847627,0.24865074147847627,0.1528762573290064,0.060128914723893805
entity,0.03,4212,330,0.2536484405097525,0.24854092291593533,0.24854092291593533,0.1528040983207943,0.060311797423616156
entity,0.03,4212,331,0.2535391491652622,0.2484304351756697,0.24843043517566965,0.15273148734804862,0.06049530297675919
entity,0.03,4212,332,0.2534291916911809,0.24831927394625683,0.24831927394625686,0.15265842159818221,0.06067942572633749
entity,0.03,4212,333,0.2533185638200617,0.24820743491610903,0.248207434916109,0.15258489826605623,0.0608641599831783
entity,0.03,4212,334,0.25320726128485394,0.24809491377377377,0.24809491377377377,0.1525109145543334,0.06104950002586072
entity,0.03,4212,335,0.2530952798192068,0.2479817062082388,0.24798170620823884,0.15243646767383348,0.06123544010066073
entity,0.03,4212,336,0.2529826151577771,0.24786780790924115,0.24786780790924112,0.1523615548438902,0.06142197442150315
entity,0.03,4212,337,0.25286926303654106,0.24775321456758004,0.24775321456758,0.1522861732927111,0.06160909716992144
entity,0.03,4212,338,0.25275521919311,0.24763792187543424,0.2476379218754342,0.15221032025773856,0.06179680249502361
entity,0.03,4212,339,0.25264047936705036,0.24752192552668312,0.24752192552668315,0.15213399298601316,0.061985084513465814
entity,0.03,4212,340,0.25252503930020725,0.24740522121723219,0.24740522121723219,0.15205718873453888,0.06217393730943363
entity,0.03,4212,341,0.2524088947370321,0.24728780464534195,0.24728780464534195,0.1519799047706506,0.06236335493462899
entity,0.03,4212,342,0.2522920414249145,0.24716967151196143,0.2471696715119614,0.15190213837238292,0.06255333140826676
entity,0.03,4212,343,0.25217447511451746,0.24705081752106517,0.2470508175210652,0.1518238868288415,0.06274386071707695
entity,0.03,4212,344,0.2520561915601169,0.24693123837999442,0.24693123837999445,0.15174514744057555,0.06293493681531519
entity,0.03,4212,345,0.2519371865199445,0.24681092979980196,0.246810929799802,0.151665917519953,0.06312655362478031
entity,0.03,4212,346,0.2518174557565349,0.24668988749560075,0.24668988749560078,0.15158619439153675,0.06331870503484062
entity,0.03,4212,347,0.2516969950370763,0.2465681071869168,0.24656810718691677,0.15150597539246305,0.0635113849024658
entity,0.03,4212,348,0.2515758001337647,0.24644558459804525,0.24644558459804528,0.15142525787282146,0.06370458705226881
entity,0.03,4212,349,0.25145386682416176,0.2463223154584105,0.24632231545841046,0.15134403919603653,0.06389830527655364
entity,0.03,4212,350,0.25133119089155675,0.24619829550292976,0.24619829550292976,0.1512623167392512,0.06409253333537178
entity,0.03,4213,0,0.3407066183632105,0.3287085973064338,0.32870859730643376,0.13291453122021685,0.40190121318906774
entity,0.03,4213,1,0.3359384682631463,0.3239416927030633,0.3239416927030633,0.13211770649242388,0.38904939502877656
entity,0.03,4213,2,0.3314699762256364,0.3194744007876019,0.319474400787602,0.1314817573546608,0.3766797709515854
entity,0.03,4213,3,0.3272807192745319,0.31528630222238097,0.31528630222238097,0.13099118069802237,0.36477362199870644
entity,0.03,4213,4,0.32335172890084235,0.31135843175089034,0.31135843175089034,0.13063175425317847,0.3533131606096959
entity,0.03,4213,5,0.3196653805230549,0.3076731676994097,0.3076731676994098,0.1303904325434654,0.3422814687578188
entity,0.03,4213,6,0.3162052921717719,0.3042141306983922,0.30421413069839215,0.13025525169366056,0.33166244123330774
entity,0.03,4213,7,0.31295623153055346,0.30096609075600744,0.30096609075600744,0.13021524226862416,0.32144073354335617
entity,0.03,4213,8,0.30990403055811144,0.2979148819094519,0.2979148819094519,0.13026034940296358,0.31160171395840525
entity,0.03,4213,9,0.30703550699891374,0.2950473237614909,0.2950473237614909,0.13038135955940885,0.302131419287692
entity,0.03,4213,10,0.304338392161363,0.29235114928175454,0.29235114928175454,0.13056983332109395,0.29301651401405393
entity,0.03,4213,11,0.3018012644062932,0.2898149383158495,0.2898149383158495,0.13081804368261435,0.2842442524594805
entity,0.03,4213,12,0.2994134878447359,0.2874280563015172,0.28742805630151713,0.1311189193576053,0.2758024436895826
entity,0.03,4213,13,0.29716515579366903,0.2851805977408,0.2851805977408,0.13146599266753065,0.2676794188976419
entity,0.03,4213,14,0.29504703858261966,0.283063334021307,0.283063334021307,0.13185335161814035,0.25986400103773927
entity,0.03,4213,15,0.2930505353432519,0.2810676652189027,0.2810676652189027,0.13227559580729725,0.25234547650213296
entity,0.03,4213,16,0.29116762944902935,0.27918557554908313,0.2791855755490832,0.13272779584113703,0.24511356866094114
entity,0.03,4213,17,0.2893908473032455,0.2774095921654824,0.27740959216548244,0.1332054559653003,0.23815841310265531
entity,0.03,4213,18,0.28771322020159923,0.27573274703182493,0.27573274703182493,0.1337044796446692,0.2314705344323548
entity,0.03,4213,19,0.2861282490204692,0.27414854161859514,0.27414854161859514,0.13422113784901868,0.22504082450096496
entity,0.03,4213,20,0.2846298715044395,0.27265091419808407,0.27265091419808407,0.13475203982356398,0.21886052195373215
entity,0.03,4213,21,0.2832124319467541,0.2712342095315856,0.27123420953158556,0.13529410614282517,0.2129211929994394
entity,0.03,4213,22,0.28187065307449094,0.26989315076061654,0.2698931507606165,0.13584454386377537,0.2072147133139309
entity,0.03,4213,23,0.2805996099665688,0.26862281333034826,0.2686228133303483,0.13640082361009662,0.2017332510023556
entity,0.03,4213,24,0.2793947058474353,0.26741860078816504,0.26741860078816504,0.13696065843372118,0.1964692505542967
entity,0.03,4213,25,0.2782516496126037,0.26627622231357545,0.2662762223135755,0.13752198431284698,0.1914154177346931
entity,0.03,4213,26,0.27716643495426546,0.2651916718477562,0.26519167184775616,0.13808294215742042,0.1865647053612431
entity,0.03,4213,27,0.27613532096613347,0.26416120870193016,0.26416120870193016,0.13864186120380928,0.18191029992586374
entity,0.03,4213,28,0.2751548141165933,0.2631813395336977,0.2631813395336977,0.13919724369014536,0.1774456090237817
entity,0.03,4213,29,0.27422165148825584,0.2622488015894512,0.2622488015894512,0.13974775071270443,0.17316424955898896
entity,0.03,4213,30,0.27333278519020887,0.261360547119204,0.261360547119204,0.14029218917179143,0.16906003669912312
entity,0.03,4213,31,0.27248536785673894,0.26051372887763413,0.26051372887763413,0.14082949972299139,0.16512697355634223
entity,0.03,4213,32,0.2716767391531141,0.2597056866319594,0.2597056866319594,0.14135874565640003,0.16135924157347714
entity,0.03,4213,33,0.27090441321523734,0.25893393460347813,0.25893393460347813,0.14187910263261913,0.15775119159667877
entity,0.03,4213,34,0.2701660669556754,0.25819614977529975,0.25819614977529975,0.14238984920995018,0.15429733561696016
entity,0.03,4213,35,0.2694595291737676,0.2574901610039897,0.2574901610039897,0.14289035810239245,0.15099233916349694
entity,0.03,4213,36,0.26878277041228793,0.2568139388776183,0.2568139388776183,0.14338008811278938,0.14783101433134255
entity,0.03,4213,37,0.26813389350750383,0.25616558626707137,0.25616558626707137,0.1438585766898146,0.14480831342539466
entity,0.03,4213,38,0.26751112478348327,0.2555433295214885,0.2555433295214885,0.14432543306147677,0.14191932320108203
entity,0.03,4213,39,0.2669128058451824,0.25494551026237267,0.25494551026237267,0.14478033190148448,0.13915925968042167
entity,0.03,4213,40,0.2663373859282315,0.25437057773429933,0.2543705777342993,0.14522300748817873,0.1365234635199033
entity,0.03,4213,41,0.2657834147664465,0.25381708167326306,0.25381708167326306,0.14565324831883245,0.13400739590421595
entity,0.03,4213,42,0.2652495359409607,0.25328366565656335,0.25328366565656335,0.14607089214496455,0.13160663493723834
entity,0.03,4213,43,0.264734480677506,0.2527690609007684,0.25276906090076834,0.14647582139693255,0.12931687249909424
entity,0.03,4213,44,0.2642370620608102,0.25227208047672856,0.25227208047672856,0.14686795896848265,0.12713391153554376
entity,0.03,4213,45,0.26375616963731563,0.2517916139128526,0.25179161391285265,0.1472472643341546,0.12505366374365426
entity,0.03,4213,46,0.2632907643794989,0.2513266221599312,0.2513266221599312,0.14761372997448874,0.12307214761567455
entity,0.03,4213,47,0.2628398739869807,0.2508761328927017,0.2508761328927017,0.14796737808586982,0.12118548680141798
entity,0.03,4213,48,0.2624025885013862,0.25043923612512,0.25043923612512,0.14830825755358273,0.11938990874832536
entity,0.03,4213,49,0.2619780562135455,0.25001508011793205,0.25001508011793205,0.1486364411682643,0.11768174357777994
entity,0.03,4213,50,0.2615654798431406,0.24960286755865616,0.24960286755865613,0.14895202306741584,0.11605742315622834
entity,0.03,4213,51,0.26116411297230036,0.24920185199547973,0.24920185199547973,0.14925511638501324,0.1145134803202377
entity,0.03,4213,52,0.26077325671594365,0.24881133450787538,0.24881133450787538,0.14954585109351515,0.11304654821578888
entity,0.03,4213,53,0.26039225661287013,0.2484306605979366,0.24843066059793656,0.14982437202373847,0.11165335971383422
entity,0.03,4213,54,0.2600204997227105,0.24805921728754887,0.24805921728754884,0.150090837049152,0.1103307468664067
entity,0.03,4213,55,0.25965741191488234,0.24769643040754363,0.24769643040754363,0.15034541542213645,0.10907564037027277
entity,0.03,4213,56,0.259302455336651,0.24734176206593733,0.24734176206593736,0.15058828625068266,0.10788506900822412
entity,0.03,4213,57,0.25895512604828747,0.24699470828324813,0.24699470828324813,0.15081963710485555,0.10675615904149537
entity,0.03,4213,58,0.2586149518141366,0.24665479678370733,0.2466547967837073,0.15103966274313918,0.10568613353041072
entity,0.03,4213,59,0.25828149003917783,0.24632158493194684,0.24632158493194684,0.15124856394951153,0.10467231156408958
entity,0.03,4213,60,0.25795432584137,0.24599465780545698,0.24599465780545698,0.1514465464727734,0.10371210738380847
entity,0.03,4213,61,0.2576330702507335,0.2456736263937696,0.2456736263937696,0.15163382006028236,0.10280302938832699
entity,0.03,4213,62,0.2573173585267391,0.24535812591593548,0.2453581259159355,0.15181059757882337,0.10194267901307724
entity,0.03,4213,63,0.2570068485861433,0.2450478142484381,0.24504781424843808,0.15197709421588362,0.10112874947850281
entity,0.03,4213,64,0.25670121953394126,0.2447423704562154,0.24474237045621539,0.15213352675509811,0.10035902440598624
entity,0.03,4213,65,0.25640017029060536,0.24444149341995813,0.2444414934199581,0.15228011292009153,0.09963137630265308
entity,0.03,4213,66,0.2561034183092338,0.24414490055331087,0.24414490055331087,0.15241707078137107,0.09894376491887853
entity,0.03,4213,67,0.25581069837666753,0.24385232660403353,0.24385232660403353,0.15254461822131776,0.09829423548451291
entity,0.03,4213,68,0.25552176149302724,0.24356352253357688,0.2435635225335769,0.15266297245269286,0.0976809168316862
entity,0.03,4213,69,0.2552363738244986,0.2432782544698998,0.2432782544698998,0.15277234958641364,0.09710201941355046
entity,0.03,4213,70,0.25495431572453553,0.24299630272869993,0.24299630272869996,0.15287296424466884,0.09655583322947758
entity,0.03,4213,71,0.2546753808189786,0.24271746089855356,0.24271746089855356,0.15296502921573532,0.09604072566807138
entity,0.03,4213,72,0.25439937515088074,0.24244153498575932,0.24244153498575932,0.15304875514712818,0.0955551392798976
entity,0.03,4213,73,0.2541261163811176,0.24216834261496184,0.24216834261496184,0.15312435027396676,0.095097589492111
entity,0.03,4213,74,0.2538554330411172,0.24189771228189133,0.2418977122818913,0.1531920201796723,0.09466666227719348
entity,0.03,4213,75,0.2535871638342881,0.24162948265479842,0.24162948265479842,0.1532519675863281,0.09426101178784518
entity,0.03,4213,76,0.2533211569829534,0.2413635019213916,0.2413635019213916,0.15330439217223227,0.0938793579697201
entity,0.03,4213,77,0.2530572696178071,0.24109962717829486,0.24109962717829486,0.15334949041435939,0.09352048416320066
entity,0.03,4213,78,0.25279536720710905,0.24083772386024083,0.24083772386024085,0.15338745545361876,0.09318323470479509
entity,0.03,4213,79,0.25253532302301657,0.24057766520639934,0.24057766520639934,0.15341847698095568,0.09286651253803509
entity,0.03,4213,80,0.2522770176426255,0.24031933176141243,0.2403193317614124,0.15344274114249082,0.09256927684298999
entity,0.03,4213,81,0.2520203384814501,0.24006261090886755,0.24006261090886757,0.1534604304620292,0.09229054069270072
entity,0.03,4213,82,0.2517651793572239,0.23980739643508947,0.23980739643508947,0.15347172377939647,0.09202936874401221
entity,0.03,4213,83,0.2515114400820413,0.2395535881212719,0.2395535881212719,0.15347679620317983,0.09178487496944564
entity,0.03,4213,84,0.25125902608099077,0.2393010913620997,0.2393010913620997,0.15347581907655788,0.09155622043593171
entity,0.03,4213,85,0.2510078480355522,0.23904981680913379,0.23904981680913379,0.15346895995500612,0.09134261113542289
entity,0.03,4213,86,0.25075782155014303,0.23879968003734448,0.23879968003734448,0.153456382594759,0.09114329587163424
entity,0.03,4213,87,0.25050886684030677,0.23855060123328586,0.23855060123328584,0.15343824695099417,0.09095756420643115
entity,0.03,4213,88,0.2502609084411325,0.2383025049035013,0.2383025049035013,0.15341470918478867,0.09078474446869703
entity,0.03,4213,89,0.25001387493459054,0.23805531960184353,0.23805531960184356,0.15338592167796766,0.09062420182787609
entity,0.03,4213,90,0.24976769869455126,0.23780897767447867,0.23780897767447867,0.15335203305503833,0.09047533643379818
entity,0.03,4213,91,0.24952231564833946,0.23756341502142442,0.23756341502142445,0.1533131882114648,0.09033758162385808
entity,0.03,4213,92,0.24927766505374788,0.23731857087354769,0.23731857087354769,0.15326952834759866,0.09021040219813485
entity,0.03,4213,93,0.24903368929050565,0.23707438758401683,0.23707438758401683,0.1532211910076358,0.09009329276260465
entity,0.03,4213,94,0.24879033366526318,0.2368308104332702,0.2368308104332702,0.15316831012302043,0.08998577614021243
entity,0.03,4213,95,0.24854754622921602,0.2365877874466235,0.23658778744662357,0.15311101605976532,0.08988740184923127
entity,0.03,4213,96,0.24830527760754678,0.23634526922369556,0.23634526922369556,0.1530494356691995,0.0897977446480399
entity,0.03,4213,97,0.24806348083991936,0.23610320877888577,0.23610320877888577,0.15298369234169695,0.0897164031451996
entity,0.03,4213,98,0.24782211123130826,0.2358615613921876,0.23586156139218759,0.1529139060629758,0.0896429984734909
entity,0.03,4213,99,0.24758112621249306,0.23562028446966665,0.23562028446966668,0.15284019347259262,0.08957717302639624
entity,0.03,4213,100,0.2473404852095926,0.23537933741297884,0.23537933741297884,0.15276266792428955,0.08951858925536177
entity,0.03,4213,101,0.24710014952205175,0.23513868149734163,0.23513868149734163,0.15268143954787958,0.08946692852605767
entity,0.03,4213,102,0.24686008220853536,0.23489827975741223,0.23489827975741223,0.15259661531238483,0.08942189003176139
entity,0.03,4213,103,0.24662024798021656,0.2346580968805608,0.2346580968805608,0.15250829909016608,0.08938318976192126
entity,0.03,4213,104,0.24638061310098103,0.23441809910705969,0.2344180991070597,0.15241659172180755,0.08935055952391106
entity,0.03,4213,105,0.24614114529410072,0.23417825413674248,0.23417825413674245,0.15232159108153984,0.08932374601595691
entity,0.03,4213,106,0.24590181365495778,0.2339385310417136,0.23393853104171358,0.15222339214300648,0.08930250994920552
entity,0.03,4213,107,0.24566258856942874,0.23369890018471862,0.2336989001847186,0.1521220870451961,0.08928662521690586
entity,0.03,4213,108,0.24542344163756258,0.23345933314280856,0.23345933314280856,0.15201776515838028,0.08927587810868819
entity,0.03,4213,109,0.24518434560221122,0.23321980263595732,0.23321980263595732,0.15191051314991255,0.08927006656795007
entity,0.03,4213,110,0.24494527428229268,0.23298028246031185,0.23298028246031188,0.15180041504975866,0.08926899949039341
entity,0.03,4213,111,0.24470620251038813,0.23274074742577694,0.23274074742577694,0.15168755231564096,0.08927249606179317
entity,0.03,4213,112,0.24446710607439281,0.2325011732976539,0.2325011732976539,0.15157200389769265,0.08928038513312866
entity,0.03,4213,113,0.24422796166296049,0.23226153674207367,0.23226153674207367,0.1514538463025294,0.08929250463125794
entity,0.03,4213,114,0.24398874681449584,0.23202181527497778,0.2320218152749778,0.15133315365665415,0.08930870100336974
entity,0.03,4213,115,0.24374943986946698,0.23178198721442028,0.23178198721442034,0.15120999776912372,0.08932882869350764
entity,0.03,4213,116,0.2435100199258241,0.23154203163597603,0.231542031635976,0.15108444819341144,0.08935274964951886
entity,0.03,4213,117,0.24327046679732398,0.23130192833105523,0.2313019283310552,0.15095657228841,0.08938033285884288
entity,0.03,4213,118,0.24303076097457424,0.23106165776793847,0.23106165776793852,0.15082643527852585,0.0894114539116155
entity,0.03,4213,119,0.24279088358862172,0.23082120105535583,0.23082120105535583,0.15069410031282235,0.0894459945896286
entity,0.03,4213,120,0.2425508163769211,0.23058053990844712,0.23058053990844712,0.1505596285231764,0.08948384247974524
entity,0.03,4213,121,0.24231054165153204,0.23033965661695083,0.23033965661695083,0.1504230790814176,0.08952489061043337
entity,0.03,4213,122,0.24207004226940068,0.23009853401547797,0.23009853401547797,0.1502845092554256,0.08956903711014041
entity,0.03,4213,123,0.24182930160459162,0.22985715545573682,0.22985715545573682,0.15014397446416433,0.08961618488629206
entity,0.03,4213,124,0.24158830352234614,0.22961550478058423,0.22961550478058426,0.15000152833163793,0.08966624132375448
entity,0.03,4213,125,0.24134703235484842,0.22937356629978567,0.2293735662997857,0.1498572227397557,0.08971911800165863
entity,0.03,4213,126,0.24110547287859052,0.22913132476737413,0.22913132476737416,0.14971110788009764,0.08977473042753664
entity,0.03,4213,127,0.24086361029323436,0.22888876536050654,0.2288887653605065,0.14956323230457524,0.08983299778777679
entity,0.03,4213,128,0.24062143020187338,0.22864587365972053,0.22864587365972053,0.149413642974985,0.08989384271345216
entity,0.03,4213,129,0.24037891859260582,0.22840263563050286,0.2284026356305029,0.14926238531145514,0.08995719106062877
entity,0.03,4213,130,0.24013606182133398,0.22815903760608452,0.22815903760608455,0.1491095032397878,0.09002297170430633
entity,0.03,4213,131,0.23989284659571208,0.22791506627138475,0.22791506627138475,0.14895503923770165,0.09009111634518949
entity,0.03,4213,132,0.23964925996016895,0.2276707086480303,0.2276707086480303,0.14879903437998132,0.0901615593285315
entity,0.03,4213,133,0.23940528928193633,0.22742595208038066,0.22742595208038063,0.1486415283825428,0.09023423747433404
entity,0.03,4213,134,0.23916092223801919,0.22718078422249585,0.22718078422249585,0.1484825596454237,0.0903090899182259
entity,0.03,4213,135,0.23891614680304685,0.22693519302598528,0.22693519302598525,0.1483221652947101,0.09038605796238203
entity,0.03,4213,136,0.23867095123794937,0.22668916672868222,0.22668916672868222,0.1481603812234127,0.0904650849358797
entity,0.03,4213,137,0.238425324079406,0.22644269384409088,0.2264426938440909,0.14799724213130577,0.09054611606392304
entity,0.03,4213,138,0.23817925413001634,0.2261957631515565,0.2261957631515565,0.14783278156374238,0.09062909834540046
entity,0.03,4213,139,0.23793273044914776,0.22594836368711207,0.22594836368711207,0.1476670319494629,0.09071398043826917
entity,0.03,4213,140,0.23768574234441647,0.225700484734959,0.22570048473495896,0.14750002463741102,0.09080071255229126
entity,0.03,4213,141,0.2374382793637607,0.2254521158195403,0.22545211581954033,0.14733178993257473,0.09088924634867332
entity,0.03,4213,142,0.23719033128806882,0.22520324669816938,0.22520324669816938,0.14716235713086917,0.09097953484618801
entity,0.03,4213,143,0.2369418881243264,0.2249538673541774,0.22495386735417738,0.14699175455307817,0.09107153233338039
entity,0.03,4213,144,0.236692940099249,0.2247039679905475,0.22470396799054748,0.14682000957787317,0.0911651942864857
entity,0.03,4213,145,0.23644347765336962,0.22445353902400356,0.22445353902400356,0.1466471486739266,0.09126047729270825
entity,0.03,4213,146,0.23619349143555157,0.2242025710795247,0.22420257107952468,0.1464731974311381,0.09135733897853034
entity,0.03,4213,147,0.23594297229789873,0.2239510549852579,0.2239510549852579,0.1462981805909924,0.09145573794274171
entity,0.03,4213,148,0.235691911291039,0.2236989817678036,0.22369898176780356,0.14612212207606629,0.09155563369389765
entity,0.03,4213,149,0.23544029965975483,0.22344634264784913,0.22344634264784913,0.14594504501870387,0.09165698659193179
entity,0.03,4213,150,0.23518812883894044,0.22319312903612892,0.22319312903612892,0.145766971788878,0.0917597577936668
entity,0.03,4213,151,0.2349353904498629,0.22293933252968887,0.22293933252968884,0.1455879240212563,0.09186390920198044
entity,0.03,4213,152,0.234682076296708,0.22268494490843596,0.222684944908436,0.1454079226414901,0.09196940341840115
entity,0.03,4213,153,0.23442817836339247,0.22242995813195438,0.22242995813195435,0.14522698789174393,0.09207620369891963
entity,0.03,4213,154,0.23417368881062425,0.22217436433657,0.22217436433657003,0.1450451393554842,0.09218427391281572
entity,0.03,4213,155,0.23391859997319592,0.22191815583264837,0.22191815583264834,0.14486239598154416,0.09229357850431501
entity,0.03,4213,156,0.23366290435749387,0.22166132510210868,0.22166132510210868,0.14467877610748284,0.09240408245689677
entity,0.03,4213,157,0.2334065946392111,0.22140386479614158,0.22140386479614158,0.14449429748225567,0.0925157512600889
entity,0.03,4213,158,0.2331496636612481,0.2211457677331154,0.22114576773311542,0.1443089772882131,0.0926285508785963
entity,0.03,4213,159,0.23289210443179023,0.22088702689665926,0.22088702689665923,0.1441228321624448,0.09274244772361395
entity,0.03,4213,160,0.23263391012254955,0.2206276354339105,0.2206276354339105,0.14393587821748555,0.0928574086261919
entity,0.03,4213,161,0.23237507406715927,0.2203675866539155,0.22036758665391554,0.14374813106139894,0.09297340081252177
entity,0.03,4213,162,0.2321155897597111,0.22010687402617324,0.22010687402617324,0.1435596058172557,0.09309039188102572
entity,0.03,4213,163,0.2318554508534247,0.21984549117931124,0.21984549117931124,0.1433703171420208,0.0932083497811351
entity,0.03,4213,164,0.2315946511594407,0.21958343189988566,0.21958343189988566,0.14318027924486676,0.0933272427936536
entity,0.03,4213,165,0.23133318464572786,0.21932069013129535,0.2193206901312954,0.14298950590492618,0.09344703951260548
entity,0.03,4213,166,0.2310710454360968,0.2190572599728028,0.21905725997280273,0.14279801048849966,0.09356770882847612
entity,0.03,4213,167,0.23080822780931118,0.2187931356786529,0.2187931356786529,0.14260580596573294,0.0936892199127587
entity,0.03,4213,168,0.23054472619829128,0.2185283116572843,0.2185283116572843,0.14241290492677758,0.09381154220372359
entity,0.03,4213,169,0.23028053518940017,0.2182627824706233,0.2182627824706233,0.14221931959744888,0.09393464539333615
entity,0.03,4213,170,0.23001564952180875,0.21799654283345715,0.21799654283345715,0.14202506185439479,0.09405849941524946
entity,0.03,4213,171,0.22975006408693133,0.21772958761287786,0.21772958761287783,0.1418301432397883,0.09418307443380522
entity,0.03,4213,172,0.22948377392792732,0.21746191182779245,0.21746191182779245,0.1416345749755574,0.09430834083398029
entity,0.03,4213,173,0.22921677423926298,0.21719351064849338,0.21719351064849338,0.14143836797716378,0.09443426921221865
entity,0.03,4213,174,0.2289490603663282,0.21692437939628412,0.21692437939628412,0.14124153286694352,0.09456083036809369
entity,0.03,4213,175,0.22868062780510306,0.21665451354315488,0.21665451354315485,0.14104407998702123,0.0946879952967492
entity,0.03,4213,176,0.22841147220187055,0.21638390871150437,0.21638390871150437,0.14084601941180946,0.09481573518206934
entity,0.03,4213,177,0.2281415893529697,0.2161125606739025,0.2161125606739025,0.14064736096010444,0.09494402139053204
entity,0.03,4213,178,0.22787097520458613,0.21584046535289036,0.21584046535289042,0.14044811420678988,0.09507282546570334
entity,0.03,4213,179,0.22759962585257587,0.21556761882081366,0.21556761882081366,0.14024828849415844,0.09520211912333112
entity,0.03,4213,180,0.22732753754231794,0.21529401729968528,0.21529401729968525,0.14004789294286255,0.09533187424700124
entity,0.03,4213,181,0.2270547066685932,0.21501965716107407,0.2150196571610741,0.13984693646250396,0.09546206288431984
entity,0.03,4213,182,0.2267811297754862,0.21474453492601675,0.21474453492601675,0.139645427761872,0.09559265724358897
entity,0.03,4213,183,0.22650680355630554,0.21446864726494852,0.21446864726494852,0.13944337535884077,0.09572362969094302
entity,0.03,4213,184,0.22623172485352122,0.21419199099765096,0.21419199099765096,0.13924078758993386,0.09585495274791787
entity,0.03,4213,185,0.22595589065871585,0.2139145630932135,0.2139145630932135,0.13903767261956626,0.09598659908942306
entity,0.03,4213,186,0.22567929811254614,0.21363636067000563,0.2136363606700057,0.13883403844897207,0.09611854154209286
entity,0.03,4213,187,0.22540194450471324,0.21335738099565804,0.21335738099565804,0.1386298929248267,0.09625075308298998
entity,0.03,4213,188,0.2251238272739388,0.2130776214870494,0.21307762148704934,0.13842524374757187,0.09638320683863968
entity,0.03,4213,189,0.2248449440079446,0.212797079710297,0.212797079710297,0.1382200984794517,0.09651587608437197
entity,0.03,4213,190,0.2245652924434344,0.21251575338074952,0.21251575338074952,0.13801446455226768,0.09664873424395168
entity,0.03,4213,191,0.22428487046607393,0.2122336403629783,0.21223364036297832,0.13780834927486021,0.09678175488947696
entity,0.03,4213,192,0.2240036761104694,0.2119507386707669,0.2119507386707669,0.13760175984032408,0.09691491174152755
entity,0.03,4213,193,0.22372170756014087,0.2116670464670959,0.21166704646709594,0.13739470333296533,0.0970481786695461
entity,0.03,4213,194,0.22343896314749007,0.21138256206412187,0.21138256206412187,0.1371871867350067,0.09718152969243588
entity,0.03,4213,195,0.22315544135375942,0.21109728392314803,0.21109728392314803,0.13697921693304796,0.09731493897935987
entity,0.03,4213,196,0.2228711408089825,0.21081121065458602,0.21081121065458602,0.13677080072428802,0.09744838085072574
entity,0.03,4213,197,0.22258606029192263,0.2105243410179063,0.21052434101790624,0.13656194482251582,0.09758182977934454
entity,0.03,4213,198,0.2223001987299995,0.2102366739215759,0.2102366739215759,0.1363526558638755,0.09771526039174867
entity,0.03,4213,199,0.222013555199202,0.20994820842298345,0.2099482084229834,0.13614294041241226,0.09784864746965691
entity,0.03,4213,200,0.22172612892398522,0.20965894372834742,0.20965894372834742,0.13593280496540494,0.09798196595157617
entity,0.03,4213,201,0.221437919277152,0.20936887919260963,0.20936887919260966,0.13572225595849122,0.09811519093452696
entity,0.03,4213,202,0.22114892577971598,0.20907801431930997,0.20907801431931,0.13551129977059032,0.0982482976758831
entity,0.03,4213,203,0.22085914810074692,0.20878634876044347,0.20878634876044347,0.13529994272862975,0.09838126159531607
entity,0.03,4213,204,0.22056858605719537,0.20849388231629684,0.20849388231629684,0.13508819111208023,0.09851405827683318
entity,0.03,4213,205,0.22027723961369744,0.20820061493526498,0.20820061493526498,0.1348760511573052,0.09864666347090156
entity,0.03,4213,206,0.21998510888235748,0.20790654671364553,0.20790654671364553,0.13466352906172857,0.09877905309664921
entity,0.03,4213,207,0.21969219412250857,0.20761167789541105,0.20761167789541105,0.1344506309878266,0.09891120324413406
entity,0.03,4213,208,0.21939849574044917,0.20731600887195772,0.2073160088719577,0.1342373630669484,0.09904309017667483
entity,0.03,4213,209,0.21910401428915655,0.20701954018183033,0.2070195401818303,0.13402373140296914,0.09917469033323413
entity,0.03,4213,210,0.2188087504679744,0.20672227251042186,0.20672227251042186,0.13380974207578142,0.09930598033084845
entity,0.03,4213,211,0.21851270512227597,0.20642420668964828,0.20642420668964828,0.1335954011446282,0.09943693696709748
entity,0.03,4213,212,0.21821587924310015,0.2061253436975965,0.20612534369759655,0.1333807146512822,0.09956753722260593
entity,0.03,4213,213,0.21791827396676172,0.20582568465814624,0.20582568465814627,0.1331656886230756,0.0996977582635723
entity,0.03,4213,214,0.21761989057443382,0.20552523084056426,0.20552523084056423,0.13295032907578408,0.0998275774443182
entity,0.03,4213,215,0.21732073049170292,0.20522398365907094,0.2052239836590709,0.13273464201636953,0.09995697230985229
entity,0.03,4213,216,0.21702079528809576,0.2049219446723788,0.2049219446723788,0.13251863344558443,0.10008592059844425
entity,0.03,4213,217,0.2167200866765776,0.20461911558320242,0.20461911558320245,0.13230230936044274,0.10021440024420239
entity,0.03,4213,218,0.2164186065130216,0.2043154982377392,0.2043154982377392,0.1320856757565598,0.10034238937965097
entity,0.03,4213,219,0.21611635679564903,0.20401109462512101,0.20401109462512101,0.1318687386303658,0.10046986633830093
entity,0.03,4213,220,0.2158133396644398,0.20370590687683623,0.20370590687683623,0.13165150398119557,0.10059680965721161
entity,0.03,4213,221,0.21550955740051364,0.20339993726612204,0.20339993726612204,0.13143397781325852,0.10072319807953668
entity,0.03,4213,222,0.2152050124254808,0.20309318820732644,0.20309318820732644,0.1312161661374917,0.10084901055705141
entity,0.03,4213,223,0.214899707300763,0.20278566225524045,0.20278566225524045,0.1309980749732995,0.10097422625265699
entity,0.03,4213,224,0.21459364472688414,0.20247736210439962,0.20247736210439962,0.13077971035018313,0.10109882454285798
entity,0.03,4213,225,0.2142868275427304,0.20216829058835534,0.2021682905883553,0.13056107830926258,0.10122278502020833
entity,0.03,4213,226,0.21397925872478013,0.20185845067891545,0.20185845067891547,0.13034218490469457,0.10134608749572387
entity,0.03,4213,227,0.21367094138630338,0.20154784548535465,0.20154784548535465,0.13012303620498936,0.10146871200125636
entity,0.03,4213,228,0.21336187877653076,0.20123647825359386,0.2012364782535939,0.12990363829422882,0.10159063879182684
entity,0.03,4213,229,0.2130520742797922,0.20092435236534975,0.20092435236534978,0.12968399727318936,0.10171184834791447
entity,0.03,4213,230,0.21274153141462507,0.2006114713372531,0.20061147133725313,0.12946411926037166,0.10183232137769811
entity,0.03,4213,231,0.21243025383285263,0.20029783881993768,0.20029783881993768,0.12924401039294078,0.10195203881924794
entity,0.03,4213,232,0.2121182453186318,0.19998345859709807,0.19998345859709804,0.1290236768275786,0.1020709818426637
entity,0.03,4213,233,0.21180550978747148,0.1996683345845183,0.19966833458451827,0.1288031247412515,0.10218913185215754
entity,0.03,4213,234,0.211492051285221,0.19935247082906996,0.19935247082906993,0.12858236033189568,0.10230647048807934
entity,0.03,4213,235,0.21117787398702925,0.19903587150768123,0.1990358715076812,0.128361389819023,0.10242297962888072
entity,0.03,4213,236,0.21086298219627428,0.19871854092627617,0.19871854092627617,0.1281402194442493,0.10253864139301679
entity,0.03,4213,237,0.21054738034346437,0.19840048351868514,0.19840048351868514,0.12791885547174778,0.10265343814078319
entity,0.03,4213,238,0.21023107298511023,0.19808170384552656,0.19808170384552654,0.12769730418863023,0.10276735247608608
entity,0.03,4213,239,0.20991406480256902,0.19776220659305993,0.19776220659305987,0.12747557190525743,0.10288036724814366
entity,0.03,4213,240,0.20959636060086023,0.19744199657201084,0.19744199657201084,0.12725366495548232,0.1029924655531167
entity,0.03,4213,241,0.20927796530745466,0.19712107871636875,0.19712107871636877,0.1270315896968268,0.10310363073566751
entity,0.03,4213,242,0.20895888397103546,0.19679945808215682,0.19679945808215682,0.1268093525105954,0.10321384639044473
entity,0.03,4213,243,0.20863912176023292,0.1964771398461752,0.19647713984617524,0.12658695980192788,0.10332309636349322
entity,0.03,4213,244,0.20831868396233327,0.19615412930471815,0.19615412930471815,0.12636441799979173,0.10343136475358745
entity,0.03,4213,245,0.2079975759819611,0.19583043187226462,0.19583043187226462,0.1261417335569183,0.1035386359134871
entity,0.03,4213,246,0.20767580333973717,0.19550605308014413,0.19550605308014413,0.1259189129496836,0.10364489445111372
entity,0.03,4213,247,0.2073533716709111,0.1951809985751772,0.1951809985751772,0.1256959626779358,0.1037501252306481
entity,0.03,4213,248,0.20703028672396992,0.19485527411829165,0.19485527411829168,0.12547288926477196,0.10385431337354634
entity,0.03,4213,249,0.2067065543592234,0.19452888558311515,0.19452888558311515,0.125249699256265,0.10395744425947469
entity,0.03,4213,250,0.20638218054736554,0.19420183895454415,0.19420183895454418,0.1250263992211442,0.1040595035271624
entity,0.03,4213,251,0.20605717136801455,0.19387414032729072,0.19387414032729072,0.12480299575042954,0.10416047707517133
entity,0.03,4213,252,0.20573153300823016,0.19354579590440693,0.1935457959044069,0.12457949545702278,0.10426035106258298
entity,0.03,4213,253,0.2054052717610102,0.19321681199578777,0.19321681199578777,0.12435590497525686,0.1043591119096011
entity,0.03,4213,254,0.20507839402376665,0.19288719501665386,0.19288719501665383,0.12413223096040535,0.10445674629807085
entity,0.03,4213,255,0.20475090629678117,0.19255695148601312,0.19255695148601312,0.12390848008815311,0.10455324117191427
entity,0.03,4213,256,0.2044228151816421,0.19222608802510383,0.19222608802510383,0.12368465905403134,0.10464858373748037
entity,0.03,4213,257,0.20409412737966254,0.19189461135581834,0.19189461135581837,0.12346077457281704,0.10474276146381226
entity,0.03,4213,258,0.20376484969028055,0.19156252829910905,0.19156252829910908,0.12323683337789965,0.10483576208282952
entity,0.03,4213,259,0.20343498900944193,0.19122984577337648,0.19122984577337648,0.12301284222061593,0.1049275735894268
entity,0.03,4213,260,0.20310455232796704,0.19089657079284122,0.19089657079284122,0.12278880786955522,0.10501818424148862
entity,0.03,4213,261,0.20277354672990142,0.19056271046589945,0.19056271046589945,0.1225647371098359,0.10510758255982139
entity,0.03,4213,262,0.20244197939085146,0.1902282719934634,0.1902282719934634,0.12234063674235529,0.1051957573280022
entity,0.03,4213,263,0.20210985757630587,0.18989326266728718,0.18989326266728718,0.12211651358301406,0.10528269759214516
entity,0.03,4213,264,0.20177718863994337,0.1895576898682788,0.1895576898682788,0.12189237446191678,0.10536839266058672
entity,0.03,4213,265,0.20144398002192793,0.18922156106479943,0.18922156106479937,0.12166822622255016,0.10545283210348906
entity,0.03,4213,266,0.20111023924719099,0.1888848838109493,0.1888848838109493,0.12144407572094015,0.10553600575236445
entity,0.03,4213,267,0.20077597392370375,0.18854766574484383,0.18854766574484383,0.12121992982478964,0.10561790369951907
entity,0.03,4213,268,0.2004411917407375,0.18820991458687691,0.18820991458687691,0.12099579541259761,0.10569851629741914
entity,0.03,4213,269,0.20010590046711493,0.18787163813797564,0.18787163813797564,0.12077167937276172,0.10577783415797928
entity,0.03,4213,270,0.199770107949452,0.18753284427784483,0.18753284427784483,0.12054758860266512,0.10585584815177469
entity,0.03,4213,271,0.19943382211039148,0.18719354096320345,0.18719354096320345,0.12032353000774881,0.1059325494071777
entity,0.03,4213,272,0.19909705094682906,0.18685373622601276,0.18685373622601276,0.1200995105005714,0.10600792930942045
entity,0.03,4213,273,0.19875980252813252,0.18651343817169802,0.18651343817169805,0.11987553699985644,0.10608197949958505
entity,0.03,4213,274,0.1984220849943547,0.18617265497736316,0.18617265497736318,0.11965161642952948,0.10615469187352133
entity,0.03,4213,275,0.1980839065544412,0.18583139489000025,0.18583139489000028,0.11942775571774565,0.10622605858069523
entity,0.03,4213,276,0.19774527548443344,0.1854896662246941,0.18548966622469412,0.11920396179590853,0.10629607202296815
entity,0.03,4213,277,0.19740620012566806,0.18514747736282272,0.1851474773628227,0.1189802415976822,0.10636472485330892
entity,0.03,4213,278,0.19706668888297257,0.1848048367502541,0.18480483675025408,0.11875660205799701,0.1064320099744401
entity,0.03,4213,279,0.19672675022285935,0.1844617528955409,0.1844617528955409,0.11853305011204993,0.10649792053741967
entity,0.03,4213,280,0.1963863926717174,0.18411823436811275,0.18411823436811275,0.11830959269430118,0.10656244994016077
entity,0.03,4213,281,0.19604562481400303,0.1837742897964673,0.18377428979646726,0.11808623673746768,0.10662559182588996
entity,0.03,4213,282,0.19570445529043085,0.1834299278663611,0.1834299278663611,0.11786298917151423,0.10668734008154585
entity,0.03,4213,283,0.19536289279616437,0.18308515731900016,0.18308515731900016,0.11763985692264349,0.10674768883612101
entity,0.03,4213,284,0.1950209460790083,0.18273998694923188,0.18273998694923188,0.11741684691228592,0.10680663245894707
entity,0.03,4213,285,0.19467862393760232,0.182394425603738,0.18239442560373803,0.11719396605608998,0.10686416555792631
entity,0.03,4213,286,0.19433593521961728,0.18204848217923014,0.18204848217923014,0.11697122126291404,0.10692028297771031
entity,0.03,4213,287,0.19399288881995438,0.18170216562064778,0.18170216562064778,0.11674861943382045,0.10697497979782891
entity,0.03,4213,288,0.1936494936789484,0.18135548491936013,0.18135548491936015,0.11652616746107247,0.10702825133076936
entity,0.03,4213,289,0.19330575878057493,0.18100844911137196,0.18100844911137198,0.11630387222713556,0.10708009312000961
entity,0.03,4213,290,0.19296169315066278,0.18066106727553405,0.180661067275534,0.11608174060368275,0.10713050093800598
entity,0.03,4213,291,0.1926173058551117,0.18031334853175907,0.18031334853175907,0.11585977945060542,0.10717947078413803
entity,0.03,4213,292,0.1922726059981167,0.17996530203924366,0.17996530203924366,0.11563799561503021,0.1072269988826118
entity,0.03,4213,293,0.19192760272039883,0.1796169369946966,0.1796169369946966,0.11541639593034245,0.10727308168032405
entity,0.03,4213,294,0.19158230519744313,0.1792682626305744,0.1792682626305744,0.1151949872152169,0.10731771584468872
entity,0.03,4213,295,0.19123672263774483,0.17891928821332442,0.17891928821332442,0.1149737762726563,0.10736089826142795
entity,0.03,4213,296,0.1908908642810639,0.17857002304163633,0.17857002304163633,0.11475276988903847,0.10740262603232922
entity,0.03,4213,297,0.1905447393966881,0.178220476444702,0.178220476444702,0.11453197483317235,0.10744289647297084
entity,0.03,4213,298,0.1901983572817064,0.17787065778048522,0.17787065778048522,0.11431139785536365,0.10748170711041724
entity,0.03,4213,299,0.18985172725929123,0.1775205764340005,0.1775205764340005,0.11409104568649052,0.10751905568088621
entity,0.03,4213,300,0.18950485867699216,0.17717024181560248,0.17717024181560243,0.1138709250370896,0.1075549401273901
entity,0.03,4213,301,0.18915776090503983,0.1768196633592861,0.17681966335928612,0.11365104259645337,0.10758935859735222
entity,0.03,4213,302,0.18881044333466196,0.17646885052099792,0.17646885052099787,0.11343140503173854,0.10762230944020078
entity,0.03,4213,303,0.18846291537641008,0.17611781277695865,0.17611781277695865,0.11321201898708645,0.10765379120494233
entity,0.03,4213,304,0.18811518645849976,0.17576655962199844,0.17576655962199844,0.11299289108275569,0.10768380263771553
entity,0.03,4213,305,0.18776726602516258,0.175415100567904,0.17541510056790405,0.11277402791426708,0.10771234267932843
entity,0.03,4213,306,0.18741916353501167,0.175063445141779,0.17506344514177902,0.11255543605156168,0.10773941046277953
entity,0.03,4213,307,0.1870708884594202,0.17471160288441728,0.17471160288441726,0.11233712203817191,0.10776500531076562
entity,0.03,4213,308,0.18672245028091408,0.17435958334869014,0.17435958334869012,0.11211909239040627,0.10778912673317699
entity,0.03,4213,309,0.18637385849157873,0.17400739609794727,0.1740073960979473,0.1119013535965475,0.10781177442458283
entity,0.03,4213,310,0.1860251225914802,0.17365505070443218,0.17365505070443218,0.11168391211606504,0.10783294826170692
entity,0.03,4213,311,0.18567625208710115,0.17330255674771197,0.17330255674771197,0.11146677437884157,0.10785264830089707
entity,0.03,4213,312,0.18532725648979187,0.17294992381312238,0.17294992381312238,0.11124994678441394,0.10787087477558793
entity,0.03,4213,313,0.1849781453142368,0.17259716149022775,0.17259716149022775,0.11103343570122871,0.1078876280937607
entity,0.03,4213,314,0.18462892807693684,0.17224427937129677,0.17224427937129677,0.11081724746591246,0.10790290883539928
entity,0.03,4213,315,0.18427961429470724,0.17189128704979384,0.1718912870497938,0.1106013883825568,0.10791671774994573
entity,0.03,4213,316,0.18393021348319183,0.17153819411888624,0.17153819411888627,0.11038586472201899,0.10792905575375601
entity,0.03,4213,317,0.18358073515539405,0.17118501016996818,0.17118501016996818,0.1101706827212368,0.1079399239275569
entity,0.03,4213,318,0.183231188820224,0.17083174479120067,0.17083174479120067,0.10995584858255941,0.10794932351390694
entity,0.03,4213,319,0.18288158398106266,0.17047840756606836,0.17047840756606836,0.10974136847309307,0.10795725591466013
entity,0.03,4213,320,0.18253193013434316,0.17012500807195335,0.17012500807195335,0.10952724852406233,0.10796372268843667
entity,0.03,4213,321,0.18218223676814926,0.16977155587872597,0.16977155587872594,0.10931349483018662,0.1079687255480996
entity,0.03,4213,322,0.181832513360831,0.16941806054735267,0.16941806054735267,0.10910011344907222,0.10797226635823978
entity,0.03,4213,323,0.18148276937963828,0.16906453162852164,0.16906453162852164,0.10888711040061962,0.10797434713266994
entity,0.03,4213,324,0.18113301427937167,0.16871097866128557,0.16871097866128557,0.10867449166644624,0.10797497003192882
entity,0.03,4213,325,0.18078325750105143,0.1683574111717224,0.16835741117172243,0.10846226318932484,0.10797413736079696
entity,0.03,4213,326,0.18043350847060416,0.16800383867161373,0.16800383867161373,0.1082504308726367,0.10797185156582463
entity,0.03,4213,327,0.18008377659756755,0.16765027065714097,0.16765027065714097,0.10803900057984064,0.10796811523287254
entity,0.03,4213,328,0.17973407127381344,0.16729671660759993,0.16729671660759993,0.10782797813395717,0.107962931084668
entity,0.03,4213,329,0.17938440187228874,0.16694318598413288,0.16694318598413288,0.10761736931706752,0.10795630197837511
entity,0.03,4213,330,0.179034777745775,0.16658968822847942,0.16658968822847942,0.10740717986982799,0.10794823090318141
entity,0.03,4213,331,0.17868520822566597,0.16623623276174493,0.16623623276174493,0.10719741549099943,0.10793872097790126
entity,0.03,4213,332,0.1783357026207637,0.1658828289831878,0.1658828289831878,0.10698808183699127,0.10792777544859701
entity,0.03,4213,333,0.17798627021609328,0.16552948626902472,0.16552948626902472,0.10677918452142057,0.10791539768621815
entity,0.03,4213,334,0.1776369202717355,0.16517621397125432,0.16517621397125432,0.10657072911468558,0.10790159118425967
entity,0.03,4213,335,0.1772876620216785,0.1648230214164993,0.1648230214164993,0.10636272114355402,0.10788635955644005
entity,0.03,4213,336,0.17693850467268762,0.16446991790486673,0.16446991790486673,0.10615516609076535,0.10786970653439952
entity,0.03,4213,337,0.17658945740319393,0.1641169127088271,0.1641169127088271,0.10594806939464771,0.10785163596541919
entity,0.03,4213,338,0.17624052936220103,0.16376401507211144,0.16376401507211144,0.10574143644874873,0.10783215181016134
entity,0.03,4213,339,0.17589172966821037,0.1634112342086268,0.1634112342086268,0.10553527260147996,0.10781125814043205
entity,0.03,4213,340,0.17554306740816536,0.16305857930139045,0.16305857930139045,0.10532958315577569,0.10778895913696551
entity,0.03,4213,341,0.17519455163641315,0.16270605950148193,0.16270605950148193,0.10512437336876464,0.10776525908723184
entity,0.03,4213,342,0.17484619137368573,0.16235368392701388,0.16235368392701385,0.10491964845145549,0.10774016238326738
entity,0.03,4213,343,0.17449799560609847,0.16200146166212065,0.16200146166212065,0.10471541356843543,0.10771367351952868
entity,0.03,4213,344,0.17414997328416765,0.16164940175596554,0.16164940175596554,0.10451167383758159,0.10768579709077072
entity,0.03,4213,345,0.17380213332184583,0.161297513221766,0.161297513221766,0.10430843432978557,0.10765653778994858
entity,0.03,4213,346,0.17345448459557536,0.16094580503583678,0.16094580503583678,0.10410570006869023,0.10762590040614366
entity,0.03,4213,347,0.1731070359433604,0.16059428613665153,0.1605942861366515,0.10390347603043922,0.10759388982251482
entity,0.03,4213,348,0.1727597961638563,0.16024296542392183,0.16024296542392183,0.10370176714343837,0.10756051101427364
entity,0.03,4213,349,0.17241277401547747,0.15989185175769446,0.1598918517576945,0.10350057828812931,0.10752576904668518
entity,0.03,4213,350,0.17206597821552302,0.1595409539574666,0.1595409539574666,0.1032999142967747,0.10748966907309339
entity,0.1,4211,0,0.3926282746047346,0.38774683871018734,0.3877468387101874,0.1951203278844612,0.58282116974167
entity,0.1,4211,1,0.36092724799052023,0.3560423263243117,0.35604232632431176,0.17619819482281424,0.5053826133820597
entity,0.1,4211,2,0.33706150542586766,0.3321682917747247,0.33216829177472473,0.16333006965302485,0.43938018751137525
entity,0.1,4211,3,0.3190010520429172,0.3140967560876413,0.31409675608764126,0.15479915106306408,0.3829723741625348
entity,0.1,4211,4,0.30526367822687395,0.30034684703678777,0.3003468470367878,0.14936606435109967,0.3346789278890881
entity,0.1,4211,5,0.2947590924881391,0.2898291435569178,0.2898291435569178,0.1461317948300229,0.2932937238801462
entity,0.1,4211,6,0.2866804670163885,0.28173736846574093,0.28173736846574093,0.14444249177032784,0.25782302875618396
entity,0.1,4211,7,0.28042779362178116,0.27547184688026427,0.27547184688026427,0.14382229358382406,0.22744041675422122
entity,0.1,4211,8,0.2755530371258587,0.2705847308700975,0.2705847308700975,0.14392531642428533,0.20145285703602586
entity,0.1,4211,9,0.2717204862632377,0.26674039975822156,0.2667403997582215,0.1445009860761492,0.17927448922898645
entity,0.1,4211,10,0.2686778520378877,0.26368659254965376,0.26368659254965376,0.14536879954998322,0.16040584635358163
entity,0.1,4211,11,0.26623505550938775,0.2612332190549399,0.26123321905493996,0.146399832679739,0.14441709588784138
entity,0.1,4211,12,0.2642485701037553,0.2592367180357297,0.25923671803572973,0.1475031226801105,0.1309344268865891
entity,0.1,4211,13,0.2626098083267299,0.25758845452760437,0.25758845452760437,0.14861560289858977,0.11962909895542616
entity,0.1,4211,14,0.26123647298225794,0.25620607804609374,0.2562060780460938,0.1496946435811861,0.11020891320726847
entity,0.1,4211,15,0.26006609358374666,0.25502706349020987,0.25502706349020987,0.15071251512655676,0.10241196230967
entity,0.1,4211,16,0.259051181234353,0.2540038688096924,0.2540038688096924,0.15165227591937175,0.09600246900207565
entity,0.1,4211,17,0.2581555871613664,0.253100295172957,0.253100295172957,0.15250471949131317,0.09076837132969151
entity,0.1,4211,18,0.25735175958921913,0.25228874470428275,0.25228874470428275,0.15326611148708166,0.08652014411366943
entity,0.1,4211,19,0.25661867315424025,0.2515481502590835,0.2515481502590835,0.15393651656897844,0.08309025694316298
entity,0.1,4211,20,0.2559402631800081,0.25086240973876317,0.25086240973876317,0.15451856644133988,0.08033271507748371
entity,0.1,4211,21,0.2553042398402081,0.25021920009651155,0.25021920009651155,0.15501655781673535,0.07812229581697076
entity,0.1,4211,22,0.25470118877159664,0.24960907768049012,0.24960907768049007,0.1554357970469666,0.0763533097056953
entity,0.1,4211,23,0.25412388808315267,0.24902479491613783,0.24902479491613783,0.15578212891666718,0.07493790637551272
entity,0.1,4211,24,0.25356678910987374,0.24846078071223024,0.24846078071223024,0.15606160262477817,0.0738040630843925
entity,0.1,4211,25,0.25302562125274974,0.24791274495505294,0.24791274495505292,0.15628023962170168,0.07289343473129091
entity,0.1,4211,26,0.25249709097522643,0.24737737717476216,0.24737737717476216,0.15644387672233998,0.07215922861041356
entity,0.1,4211,27,0.2519786523295892,0.2468521167650431,0.2468521167650431,0.15655806450866955,0.07156422372231003
entity,0.1,4211,28,0.25146833188137085,0.24633497762783269,0.24633497762783269,0.15662800601037902,0.07107900561969827
entity,0.1,4211,29,0.2509645950422885,0.24582441425468882,0.24582441425468884,0.15665852440985178,0.07068044629442716
entity,0.1,4211,30,0.2504662439508091,0.2453192193833642,0.2453192193833642,0.1566540513579013,0.07035042905636957
entity,0.1,4211,31,0.24997233940617503,0.2448184457339218,0.24481844573392178,0.15661862963351098,0.07007480032602409
entity,0.1,4211,32,0.24948214115472306,0.24432134612121376,0.24432134612121376,0.15655592550298286,0.06984252125987338
entity,0.1,4211,33,0.24899506218746148,0.24382732760045217,0.24382732760045217,0.15646924735843887,0.06964498928004123
entity,0.1,4211,34,0.24851063374084317,0.24333591633553042,0.24333591633553042,0.15636156813857657,0.06947550045153073
entity,0.1,4211,35,0.24802847847801582,0.2428467306651698,0.24284673066516976,0.15623554972867354,0.06932882646873614
entity,0.1,4211,36,0.24754828992546674,0.24235946043973983,0.24235946043973983,0.1560935680572279,0.06920088361943244
entity,0.1,4211,37,0.24706981669517028,0.24187385115696364,0.24187385115696367,0.1559377379952283,0.0690884748009648
entity,0.1,4211,38,0.24659285036930306,0.24138969177186034,0.24138969177186034,0.15576993745273976,0.0689890891043366
entity,0.1,4211,39,0.24611721618923635,0.24090680532110728,0.2409068053211073,0.15559183028052923,0.06890074649522468
entity,0.1,4211,40,0.245642765892503,0.24042504170416823,0.24042504170416823,0.15540488774032102,0.06882187766340825
entity,0.1,4211,41,0.24516937219568094,0.23994427211794422,0.23994427211794422,0.15521040842002387,0.06875123120388274
entity,0.1,4211,42,0.2446969245389919,0.23946438475970927,0.23946438475970927,0.1550095365506336,0.0686878019837181
entity,0.1,4211,43,0.24422532579849632,0.2389852815033111,0.2389852815033111,0.15480327873763194,0.06863077589804527
entity,0.1,4211,44,0.24375448974065891,0.23850687532262954,0.23850687532262954,0.1545925191577714,0.06857948728534981
entity,0.1,4211,45,0.24328433904675587,0.2380290882890881,0.23802908828908806,0.15437803329686287,0.06853338610984117
entity,0.1,4211,46,0.24281480377492842,0.2375518500104394,0.2375518500104394,0.1541605003191284,0.06849201267289111
entity,0.1,4211,47,0.2423458201585583,0.23707509640899735,0.23707509640899732,0.15394051416653629,0.06845497812454504
entity,0.1,4211,48,0.24187732966328057,0.23659876876119806,0.23659876876119806,0.15371859348933015,0.0684219494409704
entity,0.1,4211,49,0.24140927824306035,0.23612281293854326,0.23612281293854326,0.15349519050821353,0.06839263783932921
entity,0.1,4211,50,0.24094161574962875,0.23564717880390126,0.2356471788039013,0.15327069890549155,0.0683667898377144
entity,0.1,4211,51,0.240474295460211,0.23517181972782247,0.23517181972782247,0.15304546083774198,0.0683441803500264
entity,0.1,4211,52,0.2400072736966263,0.23469669219771186,0.23469669219771186,0.1528197731569048,0.06832460734615936
entity,0.1,4211,53,0.2395405095150918,0.23422175549898752,0.2342217554989875,0.15259389292048875,0.06830788771609736
entity,0.1,4211,54,0.2390739644508554,0.23374697145217438,0.23374697145217438,0.15236804226521927,0.06829385405985447
entity,0.1,4211,55,0.2386076023054623,0.23327230419358694,0.23327230419358694,0.1521424127121154,0.0682823521893275
entity,0.1,4211,56,0.23814138896728013,0.2327977199900973,0.2327977199900973,0.15191716896483998,0.06827323917747917
entity,0.1,4211,57,0.23767529225807976,0.23232318708067212,0.2323231870806721,0.1516924522573165,0.06826638182823247
entity,0.1,4211,58,0.23720928180012835,0.23184867553904062,0.2318486755390406,0.1514683833011097,0.06826165546966019
entity,0.1,4211,59,0.23674332889953537,0.23137415715315007,0.23137415715315007,0.15124506487795752,0.06825894299551646
entity,0.1,4211,60,0.23627740644257192,0.23089960531805825,0.2308996053180582,0.15102258411813302,0.06825813409743904
entity,0.1,4211,61,0.23581148880244124,0.23042499493967905,0.23042499493967905,0.15080101450100233,0.06825912464344637
entity,0.1,4211,62,0.23534555175456082,0.22995030234738778,0.22995030234738778,0.15058041761022137,0.06826181616858633
entity,0.1,4211,63,0.2348795723988618,0.22947550521394675,0.22947550521394672,0.1503608446724575,0.06826611545146875
entity,0.1,4211,64,0.23441352908795848,0.22900058248156296,0.22900058248156294,0.15014233790531217,0.06827193415648142
entity,0.1,4211,65,0.23394740136030392,0.22852551429316081,0.22852551429316081,0.14992493169723514,0.06827918852615975
entity,0.1,4211,66,0.23348116987765358,0.22805028192816074,0.22805028192816074,0.14970865363963082,0.06828779911178406
entity,0.1,4211,67,0.23301481636631502,0.2275748677422168,0.2275748677422168,0.1494935254290417,0.06829769053305554
entity,0.1,4211,68,0.23254832356178307,0.2270992551104902,0.22709925511049017,0.149279563655225,0.06830879125984506
entity,0.1,4211,69,0.23208167515645323,0.2266234283741319,0.2266234283741319,0.14906678048909675,0.06832103341066643
entity,0.1,4211,70,0.2316148557501774,0.2261473727897219,0.2261473727897219,0.14885518428287844,0.06833435256380373
entity,0.1,4211,71,0.23114785080347972,0.2256710744814685,0.2256710744814685,0.14864478009332416,0.06834868757801267
entity,0.1,4211,72,0.23068064659329338,0.22519452039601573,0.22519452039601573,0.14843557013761569,0.06836398042048247
entity,0.1,4211,73,0.23021323017111012,0.22471769825973995,0.22471769825973992,0.14822755419036795,0.06838017600033708
entity,0.1,4211,74,0.2297455893234579,0.22424059653844147,0.22424059653844153,0.14802072992917303,0.06839722200641632
entity,0.1,4211,75,0.22927771253464055,0.2237632043993573,0.22376320439935732,0.14781509323521633,0.06841506874843162
entity,0.1,4211,76,0.22880958895168443,0.22328551167543267,0.2232855116754327,0.14761063845470498,0.06843366900087018
entity,0.1,4211,77,0.22834120835144986,0.22280750883180317,0.22280750883180317,0.1474073586261512,0.06845297784923367
entity,0.1,4211,78,0.22787256110986737,0.2223291869344424,0.22232918693444237,0.14720524567793375,0.06847295253836425
entity,0.1,4211,79,0.22740363817326525,0.2218505376209372,0.22185053762093726,0.14700429060001907,0.06849355232273925
entity,0.1,4211,80,0.22693443103175825,0.22137155307335643,0.22137155307335646,0.14680448359324225,0.06851473831871342
entity,0.1,4211,81,0.2264649316946647,0.220892225993177,0.220892225993177,0.14660581419912597,0.06853647335876402
entity,0.1,4211,82,0.22599513266792268,0.22041254957823592,0.22041254957823592,0.1464082714128437,0.06855872184785144
entity,0.1,4211,83,0.22552502693347443,0.2199325175016737,0.21993251750167364,0.1462118437816057,0.06858144962204986
entity,0.1,4211,84,0.22505460793058327,0.2194521238928332,0.2194521238928332,0.14601651949045774,0.06860462380963571
entity,0.1,4211,85,0.22458386953905102,0.2189713633200786,0.21897136332007858,0.14582228643722964,0.06862821269484305
entity,0.1,4211,86,0.22411280606429546,0.21849023077549373,0.21849023077549373,0.14562913229814747,0.06865218558451087
entity,0.1,4211,87,0.22364141222424988,0.21800872166142016,0.21800872166142016,0.14543704458542706,0.06867651267785674
entity,0.1,4211,88,0.2231696831380397,0.21752683177878926,0.21752683177878926,0.14524601069799403,0.06870116493961652
entity,0.1,4211,89,0.2226976143163914,0.21704455731720262,0.21704455731720262,0.14505601796632506,0.06872611397679032
entity,0.1,4211,90,0.22222520165372361,0.2165618948467103,0.2165618948467103,0.14486705369227068,0.06875133191923365
entity,0.1,4211,91,0.22175244142186856,0.21607884131123423,0.21607884131123423,0.14467910518460417,0.06877679130432758
entity,0.1,4211,92,0.22127933026536845,0.2155953940235814,0.2155953940235814,0.14449215979093807,0.06880246496595584
entity,0.1,4211,93,0.2208058651982881,0.21511155066198784,0.21511155066198787,0.14430620492655888,0.06882832592800732
entity,0.1,4211,94,0.22033204360248296,0.21462730926813173,0.21462730926813173,0.1441212281006531,0.06885434730261433
entity,0.1,4211,95,0.21985786322725764,0.21414266824655176,0.21414266824655176,0.14393721694032627,0.06888050219332387
entity,0.1,4211,96,0.2193833221903486,0.2136576263654034,0.21365762636540336,0.14375415921275722,0.06890676360338928
entity,0.1,4211,97,0.2189084189801607,0.21317218275848304,0.21317218275848304,0.1435720428457753,0.0689331043493543
entity,0.1,4211,98,0.2184331524591865,0.21268633692844924,0.21268633692844924,0.14339085594710177,0.06895949698009013
entity,0.1,4211,99,0.21795752186853262,0.21220008875116464,0.2122000887511646,0.1432105868224554,0.06898591370142998
entity,0.1,4211,100,0.21748152683347727,0.21171343848108393,0.21171343848108395,0.14303122399268597,0.06901232630653134
entity,0.1,4211,101,0.2170051673699804,0.21122638675760813,0.21122638675760808,0.14285275621006846,0.06903870611208053
entity,0.1,4211,102,0.21652844389206552,0.21073893461232496,0.21073893461232496,0.14267517247386208,0.06906502390043841
entity,0.1,4211,103,0.216051357219992,0.2102510834770544,0.21025108347705437,0.14249846204521555,0.06909124986780936
entity,0.1,4211,104,0.215573908589133,0.20976283519261404,0.20976283519261404,0.14232261446147776,0.06911735357849955
entity,0.1,4211,105,0.21509609965947607,0.20927419201822178,0.20927419201822178,0.1421476195499555,0.06914330392531355
entity,0.1,4211,106,0.21461793252565953,0.20878515664144884,0.20878515664144884,0.14197346744114414,0.06916906909612076
entity,0.1,4211,107,0.2141394097274583,0.208295732188637,0.208295732188637,0.1418001485814429,0.06919461654660672
entity,0.1,4211,108,0.2136605342606333,0.2078059222356939,0.2078059222356939,0.14162765374535533,0.06921991297920638
entity,0.1,4211,109,0.21318130958805556,0.20731573081917765,0.20731573081917765,0.14145597404716528,0.06924492432819938
entity,0.1,4211,110,0.2127017396510193,0.20682516244758514,0.20682516244758514,0.14128510095207025,0.06926961575092942
entity,0.1,4211,111,0.21222182888065527,0.20633422211275523,0.20633422211275526,0.14111502628674685,0.06929395162509307
entity,0.1,4211,112,0.21174158220935912,0.2058429153013011,0.2058429153013011,0.14094574224931794,0.06931789555202535
entity,0.1,4211,113,0.2112610050821474,0.20535124800598487,0.20535124800598487,0.14077724141868472,0.0693414103658927
entity,0.1,4211,114,0.21078010346785697,0.2048592267369498,0.20485922673694978,0.1406095167631859,0.06936445814868634
entity,0.1,4211,115,0.21029888387010306,0.20436685853272504,0.20436685853272504,0.14044256164854058,0.06938700025089262
entity,0.1,4211,116,0.20981735333791407,0.203874150970921,0.203874150970921,0.14027636984503195,0.06940899731770027
entity,0.1,4211,117,0.20933551947596146,0.2033811121785334,0.2033811121785334,0.1401109355338861,0.06943040932058744
entity,0.1,4211,118,0.20885339045430656,0.20288775084177768,0.20288775084177768,0.13994625331280075,0.06945119559411754
entity,0.1,4211,119,0.2083709750175861,0.20239407621537484,0.20239407621537486,0.13978231820057904,0.06947131487775426
entity,0.1,4211,120,0.20788828249356403,0.20190009813121643,0.20190009813121645,0.1396191256408232,0.06949072536249465
entity,0.1,4211,121,0.20740532280097554,0.2014058270063341,0.20140582700633414,0.1394566715046463,0.06950938474210201
entity,0.1,4211,122,0.20692210645659617,0.20091127385010607,0.20091127385010607,0.13929495209236015,0.0695272502687079
entity,0.1,4211,123,0.20643864458146954,0.20041645027063346,0.20041645027063346,0.1391339641341008,0.06954427881253923
entity,0.1,4211,124,0.20595494890623128,0.19992136848022427,0.1999213684802243,0.1389737047893569,0.06956042692551338
entity,0.1,4211,125,0.20547103177547052,0.19942604129992514,0.19942604129992514,0.13881417164536639,0.06957565090843375
entity,0.1,4211,126,0.2049869061510741,0.1989304821630457,0.19893048216304568,0.13865536271435436,0.06958990688150565
entity,0.1,4211,127,0.20450258561450188,0.19843470511762393,0.19843470511762396,0.1384972764295858,0.06960315085788435
entity,0.1,4211,128,0.20401808436794772,0.19793872482778532,0.1979387248277853,0.13833991164021275,0.06961533881995656
entity,0.1,4211,129,0.20353341723434146,0.19744255657395213,0.19744255657395215,0.138183267604899,0.06962642679804942
entity,0.1,4211,130,0.20304859965615696,0.1969462162518655,0.19694621625186548,0.13802734398421107,0.06963637095125375
entity,0.1,4211,131,0.20256364769299007,0.19644972037038516,0.19644972037038516,0.13787214083176855,0.06964512765004238
entity,0.1,4211,132,0.20207857801788065,0.195953086048039,0.19595308604803896,0.1377176585841509,0.06965265356035949
entity,0.1,4211,133,0.2015934079123535,0.19545633100829735,0.19545633100829735,0.13756389804956604,0.06965890572885353
entity,0.1,4211,134,0.20110815526016107,0.19495947357355403,0.194959473573554,0.1374108603952878,0.06966384166892334
entity,0.1,4211,135,0.20062283853971394,0.19446253265779911,0.19446253265779911,0.1372585471338773,0.0696674194472456
entity,0.1,4211,136,0.20013747681519184,0.19396552775797582,0.19396552775797576,0.13710696010820722,0.06966959777045291
entity,0.1,4211,137,0.19965208972633144,0.19346847894401686,0.1934684789440168,0.13695610147531478,0.06967033607163112
entity,0.1,4211,138,0.1991666974768951,0.19297140684756353,0.19297140684756353,0.13680597368911326,0.06966959459630821
entity,0.1,4211,139,0.19868132082182635,0.19247433264937291,0.19247433264937286,0.1366565794819981,0.06966733448761066
entity,0.1,4211,140,0.19819598105310668,0.19197727806542658,0.19197727806542655,0.13650792184538948,0.06966351787026712
entity,0.1,4211,141,0.1977106999843315,0.19148026533175827,0.19148026533175827,0.13636000400925652,0.06965810793314686
entity,0.1,4211,142,0.1972254999340283,0.19098331718802236,0.19098331718802233,0.13621282942067578,0.0696510690100266
entity,0.1,4211,143,0.1967404037077456,0.1904864568598315,0.1904864568598315,0.13606640172147988,0.06964236665828827
entity,0.1,4211,144,0.1962554345789462,0.1899897080398957,0.18998970803989573,0.1359207247250572,0.069631967735261
entity,0.1,4211,145,0.1957706162687428,0.18949309486800037,0.18949309486800037,0.1357758023923683,0.06961984047192983
entity,0.1,4211,146,0.195285972924518,0.18899664190986465,0.18899664190986465,0.13563163880724896,0.0696059545437469
entity,0.1,4211,147,0.19480152909747736,0.1885003741349278,0.18850037413492776,0.13548823815107258,0.06959028113829395
entity,0.1,4211,148,0.194317309719185,0.1880043168931126,0.1880043168931126,0.1353456046768502,0.06957279301955852
entity,0.1,4211,149,0.19383334007713893,0.18750849589062202,0.18750849589062202,0.13520374268284716,0.06955346458860089
entity,0.1,4211,150,0.1933496457894434,0.18701293716482634,0.1870129371648263,0.13506265648580096,0.06953227194040669
entity,0.1,4211,151,0.1928662527786428,0.18651766705830358,0.18651766705830355,0.13492235039382502,0.06950919291673345
entity,0.1,4211,152,0.1923831872447815,0.18602271219209804,0.1860227121920981,0.13478282867908623,0.06948420715478018
entity,0.1,4211,153,0.19190047563775883,0.18552809943826512,0.18552809943826512,0.13464409555034662,0.06945729613152482
entity,0.1,4211,154,0.19141814462905055,0.185033855891773,0.185033855891773,0.13450615512545883,0.06942844320359305
entity,0.1,4211,155,0.19093622108287073,0.18454000884183494,0.18454000884183494,0.13436901140390733,0.06939763364254296
entity,0.1,4211,156,0.19045473202684873,0.18404658574274613,0.18404658574274613,0.1342326682394877,0.06936485466546585
entity,0.1,4211,157,0.18997370462229976,0.18355361418430322,0.1835536141843032,0.1340971293132154,0.06933009546082697
entity,0.1,4211,158,0.18949316613416559,0.18306112186188278,0.18306112186188278,0.13396239810655503,0.06929334720948618
entity,0.1,4211,159,0.18901314390070706,0.18256913654625956,0.18256913654625956,0.13382847787506175,0.0692546031008608
entity,0.1,4211,160,0.18853366530302593,0.18207768605324212,0.18207768605324212,0.13369537162252215,0.06921385834421091
entity,0.1,4211,161,0.1880547577344977,0.18158679821320722,0.1815867982132072,0.13356308207568368,0.06917111017504798
entity,0.1,4211,162,0.18757644857019495,0.18109650084061152,0.18109650084061146,0.13343161165965542,0.0691263578566861
entity,0.1,4211,163,0.18709876513638002,0.18060682170356035,0.18060682170356035,0.13330096247406448,0.06907960267697472
entity,0.1,4211,164,0.18662173468014662,0.1801177884935119,0.18011778849351193,0.13317113627004562,0.06903084794026942
entity,0.1,4211,165,0.18614538433928676,0.1796294287951935,0.1796294287951935,0.1330421344281412,0.06898009895471598
entity,0.1,4211,166,0.1856697411124595,0.17914177005680668,0.17914177005680668,0.13291395793718241,0.06892736301493915
entity,0.1,4211,167,0.1851948318297356,0.17865483956059441,0.17865483956059441,0.13278660737422032,0.06887264938024541
entity,0.1,4211,168,0.18472068312358983,0.17816866439384288,0.17816866439384288,0.13266008288557,0.06881596924846295
entity,0.1,4211,169,0.1842473214004108,0.17768327142038715,0.17768327142038715,0.13253438416902688,0.06875733572555874
entity,0.1,4211,170,0.1837747728125948,0.1771986872526878,0.17719868725268778,0.13240951045730848,0.06869676379118513
entity,0.1,4211,171,0.18330306323128875,0.17671493822454334,0.17671493822454334,0.13228546050277132,0.0686342702603216
entity,0.1,4211,172,0.18283221821984202,0.17623205036449846,0.17623205036449846,0.1321622325634453,0.06856987374118981
entity,0.1,4211,173,0.18236226300802577,0.1757500493700071,0.1757500493700071,0.13203982439042478,0.06850359458962899
entity,0.1,4211,174,0.18189322246707343,0.17526896058240404,0.17526896058240404,0.1319182332166472,0.06843545486013167
entity,0.1,4211,175,0.18142512108559333,0.1747888089627361,0.17478880896273608,0.13179745574708746,0.06836547825374377
entity,0.1,4211,176,0.1809579829463994,0.17430961906849982,0.17430961906849984,0.1316774881503877,0.06829369006304412
entity,0.1,4211,177,0.1804918317043041,0.17383141503132926,0.17383141503132926,0.13155832605193876,0.06822011711442282
entity,0.1,4211,178,0.18002669056491094,0.1733542205356724,0.17335422053567243,0.1314399645284219,0.06814478770788275
entity,0.1,4211,179,0.17956258226444266,0.17287805879849225,0.17287805879849227,0.13132239810381502,0.06806773155459298
entity,0.1,4211,180,0.17909952905063498,0.17240295255002283,0.17240295255002283,0.13120562074686176,0.06798897971242446
entity,0.1,4211,181,0.17863755266472273,0.17192892401560794,0.17192892401560794,0.1310896258699953,0.06790856451970069
entity,0.1,4211,182,0.17817667432454087,0.171455994898645,0.171455994898645,0.1309744063297055,0.06782651952739574
entity,0.1,4211,183,0.17771691470875897,0.1709841863646533,0.1709841863646533,0.13085995442833018,0.06774287943001134
entity,0.1,4211,184,0.1772582939422627,0.17051351902648101,0.17051351902648101,0.13074626191724875,0.06765767999536311
entity,0.1,4211,185,0.17680083158269344,0.1700440129306623,0.1700440129306623,0.13063332000144962,0.06757095799350245
entity,0.1,4211,186,0.17634454660815216,0.16957568754493096,0.16957568754493096,0.13052111934544017,0.06748275112499816
entity,0.1,4211,187,0.17588945740606968,0.16910856174689423,0.1691085617468942,0.13040965008046176,0.06739309794879557
entity,0.1,4211,188,0.17543558176324295,0.16864265381386584,0.16864265381386584,0.13029890181297019,0.06730203780986654
entity,0.1,4211,189,0.17498293685703198,0.16817798141385426,0.16817798141385426,0.13018886363433643,0.06720961076685691
entity,0.1,4211,190,0.17453153924770962,0.16771456159769876,0.16771456159769876,0.13007952413172102,0.06711585751993086
entity,0.1,4211,191,0.1740814048719526,0.16725241079234232,0.16725241079234232,0.12997087140007008,0.06702081933900465
entity,0.1,4211,192,0.1736325490374595,0.16679154479522734,0.16679154479522734,0.12986289305518012,0.06692453799255337
entity,0.1,4211,193,0.17318498641867797,0.16633197876979758,0.16633197876979755,0.12975557624777548,0.06682705567716479
entity,0.1,4211,194,0.17273873105362084,0.16587372724208632,0.16587372724208632,0.12964890767853945,0.06672841494800834
entity,0.1,4211,195,0.17229379634174877,0.16541680409836879,0.16541680409836879,0.12954287361403954,0.06662865865037297
entity,0.1,4211,196,0.17185019504289362,0.164961222583854,0.164961222583854,0.1294374599034848,0.0665278298524224
entity,0.1,4211,197,0.17140793927719572,0.16450699530238955,0.16450699530238952,0.12933265199625277,0.06642597177930319
entity,0.1,4211,198,0.17096704052602513,0.16405413421714987,0.16405413421714987,0.12922843496012149,0.06632312774873257
entity,0.1,4211,199,0.17052750963385618,0.16360265065227836,0.16360265065227836,0.12912479350014297,0.0662193411081814
entity,0.1,4211,200,0.17008935681106205,0.1631525552954498,0.1631525552954498,0.12902171197809323,0.06611465517375803
entity,0.1,4211,201,0.16965259163759544,0.16270385820132077,0.16270385820132077,0.12891917443243356,0.06600911317088881
entity,0.1,4211,202,0.16921722306752018,0.16225656879583206,0.16225656879583206,0.12881716459872,0.06590275817687975
entity,0.1,4211,203,0.16878325943435646,0.16181069588132774,0.16181069588132774,0.12871566593039585,0.06579563306543447
entity,0.1,4211,204,0.1683507084572037,0.16136624764245414,0.16136624764245414,0.1286146616199049,0.06568778045319384
entity,0.1,4211,205,0.16791957724760198,0.16092323165280079,0.1609232316528008,0.12851413462006323,0.06557924264835131
entity,0.1,4211,206,0.16748987231709395,0.16048165488224564,0.16048165488224564,0.1284140676656285,0.06547006160139178
entity,0.1,4211,207,0.16706159958544906,0.16004152370496652,0.1600415237049665,0.12831444329500796,0.06536027885798851
entity,0.1,4211,208,0.1666347643895102,0.1596028439080796,0.1596028439080796,0.12821524387204697,0.06524993551408743
entity,0.1,4211,209,0.1662093714926245,0.15916562070086693,0.15916562070086693,0.128116451607842,0.06513907217319717
entity,0.1,4211,210,0.16578542509461938,0.15872985872455442,0.15872985872455442,0.12801804858252497,0.06502772890589675
entity,0.1,4211,211,0.16536292884228496,0.1582955620626017,0.1582955620626017,0.12792001676696618,0.06491594521156363
entity,0.1,4211,212,0.1649418858403251,0.15786273425146669,0.1578627342514667,0.12782233804434645,0.06480375998231902
entity,0.1,4211,213,0.1645222986627389,0.15743137829180665,0.15743137829180665,0.12772499423155154,0.06469121146917928
entity,0.1,4211,214,0.16410416936459618,0.15700149666007965,0.15700149666007965,0.12762796710034285,0.0645783372503964
entity,0.1,4211,215,0.16368749949416977,0.15657309132050978,0.15657309132050984,0.12753123839826308,0.06446517420196489
entity,0.1,4211,216,0.16327229010539024,0.15614616373738133,0.15614616373738133,0.1274347898692361,0.06435175847026525
entity,0.1,4211,217,0.1628585417705863,0.15572071488762623,0.15572071488762623,0.1273386032738234,0.06423812544681211
entity,0.1,4211,218,0.16244625459348,0.15529674527367304,0.15529674527367304,0.12724266040910295,0.06412430974506655
entity,0.1,4211,219,0.16203542822240075,0.1548742549365229,0.15487425493652288,0.12714694312813754,0.06401034517927193
entity,0.1,4211,220,0.1616260618636888,0.1544532434690219,0.1544532434690219,0.12705143335900276,0.06389626474526557
entity,0.1,4211,221,0.16121815429525674,0.1540337100292995,0.1540337100292995,0.126956113123348,0.06378210060321667
entity,0.1,4211,222,0.1608117038802789,0.1536156533543427,0.15361565335434268,0.12686096455446552,0.0636678840622387
entity,0.1,4211,223,0.16040670858098147,0.1531990717736787,0.1531990717736787,0.1267659699148448,0.06355364556682014
entity,0.1,4211,224,0.16000316597250522,0.15278396322313806,0.15278396322313806,0.12667111161319367,0.06343941468501595
entity,0.1,4211,225,0.15960107325681544,0.15237032525867328,0.15237032525867328,0.12657637222090784,0.06332522009834174
entity,0.1,4211,226,0.15920042727663405,0.15195815507020727,0.15195815507020727,0.12648173448797406,0.06321108959330875
entity,0.1,4211,227,0.15880122452937073,0.1515474494954891,0.1515474494954891,0.12638718135829474,0.0630970500545386
entity,0.1,4211,228,0.15840346118103038,0.15113820503393388,0.15113820503393388,0.1262926959844224,0.06298312745939501
entity,0.1,4211,229,0.15800713308007594,0.15073041786042612,0.15073041786042612,0.1261982617416965,0.06286934687406946
entity,0.1,4211,230,0.15761223577122696,0.15032408383906673,0.1503240838390667,0.12610386224177544,0.0627557324510572
entity,0.1,4211,231,0.15721876450917519,0.14991919853684466,0.14991919853684466,0.12600948134555992,0.062642307427961
entity,0.1,4211,232,0.15682671427219913,0.14951575723721577,0.14951575723721577,0.12591510317550386,0.06252909412755861
entity,0.1,4211,233,0.15643607977566212,0.14911375495357243,0.14911375495357243,0.12582071212731322,0.06241611395907269
entity,0.1,4211,234,0.1560468554853777,0.14871318644258844,0.14871318644258844,0.12572629288103232,0.06230338742058027
entity,0.1,4211,235,0.15565903563082906,0.14831404621742517,0.14831404621742517,0.12563183041152046,0.0621909341025012
entity,0.1,4211,236,0.15527261421822908,0.14791632856078596,0.14791632856078596,0.12553730999832216,0.06207877269210578
entity,0.1,4211,237,0.1548875850434083,0.14752002753780546,0.14752002753780546,0.12544271723493633,0.061966920978983216
entity,0.1,4211,238,0.1545039417045214,0.14712513700876478,0.14712513700876478,0.12534803803749023,0.06185539586141208
entity,0.1,4211,239,0.15412167761455994,0.14673165064161986,0.14673165064161986,0.12525325865282594,0.06174421335357893
entity,0.1,4211,240,0.15374078601366453,0.14633956192433575,0.14633956192433575,0.12515836566600758,0.06163338859358843
entity,0.1,4211,241,0.15336125998122613,0.1459488641770172,0.1459488641770172,0.12506334600725855,0.06152293585221438
entity,0.1,4211,242,0.15298309244777025,0.14555955056382813,0.14555955056382813,0.12496818695833978,0.06141286854233865
entity,0.1,4211,243,0.15260627620661738,0.14517161410469392,0.14517161410469392,0.12487287615837879,0.061303199229029645
entity,0.1,4211,244,0.15223080392531319,0.1447850476867795,0.1447850476867795,0.12477740160916266,0.06119393964021301
entity,0.1,4211,245,0.1518566681568241,0.1443998440757386,0.14439984407573864,0.12468175167990611,0.061085100677887805
entity,0.1,4211,246,0.15148386135049355,0.1440159959267297,0.14401599592672967,0.1245859151115086,0.06097669242984515
entity,0.1,4211,247,0.1511123758627547,0.14363349579519374,0.14363349579519374,0.12448988102031297,0.06086872418184739
entity,0.1,4211,248,0.15074220396759794,0.1432523361473921,0.14325233614739213,0.12439363890137982,0.06076120443022685
entity,0.1,4211,249,0.150373337866789,0.1428725093707001,0.1428725093707001,0.1242971786312916,0.06065414089486674
entity,0.1,4211,250,0.15000576969983628,0.14249400778365504,0.142494007783655,0.12420049047050047,0.06054754053252732
entity,0.1,4211,251,0.14963949155370676,0.14211682364575712,0.14211682364575715,0.12410356506523508,0.06044140955048303
entity,0.1,4211,252,0.14927449547228824,0.1417409491670216,0.14174094916702162,0.12400639344897982,0.06033575342043767
entity,0.1,4211,253,0.14891077346559786,0.14136637651728118,0.14136637651728118,0.12390896704354218,0.060230576892686655
entity,0.1,4211,254,0.14854831751873715,0.14099309783523936,0.1409930978352394,0.12381127765972262,0.06012588401049712
entity,0.1,4211,255,0.1481871196005934,0.14062110523727375,0.14062110523727375,0.12371331749760144,0.06002167812467796
entity,0.1,4211,256,0.14782717167228784,0.14025039082599006,0.14025039082599006,0.12361507914645749,0.05991796190831524
entity,0.1,4211,257,0.14746846569537217,0.1398809466985277,0.1398809466985277,0.12351655558433314,0.0598147373716464
entity,0.1,4211,258,0.14711099363977387,0.13951276495461767,0.13951276495461767,0.1234177401772599,0.05971200587705239
entity,0.1,4211,259,0.14675474749149242,0.13914583770439434,0.13914583770439434,0.1233186266781588,0.05960976815414626
entity,0.1,4211,260,0.1463997192600478,0.1387801570759622,0.13878015707596217,0.12321920922542967,0.059508024314937104
entity,0.1,4211,261,0.14604590098568324,0.13841571522271967,0.13841571522271967,0.12311948234124272,0.05940677386905235
entity,0.1,4211,262,0.14569328474632454,0.13805250433044203,0.138052504330442,0.1230194409295462,0.05930601573900067
entity,0.1,4211,263,0.145341862664298,0.13769051662412482,0.13769051662412482,0.12291908027380322,0.0592057482754595
entity,0.1,4211,264,0.14499162691280978,0.13732974437459125,0.13732974437459122,0.12281839603447048,0.05910596927257293
entity,0.1,4211,265,0.14464256972218903,0.1369701799048646,0.1369701799048646,0.12271738424623188,0.059006675983246215
entity,0.1,4211,266,0.14429468338589724,0.1366118155963092,0.1366118155963092,0.12261604131499812,0.05890786513442434
entity,0.1,4211,267,0.14394796026630774,0.13625464389454225,0.13625464389454225,0.12251436401468585,0.058809532942343784
entity,0.1,4211,268,0.14360239280025655,0.13589865731511908,0.13589865731511905,0.12241234948378624,0.058711675127746256
entity,0.1,4211,269,0.14325797350436925,0.13554384844899467,0.13554384844899467,0.12230999522173543,0.0586142869310457
entity,0.1,4211,270,0.14291469498016604,0.13519020996776507,0.13519020996776504,0.12220729908509642,0.05851736312743919
entity,0.1,4211,271,0.14257254991894774,0.13483773462868986,0.13483773462868986,0.122104259283564,0.05842089804195427
entity,0.1,4211,272,0.1422315311064669,0.1344864152795006,0.13448641527950062,0.12200087437580195,0.05832488556442555
entity,0.1,4211,273,0.1418916314273865,0.13413624486299708,0.1341362448629971,0.12189714326512203,0.058229319164393785
entity,0.1,4211,274,0.14155284386952913,0.13378721642143449,0.13378721642143449,0.12179306519501523,0.058134191905921895
entity,0.1,4211,275,0.14121516152792066,0.13343932310070478,0.13343932310070478,0.12168863974454255,0.05803949646232272
entity,0.1,4211,276,0.1408785776086309,0.13309255815431514,0.13309255815431514,0.12158386682359534,0.05794522513079344
entity,0.1,4211,277,0.14054308543241495,0.13274691494716678,0.13274691494716678,0.12147874666803224,0.05785136984695314
entity,0.1,4211,278,0.14020867843815749,0.13240238695913625,0.13240238695913628,0.12137327983470131,0.057757922199278305
entity,0.1,4211,279,0.13987535018612468,0.13205896778846377,0.13205896778846377,0.1212674671963546,0.05766487344343515
entity,0.1,4211,280,0.13954309436102486,0.13171665115494957,0.13171665115494957,0.12116130993646221,0.05757221451650322
entity,0.1,4211,281,0.13921190477488324,0.1313754309029634,0.13137543090296339,0.12105480954393286,0.05747993605108938
entity,0.1,4211,282,0.13888177536973179,0.13103530100426827,0.1310353010042683,0.12094796780774704,0.057388028389329035
entity,0.1,4211,283,0.1385527002201187,0.13069625556066236,0.13069625556066236,0.1208407868115097,0.057296481596772184
entity,0.1,4211,284,0.13822467353543946,0.13035828880644157,0.13035828880644157,0.12073326892792746,0.05720528547615315
entity,0.1,4211,285,0.13789768966209356,0.130021395110686,0.130021395110686,0.12062541681321683,0.057114429581041085
entity,0.1,4211,286,0.1375717430854686,0.12968556897937258,0.1296855689793726,0.12051723340144785,0.05702390322937053
entity,0.1,4211,287,0.13724682843175576,0.12935080505731705,0.12935080505731705,0.12040872189882891,0.05693369551684981
entity,0.1,4211,288,0.13692294046959863,0.12901709812994783,0.12901709812994783,0.12029988577793739,0.056843795330246534
entity,0.1,4211,289,0.13660007411157923,0.12868444312491492,0.12868444312491492,0.12019072877190051,0.05675419136054792
entity,0.1,4211,290,0.13627822441554283,0.12835283511353585,0.12835283511353585,0.12008125486853058,0.05666487211599537
entity,0.1,4211,291,0.1359573865857653,0.1280222693120818,0.1280222693120818,0.11997146830441935,0.05657582593499154
entity,0.1,4211,292,0.1356375559739655,0.12769274108290682,0.12769274108290682,0.1198613735589947,0.056487040998878864
entity,0.1,4211,293,0.13531872808016498,0.12736424593542175,0.12736424593542175,0.11975097534854383,0.05639850534458786
entity,0.1,4211,294,0.13500089855339817,0.12703677952691655,0.12703677952691655,0.1196402786202061,0.05631020687715429
entity,0.1,4211,295,0.1346840631922758,0.12671033766323303,0.12671033766323303,0.11952928854593929,0.0562221333821033
entity,0.1,4211,296,0.1343682179454033,0.12638491629929033,0.1263849162992903,0.11941801051646225,0.05613427253769918
entity,0.1,4211,297,0.13405335891165812,0.1260605115394664,0.1260605115394664,0.11930645013517682,0.05604661192705997
entity,0.1,4211,298,0.13373948234032754,0.12573711963783735,0.12573711963783737,0.1191946132120722,0.05595913905013353
entity,0.1,4211,299,0.1334265846311095,0.1254147369982771,0.1254147369982771,0.11908250575761457,0.05587184133553519
entity,0.1,4211,300,0.13311466233397992,0.1250933601744204,0.12509336017442038,0.1189701339766244,0.05578470615224438
entity,0.1,4211,301,0.1328037121489283,0.12477298586949152,0.12477298586949154,0.11885750426214424,0.055697720821157835
entity,0.1,4211,302,0.1324937309255641,0.12445361093600046,0.12445361093600045,0.11874462318929932,0.05561087262649834
entity,0.1,4211,303,0.1321847156625968,0.12413523237530985,0.12413523237530985,0.11863149750915349,0.0555241488270756
entity,0.1,4211,304,0.13187666350719204,0.12381784733707499,0.12381784733707499,0.11851813414256254,0.055437536667398854
entity,0.1,4211,305,0.13156957175420625,0.12350145311855892,0.12350145311855894,0.11840454017402763,0.055351023388636525
entity,0.1,4211,306,0.1312634378453023,0.12318604716382561,0.12318604716382561,0.11829072284555062,0.05526459623942214
entity,0.1,4211,307,0.13095825936794878,0.12287162706281335,0.12287162706281335,0.11817668955049347,0.055178242486503624
entity,0.1,4211,308,0.13065403405430542,0.12255819055029113,0.1225581905502911,0.11806244782744418,0.05509194942523177
entity,0.1,4211,309,0.13035075977999727,0.12224573550470026,0.12224573550470025,0.11794800535409082,0.05500570438988782
entity,0.1,4211,310,0.13004843456277976,0.12193425994688392,0.12193425994688394,0.11783336994110621,0.054919494763844355
entity,0.1,4211,311,0.12974705656109797,0.12162376203870705,0.12162376203870706,0.11771854952604482,0.054833307989558176
entity,0.1,4211,312,0.12944662407254184,0.12131424008156927,0.12131424008156927,0.11760355216725418,0.05474713157839142
entity,0.1,4211,313,0.12914713553220067,0.12100569251481332,0.1210056925148133,0.11748838603780301,0.05466095312025801
entity,0.1,4211,314,0.1288485895109188,0.12069811791403154,0.12069811791403157,0.11737305941942736,0.05457476029309156
entity,0.1,4211,315,0.1285509847134559,0.12039151498927345,0.12039151498927345,0.11725758069649733,0.05448854087213192
entity,0.1,4211,316,0.12825431997655382,0.1200858825831562,0.1200858825831562,0.1171419583500068,0.05440228273902694
entity,0.1,4211,317,0.12795859426691297,0.1197812196688817,0.11978121966888167,0.11702620095158665,0.05431597389074501
entity,0.1,4211,318,0.12766380667908117,0.11947752534816213,0.11947752534816211,0.11691031715754535,0.054229602448296166
entity,0.1,4211,319,0.12736995643325721,0.11917479884905728,0.11917479884905727,0.11679431570293772,0.054143156665257416
entity,0.1,4211,320,0.12707704287301236,0.11887303952372608,0.11887303952372608,0.11667820539566437,0.054056624936098495
entity,0.1,4211,321,0.1267850654629323,0.1185722468460953,0.1185722468460953,0.11656199511060375,0.053969995804305164
entity,0.1,4211,322,0.12649402378618238,0.11827242040944813,0.11827242040944813,0.1164456937837792,0.05388325797029587
entity,0.1,4211,323,0.12620391754199917,0.11797355992393582,0.11797355992393582,0.11632931040656272,0.0537964002991283
entity,0.1,4211,324,0.12591474654311097,0.11767566521401476,0.11767566521401476,0.1162128540199179,0.05370941182799216
entity,0.1,4211,325,0.1256265107130904,0.11737873621581249,0.11737873621581252,0.1160963337086841,0.05362228177348541
entity,0.1,4211,326,0.12533921008364202,0.11708277297442529,0.11708277297442528,0.11597975859590393,0.05353499953866918
entity,0.1,4211,327,0.1250528447918272,0.11678777564114998,0.11678777564114999,0.11586313783719648,0.0534475547198991
entity,0.1,4211,328,0.1247674150772309,0.11649374447065425,0.11649374447065428,0.11574648061517834,0.05335993711342892
entity,0.1,4211,329,0.12448292127907136,0.11620067981808688,0.11620067981808688,0.11562979613393493,0.05327213672178416
entity,0.1,4211,330,0.12419936383325726,0.11590858213613216,0.11590858213613217,0.1155130936135439,0.05318414375990106
entity,0.1,4211,331,0.12391674326939467,0.1156174519720111,0.1156174519720111,0.11539638228465336,0.05309594866102987
entity,0.1,4211,332,0.12363506020774712,0.11532728996443287,0.11532728996443285,0.11527967138311733,0.05300754208239775
entity,0.1,4211,333,0.12335431535615175,0.11503809684049907,0.11503809684049907,0.11516297014468992,0.05291891491062957
entity,0.1,4211,334,0.12307450950689504,0.11474987341256485,0.11474987341256485,0.11504628779978174,0.05283005826692399
entity,0.1,4211,335,0.12279564353355062,0.11446262057505935,0.11446262057505933,0.11492963356827987,0.052740963511981424
entity,0.1,4211,336,0.12251771838778286,0.11417633930126891,0.11417633930126894,0.11481301665443415,0.05265162225068357
entity,0.1,4211,337,0.12224073509611934,0.11389103064008657,0.11389103064008657,0.11469644624181213,0.05256202633652008
entity,0.1,4211,338,0.12196469475669501,0.11360669571273058,0.11360669571273059,0.11457993148832513,0.052472167875762546
entity,0.1,4211,339,0.1216895985359717,0.11332333570943569,0.11332333570943567,0.11446348152132703,0.05238203923138283
entity,0.1,4211,340,0.12141544766543573,0.11304095188612001,0.11304095188612001,0.11434710543278924,0.05229163302671508
entity,0.1,4211,341,0.12114224343827727,0.11275954556103118,0.11275954556103117,0.11423081227455296,0.052200942148860036
entity,0.1,4211,342,0.12086998720605423,0.11247911811137472,0.1124791181113747,0.11411461105366204,0.05210995975183012
entity,0.1,4211,343,0.12059868037534396,0.11219967096992794,0.11219967096992794,0.1139985107277777,0.05201867925943582
entity,0.1,4211,344,0.12032832440438607,0.11192120562164273,0.11192120562164273,0.11388252020067824,0.051927094367911375
entity,0.1,4211,345,0.12005892079971944,0.11164372360024044,0.11164372360024044,0.1137666483178451,0.05183519904828112
entity,0.1,4211,346,0.1197904711128166,0.11136722648480209,0.11136722648480209,0.11365090386213814,0.05174298754846514
entity,0.1,4211,347,0.11952297693671825,0.11109171589635686,0.11109171589635686,0.11353529554956168,0.051650454395125694
entity,0.1,4211,348,0.1192564399026719,0.11081719349447271,0.1108171934944727,0.11341983202512376,0.05155759439525429
entity,0.1,4211,349,0.11899086167677642,0.11054366097385128,0.11054366097385127,0.11330452185878996,0.051464402637500774
entity,0.1,4211,350,0.11872624395663685,0.11027112006093132,0.11027112006093133,0.11318937354153497,0.05137087449324508
entity,0.1,4212,0,0.3918078384645537,0.3869862686608707,0.3869862686608707,0.18834999937302896,0.5509537408674808
entity,0.1,4212,1,0.36349025051537753,0.35866384397137396,0.35866384397137396,0.17304134060217594,0.47725425267378635
entity,0.1,4212,2,0.3422248425630469,0.33739019161318123,0.3373901916131812,0.16278521652681033,0.41414758843440896
entity,0.1,4212,3,0.32619663650863545,0.32135204647069837,0.32135204647069837,0.1561457603034656,0.3601236877940508
entity,0.1,4212,4,0.3140642465618854,0.30920912678491475,0.30920912678491475,0.15207238990324767,0.3138986198107198
entity,0.1,4212,5,0.3048349905752663,0.2999694365485162,0.29996943654851616,0.14979842390234244,0.2743684354344934
entity,0.1,4212,6,0.29777373633254445,0.2928982469163536,0.29289824691635363,0.148766742803032,0.2405794170173375
entity,0.1,4212,7,0.29233575022390196,0.28745103975641084,0.2874510397564108,0.14857476638700928,0.2117070768128538
entity,0.1,4212,8,0.2881170321860982,0.28322390855005125,0.28322390855005125,0.14893358030797263,0.18703981411549325
entity,0.1,4212,9,0.284817555574109,0.27991684356439006,0.27991684356439006,0.14963757297586638,0.1659651473048386
entity,0.1,4212,10,0.28221408319985963,0.27730657855206486,0.27730657855206486,0.15054192614437636,0.14795752757938427
entity,0.1,4212,11,0.2801400958107852,0.27522653961920457,0.2752265396192046,0.15154597935826086,0.13256730511172
entity,0.1,4212,12,0.27847099493200517,0.2735520613306899,0.2735520613306899,0.15258097903529116,0.11941068961510624
entity,0.1,4212,13,0.277113206819454,0.2721894990440006,0.2721894990440006,0.15360108972038494,0.10816066251973425
entity,0.1,4212,14,0.2759961637505353,0.27106821528302416,0.2710682152830242,0.15457682319004734,0.09853883434988162
entity,0.1,4212,15,0.27506640227914264,0.2701346808860672,0.2701346808860672,0.15549025280973042,0.09030824041755758
entity,0.1,4212,16,0.2742832160649129,0.2693481293030667,0.2693481293030666,0.15633154136477923,0.083267052328884
entity,0.1,4212,17,0.27361544894585177,0.26867735023340467,0.26867735023340467,0.1570964321308822,0.07724316274605182
entity,0.1,4212,18,0.2730391240111074,0.2680983187127979,0.2680983187127979,0.15778444426917268,0.07208958151226187
entity,0.1,4212,19,0.2725356858317097,0.2675924370402136,0.2675924370402136,0.1583975818372807,0.06768056526395522
entity,0.1,4212,20,0.2720906929036773,0.26714522675081065,0.26714522675081065,0.15893941637794598,0.0639083915977874
entity,0.1,4212,21,0.2716928412551117,0.2667453516826831,0.2667453516826831,0.15941444051608844,0.06068068369799063
entity,0.1,4212,22,0.27133323224239325,0.26638388522145906,0.26638388522145906,0.1598276175968759,0.05791819236113595
entity,0.1,4212,23,0.2710048209457273,0.2660537581673128,0.2660537581673128,0.16018407266782836,0.055552949036843505
entity,0.1,4212,24,0.27070199860411664,0.2657493406827801,0.2657493406827801,0.16048888495924146,0.05352671446321044
entity,0.1,4212,25,0.2704202749271012,0.2654661241668729,0.2654661241668729,0.16074695287864943,0.05178966080126774
entity,0.1,4212,26,0.27015603514935305,0.265200477923493,0.265200477923493,0.16096291046822572,0.05029923886928905
entity,0.1,4212,27,0.26990635327727286,0.2649494620715452,0.2649494620715452,0.16114108006301522,0.049019194512754244
entity,0.1,4212,28,0.26966884778527106,0.2647106829507035,0.26471068295070355,0.16128545010938078,0.04791870831364688
entity,0.1,4212,29,0.2694415695401961,0.2644821807966493,0.2644821807966493,0.1613996701797919,0.04697164040045531
entity,0.1,4212,30,0.26922291431782513,0.26426234204479493,0.26426234204479493,0.16148705746131506,0.04615586724520646
entity,0.1,4212,31,0.2690115541803961,0.26404983052669634,0.2640498305266963,0.1615506106266975,0.045452700504824584
entity,0.1,4212,32,0.2688063833932181,0.2638435332327588,0.2638435332327588,0.16159302818354482,0.044846379754836074
entity,0.1,4212,33,0.268606475604918,0.2636425173618002,0.2636425173618002,0.16161672925894563,0.0443236318993243
entity,0.1,4212,34,0.268411049796572,0.2634459961592021,0.26344599615920217,0.16162387540165665,0.04387329052785461
entity,0.1,4212,35,0.2682194430900608,0.2632533016309304,0.2632533016309304,0.16161639243558848,0.04348596879931114
entity,0.1,4212,36,0.26803108894657995,0.26306386266173637,0.2630638626617364,0.16159599172353148,0.04315377971978914
entity,0.1,4212,37,0.26784549961963916,0.26287718739964017,0.26287718739964017,0.16156419043296494,0.04287009801782793
entity,0.1,4212,38,0.26766225198042043,0.2626928490226801,0.2626928490226801,0.161522330561356,0.04262935822282217
entity,0.1,4212,39,0.26748097602711074,0.26251047419795703,0.26251047419795703,0.16147159659485738,0.04242688401022234
entity,0.1,4212,40,0.26730134553860385,0.26232973369203866,0.2623297336920387,0.1614130317551306,0.042258744367266926
entity,0.1,4212,41,0.26712307044776373,0.26215033470680404,0.262150334706804,0.16134755284397312,0.04212163263113964
entity,0.1,4212,42,0.2669458905984265,0.261972014603979,0.26197201460397906,0.1612759637316944,0.0420127649368841
entity,0.1,4212,43,0.26676957061961903,0.26179453575106687,0.26179453575106687,0.1611989675580487,0.041929795069922775
entity,0.1,4212,44,0.2665938957046638,0.26161768127570145,0.26161768127570145,0.16111717772784412,0.041870743137941965
entity,0.1,4212,45,0.2664186681254132,0.2614412515581295,0.2614412515581294,0.16103112778993495,0.04183393585426997
entity,0.1,4212,46,0.26624370434542155,0.2612650613251841,0.2612650613251842,0.1609412802902316,0.041817956558331044
entity,0.1,4212,47,0.2660688326224425,0.26108893723576543,0.26108893723576543,0.1608480346881194,0.04182160338946983
entity,0.1,4212,48,0.2658938910117527,0.26091271586901754,0.26091271586901754,0.16075173442236448,0.04184385428115217
entity,0.1,4212,49,0.265718725698648,0.26073624204328916,0.26073624204328916,0.16065267320796717,0.04188383765690164
entity,0.1,4212,50,0.2655431896019263,0.2605593674074726,0.26055936740747254,0.16055110064006972,0.0419408078913258
entity,0.1,4212,51,0.26536714120099186,0.2603819492571742,0.2603819492571742,0.16044722717532423,0.04201412475326252
entity,0.1,4212,52,0.2651904435479226,0.2602038495369021,0.2602038495369021,0.1603412285553506,0.04210323617727627
entity,0.1,4212,53,0.2650129634328769,0.26002493399651816,0.26002493399651816,0.1602332497312457,0.042207663817987476
entity,0.1,4212,54,0.26483457067691196,0.2598450714759136,0.2598450714759137,0.1601234083426715,0.042326990932193796
entity,0.1,4212,55,0.26465513753091263,0.259664133296515,0.25966413329651505,0.1600117977999172,0.04246085220921135
entity,0.1,4212,56,0.26447453816309646,0.25948199274200345,0.25948199274200345,0.15989849001254508,0.0426089252327341
entity,0.1,4212,57,0.26429264822063475,0.2592985246137185,0.2592985246137185,0.15978353780381127,0.04277092330984482
entity,0.1,4212,58,0.2641093444534463,0.2591136048487428,0.25911360484874285,0.1596669770459998,0.042946589446347654
entity,0.1,4212,59,0.26392450439028303,0.25892711019073517,0.2589271101907351,0.1595488285481148,0.043135691283821075
entity,0.1,4212,60,0.26373800605892195,0.25873891790528103,0.25873891790528103,0.1594290997240253,0.04333801684392925
entity,0.1,4212,61,0.26354972774367796,0.25854890553293525,0.2585489055329352,0.15930778606613127,0.04355337095062832
entity,0.1,4212,62,0.2633595477746014,0.2583569506742864,0.25835695067428643,0.1591848724468939,0.043781572221811824
entity,0.1,4212,63,0.26316734434368133,0.25816293080233266,0.2581629308023327,0.15906033426812452,0.044022450539374064
entity,0.1,4212,64,0.26297299534416335,0.25796672309825186,0.25796672309825186,0.158934138475735,0.044275844921226194
entity,0.1,4212,65,0.26277637822974936,0.2577682043073077,0.2577682043073077,0.15880624445568997,0.04454160173096407
entity,0.1,4212,66,0.2625773698909921,0.25756725061218433,0.25756725061218433,0.15867660482515122,0.044819573171067925
entity,0.1,4212,67,0.2623758465466497,0.2573637375214958,0.2573637375214958,0.15854516613124256,0.04510961601404716
entity,0.1,4212,68,0.26217168364814936,0.2571575397716009,0.25715753977160083,0.15841186946847352,0.045411590533103625
entity,0.1,4212,69,0.26196475579562273,0.25694853124017214,0.25694853124017214,0.15827665102462282,0.045725359599909685
entity,0.1,4212,70,0.26175493666424327,0.2567365848702344,0.2567365848702343,0.1581394425637831,0.04605078792216447
entity,0.1,4212,71,0.26154209893981856,0.2565215726036135,0.2565215726036135,0.15800017185429083,0.046387741397867666
entity,0.1,4212,72,0.26132611426277585,0.25630336532292364,0.25630336532292364,0.15785876304839833,0.04673608656686008
entity,0.1,4212,73,0.26110685317983795,0.2560818328013774,0.2560818328013774,0.15771513701977427,0.04709569014323559
entity,0.1,4212,74,0.2608841851028176,0.25585684365984146,0.25585684365984146,0.157569211664236,0.04746641861481538
entity,0.1,4212,75,0.26065797827406956,0.2556282653306654,0.2556282653306654,0.15742090216851076,0.04784813789807247
entity,0.1,4212,76,0.2604280997382337,0.2553959640279121,0.2553959640279121,0.1572701212512858,0.0482407130387573
entity,0.1,4212,77,0.26019441531997994,0.2551598047236928,0.2551598047236928,0.15711677938032947,0.048644007950064246
entity,0.1,4212,78,0.25995678960753255,0.2549196511303793,0.25491965113037923,0.1569607849690427,0.0490578851815262
entity,0.1,4212,79,0.25971508594180787,0.2546753656885207,0.2546753656885207,0.1568020445554254,0.049482205712978254
entity,0.1,4212,80,0.2594691664110431,0.25442680956034003,0.25442680956034003,0.15664046296610773,0.049916828768911625
entity,0.1,4212,81,0.25921889185083424,0.2541738426287224,0.2541738426287224,0.15647594346780058,0.050361611649375505
entity,0.1,4212,82,0.25896412184953416,0.25391632350164417,0.2539163235016441,0.15630838790825669,0.050816409574301905
entity,0.1,4212,83,0.2587047147589849,0.25365410952201245,0.2536541095220124,0.15613769684859777,0.05128107553873464
entity,0.1,4212,84,0.25844052771058246,0.2533870567829121,0.2533870567829121,0.15596376968865733,0.05175546017696675
entity,0.1,4212,85,0.25817141663668786,0.2531150201482704,0.2531150201482704,0.1557865047867983,0.052239411634032375
entity,0.1,4212,86,0.2578972362974101,0.2528378532789646,0.2528378532789646,0.1556057995755019,0.05273277544337513
entity,0.1,4212,87,0.2576178403127994,0.2525554086644076,0.2525554086644076,0.15542155067387184,0.05323539440983758
entity,0.1,4212,88,0.2573330812004916,0.252267537659654,0.25226753765965393,0.15523365399806638,0.05374710849738537
entity,0.1,4212,89,0.2570428104188525,0.25197409052807096,0.251974090528071,0.15504200487054803,0.054267754721208754
entity,0.1,4212,90,0.2567468784156689,0.2516749164896234,0.2516749164896234,0.1548464981289328,0.05479716704403543
entity,0.1,4212,91,0.2564451346824334,0.25136986377481885,0.25136986377481885,0.15464702823512194,0.05533517627664984
entity,0.1,4212,92,0.25613742781426907,0.2510587796843573,0.2510587796843573,0.15444348938530847,0.055881609982742574
entity,0.1,4212,93,0.2558236055755315,0.2507415106545253,0.2507415106545253,0.15423577562137,0.05643629238832426
entity,0.1,4212,94,0.25550351497112184,0.25041790232836747,0.25041790232836747,0.15402378094408256,0.05699904429602027
entity,0.1,4212,95,0.25517700232353646,0.2500877996326611,0.2500877996326611,0.15380739942852162,0.05756968300463159
entity,0.1,4212,96,0.25484391335566675,0.2497510468607092,0.24975104686070926,0.153586525341952,0.05814802223439437
entity,0.1,4212,97,0.25450409327935425,0.2494074877609575,0.2494074877609575,0.15336105326444888,0.05873387205840735
entity,0.1,4212,98,0.25415738688969175,0.24905696563142665,0.24905696563142662,0.15313087821243565,0.05932703884071414
entity,0.1,4212,99,0.2538036386650505,0.24869932341994144,0.24869932341994141,0.1528958957652733,0.05992732518153863
entity,0.1,4212,100,0.2534426928727946,0.24833440383011937,0.24833440383011937,0.1526560021949861,0.06053452987016576
entity,0.1,4212,101,0.25307439368063345,0.24796204943306988,0.24796204943306988,0.1524110945991622,0.06114844784595058
entity,0.1,4212,102,0.2526985852735424,0.24758210278473675,0.2475821027847368,0.1521610710370244,0.061768870167911986
entity,0.1,4212,103,0.25231511197616835,0.24719440654880115,0.24719440654880118,0.15190583066862529,0.06239558399334013
entity,0.1,4212,104,0.25192381838061717,0.24679880362504344,0.24679880362504347,0.15164527389708055,0.06302837256580605
entity,0.1,4212,105,0.2515245494795028,0.24639513728304574,0.24639513728304574,0.15137930251371917,0.06366701521291386
entity,0.1,4212,106,0.2511171508041214,0.24598325130109877,0.24598325130109877,0.1511078198459937,0.06431128735408702
entity,0.1,4212,107,0.2507014685675919,0.2455629901101572,0.2455629901101572,0.15083073090796006,0.06496096051861688
entity,0.1,4212,108,0.2502773498127918,0.24513419894267166,0.2451341989426717,0.15054794255310744,0.06561580237413815
entity,0.1,4212,109,0.2498446425648928,0.24469672398610526,0.24469672398610526,0.15025936362929007,0.06627557676562706
entity,0.1,4212,110,0.24940319598828947,0.24425041254092728,0.24425041254092728,0.14996490513548547,0.0669400437649399
entity,0.1,4212,111,0.24895286054769353,0.24379511318285835,0.24379511318285832,0.14966448038008137,0.06760895973083574
entity,0.1,4212,112,0.24849348817315145,0.2433306759291256,0.2433306759291256,0.14935800514037234,0.06828207737933943
entity,0.1,4212,113,0.2480249324287293,0.24285695240847227,0.24285695240847224,0.1490453978229271,0.06895914586422122
entity,0.1,4212,114,0.24754704868459193,0.24237379603464956,0.24237379603464956,0.1487265796244741,0.06963991086728075
entity,0.1,4212,115,0.24705969429219576,0.24188106218311023,0.24188106218311026,0.1484014746929379,0.07032411469803432
entity,0.1,4212,116,0.24656272876229798,0.2413786083706071,0.2413786083706071,0.14807001028825081,0.07101149640231906
entity,0.1,4212,117,0.24605601394548077,0.24086629443739493,0.24086629443739493,0.14773211694255708,0.07170179187923884
entity,0.1,4212,118,0.2455394142148789,0.24034398273172372,0.24034398273172375,0.14738772861942373,0.07239473400579072
entity,0.1,4212,119,0.2450127966507937,0.2398115382963062,0.23981153829630616,0.1470367828716723,0.07309005276842964
entity,0.1,4212,120,0.24447603122687506,0.23926882905644012,0.23926882905644012,0.14667922099745073,0.07378747540074755
entity,0.1,4212,121,0.24392899099754978,0.23871572600946317,0.23871572600946314,0.1463149881941701,0.07448672652637063
entity,0.1,4212,122,0.2433715522863775,0.23815210341521992,0.2381521034152199,0.14594403370994363,0.07518752830610814
entity,0.1,4212,123,0.242803594875018,0.23757783898722373,0.23757783898722373,0.14556631099217862,0.07588960058832543
entity,0.1,4212,124,0.24222500219250048,0.23699281408420195,0.23699281408420192,0.14518177783299147,0.07659266106146
entity,0.1,4212,125,0.24163566150449212,0.23639691390172002,0.23639691390172007,0.14479039651113573,0.07729642540755462
entity,0.1,4212,126,0.24103546410227678,0.23579002766359294,0.23579002766359292,0.14439213393015904,0.07800060745564773
entity,0.1,4212,127,0.24042430549116298,0.23517204881280068,0.23517204881280068,0.1439869617525319,0.07870491933383776
entity,0.1,4212,128,0.23980208557806101,0.2345428752016443,0.23454287520164427,0.14357485652952204,0.07940907161882678
entity,0.1,4212,129,0.23916870885797928,0.2339024092808903,0.2339024092808903,0.14315579982662077,0.0801127734817517
entity,0.1,4212,130,0.2385240845992148,0.23325055828767421,0.23325055828767421,0.1427297783443625,0.0808157328291252
entity,0.1,4212,131,0.23786812702702775,0.23258723443195012,0.23258723443195012,0.14229678403441587,0.08151765643773894
entity,0.1,4212,132,0.2372007555056147,0.23191235508129646,0.23191235508129646,0.1418568142108614,0.0822182500824249
entity,0.1,4212,133,0.2365218947182155,0.2312258429439094,0.2312258429439094,0.14140987165661062,0.08291721865563093
entity,0.1,4212,134,0.23583147484521155,0.23052762624963713,0.23052762624963716,0.14095596472495814,0.08361426627783757
entity,0.1,4212,135,0.23512943174009818,0.22981763892893275,0.22981763892893275,0.14049510743629728,0.08430909639793352
entity,0.1,4212,136,0.23441570710323237,0.22909582078962343,0.22909582078962343,0.1400273195700662,0.08500141188276941
entity,0.1,4212,137,0.23369024865328497,0.22836211769141873,0.22836211769141876,0.13955262675202518,0.0856909150952246
entity,0.1,4212,138,0.2329530102963418,0.22761648171809878,0.22761648171809878,0.13907106053699964,0.08637730796025198
entity,0.1,4212,139,0.23220395229262183,0.22685887134734445,0.22685887134734442,0.13858265848725082,0.08706029201850715
entity,0.1,4212,140,0.2314430414207968,0.22608925161818905,0.22608925161818905,0.1380874642466616,0.08773956846732035
entity,0.1,4212,141,0.23067025113991166,0.2253075942960857,0.2253075942960857,0.13758552761094603,0.08841483818893123
entity,0.1,4212,142,0.22988556174891847,0.22451387803559725,0.22451387803559722,0.13707690459410432,0.08908580176607687
entity,0.1,4212,143,0.2290889605438456,0.22370808854072555,0.22370808854072552,0.13656165749135768,0.08975215948519945
entity,0.1,4212,144,0.22828044197263056,0.22289021872290274,0.22289021872290274,0.1360398549387965,0.09041361132772001
entity,0.1,4212,145,0.22746000778764536,0.22206026885666783,0.22206026885666785,0.1355115719699751,0.0910698569500101
entity,0.1,4212,146,0.2266276671959428,0.22121824673305213,0.22121824673305215,0.13497689006967267,0.09172059565287455
entity,0.1,4212,147,0.2257834370072444,0.2203641678106879,0.2203641678106879,0.13443589722502336,0.0923655263415438
entity,0.1,4212,148,0.22492734177967993,0.21949805536464573,0.2194980553646457,0.13388868797419062,0.09300434747735094
entity,0.1,4212,149,0.22405941396327217,0.2186199406329882,0.21861994063298817,0.1333353634527278,0.09363675702244373
entity,0.1,4212,150,0.22317969404113955,0.21772986296100783,0.21772986296100785,0.13277603143772496,0.09426245237904705
entity,0.1,4212,151,0.2222882306683638,0.21682786994309067,0.21682786994309067,0.1322108063897913,0.09488113032494713
entity,0.1,4212,152,0.221385080808438,0.21591401756211656,0.21591401756211656,0.13163980949286683,0.09549248694701347
entity,0.1,4212,153,0.22047030986717644,0.21498837032627188,0.2149883703262719,0.13106316869179185,0.09609621757470721
entity,0.1,4212,154,0.21954399182392625,0.21405100140311,0.21405100140311,0.1304810187274924,0.09669201671563794
entity,0.1,4212,155,0.21860620935987604,0.21310199275065028,0.21310199275065028,0.12989350116956386,0.09727957799533497
entity,0.1,4212,156,0.21765705398321009,0.21214143524525902,0.21214143524525902,0.12930076444595223,0.09785859410347601
entity,0.1,4212,157,0.21669662615080268,0.21116942880600256,0.21116942880600256,0.12870296386934862,0.09842875674888552
entity,0.1,4212,158,0.21572503538609195,0.2101860825151075,0.2101860825151075,0.12810026165982258,0.09898975662565361
entity,0.1,4212,159,0.214742400392716,0.2091915147341064,0.20919151473410644,0.1274928269631291,0.09954128339275124
entity,0.1,4212,160,0.21374884916343279,0.20818585321518585,0.20818585321518582,0.1268808358640342,0.1000830256695191
entity,0.1,4212,161,0.21274451908378272,0.20716923520719221,0.20716923520719221,0.1262644713939114,0.10061467104938929
entity,0.1,4212,162,0.21172955702989366,0.20614180755569014,0.20614180755569012,0.1256439235317745,0.10113590613415344
entity,0.1,4212,163,0.21070411945976153,0.20510372679640293,0.20510372679640293,0.1250193891978262,0.10164641659103331
entity,0.1,4212,164,0.20966837249728065,0.20405515924130518,0.20405515924130518,0.12439107223852154,0.10214588723472177
entity,0.1,4212,165,0.2086224920082366,0.20299628105657616,0.2029962810565762,0.1237591834020732,0.10263400213645725
entity,0.1,4212,166,0.2075666636674159,0.20192727833156426,0.20192727833156426,0.12312394030325896,0.10311044476206875
entity,0.1,4212,167,0.20650108301593195,0.20084834713785812,0.20084834713785815,0.1224855673763367,0.10357489814078237
entity,0.1,4212,168,0.20542595550781584,0.19975969357750892,0.1997596935775089,0.12184429581482738,0.10402704506641251
entity,0.1,4212,169,0.204341496544873,0.1986615338194009,0.1986615338194009,0.1212003634968952,0.10446656833237733
entity,0.1,4212,170,0.20324793149876774,0.19755409412272795,0.19755409412272795,0.12055401489503426,0.10489315100177588
entity,0.1,4212,171,0.20214549571926052,0.1964376108464973,0.1964376108464973,0.11990550096877002,0.10530647671354304
entity,0.1,4212,172,0.20103443452749867,0.195312330443957,0.19531233044395696,0.11925507903909513,0.10570623002546348
entity,0.1,4212,173,0.19991500319323927,0.1941785094408215,0.1941785094408215,0.11860301264338971,0.10609209679457778
entity,0.1,4212,174,0.19878746689487495,0.19303641439616237,0.19303641439616237,0.1179495713696246,0.10646376459524586
entity,0.1,4212,175,0.19765210066112968,0.19188632184482662,0.19188632184482662,0.11729503066871075,0.10682092317486183
entity,0.1,4212,176,0.19650918929330377,0.19072851822025827,0.19072851822025821,0.11663967164394422,0.10716326494692352
entity,0.1,4212,177,0.1953590272669647,0.18956329975661507,0.18956329975661504,0.1159837808165984,0.10749048552086678
entity,0.1,4212,178,0.1942019186120131,0.1883909723691059,0.1883909723691059,0.11532764986683752,0.10780228426776897
entity,0.1,4212,179,0.1930381767700955,0.18721185151151604,0.18721185151151604,0.11467157534926586,0.10809836492071817
entity,0.1,4212,180,0.19186812442838952,0.1860262620099423,0.1860262620099423,0.11401585838258366,0.10837843620832852
entity,0.1,4212,181,0.19069209332885712,0.1848345378718289,0.1848345378718289,0.11336080431299544,0.10864221251956939
entity,0.1,4212,182,0.18951042405213708,0.1836370220694723,0.1836370220694723,0.11270672235120562,0.10888941459775717
entity,0.1,4212,183,0.18832346577534398,0.18243406629725722,0.18243406629725722,0.1120539251830372,0.10911977026124786
entity,0.1,4212,184,0.18713157600314248,0.18122603070199012,0.18122603070199012,0.11140272855392676,0.10933301514805817
entity,0.1,4212,185,0.18593512027158426,0.18001328358581306,0.1800132835858131,0.11075345082777059,0.10952889348134409
entity,0.1,4212,186,0.18473447182432196,0.1787962010813098,0.17879620108130978,0.11010641252083027,0.10970715885237366
entity,0.1,4212,187,0.1835300112609547,0.17757516679855478,0.1775751667985548,0.1094619358116417,0.10986757501735436
entity,0.1,4212,188,0.18232212615740964,0.17635057144400773,0.17635057144400773,0.10882034402811225,0.11000991670421437
entity,0.1,4212,189,0.1811112106584235,0.17512281241131444,0.17512281241131444,0.10818196111322745,0.11013397042519532
entity,0.1,4212,190,0.17989766504235652,0.173892293344245,0.173892293344245,0.10754711107102563,0.11023953529089388
entity,0.1,4212,191,0.17868189525874686,0.17265942367217532,0.1726594236721753,0.10691611739472653,0.11032642382119714
entity,0.1,4212,192,0.17746431243919542,0.1714246181187012,0.1714246181187012,0.10628930247911983,0.11039446274839125
entity,0.1,4212,193,0.17624533238235776,0.17018829618416076,0.17018829618416076,0.10566698701952633,0.11044349380758746
entity,0.1,4212,194,0.17502537501400933,0.16895088160303162,0.16895088160303162,0.10504948939983555,0.11047337450951418
entity,0.1,4212,195,0.17380486382334145,0.16771280177736056,0.16771280177736056,0.10443712507229728,0.11048397889065739
entity,0.1,4212,196,0.17258422527683526,0.16647448718757446,0.16647448718757446,0.10383020593189629,0.1104751982357135
entity,0.1,4212,197,0.17136388821125084,0.16523637078221104,0.16523637078221104,0.10322903968826895,0.11044694176733462
entity,0.1,4212,198,0.17014428320744956,0.16399888734829066,0.16399888734829066,0.10263392923822352,0.11039913729820944
entity,0.1,4212,199,0.16892584194694854,0.16276247286423068,0.16276247286423068,0.10204517204200289,0.11033173184063164
entity,0.1,4212,200,0.1677089965532716,0.16152756383737135,0.16152756383737135,0.10146305950647509,0.11024469216885535
entity,0.1,4212,201,0.16649417892032234,0.16029459662834347,0.1602945966283435,0.10088787637845538,0.11013800532973865
entity,0.1,4212,202,0.1652818200301494,0.15906400676465313,0.15906400676465315,0.1003199001513504,0.11001167909741588
entity,0.1,4212,203,0.16407234926260564,0.15783622824599222,0.15783622824599222,0.09975940048827141,0.10986574236802632
entity,0.1,4212,204,0.1628661936995195,0.15661169284389986,0.15661169284389986,0.09920663866468929,0.10970024549085551
entity,0.1,4212,205,0.16166377742609353,0.15539082939849752,0.15539082939849752,0.09866186703359965,0.1095152605326137
entity,0.1,4212,206,0.16046552083232385,0.15417406311510037,0.15417406311510037,0.09812532851603299,0.10931088147198273
entity,0.1,4212,207,0.15927183991729227,0.15296181486356644,0.15296181486356641,0.097597256119585,0.10908722432200126
entity,0.1,4212,208,0.15808314559921904,0.15175450048328104,0.15175450048328104,0.09707787248745497,0.10884442717832954
entity,0.1,4212,209,0.15689984303417787,0.1505525300966895,0.1505525300966895,0.09656738948027091,0.10858265019192777
entity,0.1,4212,210,0.15572233094636573,0.1493563074342819,0.1493563074342819,0.09606600779275062,0.10830207546519897
entity,0.1,4212,211,0.15455100097278762,0.14816622917390232,0.14816622917390232,0.09557391660699792,0.1080029068711757
entity,0.1,4212,212,0.15338623702516116,0.1469826842971997,0.14698268429719968,0.09509129328397206,0.10768536979587107
entity,0.1,4212,213,0.15222841467176576,0.1458060534659589,0.14580605346595887,0.0946183030943922,0.10734971080445345
entity,0.1,4212,214,0.151077900541863,0.14463670842095108,0.1446367084209511,0.09415509899005624,0.10699619723244776
entity,0.1,4212,215,0.1499350517551893,0.14347501140581945,0.14347501140581945,0.0937018214162657,0.10662511670369293
entity,0.1,4212,216,0.14880021537888202,0.14232131461837486,0.14232131461837486,0.09325859816575888,0.1062367765773026
entity,0.1,4212,217,0.14767372791403727,0.14117595969151445,0.14117595969151442,0.0928255442742664,0.10583150332637016
entity,0.1,4212,218,0.14655591481392,0.14003927720579779,0.14003927720579779,0.09240276195752237,0.10540964185162774
entity,0.1,4212,219,0.14544709003565245,0.13891158623552174,0.13891158623552174,0.09199034058928875,0.10497155473370486
entity,0.1,4212,220,0.1443475556270007,0.13779319392992784,0.13779319392992784,0.09158835671968871,0.10451762142803316
entity,0.1,4212,221,0.14325760134966062,0.13668439513095806,0.13668439513095804,0.09119687413289482,0.10404823740680456
entity,0.1,4212,222,0.14217750434021853,0.13558547202874827,0.13558547202874827,0.09081594394298464,0.10356381325270424
entity,0.1,4212,223,0.14110752880972846,0.13449669385581509,0.13449669385581509,0.09044560472656132,0.10306477370941176
entity,0.1,4212,224,0.14004792578261083,0.13341831662065493,0.13341831662065495,0.09008588269054096,0.10255155669408036
entity,0.1,4212,225,0.138998932875341,0.13235058288123608,0.13235058288123608,0.08973679187333447,0.10202461227717646
entity,0.1,4212,226,0.13796077411515692,0.13129372155862618,0.13129372155862618,0.08939833437749835,0.10148440163517897
entity,0.1,4212,227,0.13693365979878286,0.13024794779076385,0.13024794779076385,0.0890705006318006,0.10093139598170245
entity,0.1,4212,228,0.13591778639093838,0.12921346282615498,0.12921346282615498,0.08875326968053993,0.10036607548262803
entity,0.1,4212,229,0.13491333646217935,0.1281904539570516,0.1281904539570516,0.08844660949787395,0.09978892816078837
entity,0.1,4212,230,0.13392047866540982,0.12717909449146142,0.12717909449146142,0.08815047732485062,0.09920044879567445
entity,0.1,4212,231,0.13293936775020163,0.12617954376313512,0.12617954376313512,0.0878648200267991,0.09860113782350689
entity,0.1,4212,232,0.1319701446138737,0.1251919471784907,0.1251919471784907,0.08758957446871775,0.09799150024284423
entity,0.1,4212,233,0.13101293638810985,0.12421643629926231,0.12421643629926232,0.08732466790630203,0.0973720445306982
entity,0.1,4212,234,0.1300678565597366,0.12325312895950127,0.12325312895950129,0.08707001839027428,0.09674328157388384
entity,0.1,4212,235,0.129135005124143,0.12230212941541727,0.12230212941541727,0.08682553518171912,0.09610572362006188
entity,0.1,4212,236,0.1282144687696987,0.12136352852642104,0.12136352852642104,0.0865911191761824,0.09545988325263724
entity,0.1,4212,237,0.12730632109141998,0.12043740396562275,0.12043740396562275,0.08636666333436228,0.09480627239335555
entity,0.1,4212,238,0.12641062283204552,0.11952382045795022,0.11952382045795022,0.08615205311730313,0.09414540133610966
entity,0.1,4212,239,0.125527422148608,0.11862283004397702,0.11862283004397703,0.08594716692409693,0.09347777781511674
entity,0.1,4212,240,0.12465675490253646,0.11773447236749535,0.11773447236749536,0.0857518765301998,0.0928039061102748
entity,0.1,4212,241,0.12379864497128233,0.1168587749848287,0.11685877498482869,0.08556604752458127,0.09212428619214565
entity,0.1,4212,242,0.12295310457944167,0.11599575369385617,0.11599575369385617,0.08538953974404105,0.09143941290865434
entity,0.1,4212,243,0.12212013464733854,0.1151454128807128,0.11514541288071278,0.08522220770314792,0.09074977521523706
entity,0.1,4212,244,0.12129972515504062,0.11430774588213563,0.11430774588213566,0.08506390101837956,0.09005585544982411
entity,0.1,4212,245,0.12049185551980139,0.11348273536144751,0.11348273536144753,0.08491446482516651,0.08935812865370339
entity,0.1,4212,246,0.11969649498495355,0.11267035369620065,0.11267035369620064,0.08477374018666903,0.08865706193898626
entity,0.1,4212,247,0.11891360301832592,0.11187056337554874,0.11187056337554876,0.0846415644932387,0.08795311390308755
entity,0.1,4212,248,0.11814312971830904,0.11108331740546874,0.11108331740546873,0.08451777185163983,0.08724673409033594
entity,0.1,4212,249,0.11738501622575895,0.11030855972001764,0.11030855972001764,0.08440219346322261,0.08653836250056073
entity,0.1,4212,250,0.11663919514000201,0.10954622559688176,0.10954622559688176,0.08429465799035629,0.08582842914424259
entity,0.1,4212,251,0.11590559093727966,0.10879624207555232,0.10879624207555232,0.08419499191054035,0.0851173536435847
entity,0.1,4212,252,0.11518412039005833,0.1080585283765467,0.1080585283765467,0.0841030198577165,0.08440554487864858
entity,0.1,4212,253,0.11447469298571737,0.10733299632018219,0.10733299632018219,0.08401856495040416,0.08369340067750765
entity,0.1,4212,254,0.11377721134321937,0.1066195507435001,0.1066195507435001,0.08394144910637541,0.08298130754920326
entity,0.1,4212,255,0.11309157162646286,0.1059180899140338,0.10591808991403381,0.08387149334367278,0.08226964045814071
entity,0.1,4212,256,0.11241766395311203,0.10522850593920831,0.10522850593920832,0.08380851806785425,0.08155876263843674
entity,0.1,4212,257,0.1117553727977949,0.10455068517025601,0.10455068517025601,0.08375234334542414,0.08084902544662358
entity,0.1,4212,258,0.11110457738865773,0.1038845085996291,0.10388450859962908,0.0837027891634769,0.08014076825102691
entity,0.1,4212,259,0.11046515209635814,0.10322985225098415,0.10322985225098415,0.08365967567564246,0.07943431835606879
entity,0.1,4212,260,0.10983696681467364,0.10258658756090802,0.10258658756090804,0.08362282343447722,0.07872999095969387
entity,0.1,4212,261,0.10921988733199296,0.10195458175164547,0.10195458175164546,0.08359205361049453,0.07802808914208283
entity,0.1,4212,262,0.10861377569304656,0.1013336981941775,0.10133369819417748,0.08356718819807193,0.07732890388379775
entity,0.1,4212,263,0.10801849055031891,0.10072379676108564,0.10072379676108563,0.08354805020851055,0.07663271411149657
entity,0.1,4212,264,0.107433887504666,0.1001247341687189,0.1001247341687189,0.08353446385055514,0.07593978676936103
entity,0.1,4212,265,0.10685981943474117,0.09953636430825888,0.09953636430825888,0.08352625469871083,0.07525037691440012
entity,0.1,4212,266,0.10629613681490603,0.09895853856535318,0.09895853856535318,0.08352324984971611,0.0745647278338163
entity,0.1,4212,267,0.10574268802137382,0.09839110612805768,0.0983911061280577,0.08352527806755035,0.07388307118266117
entity,0.1,4212,268,0.10519931962639839,0.09783391428289395,0.09783391428289397,0.08353216991736889,0.07320562714004744
entity,0.1,4212,269,0.10466587668038374,0.09728680869889032,0.09728680869889031,0.08354375788877068,0.07253260458223543
entity,0.1,4212,270,0.10414220298184636,0.09674963369953254,0.09674963369953254,0.08355987650881004,0.07186420127096993
entity,0.1,4212,271,0.10362814133521563,0.09622223252260317,0.09622223252260316,0.08358036244517007,0.0712006040554983
entity,0.1,4212,272,0.10312353379650582,0.09570444756793706,0.09570444756793706,0.08360505459991732,0.0705419890867689
entity,0.1,4212,273,0.10262822190693877,0.09519612063316649,0.09519612063316651,0.0836337941942559,0.06988852204237248
entity,0.1,4212,274,0.10214204691463505,0.0946970931375681,0.0946970931375681,0.0836664248446978,0.06924035836085733
entity,0.1,4212,275,0.10166484998452927,0.09420720633416198,0.09420720633416199,0.08370279263106183,0.06859764348411923
entity,0.1,4212,276,0.10119647239669738,0.09372630151024552,0.09372630151024552,0.08374274615670628,0.067960513106636
entity,0.1,4212,277,0.10073675573331185,0.09325422017657331,0.0932542201765733,0.08378613660139475,0.06732909343038734
entity,0.1,4212,278,0.10028554205446762,0.09279080424542094,0.09279080424542094,0.08383281776718411,0.06670350142436883
entity,0.1,4212,279,0.09984267406314228,0.09233589619779203,0.09233589619779203,0.08388264611771556,0.06608384508767941
entity,0.1,4212,280,0.09940799525957361,0.09188933924004726,0.09188933924004727,0.08393548081127765,0.06547022371522702
entity,0.1,4212,281,0.0989813500853542,0.09145097745025102,0.09145097745025102,0.0839911837280002,0.06486272816516436
entity,0.1,4212,282,0.09856258405755457,0.09102065591454354,0.09102065591454356,0.08404961949152569,0.0642614411272303
entity,0.1,4212,283,0.0981515438931989,0.09059822085385894,0.09059822085385891,0.0841106554854926,0.06366643739123382
entity,0.1,4212,284,0.09774807762442413,0.09018351974131644,0.09018351974131644,0.08417416186515335,0.06307778411497915
entity,0.1,4212,285,0.09735203470466067,0.08977640141062018,0.08977640141062018,0.08424001156443606,0.062495541090985325
entity,0.1,4212,286,0.09696326610617595,0.08937671615580557,0.08937671615580556,0.08430808029874785,0.06191976101141169
entity,0.1,4212,287,0.09658162440932543,0.08898431582267433,0.08898431582267433,0.0843782465638038,0.061350489730650784
entity,0.1,4212,288,0.0962069638838557,0.08859905389226012,0.08859905389226012,0.08445039163075423,0.060787766525102385
entity,0.1,4212,289,0.09583914056260368,0.08822078555666654,0.08822078555666654,0.08452439953786947,0.06023162434968829
entity,0.1,4212,290,0.09547801230793354,0.08784936778761679,0.08784936778761679,0.08460015707903032,0.0596820900907133
entity,0.1,4212,291,0.09512343887124984,0.08748465939805161,0.08748465939805161,0.08467755378925965,0.059139184814721336
entity,0.1,4212,292,0.09477528194592061,0.0871265210971074,0.08712652109710742,0.08475648192751933,0.0586029240130333
entity,0.1,4212,293,0.09443340521393864,0.08677481553880104,0.08677481553880104,0.08483683645698566,0.058073317841693894
entity,0.1,4212,294,0.09409767438664343,0.0864294073647423,0.08642940736474232,0.08491851502300457,0.0575503713565873
entity,0.1,4212,295,0.09376795723981848,0.08609016324118743,0.08609016324118743,0.08500141792891858,0.057034084743517316
entity,0.1,4212,296,0.09344412364347174,0.08575695189074006,0.08575695189074006,0.08508544810994592,0.056524453543075746
entity,0.1,4212,297,0.0931260455865983,0.08542964411899812,0.0854296441189981,0.08517051110528347,0.056021468870154065
entity,0.1,4212,298,0.09281359719721641,0.08510811283643595,0.08510811283643593,0.08525651502859462,0.05552511762797807
entity,0.1,4212,299,0.0925066547579586,0.08479223307580369,0.08479223307580369,0.08534337053703506,0.05503538271657184
entity,0.1,4212,300,0.09220509671749084,0.08448188200531509,0.08448188200531509,0.08543099079895994,0.05455224323557873
entity,0.1,4212,301,0.09190880369802244,0.08417693893788676,0.08417693893788676,0.08551929146044802,0.05407567468138921
entity,0.1,4212,302,0.09161765849916183,0.08387728533668289,0.0838772853366829,0.0856081906107699,0.05360564913854493
entity,0.1,4212,303,0.09133154609836125,0.08358280481720844,0.08358280481720844,0.08569760874692046,0.0531421354654054
entity,0.1,4212,304,0.09105035364818567,0.08329338314618567,0.08329338314618569,0.085787468737328,0.05268509947408125
entity,0.1,4212,305,0.09077397047063085,0.0830089082374389,0.08300890823743891,0.08587769578484519,0.05223450410465218
entity,0.1,4212,306,0.090502288048706,0.08272927014500259,0.08272927014500259,0.08596821738912146,0.051790309593701706
entity,0.1,4212,307,0.09023520001548702,0.08245436105365903,0.08245436105365903,0.0860589633084491,0.05135247363721325
entity,0.1,4212,308,0.08997260214083702,0.08218407526710209,0.08218407526710207,0.0861498655211701,0.05092095154788297
entity,0.1,4212,309,0.0897143923159816,0.08191830919391474,0.08191830919391474,0.08624085818672483,0.05049569640691538
entity,0.1,4212,310,0.0894604705361173,0.08165696133153907,0.08165696133153909,0.0863318776064184,0.050076659210376205
entity,0.1,4212,311,0.08921073888122255,0.0813999322484082,0.0813999322484082,0.08642286218397519,0.0496637890101855
entity,0.1,4212,312,0.08896510149523262,0.08114712456440185,0.08114712456440183,0.08651375238594805,0.049257033049841026
entity,0.1,4212,313,0.08872346456373054,0.0808984429297781,0.0808984429297781,0.08660449070204317,0.048856336894968024
entity,0.1,4212,314,0.0884857362902987,0.08065379400272643,0.08065379400272643,0.08669502160541763,0.04846164455879713
entity,0.1,4212,315,0.08825182687166747,0.08041308642567843,0.08041308642567843,0.08678529151300332,0.0480728986226771
entity,0.1,4212,316,0.0880216484717897,0.08017623080050612,0.08017623080050612,0.08687524874590587,0.04769004035173258
entity,0.1,4212,317,0.08779511519496216,0.07994313966272903,0.07994313966272903,0.0869648434899248,0.04731300980578112
entity,0.1,4212,318,0.08757214305810875,0.07971372745484559,0.07971372745484559,0.08705402775623614,0.046941745945626036
entity,0.1,4212,319,0.08735264996233207,0.07948791049889596,0.07948791049889595,0.08714275534227811,0.046576186734844004
entity,0.1,4212,320,0.08713655566383469,0.07926560696835827,0.07926560696835827,0.08723098179287425,0.0462162692371882
entity,0.1,4212,321,0.08692378174430407,0.0790467368594729,0.07904673685947289,0.08731866436162809,0.04586192970972878
entity,0.1,4212,322,0.08671425158084964,0.07883122196208377,0.07883122196208378,0.08740576197261954,0.04551310369185343
entity,0.1,4212,323,0.08650789031557438,0.07861898583007997,0.07861898583007997,0.08749223518243061,0.04516972609025117
entity,0.1,4212,324,0.0863046248248576,0.07840995375151485,0.07840995375151485,0.08757804614252668,0.04483173126000225
entity,0.1,4212,325,0.08610438368842105,0.07820405271847544,0.07820405271847547,0.08766315856201554,0.04449905308189721
entity,0.1,4212,326,0.08590709715824402,0.07800121139676876,0.07800121139676877,0.08774753767080622,0.04417162503610716
entity,0.1,4212,327,0.08571269712738977,0.07780136009548781,0.0778013600954878,0.08783115018318641,0.043849380272325864
entity,0.1,4212,328,0.08552111709879992,0.07760443073651485,0.07760443073651485,0.08791396426183566,0.04353225167650488
entity,0.1,4212,329,0.08533229215411002,0.07741035682401572,0.0774103568240157,0.08799594948228985,0.04322017193429863
entity,0.1,4212,330,0.08514615892253395,0.07721907341397372,0.07721907341397374,0.0880770767978711,0.04291307359133773
entity,0.1,4212,331,0.08496265554986317,0.07703051708380973,0.07703051708380973,0.08815731850509521,0.0426108891104446
entity,0.1,4212,332,0.08478172166762012,0.07684462590212873,0.07684462590212873,0.08823664820956717,0.0423135509259049
entity,0.1,4212,333,0.08460329836240509,0.07666133939863251,0.07666133939863251,0.08831504079237476,0.042020991494905166
entity,0.1,4212,334,0.08442732814546884,0.07648059853423195,0.07648059853423193,0.08839247237698844,0.04173314334624572
entity,0.1,4212,335,0.08425375492254351,0.07630234567139178,0.07630234567139178,0.08846892029667369,0.04144993912643425
entity,0.1,4212,336,0.08408252396395913,0.0761265245447362,0.0761265245447362,0.08854436306242294,0.04117131164326406
entity,0.1,4212,337,0.08391358187507107,0.07595308023194117,0.07595308023194117,0.08861878033141071,0.040897193906977956
entity,0.1,4212,338,0.0837468765670219,0.07578195912493746,0.07578195912493746,0.08869215287597669,0.04062751916911566
entity,0.1,4212,339,0.08358235722785691,0.07561310890144493,0.07561310890144493,0.08876446255313923,0.040362220959140556
entity,0.1,4212,340,0.08341997429401228,0.0754464784968571,0.0754464784968571,0.08883569227464126,0.04010123311893851
entity,0.1,4212,341,0.08325967942219148,0.07528201807649258,0.07528201807649258,0.08890582597753033,0.03984448983527831
entity,0.1,4212,342,0.08310142546164373,0.07511967900822805,0.07511967900822805,0.08897484859527267,0.03959192567032171
entity,0.1,4212,343,0.08294516642685655,0.07495941383552501,0.07495941383552501,0.08904274602940165,0.0393434755902659
entity,0.1,4212,344,0.08279085747067336,0.07480117625086238,0.0748011762508624,0.08910950512169939,0.03909907499220142
entity,0.1,4212,345,0.08263845485784409,0.07464492106958329,0.07464492106958329,0.08917511362691043,0.03885865972926298
entity,0.1,4212,346,0.0824879159390165,0.07449060420416435,0.07449060420416437,0.08923956018598504,0.038622166134149066
entity,0.1,4212,347,0.08233919912517411,0.07433818263891433,0.07433818263891434,0.08930283429985042,0.03838953104108423
entity,0.1,4212,348,0.08219226386252518,0.0741876144051066,0.0741876144051066,0.08936492630370566,0.038160691806292814
entity,0.1,4212,349,0.08204707060784609,0.07403885855655004,0.07403885855655004,0.08942582734183818,0.03793558632705314
entity,0.1,4212,350,0.08190358080428174,0.07389187514560101,0.073891875145601,0.08948552934295737,0.03771415305939589
entity,0.1,4213,0,0.3407066183632105,0.3287085973064338,0.32870859730643376,0.13291453122021685,0.40190121318906774
entity,0.1,4213,1,0.32541624500949984,0.3134222483334783,0.3134222483334783,0.13082683846494114,0.359218638654011
entity,0.1,4213,2,0.3131869636582814,0.301196552614002,0.301196552614002,0.13026609106136655,0.3218726993476744
entity,0.1,4213,3,0.30335606717761104,0.29136890907819357,0.29136890907819357,0.1307506233708364,0.28918938347415357
entity,0.1,4213,4,0.29540938912217035,0.28342522188826325,0.28342522188826325,0.13192612792879707,0.2606001346593517
entity,0.1,4213,5,0.2889463635461742,0.27696497203424636,0.2769649720342464,0.13353318608664974,0.23562022216267986
entity,0.1,4213,6,0.2836538723878611,0.27167507249336403,0.2716750724933641,0.1353832432156426,0.21383224934460943
entity,0.1,4213,7,0.2792864729674808,0.2673101008923675,0.26731010089236756,0.13734071078412446,0.19487331447953107
entity,0.1,4213,8,0.27565132442154067,0.2636772293959524,0.2636772293959524,0.13930956424760974,0.17842485114603637
entity,0.1,4213,9,0.2725966171995007,0.2606246565304977,0.2606246565304977,0.1412232701200109,0.16420452143273434
entity,0.1,4213,10,0.27000264105110455,0.2580326767507778,0.2580326767507778,0.14303719640999474,0.1519597682642378
entity,0.1,4213,11,0.2677748575538963,0.2558067540473744,0.25580675404737446,0.14472288628109628,0.1414627813926893
entity,0.1,4213,12,0.2658385066143089,0.25387212919134844,0.2538721291913484,0.14626373602441198,0.13250670961057773
entity,0.1,4213,13,0.2641343939596926,0.25216960774145736,0.2521696077414573,0.1476517351449768,0.12490297117701486
entity,0.1,4213,14,0.26261559245122484,0.2506522617157194,0.25065226171571947,0.14888501179081692,0.11847949181651564
entity,0.1,4213,15,0.26124485344882586,0.24928284120666813,0.24928284120666816,0.149965989868644,0.1130796587784926
entity,0.1,4213,16,0.2599925718089497,0.24803173955381075,0.24803173955381075,0.15090001118697594,0.10856174720404323
entity,0.1,4213,17,0.2588351837901079,0.24687539137046835,0.24687539137046838,0.15169431119333057,0.1047985724651896
entity,0.1,4213,18,0.25775390426584965,0.24579500984014654,0.24579500984014657,0.15235726342117611,0.1016771565472449
entity,0.1,4213,19,0.25673373040023867,0.24477559044826033,0.2447755904482603,0.15289782786410575,0.09909825994731075
entity,0.1,4213,20,0.25576265491544314,0.24380512428645645,0.24380512428645645,0.15332515377313194,0.0969757052228126
entity,0.1,4213,21,0.2548310444368716,0.24287397642042102,0.24287397642042097,0.1536482990218576,0.09523548568199089
entity,0.1,4213,22,0.2539311479977251,0.24197439440698842,0.24197439440698842,0.1538760370883145,0.09381470046320892
entity,0.1,4213,23,0.2530567082639292,0.24110011952439575,0.24110011952439578,0.1540167295217451,0.09266038176180676
entity,0.1,4213,24,0.2522026538860714,0.24024607912442722,0.24024607912442722,0.15407824699333011,0.0917282844996764
entity,0.1,4213,25,0.25136485596481983,0.2394081430944955,0.23940814309449548,0.15406792604605837,0.0909816999298163
entity,0.1,4213,26,0.25053993521148676,0.23858293101249012,0.23858293101249012,0.153992551744365,0.09039033936870493
entity,0.1,4213,27,0.24972510921219992,0.2377676594037253,0.2377676594037253,0.15385835879484003,0.08992931770341903
entity,0.1,4213,28,0.24891807142974476,0.23696002073469735,0.23696002073469732,0.1536710455302315,0.08957825169325535
entity,0.1,4213,29,0.24811689533133457,0.23615808753238668,0.23615808753238665,0.1534357965465216,0.08932047675976953
entity,0.1,4213,30,0.24731995841444607,0.23536023640159462,0.23536023640159465,0.1531573108540933,0.08914237812174006
entity,0.1,4213,31,0.2465258819954173,0.23456508780526703,0.23456508780526703,0.1528398332236057,0.08903282733081883
entity,0.1,4213,32,0.24573348348859858,0.23377145833577698,0.233771458335777,0.15248718703271708,0.0889827128092263
entity,0.1,4213,33,0.24494173858601576,0.23297832288725195,0.23297832288725195,0.15210280739565507,0.0889845521893583
entity,0.1,4213,34,0.2441497512868979,0.23218478467838066,0.23218478467838066,0.15168977371815728,0.08903217452046426
entity,0.1,4213,35,0.24335673015307396,0.2313900515017549,0.2313900515017549,0.15125084109202663,0.08912046129334003
entity,0.1,4213,36,0.24256196950380923,0.23059341691334406,0.23059341691334406,0.15078847014698904,0.08924513642590458
entity,0.1,4213,37,0.24176483453079933,0.22979424534282883,0.22979424534282883,0.15030485512859448,0.08940259664393953
entity,0.1,4213,38,0.24096474952549501,0.22899196031696284,0.22899196031696284,0.14980195008183977,0.08958977495591855
entity,0.1,4213,39,0.2401611885783308,0.22818603515552072,0.2281860351555207,0.14928149310052702,0.08980403108872852
entity,0.1,4213,40,0.23935366824196289,0.22737598563191785,0.22737598563191785,0.14874502865943498,0.09004306378937947
entity,0.1,4213,41,0.23854174175556372,0.22656136419552328,0.2265613641955233,0.14819392808584772,0.09030484079693715
entity,0.1,4213,42,0.23772499451031398,0.2257417554357784,0.2257417554357784,0.14762940825321794,0.09058754305291289
entity,0.1,4213,43,0.2369030405020276,0.2249167725340271,0.2249167725340271,0.1470525485961097,0.09088952035843598
entity,0.1,4213,44,0.23607551956894712,0.22408605450106367,0.22408605450106367,0.1464643065546381,0.09120925621709153
entity,0.1,4213,45,0.23524209525399595,0.2232492640396539,0.2232492640396539,0.14586553156038634,0.09154534003844686
entity,0.1,4213,46,0.234402453163435,0.2224060859039465,0.22240608590394653,0.1452569776757333,0.09189644523348782
entity,0.1,4213,47,0.23355629971973196,0.22155622565355235,0.22155622565355232,0.14463931499581179,0.0922613120225866
entity,0.1,4213,48,0.2327033612269201,0.22069940872053914,0.22069940872053914,0.1440131399178046,0.09263873401075869
entity,0.1,4213,49,0.2318433831829341,0.21983537972380057,0.21983537972380052,0.143378984376619,0.0930275477737362
entity,0.1,4213,50,0.2309761297862432,0.21896390197809157,0.21896390197809157,0.14273732413963858,0.09342662485012375
entity,0.1,4213,51,0.2301013835942688,0.21808475715519043,0.21808475715519043,0.1420885862465938,0.09383486565656794
entity,0.1,4213,52,0.22921894529912853,0.21719774506270295,0.21719774506270295,0.14143315567386994,0.09425119494019463
entity,0.1,4213,53,0.2283286335926447,0.21630268351242046,0.21630268351242044,0.14077138129597025,0.09467455846025952
entity,0.1,4213,54,0.22743028509763014,0.21539940825521992,0.21539940825521992,0.14010358121049354,0.0951039206528487
entity,0.1,4213,55,0.22652375434651417,0.21448777296354338,0.21448777296354335,0.13943004748695842,0.09553826308167941
entity,0.1,4213,56,0.22560891379160516,0.2135676492457289,0.2135676492457289,0.13875105039415794,0.09597658351710517
entity,0.1,4213,57,0.22468565383388545,0.21263892667906426,0.21263892667906423,0.13806684215548712,0.09641789551636415
entity,0.1,4213,58,0.22375388285933848,0.2117015128505389,0.2117015128505389,0.13737766027686513,0.0968612284025747
entity,0.1,4213,59,0.2228135272735256,0.21075533339598745,0.21075533339598748,0.13668373048747035,0.09730562755928854
entity,0.1,4213,60,0.22186453152654953,0.2098003320297374,0.20980033202973736,0.13598526932950558,0.09775015497263971
entity,0.1,4213,61,0.22090685812172906,0.20883647055806176,0.20883647055806176,0.1352824864296045,0.09819388996511927
entity,0.1,4213,62,0.219940487602327,0.20786372887075386,0.20786372887075386,0.13457558648124807,0.0986359300744579
entity,0.1,4213,63,0.21896541851154822,0.20688210490601705,0.20688210490601702,0.13386477096466282,0.09907539203855706
entity,0.1,4213,64,0.21798166732180435,0.20589161458464234,0.20589161458464234,0.13315023962809783,0.09951141285331981
entity,0.1,4213,65,0.21698926832994408,0.2048922917101472,0.20489229171014722,0.13243219175209162,0.0999431508749434
entity,0.1,4213,66,0.21598827351578592,0.20388418783218976,0.20388418783218976,0.1317108272163262,0.10036978694203914
entity,0.1,4213,67,0.21497875236189046,0.2028673720711709,0.2028673720711709,0.13098634738689097,0.10079052549604985
entity,0.1,4213,68,0.21396079163306955,0.2018419309024978,0.2018419309024978,0.1302589558402226,0.10120459568103737
entity,0.1,4213,69,0.21293449511465926,0.20080796789951333,0.20080796789951333,0.12952885893862634,0.10161125240613286
entity,0.1,4213,70,0.21189998330909118,0.19976560343460242,0.1997656034346024,0.12879626627108956,0.1020097773559045
entity,0.1,4213,71,0.21085739309077572,0.1987149743384674,0.19871497433846735,0.1280613909720578,0.10239947993567024
entity,0.1,4213,72,0.2098068773197675,0.19765623351802128,0.1976562335180213,0.12732444992992972,0.1027796981404359
entity,0.1,4213,73,0.20874860441511475,0.19658954953377988,0.1965895495337799,0.12658566389622286,0.10314979933771397
entity,0.1,4213,74,0.20768275788919552,0.195515106138037,0.19551510613803702,0.12584525750565376,0.10350918095600004
entity,0.1,4213,75,0.2066095358447197,0.19443310177548273,0.19443310177548273,0.1251034592167407,0.10385727107217817
entity,0.1,4213,76,0.20552915043641498,0.1933437490482669,0.19334374904826693,0.12436050118196817,0.10419352889259181
entity,0.1,4213,77,0.20444182729972224,0.19224727414781662,0.19224727414781664,0.1236166190560307,0.10451744512396674
entity,0.1,4213,78,0.2033478049490957,0.19114391625599012,0.1911439162559901,0.12287205175019152,0.10482854223178653
entity,0.1,4213,79,0.20224733414873164,0.19003392691837745,0.19003392691837745,0.12212704114033913,0.10512637458510775
entity,0.1,4213,80,0.20114067725874105,0.1889175693927535,0.1889175693927535,0.12138183173589095,0.1054105284881339
entity,0.1,4213,81,0.2000281075599293,0.18779511797583592,0.18779511797583592,0.12063667031627534,0.10568062210013969
entity,0.1,4213,82,0.19890990856045102,0.18666685731161017,0.18666685731161017,0.11989180554131317,0.10593630524653569
entity,0.1,4213,83,0.19778637328767518,0.1855330816845501,0.18553308168455013,0.11914748754141329,0.10617725912496838
entity,0.1,4213,84,0.1966578035686185,0.1843940943010886,0.1843940943010886,0.1184039674930931,0.10640319591135537
entity,0.1,4213,85,0.19552450930229165,0.18325020656268082,0.18325020656268082,0.11766149718493044,0.1066138582716441
entity,0.1,4213,86,0.19438680772725095,0.18210173733375212,0.18210173733375212,0.11692032857864826,0.10680901878584817
entity,0.1,4213,87,0.1932450226875651,0.18094901220774137,0.18094901220774137,0.11618071336962837,0.10698847929154931
entity,0.1,4213,88,0.1920994839002885,0.17979236277433447,0.17979236277433447,0.11544290255074514,0.10715207015455296
entity,0.1,4213,89,0.19095052622739286,0.17863212589084382,0.17863212589084382,0.11470714598300757,0.1072996494747481
entity,0.1,4213,90,0.1897984889549413,0.17746864296052406,0.17746864296052406,0.1139736919760996,0.10743110223545015
entity,0.1,4213,91,0.18864371508210442,0.17630225922043066,0.1763022592204307,0.11324278688151675,0.10754633940460152
entity,0.1,4213,92,0.18748655062241878,0.1751333230412302,0.17513332304123022,0.11251467470061358,0.10764529699617859
entity,0.1,4213,93,0.1863273439194751,0.17396218524115942,0.17396218524115942,0.1117895967095076,0.10772793510000647
entity,0.1,4213,94,0.1851664449790072,0.1727891984161144,0.1727891984161144,0.11106779110242748,0.10779423688793827
entity,0.1,4213,95,0.18400420481912855,0.17161471628762878,0.17161471628762878,0.11034949265475538,0.10784420760400729
entity,0.1,4213,96,0.18284097484024484,0.17043909307028066,0.17043909307028066,0.10963493240669459,0.10787787354574296
entity,0.1,4213,97,0.18167710621594801,0.1692626828598478,0.1692626828598478,0.10892433736819479,0.10789528104334623
entity,0.1,4213,98,0.18051294930598946,0.16808583904332144,0.16808583904332144,0.10821793024549417,0.10789649544288187
entity,0.1,4213,99,0.1793488530922233,0.16690891373168362,0.16690891373168362,0.10751592918938654,0.10788160009906168
entity,0.1,4213,100,0.17818516463821743,0.16573225721616047,0.16573225721616053,0.10681854756509955,0.10785069538258811
entity,0.1,4213,101,0.17702222857305117,0.16455621744848378,0.1645562174484838,0.10612599374346955,0.10780389770640804
entity,0.1,4213,102,0.17586038659964678,0.16338113954552366,0.1633811395455237,0.10543847091292846,0.10774133857461073
entity,0.1,4213,103,0.17469997702783288,0.16220736531850405,0.16220736531850408,0.10475617691167136,0.10766316365709373
entity,0.1,4213,104,0.1735413343321944,0.16103523282687077,0.16103523282687077,0.10407930407925267,0.10756953189253436
entity,0.1,4213,105,0.1723847887346437,0.159865075956761,0.159865075956761,0.10340803912676208,0.10746061462164444
entity,0.1,4213,106,0.1712306658115347,0.1586972240239101,0.1586972240239101,0.10274256302465792,0.10733659475216077
entity,0.1,4213,107,0.17007928612504933,0.15753200140073906,0.15753200140073903,0.10208305090728326,0.10719766595653976
entity,0.1,4213,108,0.16893096487850165,0.15636972716728215,0.15636972716728215,0.10142967199305791,0.10704403190288286
entity,0.1,4213,109,0.1677860115951391,0.15521071478554654,0.15521071478554654,0.10078258951932437,0.10687590551922409
entity,0.1,4213,110,0.16664472981996073,0.1540552717968377,0.1540552717968377,0.10014196069082763,0.10669350829096651
entity,0.1,4213,111,0.16550741684402845,0.15290369954153862,0.15290369954153862,0.09950793664082391,0.10649706959095007
entity,0.1,4213,112,0.16437436345071094,0.1517562929007948,0.1517562929007948,0.09888066240384052,0.10628682604138613
entity,0.1,4213,113,0.16324585368327232,0.15061334005952876,0.15061334005952876,0.09826027689914635,0.10606302090668276
entity,0.1,4213,114,0.16212216463319817,0.14947512229018797,0.14947512229018795,0.0976469129240377,0.10582590351602186
entity,0.1,4213,115,0.16100356624863937,0.1483419137566173,0.14834191375661726,0.09704069715609558,0.10557572871442646
entity,0.1,4213,116,0.1598903211623457,0.14721398133743815,0.14721398133743815,0.09644175016362633,0.10531275634096716
entity,0.1,4213,117,0.1587826845384593,0.14609158446831474,0.14609158446831474,0.09585018642355647,0.10503725073270376
entity,0.1,4213,118,0.15768090393753947,0.144974975002487,0.14497497500248702,0.09526611434611275,0.1047494802529355
entity,0.1,4213,119,0.15658521919919247,0.14386439708895432,0.14386439708895432,0.09468963630567889,0.10444971684233219
entity,0.1,4213,120,0.1554958623416885,0.14276008706769938,0.14276008706769935,0.09412084867728024,0.10413823559154531
entity,0.1,4213,121,0.15441305747795436,0.14166227338134857,0.14166227338134857,0.093559841878205,0.10381531433393934
entity,0.1,4213,122,0.15333702074733976,0.14057117650267492,0.14057117650267495,0.09300670041432613,0.10348123325714043
entity,0.1,4213,123,0.1522679602625641,0.139487008877357,0.139487008877357,0.09246150293073975,0.10313627453217154
entity,0.1,4213,124,0.15120607607126166,0.13840997488141776,0.13840997488141776,0.091924322266384,0.10278072195901874
entity,0.1,4213,125,0.15015156013155145,0.13734027079277625,0.13734027079277625,0.09139522551234633,0.10241486062755974
entity,0.1,4213,126,0.14910459630106845,0.13627808477635406,0.13627808477635406,0.09087427407360736,0.10203897659287205
entity,0.1,4213,127,0.14806536033890175,0.13522359688218716,0.13522359688218716,0.0903615237340042,0.10165335656403034
entity,0.1,4213,128,0.1470340199198934,0.13417697905600182,0.13417697905600182,0.08985702472422794,0.10125828760558903
entity,0.1,4213,129,0.1460107346607612,0.13313839516172188,0.13313839516172188,0.08936082179269575,0.10085405685103535
entity,0.1,4213,130,0.14499565615751417,0.13210800101538,0.13210800101538,0.08887295427916161,0.10044095122758209
entity,0.1,4213,131,0.1439889280336383,0.13108594442991406,0.13108594442991406,0.08839345619094724,0.10001925719174819
entity,0.1,4213,132,0.142990685998536,0.130072365270335,0.13007236527033497,0.0879223562816903,0.09958926047525146
entity,0.1,4213,133,0.14200105791570836,0.129067395518758,0.129067395518758,0.08745967813251845,0.0991512458408065
entity,0.1,4213,134,0.1410201638801762,0.12807115934879534,0.12807115934879534,0.08700544023556543,0.09870549684748321
entity,0.1,4213,135,0.1400481163046408,0.1270837732088132,0.1270837732088132,0.08655965607975169,0.09825229562533933
entity,0.1,4213,136,0.13908502001389067,0.12610534591356123,0.12610534591356123,0.08612233423875543,0.09779192265909006
entity,0.1,4213,137,0.13813097234696659,0.1251359787436876,0.1251359787436876,0.08569347846109938,0.09732465658062242
entity,0.1,4213,138,0.13718606326660235,0.12417576555265811,0.12417576555265812,0.08527308776228087,0.09685077397019864
entity,0.1,4213,139,0.13625037547546498,0.12322479288060362,0.12322479288060362,0.08486115651886689,0.09637054916622644
entity,0.1,4213,140,0.13532398453872255,0.1222831400746244,0.12228314007462439,0.08445767456447625,0.0958842540834988
entity,0.1,4213,141,0.13440695901247682,0.12135087941508818,0.12135087941508818,0.08406262728756428,0.09539215803982631
entity,0.1,4213,142,0.13349936057760134,0.12042807624746259,0.1204280762474626,0.0836759957309214,0.0948945275910026
entity,0.1,4213,143,0.13260124417853592,0.11951478911923184,0.11951478911923186,0.08329775669279268,0.09439162637405238
entity,0.1,4213,144,0.13171265816659325,0.1186110699214532,0.1186110699214532,0.08292788282951899,0.09388371495872003
entity,0.1,4213,145,0.13083364444734405,0.11771696403451781,0.11771696403451781,0.08256634275959565,0.0933710507071596
entity,0.1,4213,146,0.12996423863165446,0.11683251047768853,0.11683251047768851,0.08221310116903972,0.09285388764178694
entity,0.1,4213,147,0.12910447018995888,0.11595774206199656,0.11595774206199658,0.08186811891795134,0.09233247632125176
entity,0.1,4213,148,0.12825436260936193,0.11509268554608844,0.11509268554608842,0.08153135314815123,0.09180706372448287
entity,0.1,4213,149,0.12741393355317304,0.11423736179462499,0.11423736179462501,0.08120275739177225,0.0912778931427512
entity,0.1,4213,150,0.12658319502248877,0.11339178593884536,0.11339178593884536,0.08088228168067894,0.0907452040796877
entity,0.1,4213,151,0.12576215351944878,0.11255596753891942,0.11255596753891942,0.08056987265658735,0.09020923215918121
entity,0.1,4213,152,0.12495081021180439,0.11172991074772518,0.11172991074772518,0.08026547368175521,0.08967020904107244
entity,0.1,4213,153,0.12414916109845023,0.11091361447569877,0.11091361447569878,0.0799690249501103,0.08912836234454453
entity,0.1,4213,154,0.12335719717558273,0.11010707255641847,0.11010707255641848,0.07968046359868564,0.08858391557910214
entity,0.1,4213,155,0.1225749046031628,0.1093102739125967,0.10931027391259673,0.07939972381922888,0.0880370880830148
entity,0.1,4213,156,0.12180226487137297,0.10852320272216762,0.10852320272216763,0.0791267369698547,0.08748809496909032
entity,0.1,4213,157,0.12103925496677417,0.10774583858417203,0.10774583858417203,0.07886143168660967,0.08693714707762913
entity,0.1,4213,158,0.12028584753787967,0.10697815668415447,0.10697815668415447,0.07860373399482132,0.08638445093639999
entity,0.1,4213,159,0.11954201105988044,0.10622012795880306,0.10622012795880306,0.07835356742010595,0.08583020872746475
entity,0.1,4213,160,0.11880770999826765,0.10547171925957455,0.10547171925957456,0.07811085309891076,0.08527461826066943
entity,0.1,4213,161,0.11808290497111522,0.10473289351506448,0.10473289351506447,0.07787550988847172,0.08471787295360797
entity,0.1,4213,162,0.11736755290979747,0.10400360989189372,0.10400360989189372,0.07764745447607022,0.08416016181785628
entity,0.1,4213,163,0.11666160721793287,0.1032838239538992,0.10328382395389923,0.07742660148747664,0.08360166945126409
entity,0.1,4213,164,0.11596501792835831,0.10257348781942985,0.10257348781942985,0.0772128635944734,0.08304257603608603
entity,0.1,4213,165,0.11527773185795243,0.10187255031656264,0.10187255031656264,0.07700615162135382,0.08248305734272578
entity,0.1,4213,166,0.1145996927601412,0.1011809571360689,0.1011809571360689,0.07680637465029874,0.08192328473886033
entity,0.1,4213,167,0.11393084147493178,0.100498650981973,0.100498650981973,0.07661344012553759,0.08136342520370853
entity,0.1,4213,168,0.11327111607633467,0.09982557171956055,0.09982557171956052,0.07642725395620573,0.08080364134720236
entity,0.1,4213,169,0.11262045201704683,0.09916165652070508,0.09916165652070508,0.07624772061781455,0.08024409143381739
entity,0.1,4213,170,0.11197878227028228,0.09850684000639648,0.09850684000639648,0.07607474325225701,0.07968492941081662
entity,0.1,4213,171,0.11134603746864723,0.09786105438636514,0.09786105438636514,0.07590822376627557,0.07912630494066061
entity,0.1,4213,172,0.1107221460399712,0.0972242295957097,0.0972242295957097,0.07574806292832502,0.07856836343733743
entity,0.1,4213,173,0.11010703434001508,0.09659629342844651,0.09659629342844653,0.07559416046376834,0.07801124610636498
entity,0.1,4213,174,0.10950062678198982,0.09597717166791114,0.09597717166791114,0.07544641514834793,0.0774550899882217
entity,0.1,4213,175,0.108902845962829,0.09536678821395224,0.09536678821395225,0.07530472489987984,0.07690002800496241
entity,0.1,4213,176,0.10831361278617031,0.09476506520686981,0.09476506520686981,0.07516898686812419,0.07634618900977974
entity,0.1,4213,177,0.10773284658200881,0.09417192314805772,0.09417192314805771,0.0750390975227885,0.07579369783927482
entity,0.1,4213,178,0.10716046522299595,0.0935872810173219,0.09358728101732189,0.07491495273962628,0.07524267536820557
entity,0.1,4213,179,0.10659638523736673,0.09301105638685338,0.09301105638685339,0.07479644788459708,0.0746932385664854
entity,0.1,4213,180,0.10604052191848472,0.09244316553184365,0.09244316553184363,0.07468347789605843,0.07414550055821095
entity,0.1,4213,181,0.10549278943100399,0.09188352353773863,0.09188352353773863,0.07457593736496523,0.07359957068250256
entity,0.1,4213,182,0.10495310091365403,0.09133204440413475,0.09133204440413475,0.07447372061305428,0.07305555455594842
entity,0.1,4213,183,0.10442136857865973,0.0907886411453269,0.09078864114532689,0.07437672176899737,0.07251355413644955
entity,0.1,4213,184,0.10389750380781632,0.09025322588752578,0.09025322588752577,0.07428483484250845,0.07197366778826925
entity,0.1,4213,185,0.10338141724524424,0.08972570996276745,0.08972570996276745,0.07419795379639471,0.07143599034809858
entity,0.1,4213,186,0.10287301888685513,0.08920600399954384,0.08920600399954383,0.07411597261654446,0.07090061319195753
entity,0.1,4213,187,0.10237221816656414,0.08869401801018796,0.08869401801018795,0.07403878537984729,0.07036762430275706
entity,0.1,4213,188,0.1018789240392902,0.08818966147505267,0.08818966147505268,0.07396628632004601,0.06983710833835795
entity,0.1,4213,189,0.10139304506078843,0.08769284342352598,0.08769284342352598,0.07389836989152146,0.06930914669996789
entity,0.1,4213,190,0.10091448946436325,0.08720347251192942,0.08720347251192943,0.07383493083101464,0.06878381760072778
entity,0.1,4213,191,0.10044316523451549,0.08672145709835086,0.08672145709835086,0.07377586421729287,0.068261196134346
entity,0.1,4213,192,0.09997898017757736,0.08624670531446442,0.08624670531446442,0.07372106552876917,0.06774135434364673
entity,0.1,4213,193,0.09952184198939444,0.08577912513439484,0.08577912513439483,0.07367043069908574,0.067224361288908
entity,0.1,4213,194,0.09907165832011453,0.08531862444068469,0.08531862444068469,0.07362385617067513,0.06671028311587149
entity,0.1,4213,195,0.09862833683614616,0.08486511108742606,0.08486511108742606,0.07358123894631438,0.06619918312331549
entity,0.1,4213,196,0.09819178527935069,0.08441849296061914,0.08441849296061915,0.0735424766386888,0.06569112183008904
entity,0.1,4213,197,0.097761911523534,0.08397867803582272,0.08397867803582271,0.07350746751798462,0.06518615704151408
entity,0.1,4213,198,0.09733862362830435,0.08354557443316189,0.08354557443316189,0.07347611055753037,0.06468434391506898
entity,0.1,4213,199,0.09692182989036485,0.08311909046976045,0.08311909046976045,0.0734483054775091,0.06418573502527511
entity,0.1,4213,200,0.09651143889230798,0.08269913470966438,0.08269913470966438,0.07342395278676456,0.06369038042771451
entity,0.1,4213,201,0.09610735954898238,0.08228561601132586,0.08228561601132586,0.0734029538227256,0.0631983277221142
entity,0.1,4213,202,0.09570950115149986,0.0818784435727149,0.0818784435727149,0.07338521078947509,0.06270962211443944
entity,0.1,4213,203,0.09531777340895296,0.08147752697412797,0.08147752697412797,0.07337062679398912,0.062224306477943914
entity,0.1,4213,204,0.09493208648791132,0.08108277621876143,0.08108277621876142,0.07335910588057534,0.06174242141313312
entity,0.1,4213,205,0.09455235104976611,0.08069410177111849,0.08069410177111849,0.07335055306353858,0.061264005306600484
entity,0.1,4213,206,0.09417847828599078,0.08031141459331685,0.08031141459331685,0.07334487435810363,0.06078909438870407
entity,0.1,4213,207,0.09381037995138566,0.07993462617936467,0.07993462617936467,0.07334197680962559,0.06031772279005573
entity,0.1,4213,208,0.09344796839537374,0.07956364858747131,0.07956364858747131,0.073341768521119,0.05984992259680025
entity,0.1,4213,209,0.09309115659141347,0.07919839447045857,0.07919839447045857,0.0733441586791375,0.059385723904667766
entity,0.1,4213,210,0.09273985816459403,0.07883877710433725,0.07883877710433726,0.07334905757803686,0.05892515487178518
entity,0.1,4213,211,0.09239398741747722,0.07848471041511311,0.0784847104151131,0.07335637664265396,0.05846824177024059
entity,0.1,4213,212,0.09205345935424886,0.07813610900388476,0.07813610900388476,0.07336602844943549,0.05801500903639452
entity,0.1,4213,213,0.09171818970324178,0.0777928881702954,0.0777928881702954,0.07337792674605034,0.057565479319939335
entity,0.1,4213,214,0.09138809493789107,0.07745496393439874,0.07745496393439874,0.07339198646951994,0.057119673531709735
entity,0.1,4213,215,0.09106309229618073,0.07712225305699844,0.07712225305699844,0.07340812376290125,0.05667761089025148
entity,0.1,4213,216,0.0907430997986398,0.07679467305851874,0.07679467305851874,0.07342625599055716,0.05623930896715876
entity,0.1,4213,217,0.09042803626494472,0.07647214223646316,0.07647214223646315,0.07344630175204993,0.05580478373119251
entity,0.1,4213,218,0.09011782132918286,0.07615457968151605,0.07615457968151607,0.07346818089469238,0.05537404959119652
entity,0.1,4213,219,0.08981237545383135,0.07584190529234128,0.07584190529234128,0.07349181452479289,0.05494711943782872
entity,0.1,4213,220,0.08951161994250312,0.07553403978912993,0.07553403978912993,0.0735171250176292,0.05452400468412815
entity,0.1,4213,221,0.08921547695151145,0.07523090472594833,0.07523090472594833,0.07354403602618717,0.05410471530494053
entity,0.1,4213,222,0.08892386950030225,0.07493242250193577,0.07493242250193577,0.07357247248869958,0.05368925987522621
entity,0.1,4213,223,0.088636721480802,0.07463851637139998,0.07463851637139998,0.07360236063502085,0.053277645607276145
entity,0.1,4213,224,0.08835395766572798,0.0743491104528571,0.07434911045285711,0.07363362799187298,0.05286987838686383
entity,0.1,4213,225,0.08807550371590597,0.07406412973706133,0.07406412973706132,0.073666203386998,0.052465962808360515
entity,0.1,4213,226,0.08780128618663856,0.07378350009406809,0.07378350009406812,0.07370001695225237,0.05206590220884446
entity,0.1,4213,227,0.0875312325331673,0.0735071482793732,0.0735071482793732,0.07373500012567782,0.05166969870123298
entity,0.1,4213,228,0.08726527111526833,0.07323500193916892,0.0732350019391689,0.07377108565258386,0.051277353206469825
entity,0.1,4213,229,0.087003331201022,0.07296698961475688,0.07296698961475688,0.07380820758567597,0.05088886548479808
entity,0.1,4213,230,0.08674534296979387,0.07270304074615591,0.07270304074615591,0.07384630128426417,0.05050423416615163
entity,0.1,4213,231,0.0864912375144646,0.07244308567494212,0.07244308567494212,0.0738853034125852,0.050123456779696506
entity,0.1,4213,232,0.08624094684294341,0.07218705564635673,0.07218705564635672,0.07392515193727216,0.04974652978255506
entity,0.1,4213,233,0.08599440387900019,0.07193488281071643,0.07193488281071642,0.07396578612400465,0.04937344858774518
entity,0.1,4213,234,0.08575154246244865,0.0716865002241593,0.07168650022415932,0.074007146533372,0.0490042075913667
entity,0.1,4213,235,0.08551229734871275,0.07144184184875862,0.07144184184875861,0.07404917501598177,0.048638800199067196
entity,0.1,4213,236,0.08527660420780658,0.07120084255203507,0.07120084255203507,0.07409181470684537,0.0482772188518189
entity,0.1,4213,237,0.08504439962275785,0.0709634381058978,0.0709634381058978,0.07413501001907219,0.04791945505103841
entity,0.1,4213,238,0.08481562108750257,0.07072956518504217,0.07072956518504217,0.07417870663690251,0.04756549938307985
entity,0.1,4213,239,0.084590207004279,0.07049916136483264,0.07049916136483264,0.0742228515081102,0.04721534154313179
entity,0.1,4213,240,0.08436809668054637,0.07027216511869644,0.07027216511869645,0.07426739283580418,0.04686897035854854
entity,0.1,4213,241,0.0841492303254546,0.07004851581505459,0.07004851581505459,0.07431228006965812,0.04652637381164366
entity,0.1,4213,242,0.08393354904588793,0.06982815371381373,0.06982815371381373,0.07435746389659709,0.046187539061975515
entity,0.1,4213,243,0.08372099484210732,0.06961101996244348,0.06961101996244348,0.0744028962309687,0.045852452468151415
entity,0.1,4213,244,0.08351151060301276,0.06939705659166111,0.06939705659166111,0.07444853020422644,0.045521099609177815
entity,0.1,4213,245,0.08330504010104771,0.06918620651074578,0.06918620651074578,0.07449432015415197,0.04519346530538204
entity,0.1,4213,246,0.08310152798676611,0.06897841350250346,0.06897841350250344,0.07454022161364221,0.04486953363893137
entity,0.1,4213,247,0.08290091978308184,0.06877362221790212,0.06877362221790212,0.07458619129908725,0.04454928797397244
entity,0.1,4213,248,0.08270316187921965,0.06857177817039706,0.06857177817039706,0.07463218709836339,0.044232710976415415
entity,0.1,4213,249,0.0825082015243859,0.0683728277299647,0.0683728277299647,0.07467816805846603,0.043919784633383877
entity,0.1,4213,250,0.0823159868211765,0.06817671811686256,0.06817671811686254,0.07472409437280579,0.04361049027235273
entity,0.1,4213,251,0.08212646671873909,0.06798339739513272,0.06798339739513272,0.07476992736819096,0.04330480857999347
entity,0.1,4213,252,0.08193959100570555,0.06779281446586521,0.06779281446586521,0.07481562949151833,0.0430027196207463
entity,0.1,4213,253,0.08175531030291006,0.06760491906023679,0.06760491906023677,0.07486116429619442,0.0427042028551373
entity,0.1,4213,254,0.08157357605590794,0.06741966173234046,0.06741966173234046,0.07490649642830809,0.04240923715785731
entity,0.1,4213,255,0.08139434052730943,0.06723699385182041,0.06723699385182041,0.07495159161257448,0.04211780083561912
entity,0.1,4213,256,0.08121755678894164,0.06705686759632568,0.06705686759632568,0.07499641663807086,0.04182987164480742
entity,0.1,4213,257,0.08104317871385257,0.06687923594379655,0.06687923594379654,0.07504093934378264,0.0415454268089358
entity,0.1,4213,258,0.08087116096816865,0.06670405266459598,0.06670405266459598,0.07508512860397876,0.04126444303592359
entity,0.1,4213,259,0.08070145900281923,0.06653127231349876,0.06653127231349876,0.07512895431343365,0.04098689653520452
entity,0.1,4213,260,0.08053402904513782,0.06636085022154953,0.06636085022154953,0.07517238737251378,0.04071276303467807
entity,0.1,4213,261,0.08036882809035292,0.06619274248780178,0.06619274248780178,0.0752153996721446,0.040442017797513316
entity,0.1,4213,262,0.08020581389297737,0.0660269059709476,0.0660269059709476,0.07525796407867481,0.040174635638814446
entity,0.1,4213,263,0.08004494495810775,0.06586329828084964,0.06586329828084964,0.07530005441865245,0.03991059094215564
entity,0.1,4213,264,0.07988618053264232,0.06570187776998412,0.06570187776998412,0.07534164546352844,0.039649857675992675
entity,0.1,4213,265,0.07972948059642779,0.06554260352480533,0.06554260352480532,0.07538271291430147,0.03939240940995701
entity,0.1,4213,266,0.0795748058533429,0.06538543535703972,0.06538543535703974,0.07542323338611817,0.03913821933103778
entity,0.1,4213,267,0.07942211772232827,0.06523033379491947,0.06523033379491947,0.07546318439284129,0.03888726025965628
entity,0.1,4213,268,0.07927137832836967,0.06507726007436264,0.06507726007436264,0.07550254433159913,0.03863950466563594
entity,0.1,4213,269,0.07912255049344323,0.06492617613010877,0.06492617613010876,0.07554129246732774,0.03839492468407085
entity,0.1,4213,270,0.07897559772742965,0.06477704458681709,0.06477704458681707,0.07557940891731789,0.038153492131094764
entity,0.1,4213,271,0.07883048421900471,0.06462982875013479,0.06462982875013479,0.07561687463577735,0.03791517851955164
entity,0.1,4213,272,0.07868717482651272,0.06448449259774242,0.06448449259774242,0.07565367139841965,0.0376799550745681
entity,0.1,4213,273,0.07854563506882947,0.0643410007703827,0.06434100077038271,0.07568978178708871,0.037447792749027736
entity,0.1,4213,274,0.07840583111622108,0.06419931856287964,0.06419931856287964,0.07572518917442952,0.03721866223894628
entity,0.1,4213,275,0.07826772978120411,0.06405941191515352,0.06405941191515352,0.07575987770861352,0.03699253399874599
entity,0.1,4213,276,0.07813129850941325,0.06392124740323796,0.06392124740323796,0.07579383229812761,0.03676937825642731
entity,0.1,4213,277,0.0779965053704817,0.06378479223030441,0.0637847922303044,0.07582703859663512,0.03654916502863502
entity,0.1,4213,278,0.07786331904893891,0.06365001421769921,0.06365001421769921,0.07585948298791581,0.03633186413561598
entity,0.1,4213,279,0.07773170883513167,0.06351688179599868,0.06351688179599868,0.07589115257089354,0.036117445216063984
entity,0.1,4213,280,0.07760164461617194,0.06338536399608655,0.06338536399608656,0.07592203514475732,0.035905877741848786
entity,0.1,4213,281,0.07747309686691681,0.06325543044025855,0.06325543044025855,0.07595211919418315,0.035697131032623786
entity,0.1,4213,282,0.07734603664098424,0.06312705133335858,0.06312705133335858,0.0759813938746626,0.03549117427030794
entity,0.1,4213,283,0.07722043556180909,0.06300019745395033,0.06300019745395032,0.07600984899794375,0.035287976513436625
entity,0.1,4213,284,0.07709626581374242,0.06287484014552844,0.06287484014552844,0.07603747501759049,0.03508750671137584
entity,0.1,4213,285,0.07697350013319892,0.06275095130777313,0.06275095130777313,0.07606426301466483,0.03488973371839413
entity,0.1,4213,286,0.07685211179985452,0.06262850338785128,0.06262850338785128,0.07609020468353733,0.03469462630758574
entity,0.1,4213,287,0.07673207462789837,0.06250746937176786,0.06250746937176785,0.07611529231783007,0.03450215318463954
entity,0.1,4213,288,0.0766133629573419,0.06238782277577056,0.062387822775770554,0.07613951879649622,0.034312283001446814
entity,0.1,4213,289,0.07649595164538793,0.062269537637810804,0.062269537637810804,0.07616287757004025,0.03412498436954149
entity,0.1,4213,290,0.07637981605786243,0.062152588509063814,0.062152588509063814,0.07618536264688261,0.033940225873366474
entity,0.1,4213,291,0.07626493206071178,0.062036950445510566,0.062036950445510566,0.07620696857987153,0.033757976083359294
entity,0.1,4213,292,0.07615127601156753,0.06192259899958395,0.06192259899958395,0.07622769045294564,0.03357820356885051
entity,0.1,4213,293,0.07603882475138146,0.06180951021188173,0.06180951021188173,0.07624752386795008,0.03340087691076801
entity,0.1,4213,294,0.0759275555961326,0.061697660602948345,0.06169766060294835,0.0762664649316083,0.03322596471414128
entity,0.1,4213,295,0.07581744632860847,0.06158702716512776,0.06158702716512776,0.07628451024265245,0.03305343562039814
entity,0.1,4213,296,0.07570847519026233,0.061477587354489174,0.061477587354489195,0.07630165687911414,0.032883258319448404
entity,0.1,4213,297,0.0756006208731483,0.061369319082827625,0.061369319082827625,0.07631790238577701,0.032715401561547744
entity,0.1,4213,298,0.07549386251193561,0.061262200709740894,0.06126220070974089,0.07633324476179411,0.032549834168935685
entity,0.1,4213,299,0.075388179676004,0.061156211034784594,0.061156211034784594,0.0763476824484699,0.03238652504724188
entity,0.1,4213,300,0.07528355236162124,0.06105132928970668,0.06105132928970669,0.07636121431720948,0.0322254431966547
entity,0.1,4213,301,0.07517996098420415,0.060947535130762794,0.0609475351307628,0.07637383965763546,0.0320665577228468
entity,0.1,4213,302,0.07507738637066447,0.0608448086311137,0.06084480863111368,0.07638555816587364,0.031909837847652195
entity,0.1,4213,303,0.07497580975184029,0.06074313027330592,0.06074313027330591,0.07639636993300822,0.03175525291948999
entity,0.1,4213,304,0.07487521275501452,0.06064248094183669,0.060642480941836704,0.07640627543370723,0.031602772423529685
entity,0.1,4213,305,0.07477557739652069,0.06054284191580401,0.060542841915804,0.07641527551501848,0.031452365991594004
entity,0.1,4213,306,0.07467688607443723,0.06044419486164271,0.06044419486164271,0.07642337138533646,0.031304003411794463
entity,0.1,4213,307,0.07457912156137103,0.060346521825947436,0.060346521825947436,0.07643056460354038,0.031157654637896624
entity,0.1,4213,308,0.07448226699733038,0.06024980522838291,0.06024980522838293,0.07643685706830339,0.031013289798410632
entity,0.1,4213,309,0.07438630588268844,0.06015402785468242,0.060154027854682414,0.07644225100757286,0.030870879205404503
entity,0.1,4213,310,0.0742912220712372,0.0600591728497346,0.06005917284973461,0.07644674896822161,0.030730393363036925
entity,0.1,4213,311,0.07419699976333263,0.05996522371075949,0.05996522371075949,0.07645035380586955,0.030591802975807283
entity,0.1,4213,312,0.07410362349913112,0.05987216428057368,0.05987216428057367,0.07645306867487588,0.030455078956520585
entity,0.1,4213,313,0.0740110781519175,0.05977997874094515,0.05977997874094514,0.07645489701850064,0.030320192433965748
entity,0.1,4213,314,0.07391934892152495,0.059688651606037986,0.05968865160603799,0.0764558425592356,0.030187114760305313
entity,0.1,4213,315,0.07382842132784664,0.05959816771594703,0.05959816771594703,0.07645590928930344,0.030055817518176323
entity,0.1,4213,316,0.07373828120443936,0.05950851223032254,0.05950851223032254,0.07645510146132459,0.02992627252750073
entity,0.1,4213,317,0.07364891469221907,0.05941967062208509,0.059419670622085086,0.07645342357915091,0.02979845185200583
entity,0.1,4213,318,0.07356030823324816,0.0593316286712304,0.059331628671230416,0.07645088038886531,0.029672327805454025
entity,0.1,4213,319,0.07347244856461471,0.059244372458724326,0.059244372458724326,0.07644747686994591,0.029547872957582825
entity,0.1,4213,320,0.07338532271240282,0.05915788836048744,0.05915788836048744,0.07644321822659465,0.029425060139755464
entity,0.1,4213,321,0.07329891798575462,0.05907216304146955,0.05907216304146955,0.07643810987922806,0.029303862450323234
entity,0.1,4213,322,0.07321322197102313,0.05898718344981342,0.05898718344981343,0.07643215745612966,0.02918425325970123
entity,0.1,4213,323,0.07312822252601597,0.05890293681110792,0.05890293681110792,0.07642536678526302,0.029066206215158482
entity,0.1,4213,324,0.07304390777432919,0.05881941062272962,0.058819410622729634,0.07641774388624338,0.028949695245325473
entity,0.1,4213,325,0.07296026609977124,0.05873659264827322,0.05873659264827322,0.07640929496246726,0.028834694564420397
entity,0.1,4213,326,0.07287728614087642,0.05865447091206977,0.05865447091206977,0.07640002639339832,0.028721178676197792
entity,0.1,4213,327,0.07279495678550728,0.0585730336937927,0.058573033693792714,0.07638994472700822,0.028609122377621365
entity,0.1,4213,328,0.0727132671655456,0.058492269523150855,0.058492269523150855,0.07637905667237078,0.028498500762265164
entity,0.1,4213,329,0.07263220665167132,0.05841216717466814,0.05841216717466814,0.07636736909240835,0.02838928922344608
entity,0.1,4213,330,0.0725517648482289,0.058332715662549384,0.058332715662549384,0.07635488899678852,0.028281463457091288
entity,0.1,4213,331,0.07247193158818038,0.058253904235631565,0.05825390423563157,0.07634162353496984,0.02817499946434489
entity,0.1,4213,332,0.07239269692814483,0.058175722372420045,0.05817572237242005,0.07632757998939506,0.0280698735539179
entity,0.1,4213,333,0.07231405114352285,0.0580981597762089,0.0580981597762089,0.07631276576882984,0.027966062344185506
entity,0.1,4213,334,0.07223598472370639,0.0580212063702851,0.0580212063702851,0.07629718840184604,0.027863542765036872
entity,0.1,4213,335,0.0721584883673724,0.057944852293215485,0.05794485229321547,0.07628085553044728,0.027762292059481556
entity,0.1,4213,336,0.07208155297785973,0.057869087894215875,0.05786908789421587,0.07626377490383557,0.027662287785018187
entity,0.1,4213,337,0.07200516965862896,0.05779390372860187,0.05779390372860187,0.07624595437231715,0.02756350781476982
entity,0.1,4213,338,0.07192932970880388,0.057719290553320333,0.057719290553320333,0.07622740188134589,0.02746593033839171
entity,0.1,4213,339,0.07185402461879394,0.05764523932256077,0.05764523932256077,0.07620812546570277,0.027369533862756625
entity,0.1,4213,340,0.07177924606599723,0.05757174118344605,0.057571741183446046,0.0761881332438091,0.027274297212423276
entity,0.1,4213,341,0.0717049859105826,0.05749878747180152,0.05749878747180151,0.07616743341217291,0.027180199529893454
entity,0.1,4213,342,0.07163123619135053,0.05742636970800159,0.0574263697080016,0.0761460342399656,0.027087220275663595
entity,0.1,4213,343,0.07155798912167176,0.05735447959289336,0.05735447959289336,0.07612394406372774,0.02699533922807642
entity,0.1,4213,344,0.07148523708550253,0.057283109003795775,0.057283109003795775,0.07610117128220259,0.02690453648297866
entity,0.1,4213,345,0.07141297263347635,0.05721224999057439,0.05721224999057439,0.07607772435129481,0.026814792453190756
entity,0.1,4213,346,0.07134118847907027,0.05714189477178988,0.05714189477178988,0.07605361177915329,0.026726087867794162
entity,0.1,4213,347,0.07126987749484587,0.05707203573092017,0.05707203573092017,0.07602884212137624,0.026638403771242773
entity,0.1,4213,348,0.07119903270876336,0.05700266541265506,0.05700266541265506,0.07600342397633664,0.026551721522303864
entity,0.1,4213,349,0.07112864730056813,0.05693377651926225,0.05693377651926225,0.07597736598062649,0.02646602279283513
entity,0.1,4213,350,0.07105871459824875,0.05686536190702425,0.056865361907024244,0.07595067680461798,0.026381289566403256
