label_set,step,loss_before_step,gradient_norm,update_norm
rule,0,0.44711795984452135,1.2216891332062076,0.2099996668099628
rule,1,0.3046793390653149,0.9904318179330122,0.1941343190746491
rule,2,0.1946007938421728,0.7903688239570184,0.17401662507826615
rule,3,0.1126515024244296,0.6082254716745209,0.16051738702271628
rule,4,0.053809428027799595,0.4295046650702965,0.15419303139421103
rule,5,0.017106179874108087,0.2456507118888997,0.14593408021390028
rule,6,0.0029149930869931022,0.07906073883668846,0.1305953453802799
rule,7,0.008595126833915463,0.16221337028528998,0.10383307113179564
rule,8,0.025865128779062357,0.31200730771501656,0.07446384753076828
rule,9,0.04254756751947858,0.4102501278202577,0.06466762579879529
rule,10,0.050658028704573324,0.44866874420237385,0.07165322306139771
rule,11,0.049236014125451484,0.43835108147887103,0.0819106665890599
rule,12,0.04119367671154285,0.39475091626142594,0.08989329263713275
rule,13,0.03027601495538639,0.3318843637180411,0.09420195885570062
rule,14,0.019490536067934223,0.2604064988067152,0.09504473548653776
rule,15,0.010696824679311566,0.18760528005053406,0.09310832654689835
rule,16,0.004799099687778523,0.11919837823695285,0.08871859782512528
rule,17,0.0020271871229747304,0.06573685499367955,0.08173679252966924
rule,18,0.0020847893658238643,0.060458737075184746,0.07167471722467039
rule,19,0.004201897100456411,0.0966212472798204,0.058569171895716955
rule,20,0.007244260684322849,0.13332966076834607,0.044353978292370505
rule,21,0.01002327633602978,0.15959183620762735,0.032764188563870054
rule,22,0.011700697874132675,0.17338198380589975,0.0272420919601919
rule,23,0.011982119312863183,0.17557940494231278,0.027628431815511705
rule,24,0.01101568929919728,0.16814992434467665,0.030551382705771176
rule,25,0.009171857369045721,0.15304193098473967,0.03385961321361926
rule,26,0.006876033343119181,0.1316982359072205,0.03693740079683027
rule,27,0.0045409777118973465,0.1052086051584553,0.0393596615951985
rule,28,0.002541499579796086,0.07477201102753886,0.04056718257233624
rule,29,0.0011699438296571675,0.04208716793780914,0.04002352006531949
rule,30,0.0005718097734157546,0.010670692999251236,0.0374168425387174
rule,31,0.0007015558550247525,0.023917545350420927,0.03286630042730688
rule,32,0.0013376480183407884,0.050386792743033836,0.027029245602012156
rule,33,0.0021639219840535106,0.07120773079108299,0.020994365981010933
rule,34,0.0028815397938097564,0.08512143021539824,0.01603013528657752
rule,35,0.0032957950843999773,0.09200360786921116,0.013212488468110352
rule,36,0.0033434629150149945,0.09248263390914993,0.012705229079262373
rule,37,0.003066991644106838,0.08760794467475698,0.013612840286205703
rule,38,0.002566931878755452,0.07854221664350976,0.015063655773554585
rule,39,0.0019615268721049984,0.06638867211770248,0.01660779091954285
rule,40,0.0013632141786896386,0.05219737795180884,0.017907083125904073
rule,41,0.0008652056967492965,0.03711850028924438,0.01860994960780935
rule,42,0.0005296135510047667,0.022800567086264885,0.01845774463619386
rule,43,0.0003776300323655163,0.013361368083156109,0.017405662567614038
rule,44,0.00038873505420245657,0.0162891596522045,0.0156424747799743
rule,45,0.0005124207824454916,0.02492479994952249,0.01349969058772924
rule,46,0.0006869462916651184,0.032819786205160496,0.011319751352630771
rule,47,0.0008552706058935741,0.03868401018981944,0.009406798109162097
rule,48,0.0009730111061239587,0.04225971043626684,0.00813161580386531
rule,49,0.0010111376502547783,0.043456066598502645,0.007963148083879388
rule,50,0.0009585952950782756,0.04220596765666021,0.008990040695373553
rule,51,0.0008256455384169424,0.03853722722203319,0.010637827401539807
rule,52,0.0006434235898633397,0.032695887091439,0.012196631199242604
rule,53,0.0004554289217657197,0.025216615240359255,0.013190660103013665
rule,54,0.00030261992544943975,0.01691671378805736,0.013424745760984087
rule,55,0.00020959735097214374,0.009015732378291015,0.01294063803207457
rule,56,0.00017927309653928235,0.005313738685230379,0.011929408754032712
rule,57,0.00019743770347931282,0.009581413463160158,0.010618022996895547
rule,58,0.00024226178100219701,0.014824199673562117,0.00918386317085336
rule,59,0.00029239612300605694,0.01904045601714918,0.00775563899215387
rule,60,0.00033101601897296025,0.021921263562319618,0.00649494816880377
rule,61,0.00034723192743250984,0.02335436560926062,0.005648488661483548
rule,62,0.00033693299331819757,0.02330290419110985,0.005399591122510547
rule,63,0.0003030987970637983,0.02184159635617784,0.00561425701305508
rule,64,0.0002543601843324694,0.01917712037143113,0.005957004454181025
rule,65,0.00020172127304492096,0.015611226625216941,0.006200683224983997
rule,66,0.0001551035049968902,0.011480012099364853,0.006290540671302896
rule,67,0.00012138308511026886,0.007163011271027284,0.00624026789975991
rule,68,0.00010395208410940504,0.003559655708546313,0.0060349492022302225
rule,69,0.00010267002622025462,0.004127718161635654,0.005629676163041199
rule,70,0.00011369739160107086,0.0074307645961175185,0.005028647014198405
rule,71,0.00013002430033056463,0.010415438081402795,0.004363603642134401
rule,72,0.00014357458660653737,0.012424873187288592,0.003891132665491063
rule,73,0.0001482953338241813,0.013260519346037393,0.003820677363195839
rule,74,0.00014235418289810985,0.0129547636898879,0.0040856702082941575
rule,75,0.00012804355890595398,0.011706271872789956,0.004451787781629221
rule,76,0.00010978948883505302,0.009797917434132474,0.004762283714035173
rule,77,9.191956346241969e-05,0.007519492587354891,0.004970319591391822
rule,78,7.74643020109532e-05,0.005151305241882595,0.0050632402723730105
rule,79,6.799275340084964e-05,0.0031165432314964546,0.005015639683083972
rule,80,6.377787122394921e-05,0.0025173137462425766,0.004803005414020046
rule,81,6.391278312899169e-05,0.0036872743489380338,0.0044388379672473
rule,82,6.656670861481327e-05,0.005138791878056487,0.003988975435008048
rule,83,6.957187331587987e-05,0.006259308351095241,0.0035499271624884607
rule,84,7.111476089182146e-05,0.006905602487361911,0.0032103567957048815
rule,85,7.014725240300714e-05,0.00706109588240994,0.0030242710685466395
rule,86,6.643966011441787e-05,0.006742012306240113,0.003001774665264009
rule,87,6.0496660264618694e-05,0.0059708907177800285,0.0031014547613027648
rule,88,5.345473621853848e-05,0.0047950717199460756,0.0032355679617358966
rule,89,4.681317591458822e-05,0.003323364422163857,0.0033080625046972836
rule,90,4.1893039126491496e-05,0.001771427045470981,0.0032625284315213996
rule,91,3.9267409881693645e-05,0.0008881492694691202,0.003106875901983103
rule,92,3.858041349823008e-05,0.0017660421688045665,0.002903078227300662
rule,93,3.888825942407625e-05,0.0027855431402126064,0.0027276808108552875
rule,94,3.921738106941256e-05,0.003514044634875581,0.0026271552003094
rule,95,3.892918379056782e-05,0.003925982486765366,0.002604075970897859
rule,96,3.776690990895111e-05,0.0040425906492964625,0.002637731196800111
rule,97,3.575502697195088e-05,0.0038816411819747525,0.0027015862680379436
rule,98,3.3124680711679275e-05,0.0034605061204845333,0.0027640383793045634
rule,99,3.026113428243499e-05,0.002818007587382548,0.0027931163052780754
rule,100,2.7595801899514747e-05,0.0020285379114314845,0.002770846942398042
rule,101,2.5458331123823916e-05,0.0012154434661962928,0.0027010900578102303
rule,102,2.3983179368490086e-05,0.0007077620264322311,0.0026013244228373492
rule,103,2.3112394403081712e-05,0.0010507228428387335,0.002488250742938074
rule,104,2.2647314059537947e-05,0.0016652524189384303,0.0023736022581934747
rule,105,2.2304800737905505e-05,0.0021708541677952467,0.002271046144446312
rule,106,2.1793642110339356e-05,0.002463223285022798,0.00219741038196954
rule,107,2.092407620219131e-05,0.0025025792404511785,0.002159610094675777
rule,108,1.969328867868294e-05,0.0022985547545757283,0.002144288593000045
rule,109,1.8268902521035007e-05,0.001906511910529409,0.002128224667717436
rule,110,1.6874758166185037e-05,0.001412194484684396,0.002097777537537844
rule,111,1.5672771053959533e-05,0.0009173040928513477,0.0020549230850696004
rule,112,1.4721596002213645e-05,0.0005752138427582797,0.0020076417636122673
rule,113,1.4003630449962077e-05,0.0006191482643248833,0.0019599068218484153
rule,114,1.3460963721332232e-05,0.0008992467717718915,0.0019125146736079055
rule,115,1.3011818154923833e-05,0.0011691275974924518,0.0018691087560167854
rule,116,1.2565261492705841e-05,0.0013478047132674867,0.0018358834999923142
rule,117,1.2049176519328267e-05,0.0014106210261522261,0.0018150568668445196
rule,118,1.1435805333888841e-05,0.0013588941434536958,0.0018019452759343198
rule,119,1.074465587552025e-05,0.0012082331289012885,0.0017891789631312813
rule,120,1.0026206843891833e-05,0.0009799208543948361,0.001771237489004531
rule,121,9.342130158494208e-06,0.0007023349409754844,0.001744623673084139
rule,122,8.746638251225885e-06,0.00043452968570344006,0.001707105568041813
rule,123,8.266463542528084e-06,0.0003416731922337857,0.001659527354279125
rule,124,7.88785147729215e-06,0.0004967644724333375,0.0016074048978936238
rule,125,7.565079671349363e-06,0.0006813457621303697,0.0015580903232679472
rule,126,7.248290889906357e-06,0.0008025181934693796,0.001515364824166831
rule,127,6.908427943330308e-06,0.0008475326851719516,0.0014777665880496122
rule,128,6.541731198243003e-06,0.0008271729983513001,0.00144227030239325
rule,129,6.159081652122025e-06,0.0007551702048775215,0.0014079135336231355
rule,130,5.776325976974135e-06,0.0006420804102576054,0.0013753444697495415
rule,131,5.411116041539448e-06,0.0005021062978698758,0.0013446648183212952
rule,132,5.079954325281137e-06,0.00036700203831540023,0.001315258856786116
rule,133,4.7920137863330625e-06,0.0002988013692256435,0.0012869973978621963
rule,134,4.544812606951878e-06,0.0003373539705121937,0.001260161592153178
rule,135,4.326332500406733e-06,0.00042331088493075875,0.0012343542243142109
rule,136,4.121141496988992e-06,0.0004967648475399914,0.0012086812606172117
rule,137,3.9159178571135235e-06,0.0005324988436719662,0.0011831068741357924
rule,138,3.703317611786182e-06,0.0005216755458198842,0.0011586197725254297
rule,139,3.484443122135618e-06,0.0004663707710274748,0.0011357442656282062
rule,140,3.2679871925701065e-06,0.0003807273064621225,0.0011136782747401019
rule,141,3.064847877460813e-06,0.0002916258621389741,0.0010912777032847426
rule,142,2.881709820705059e-06,0.0002348571740130384,0.0010681365005278782
rule,143,2.7187550832324105e-06,0.00023174037449214116,0.0010441461049924
rule,144,2.5721002942301362e-06,0.00026223110953043147,0.0010186604741785276
rule,145,2.436978633090832e-06,0.0002974274861716684,0.0009910297117334968
rule,146,2.308896096209955e-06,0.0003225161566503189,0.0009618954939625136
rule,147,2.183897169798966e-06,0.0003301341348247075,0.0009332686248184843
rule,148,2.0596407491750005e-06,0.0003170895906553107,0.0009071037521543364
rule,149,1.9365218863382317e-06,0.0002852160235252745,0.0008840623106326807
rule,150,1.817248605870801e-06,0.0002410884840896813,0.0008635813647480474
rule,151,1.7051047724351108e-06,0.00019471413080452346,0.0008445644105107496
rule,152,1.602368346004902e-06,0.00015992029437420158,0.00082583345102693
rule,153,1.5095528603265744e-06,0.0001515964101065989,0.0008065150209765732
rule,154,1.425276120620534e-06,0.0001685791039274691,0.0007865497763530855
rule,155,1.3468159207331643e-06,0.00019199112900280494,0.0007667548029823677
rule,156,1.2714446551438174e-06,0.00020650081694648356,0.0007481081020456583
rule,157,1.1977559464296912e-06,0.00020702041636652387,0.0007309668284754377
rule,158,1.1259019062529853e-06,0.00019526931921282298,0.0007150058283116416
rule,159,1.056788351378749e-06,0.000175048251950908,0.0006996239334275019
rule,160,9.91289769152287e-07,0.00014977185388854227,0.0006841474610507069
rule,161,9.300615584599555e-07,0.00012426780494279225,0.0006678697623795801
rule,162,8.735259830839189e-07,0.00010800884491440404,0.0006503480367440949
rule,163,8.216305018278579e-07,0.00010993622368803949,0.0006317999304610775
rule,164,7.736771647210783e-07,0.00012516406455665162,0.0006130577875821929
rule,165,7.285964096554229e-07,0.0001410298613750756,0.0005950551974490654
rule,166,6.85462747388345e-07,0.00014938619581111412,0.0005783646820171381
rule,167,6.438178238236761e-07,0.00014730916488060272,0.0005630741483689416
rule,168,6.036971677761016e-07,0.00013507298062270765,0.0005488398438209298
rule,169,5.654906792908445e-07,0.00011555425946950567,0.0005350275363396579
rule,170,5.29684731973602e-07,9.449881555203834e-05,0.0005210512905600446
rule,171,4.965424978446522e-07,7.970215250633443e-05,0.0005067662330210459
rule,172,4.6593872773552084e-07,7.620150786188223e-05,0.0004925258394860045
rule,173,4.374863304839402e-07,8.098111974719464e-05,0.00047884199915495667
rule,174,4.1078120767699295e-07,8.768036999281053e-05,0.00046603672934624884
rule,175,3.8551603230294205e-07,9.21975550436593e-05,0.00045416042556806934
rule,176,3.6146784673761237e-07,9.239018088746575e-05,0.000443036289453609
rule,177,3.385147822857e-07,8.737705495786905e-05,0.0004322748046583812
rule,178,3.166876813883018e-07,7.799326023826573e-05,0.0004213763298998297
rule,179,2.961336390552828e-07,6.707864728906473e-05,0.000409995717572117
rule,180,2.769816406179384e-07,5.8759868312100286e-05,0.000398150366462106
rule,181,2.592364732825043e-07,5.629764892090699e-05,0.0003861611588169808
rule,182,2.4277394727293844e-07,5.9313664369062056e-05,0.00037441947030657105
rule,183,2.273965664387652e-07,6.428265969016291e-05,0.0003631972005445691
rule,184,2.1290185459430959e-07,6.764531766357405e-05,0.00035256545279393776
rule,185,1.9914993244021125e-07,6.748963489492943e-05,0.00034239411766808425
rule,186,1.8609933728357547e-07,6.376342397534556e-05,0.0003324538867250006
rule,187,1.737777757105898e-07,5.774132508623323e-05,0.0003225972251630724
rule,188,1.6221839318663275e-07,5.11424048395561e-05,0.00031286636565442804
rule,189,1.5142601384909374e-07,4.557557643329518e-05,0.0003034258189275001
rule,190,1.4138174237220177e-07,4.24283049423225e-05,0.00029441573630848675
rule,191,1.3204478884574624e-07,4.221438265665447e-05,0.0002858736788167538
rule,192,1.2334282803342297e-07,4.369453689716897e-05,0.0002777368711491127
rule,193,1.1518258358282414e-07,4.472220493130016e-05,0.00026986719477806685
rule,194,1.074856946852018e-07,4.3889100233282916e-05,0.0002621022949222995
rule,195,1.0021436723879836e-07,4.110237662166215e-05,0.00025434206888844216
rule,196,9.336566881736532e-08,3.7261577565894295e-05,0.0002466028659495165
rule,197,8.694998604641145e-08,3.37499667406251e-05,0.00023898106246174217
rule,198,8.097223831207487e-08,3.185439494316775e-05,0.00023157114701171817
rule,199,7.541929142182506e-08,3.1900039773634916e-05,0.00022441384965360357
rule,200,7.025686613213489e-08,3.2922912697161644e-05,0.00021748453271234485
rule,201,6.544033540626822e-08,3.362318868991034e-05,0.00021070600653059351
rule,202,6.093033881058624e-08,3.3318452142025055e-05,0.00020399669647276812
rule,203,5.669871423856516e-08,3.2000849334389086e-05,0.00019733990170204424
rule,204,5.2725675033425076e-08,2.9952996004945742e-05,0.00019080732046412378
rule,205,4.899893910677956e-08,2.753864495404463e-05,0.0001845056150174128
rule,206,4.5514600556378157e-08,2.5249265941389443e-05,0.000178503979279384
rule,207,4.2271658145096744e-08,2.3606473426087447e-05,0.00017280748307402056
rule,208,3.92623398537099e-08,2.278335091541176e-05,0.0001673707915870203
rule,209,3.6468693698573944e-08,2.246439298771677e-05,0.0001621206830904946
rule,210,3.386778171027916e-08,2.2189465318850024e-05,0.00015698554225300116
rule,211,3.143840279894098e-08,2.1661905638260956e-05,0.00015193010599373602
rule,212,2.9164701466818132e-08,2.0784534249403986e-05,0.00014696709288925688
rule,213,2.7037163507878042e-08,1.9641673018345898e-05,0.00014213258923479217
rule,214,2.505113429994534e-08,1.846902780959757e-05,0.00013745228848166007
rule,215,2.3203007690452066e-08,1.750395865083863e-05,0.00013292530329833734
rule,216,2.1487125643517674e-08,1.6833405170774406e-05,0.00012852474965762968
rule,217,1.9895677433092953e-08,1.6437423957525027e-05,0.00012421075499763882
rule,218,1.8419684740331605e-08,1.6281103570603613e-05,0.00011995693287264448
rule,219,1.7049071572597888e-08,1.6248286292860852e-05,0.0001157738747122127
rule,220,1.5773270856517322e-08,1.6099646701374244e-05,0.00011170400659169748
rule,221,1.4583497479104647e-08,1.5626113411252136e-05,0.00010779080830858686
rule,222,1.3474409685177253e-08,1.480411823307999e-05,0.0001040521728497158
rule,223,1.2443121209178095e-08,1.377426242578784e-05,0.00010047505975797484
rule,224,1.1486966808931564e-08,1.2727911916159829e-05,9.702565073841153e-05
rule,225,1.0602229876049063e-08,1.1837072270164586e-05,9.36676840510053e-05
rule,226,9.78401626269975e-09,1.1212253465102806e-05,9.038316863562191e-05
rule,227,9.02664343491246e-09,1.0844806951800155e-05,8.718141066681822e-05
rule,228,8.324455713476116e-09,1.0616407563548988e-05,8.40871364038293e-05
rule,229,7.672691971773401e-09,1.0395318357288138e-05,8.111912613144686e-05
rule,230,7.067682353007429e-09,1.0093939452716611e-05,7.827682787816535e-05
rule,231,6.506506693397169e-09,9.664879868474386e-06,7.553906288950913e-05
rule,232,5.9867905046644586e-09,9.122232362510752e-06,7.287213782973873e-05
rule,233,5.50655005108664e-09,8.573909848612586e-06,7.024673165831064e-05
rule,234,5.0636604638058496e-09,8.166411111438623e-06,6.765570199715943e-05
rule,235,4.655361839684421e-09,7.958122295894481e-06,6.511726640736911e-05
rule,236,4.278472916284995e-09,7.875174533220203e-06,6.265990634012243e-05
rule,237,3.930047710083832e-09,7.790684033285789e-06,6.030348036057668e-05
rule,238,3.607742735402111e-09,7.60265379087072e-06,5.8050379096705736e-05
rule,239,3.3097624279363054e-09,7.263304582645394e-06,5.588775878707314e-05
rule,240,3.034676814826932e-09,6.794993113149064e-06,5.379669132862949e-05
rule,241,2.7812086030571294e-09,6.2847724888486005e-06,5.176395118918097e-05
rule,242,2.548014393804431e-09,5.837910724085893e-06,4.978902986011655e-05
rule,243,2.3336152783195827e-09,5.521211106433993e-06,4.7880764297697866e-05
rule,244,2.136486547387191e-09,5.335901148917519e-06,4.604774509846046e-05
rule,245,1.9551339522368292e-09,5.219407586329544e-06,4.429113745928441e-05
rule,246,1.7881421469116073e-09,5.076815868918784e-06,4.260312974222507e-05
rule,247,1.6342978606284184e-09,4.844780467685245e-06,4.097005745770504e-05
rule,248,1.4926879674072516e-09,4.541073735761186e-06,3.937932650333806e-05
rule,249,1.3626021306779947e-09,4.248251164265313e-06,3.7826530730478174e-05
rule,250,1.24333236981138e-09,4.043468499229114e-06,3.631660187481611e-05
rule,251,1.1340854402771416e-09,3.94146405387059e-06,3.485797150021167e-05
rule,252,1.0340257351622692e-09,3.896527340649974e-06,3.345559221975015e-05
rule,253,9.423360859239549e-10,3.840329062468812e-06,3.2107890991328687e-05
rule,254,8.582644293353275e-10,3.7200008171332678e-06,3.080811710659801e-05
rule,255,7.811651520847313e-10,3.522815910553798e-06,2.95488064396104e-05
rule,256,7.105030400290632e-10,3.27652077749112e-06,2.832694195028284e-05
rule,257,6.458179952001169e-10,3.0278551348391203e-06,2.714569730487009e-05
rule,258,5.866944798337415e-10,2.8198101067702127e-06,2.6011098855479865e-05
rule,259,5.327387076256842e-10,2.6759786655109115e-06,2.4927035664679537e-05
rule,260,4.835440122598997e-10,2.5866021831375856e-06,2.3892540819069355e-05
rule,261,4.386778550635317e-10,2.511922467899626e-06,2.29018726735895e-05
rule,262,3.9772237290973577e-10,2.413628442594436e-06,2.1946770907602585e-05
rule,263,3.603233930366157e-10,2.282374554249271e-06,2.10204337989529e-05
rule,264,3.2619398138064766e-10,2.135398644936596e-06,2.012084588451849e-05
rule,265,2.95088084147999e-10,1.9982359386997237e-06,1.925047682328649e-05
rule,266,2.6678075837507287e-10,1.8910923183262986e-06,1.8412849984764538e-05
rule,267,2.410563092820295e-10,1.8202797923283656e-06,1.7609291250785676e-05
rule,268,2.1769892761081864e-10,1.7742037622095962e-06,1.683791334148675e-05
rule,269,1.9649421905796093e-10,1.7321986561251899e-06,1.6094809058009365e-05
rule,270,1.7723915278910683e-10,1.6782783985116825e-06,1.5376637960175816e-05
rule,271,1.597489721494786e-10,1.6048538747041136e-06,1.468283885236385e-05
rule,272,1.438622820661472e-10,1.5113375925532009e-06,1.4015479585118224e-05
rule,273,1.294457348403831e-10,1.4062912581072486e-06,1.3376972097646525e-05
rule,274,1.1638780595407282e-10,1.3055378060002943e-06,1.2767908559145536e-05
rule,275,1.0458207059109248e-10,1.220559529759458e-06,1.2186458849331267e-05
rule,276,9.391797959666401e-11,1.150962494274188e-06,1.1629191357918494e-05
rule,277,8.42859123037595e-11,1.0910502460432044e-06,1.109281302953392e-05
rule,278,7.558447373096575e-11,1.0373454537198336e-06,1.0575888664911662e-05
rule,279,6.772287370700676e-11,9.876008718145464e-07,1.0079095221588836e-05
rule,280,6.062196314384912e-11,9.392744820739229e-07,9.603730978096864e-06
rule,281,5.421436173898927e-11,8.910419012471315e-07,9.149933664983252e-06
rule,282,4.844133420072123e-11,8.428832920039693e-07,8.715991083878252e-06
rule,283,4.3248820732843116e-11,7.95879210954622e-07,8.298973145756942e-06
rule,284,3.8585099166066816e-11,7.532916035837478e-07,7.896281211492549e-06
rule,285,3.4399200975274237e-11,7.182696535123869e-07,7.50716649696463e-06
rule,286,3.064112270646791e-11,6.891863765071442e-07,7.132913103475266e-06
rule,287,2.726536530127541e-11,6.606387861783864e-07,6.7754587676514156e-06
rule,288,2.4234109465010396e-11,6.285447096044263e-07,6.435774078072754e-06
rule,289,2.1516043421556832e-11,5.914944078154245e-07,6.113213069844331e-06
rule,290,1.9083170125846588e-11,5.498087680663875e-07,5.805886511970574e-06
rule,291,1.6909273041226023e-11,5.066858727169772e-07,5.5116506064513515e-06
rule,292,1.4969527415956663e-11,4.681442029022774e-07,5.2292134520904e-06
rule,293,1.3240045881850512e-11,4.3859798522533874e-07,4.958573386036299e-06
rule,294,1.1698130856481717e-11,4.1706361066145986e-07,4.700406837667814e-06
rule,295,1.0323250970945904e-11,3.9850441611740984e-07,4.455038616291829e-06
rule,296,9.09761614534155e-12,3.775406900552298e-07,4.221853884611995e-06
rule,297,8.006205735287805e-12,3.519602684211619e-07,3.999418614555643e-06
rule,298,7.0364032445288865e-12,3.2497058912513953e-07,3.7861651286332715e-06
rule,299,6.1768846109845785e-12,3.0290929815796614e-07,3.581229170665575e-06
rule,300,5.416423927833902e-12,2.888213099829739e-07,3.3847569449556135e-06
rule,301,4.743895115805681e-12,2.797612660087084e-07,3.197399998591961e-06
rule,302,4.149108169887443e-12,2.7066176623197815e-07,3.0195395390243954e-06
rule,303,3.623193914236091e-12,2.5776866848659925e-07,2.850890662858807e-06
rule,304,3.1584829412661567e-12,2.393888054412175e-07,2.6906117118262835e-06
rule,305,2.7484399578033847e-12,2.167273150179496e-07,2.537757900692153e-06
rule,306,2.3875068703864454e-12,1.9403191207974145e-07,2.391807153763812e-06
rule,307,2.0706854616890776e-12,1.7620964159632052e-07,2.2528346743665485e-06
rule,308,1.7932117785871148e-12,1.654922056157163e-07,2.1211704673843758e-06
rule,309,1.5504880737979372e-12,1.6000242258271944e-07,1.9968956220793423e-06
rule,310,1.338158584731082e-12,1.5512829877328982e-07,1.8795776583851127e-06
rule,311,1.1523419769065328e-12,1.4677965587107263e-07,1.7683429051913443e-06
rule,312,9.898742615180853e-13,1.3416058256715643e-07,1.6622513539529171e-06
rule,313,8.482224385730318e-13,1.1976740467819218e-07,1.5607749991963526e-06
rule,314,7.251554191637664e-13,1.0709137176136728e-07,1.463961143414374e-06
rule,315,6.185692149428857e-13,9.860553610722006e-08,1.3721201681630827e-06
rule,316,5.264950007728942e-13,9.483590029548288e-08,1.2853921913749277e-06
rule,317,4.4708754092318615e-13,9.377099919972467e-08,1.203561093057313e-06
rule,318,3.786267678275846e-13,9.19760752371035e-08,1.1261442121659591e-06
rule,319,3.196058501345754e-13,8.70765765365175e-08,1.0526487231114453e-06
rule,320,2.6879325670497056e-13,7.880745438550528e-08,9.828363400333988e-07
rule,321,2.2520029846864505e-13,6.858772190035642e-08,9.167661471021862e-07
rule,322,1.880052881937617e-13,5.906053330303096e-08,8.545766187862172e-07
rule,323,1.5645679473847143e-13,5.294732983429432e-08,7.962448449914717e-07
rule,324,1.2979743824119674e-13,5.048720598464737e-08,7.415052891041152e-07
rule,325,1.0728790437151317e-13,4.928469759852486e-08,6.899265825369234e-07
rule,326,8.828807351757776e-14,4.736973588498461e-08,6.411067538361207e-07
rule,327,7.227968499061457e-14,4.422039011034829e-08,5.948652284036498e-07
rule,328,5.88383167750297e-14,3.984414654476664e-08,5.512359518130416e-07
rule,329,4.761975346961909e-14,3.469983836754386e-08,5.102707958996089e-07
rule,330,3.834314484056818e-14,3.005217070195504e-08,4.718776515148844e-07
rule,331,3.075017230583986e-14,2.719520213358382e-08,4.3581383855764576e-07
rule,332,2.4580921034209363e-14,2.6210984538204196e-08,4.017920014380271e-07
rule,333,1.958399063555384e-14,2.6032659564461548e-08,3.696304797677897e-07
rule,334,1.5537019432766385e-14,2.5346617960214415e-08,3.3933290753301435e-07
rule,335,1.2265819664400406e-14,2.3341363524250678e-08,3.10998919110422e-07
rule,336,9.650154840747865e-15,2.0198773756212167e-08,2.846638319933226e-07
rule,337,7.601584063713568e-15,1.6883956058241016e-08,2.6023074305740394e-07
rule,338,6.03562232909517e-15,1.4420940777792654e-08,2.3749643915926051e-07
rule,339,4.867209673715935e-15,1.3529115186096318e-08,2.16221701273458e-07
rule,340,4.0168964914024654e-15,1.418735579989984e-08,1.9624611711870685e-07
rule,341,3.410738410230867e-15,1.5169471798539308e-08,1.7756001152367314e-07
rule,342,2.9840954244228127e-15,1.5105647263588864e-08,1.602289318192171e-07
rule,343,2.6911352828890096e-15,1.3527832226137655e-08,1.442567167023651e-07
rule,344,2.5052027457778848e-15,1.0864879271732068e-08,1.2953378788599095e-07
rule,345,2.4095333852647028e-15,8.235574571961747e-09,1.1587677455395803e-07
rule,346,2.3883544451836605e-15,7.338788123597978e-09,1.0311660508485463e-07
rule,347,2.4215417707239447e-15,8.422043130992444e-09,9.11972144902174e-08
rule,348,2.4854325569300367e-15,9.625142020137607e-09,8.018729667945729e-08
rule,349,2.5601687865870037e-15,9.88136236709225e-09,7.017830791698909e-08
rule,350,2.63436341632205e-15,9.221082870646555e-09,6.119400623674359e-08
rule,351,2.702655460334566e-15,8.02644279975581e-09,5.317912655389889e-08
rule,352,2.7630319736181905e-15,6.7654790332446694e-09,4.60191720536505e-08
rule,353,2.8160185291127017e-15,6.175035643438183e-09,3.9600743168207865e-08
rule,354,2.861752703412413e-15,6.6619694955342195e-09,3.390998851603517e-08
rule,355,2.8972444032114083e-15,7.56698625177732e-09,2.9051775504120925e-08
rule,356,2.917808290478549e-15,8.154664748597633e-09,2.5165505710166498e-08
rule,357,2.9201364376807466e-15,8.179045885182202e-09,2.2347849215803816e-08
rule,358,2.903899156005685e-15,7.702552065361985e-09,2.0601160585017322e-08
rule,359,2.8717257804397247e-15,6.989267087592334e-09,1.9809015085704376e-08
rule,360,2.82735305258976e-15,6.3958035087319395e-09,1.980105151956438e-08
rule,361,2.7732386645844394e-15,6.0992089990483115e-09,2.0400397190437913e-08
rule,362,2.710247588929828e-15,6.0405947483607025e-09,2.1390866576107924e-08
rule,363,2.638694991140753e-15,6.124561274172251e-09,2.2554370867190932e-08
rule,364,2.5586748448003876e-15,6.21388083953313e-09,2.3755272571280816e-08
rule,365,2.47041867322924e-15,6.131877939200742e-09,2.4933174577872474e-08
rule,366,2.3752393653700452e-15,5.846123268104732e-09,2.604930213025287e-08
rule,367,2.2755151416417123e-15,5.509085979812783e-09,2.7068608391751815e-08
rule,368,2.173557349862326e-15,5.300389700841953e-09,2.7956750202957356e-08
rule,369,2.0708153857122527e-15,5.2904856187479616e-09,2.8682603784992504e-08
rule,370,1.967812971085105e-15,5.401812343179649e-09,2.9239228862240826e-08
rule,371,1.864557595851842e-15,5.472223645346452e-09,2.9651145826556854e-08
rule,372,1.7612503210567517e-15,5.397318213412671e-09,2.995206113912049e-08
rule,373,1.6586110401147628e-15,5.178056570080665e-09,3.0164468789973785e-08
rule,374,1.5575687805005455e-15,4.8488511135080155e-09,3.029334933359035e-08
rule,375,1.4590083079302882e-15,4.466574482589281e-09,3.0327930808111085e-08
rule,376,1.3637101325198174e-15,4.157062403559314e-09,3.025848885436442e-08
rule,377,1.2721012578407162e-15,4.026744289185509e-09,3.009555930061063e-08
rule,378,1.1841334060406256e-15,4.02643357945808e-09,2.986448595256483e-08
rule,379,1.0996106667690547e-15,4.019125098816456e-09,2.958365476369327e-08
rule,380,1.0185287071387236e-15,3.9121272859130056e-09,2.9252852377286345e-08
rule,381,9.411100315047544e-16,3.6910818509690055e-09,2.885724473862172e-08
rule,382,8.676750203818251e-16,3.420625495894919e-09,2.8382430333580144e-08
rule,383,7.984463484484501e-16,3.210090522976429e-09,2.7831627770541148e-08
rule,384,7.334175012991877e-16,3.1254900075491697e-09,2.722727589992062e-08
rule,385,6.724257097468781e-16,3.141373920352066e-09,2.6595297735850777e-08
rule,386,6.152708635920109e-16,3.1715431582983985e-09,2.5950893480815428e-08
rule,387,5.617469089009041e-16,3.1191016462976606e-09,2.5295173115481056e-08
rule,388,5.11703207726733e-16,2.937023512285696e-09,2.461979501286394e-08
rule,389,4.651049817106192e-16,2.6692656425283477e-09,2.3918405085127023e-08
rule,390,4.2194981096187296e-16,2.4191626242858174e-09,2.3196671095147562e-08
rule,391,3.8214517966366653e-16,2.2661286558815886e-09,2.2469303705558432e-08
rule,392,3.454966252637618e-16,2.207467810351287e-09,2.1748497652968723e-08
rule,393,3.117629969180305e-16,2.175362487069526e-09,2.1036565555519632e-08
rule,394,2.8071810583649134e-16,2.1049555213926728e-09,2.0326802608192834e-08
rule,395,2.521954334180705e-16,1.983992654683818e-09,1.9610827889498352e-08
rule,396,2.2607509202475623e-16,1.8432373280409888e-09,1.888716106243858e-08
rule,397,2.0224368614351333e-16,1.7188073533318678e-09,1.8162547146568093e-08
rule,398,1.8058187526162996e-16,1.6348651013799437e-09,1.74455678429773e-08
rule,399,1.6095214318594867e-16,1.5923208740905497e-09,1.6740792638396458e-08
rule,400,1.4318180584802487e-16,1.5583997761112188e-09,1.6047636991719174e-08
rule,401,1.270888633789547e-16,1.496036953456232e-09,1.536309080442275e-08
rule,402,1.1252570498976294e-16,1.3996958684846347e-09,1.4686764480663992e-08
rule,403,9.938382006813859e-17,1.2898465618997297e-09,1.402352876873592e-08
rule,404,8.757254527358829e-17,1.190057709237848e-09,1.3380272709396906e-08
rule,405,7.700049864937658e-17,1.1136355672250361e-09,1.2760646060167674e-08
rule,406,6.756410299811664e-17,1.056421184950893e-09,1.21627992596734e-08
rule,407,5.915178418099048e-17,1.0038700106258595e-09,1.158116859514745e-08
rule,408,5.165766972800915e-17,9.47113139102282e-10,1.1011340254542095e-08
rule,409,4.498690506569403e-17,8.832994365290353e-10,1.0454008198950245e-08
rule,410,3.9058691632435886e-17,8.129260465406729e-10,9.913550155121644e-09
rule,411,3.3810482968114154e-17,7.476507211673333e-10,9.393316488535116e-09
rule,412,2.9188989876912704e-17,7.033914051632447e-10,8.893026581333153e-09
rule,413,2.513577288356405e-17,6.792231656973592e-10,8.409537915609114e-09
rule,414,2.1586834723000216e-17,6.592724828211868e-10,7.939700896091e-09
rule,415,1.8480821807276442e-17,6.298340817010651e-10,7.483446581369916e-09
rule,416,1.576441249273262e-17,5.855620023081532e-10,7.0440270265856134e-09
rule,417,1.3394572784179789e-17,5.303136575924403e-10,6.624960532827213e-09
rule,418,1.1336509509834105e-17,4.737893281375366e-10,6.227115446084439e-09
rule,419,9.558888021948567e-18,4.2436809189184537e-10,5.848283015370954e-09
rule,420,8.03171845499977e-18,3.8909876413164643e-10,5.485085141197676e-09
rule,421,6.725269394669791e-18,3.715533946818263e-10,5.135850783216887e-09
rule,422,5.609064874914978e-18,3.6166178557620327e-10,4.80167465696301e-09
rule,423,4.655085392081682e-18,3.4353089975866947e-10,4.48441770461401e-09
rule,424,3.841831576485246e-18,3.1215881395230496e-10,4.184258209737153e-09
rule,425,3.153225868566513e-18,2.732713596937809e-10,3.899243373740913e-09
rule,426,2.5752387833929435e-18,2.3678972997317557e-10,3.6266374338949893e-09
rule,427,2.0941981332700984e-18,2.1397909667797498e-10,3.3649577573852232e-09
rule,428,1.6962580689304568e-18,2.084684435992224e-10,3.1149918167433958e-09
rule,429,1.3680358533138297e-18,2.1046846204443418e-10,2.8786130201553715e-09
rule,430,1.0979076976996065e-18,2.0737663610024758e-10,2.6568345097321104e-09
rule,431,8.763968163840991e-19,1.9134696682184536e-10,2.4489800706365937e-09
rule,432,6.962266454759698e-19,1.618347122393547e-10,2.253100191841935e-09
rule,433,5.5212835767889e-19,1.2939661713251094e-10,2.06736477130855e-09
rule,434,4.393542056718586e-19,1.1121542525616529e-10,1.8914810712224027e-09
rule,435,3.5247917814887687e-19,1.1109905674710768e-10,1.7264099882482593e-09
rule,436,2.8604844287556e-19,1.1564186004713481e-10,1.5727749380703322e-09
rule,437,2.3555165804678915e-19,1.1427255428071727e-10,1.4299799438596924e-09
rule,438,1.9763019939684603e-19,1.0417437602654294e-10,1.2964970973269641e-09
rule,439,1.6997028537505847e-19,8.834538005448542e-11,1.1707856276686206e-09
rule,440,1.5089890081535422e-19,7.30707313602551e-11,1.0523016010489217e-09
rule,441,1.3888328315354415e-19,6.410856381953477e-11,9.41552951456746e-10
rule,442,1.3236490840715753e-19,6.427066327511681e-11,8.39171563784628e-10
rule,443,1.297053267160601e-19,6.943260663639025e-11,7.452419758171376e-10
rule,444,1.2931633730415752e-19,7.127354413378439e-11,6.591803291670536e-10
rule,445,1.3013112760652167e-19,6.643674801989181e-11,5.799850248101493e-10
rule,446,1.3173690967204147e-19,5.7923823752891705e-11,5.070191321937914e-10
rule,447,1.339548879828522e-19,5.028654558930297e-11,4.4045291129682166e-10
rule,448,1.36535920997165e-19,4.701158663077503e-11,3.807220275546011e-10
rule,449,1.391369147833217e-19,4.959340471090661e-11,3.2802145855283833e-10
rule,450,1.4135634209820462e-19,5.49614200811517e-11,2.8233084165143757e-10
rule,451,1.4285560889471453e-19,5.856376537102311e-11,2.436176994208629e-10
rule,452,1.434698830955421e-19,5.785312543103538e-11,2.122917672212682e-10
rule,453,1.4320672490265932e-19,5.2392292503892894e-11,1.8911047931311542e-10
rule,454,1.4221024945167018e-19,4.4804735341775315e-11,1.7413589860778282e-10
rule,455,1.406422468262451e-19,4.059270424233773e-11,1.665367270638447e-10
rule,456,1.385268497722272e-19,4.1996248386819397e-11,1.652690271987089e-10
rule,457,1.3578717915025083e-19,4.519919131986754e-11,1.690557398496567e-10
rule,458,1.3239285946332345e-19,4.671988460736463e-11,1.7634818436429745e-10
rule,459,1.2839842032974075e-19,4.5465643066376925e-11,1.8556538734526265e-10
rule,460,1.2391733925433946e-19,4.2069734244924384e-11,1.951555980845741e-10
rule,461,1.1909223305808923e-19,3.8671035631573805e-11,2.0396626623317353e-10
rule,462,1.1404257589098927e-19,3.7428606907304044e-11,2.1159683561488782e-10
rule,463,1.0883633752267686e-19,3.865015150354452e-11,2.1816059178527542e-10
rule,464,1.0349834813760748e-19,4.064428442172122e-11,2.238788643968764e-10
rule,465,9.803300568757956e-20,4.1116047731216516e-11,2.2881337902097834e-10
rule,466,9.247292534972471e-20,3.9109958939743553e-11,2.3278266096691914e-10
rule,467,8.690123530343112e-20,3.575781656535408e-11,2.3562493618373715e-10
rule,468,8.140561009988969e-20,3.294214610840791e-11,2.3745274196750657e-10
rule,469,7.603968745279377e-20,3.162705241655108e-11,2.3850784732730057e-10
rule,470,7.082858284860591e-20,3.152721305508638e-11,2.389108209696925e-10
rule,471,6.577938671133171e-20,3.153479237085781e-11,2.3859354119161235e-10
rule,472,6.089352850247448e-20,3.063153863411615e-11,2.3738867603795666e-10
rule,473,5.61829940910867e-20,2.8727290094309324e-11,2.352314758947397e-10
rule,474,5.167207184242057e-20,2.65756774337646e-11,2.322684856875525e-10
rule,475,4.738940270956944e-20,2.5234412707137723e-11,2.28728175690125e-10
rule,476,4.33553484158545e-20,2.518693502761933e-11,2.2475760756620565e-10
rule,477,3.956836878670064e-20,2.5609851624921916e-11,2.203747876640365e-10
rule,478,3.601290983543887e-20,2.5329504883419833e-11,2.155133346728631e-10
rule,479,3.2678153183645855e-20,2.4043950584791694e-11,2.1016243879101465e-10
rule,480,2.9561558355493955e-20,2.2184355900784838e-11,2.0446435926134195e-10
rule,481,2.666373821597986e-20,2.0341888523363644e-11,1.986207496726956e-10
rule,482,2.3985738077134613e-20,1.8977515362252484e-11,1.9274323349236067e-10
rule,483,2.1524013348977246e-20,1.816147604964519e-11,1.868138238453403e-10
rule,484,1.9267542747731785e-20,1.7620144796145903e-11,1.8074942996197918e-10
rule,485,1.7200825668135127e-20,1.705313611752498e-11,1.7451359912270533e-10
rule,486,1.5308298538564597e-20,1.6222297502084503e-11,1.6816922714741664e-10
rule,487,1.3579412258129523e-20,1.5107936072675414e-11,1.6181134193206536e-10
rule,488,1.2009021471265712e-20,1.4003168704581009e-11,1.5548393293074232e-10
rule,489,1.0591196140079937e-20,1.315855648162735e-11,1.4916584123573074e-10
rule,490,9.315959022672239e-21,1.259099787240013e-11,1.4281327942837692e-10
rule,491,8.171419224345502e-21,1.2257927390074631e-11,1.3643184539572402e-10
rule,492,7.145221008927488e-21,1.1997110084827247e-11,1.3010611874947873e-10
rule,493,6.2259118182016434e-21,1.1526639184316612e-11,1.2393825501903133e-10
rule,494,5.404654748945922e-21,1.069983134014215e-11,1.1797133682517842e-10
rule,495,4.674859991961385e-21,9.612031841818224e-12,1.1217281060099092e-10
rule,496,4.03043424058318e-21,8.573723608551077e-12,1.0648096596233378e-10
rule,497,3.464264264615062e-21,7.910498835118905e-12,1.0087857545476823e-10
rule,498,2.9675754371284656e-21,7.589660210833902e-12,9.541560816033724e-11
rule,499,2.531815625205566e-21,7.315001909648718e-12,9.015248920117724e-11
rule,500,2.1503177637271757e-21,6.912063711744529e-12,8.51027191057531e-11
rule,501,1.8178562991322732e-21,6.358156966754523e-12,8.022807034221872e-11
rule,502,1.529921718701355e-21,5.7392912361534834e-12,7.547391930859971e-11
rule,503,1.282354594297045e-21,5.243691112130259e-12,7.082268285079653e-11
rule,504,1.0707233987494013e-21,4.9770797572613124e-12,6.631292671944212e-11
rule,505,8.902345314960665e-22,4.8419867375741916e-12,6.199867089904676e-11
rule,506,7.3637907407747335e-22,4.646580148056633e-12,5.790098520934588e-11
rule,507,6.05477744295302e-22,4.254900364802808e-12,5.3997269082639707e-11
rule,508,4.949068785640222e-22,3.719890372863078e-12,5.0249268410928354e-11
rule,509,4.0262138918982374e-22,3.246986602775842e-12,4.664613376614428e-11
rule,510,3.263749638772475e-22,2.9606182072110558e-12,4.3212119055589484e-11
rule,511,2.6378064791440567e-22,2.8272971206093296e-12,3.99714756336331e-11
rule,512,2.1261251192112386e-22,2.7460085279543433e-12,3.6920549775771415e-11
rule,513,1.7087992086677774e-22,2.5821995545957963e-12,3.4030237613648415e-11
rule,514,1.370154531353204e-22,2.2729591177526695e-12,3.1269835972171584e-11
rule,515,1.0992961626683953e-22,1.9007639691183314e-12,2.8632918181419986e-11
rule,516,8.875718431540037e-23,1.6373022700583063e-12,2.6136519826663473e-11
rule,517,7.26230148773996e-23,1.6017866340091745e-12,2.3795994474794387e-11
rule,518,6.053457257679669e-23,1.680474493244655e-12,2.1609509327621824e-11
rule,519,5.151308567490603e-23,1.66950363574375e-12,1.9559126601705583e-11
rule,520,4.483980937810787e-23,1.5123596241201612e-12,1.7627023645877717e-11
rule,521,4.005727044869711e-23,1.2686966078518697e-12,1.5814365864744136e-11
rule,522,3.6822914602229025e-23,1.0176744138056916e-12,1.4134352068053098e-11
rule,523,3.4859203971308517e-23,8.768892782376013e-13,1.258961526930274e-11
rule,524,3.388822996435957e-23,9.228891636191415e-13,1.1168536620333845e-11
rule,525,3.357689825489792e-23,1.0411634949498646e-12,9.855421111937036e-12
rule,526,3.361813282542292e-23,1.0980420198474219e-12,8.642519924044104e-12
rule,527,3.3806584688761897e-23,1.0364663799512318e-12,7.53649978387476e-12
rule,528,3.406162303538942e-23,8.736108174719177e-13,6.547866018200168e-12
rule,529,3.436950046739185e-23,7.125490104555829e-13,5.679940445984895e-12
rule,530,3.469055924300092e-23,6.654665746463559e-13,4.9316487702801684e-12
rule,531,3.494519284081356e-23,7.24766342742824e-13,4.302093458149096e-12
rule,532,3.5059588295692774e-23,8.051101420544603e-13,3.796168995484333e-12
rule,533,3.4978146048163166e-23,8.283765854541307e-13,3.4257978349605214e-12
rule,534,3.468281952874827e-23,7.652241584280494e-13,3.1912827497435357e-12
rule,535,3.419915562615918e-23,6.642796265998389e-13,3.073923732713441e-12
rule,536,3.357066239764974e-23,6.206851673312742e-13,3.048290010414478e-12
rule,537,3.2821359738152365e-23,6.726527260800046e-13,3.0908897940300665e-12
rule,538,3.194576513987223e-23,7.501613505748061e-13,3.1816450217149696e-12
rule,539,3.0930961393368635e-23,7.755073787132258e-13,3.300071805132069e-12
rule,540,2.9785219452358215e-23,7.338884529108047e-13,3.4248839656890298e-12
rule,541,2.853656888313219e-23,6.602906909668509e-13,3.544517857334276e-12
rule,542,2.7218855087983223e-23,5.979108191516997e-13,3.657709034907802e-12
rule,543,2.586033264287201e-23,5.754756756366297e-13,3.7642476181579995e-12
rule,544,2.4481558539224143e-23,5.874671910289926e-13,3.861241631187911e-12
rule,545,2.308710808805269e-23,5.984665991684545e-13,3.943017783666114e-12
rule,546,2.1678469492018354e-23,5.849336349489237e-13,4.003516808003855e-12
rule,547,2.026516737930542e-23,5.497621371290059e-13,4.04121111175343e-12
rule,548,1.8866937508825972e-23,5.122586634436493e-13,4.058913395060113e-12
rule,549,1.7504852876208166e-23,4.940447148414851e-13,4.059838783186442e-12
rule,550,1.6189981882309232e-23,4.954678242959424e-13,4.045371230732657e-12
rule,551,1.4924081659713954e-23,4.993954075071729e-13,4.014702447699544e-12
rule,552,1.370871233859607e-23,4.964674827824182e-13,3.9684371448831144e-12
rule,553,1.2544427368436278e-23,4.814848766336942e-13,3.9105504824096654e-12
rule,554,1.1434483780074834e-23,4.520167201646186e-13,3.845374238595425e-12
rule,555,1.0386104453871197e-23,4.1621445518460414e-13,3.774425439025847e-12
rule,556,9.404754184842503e-24,3.856237725881904e-13,3.696239694675997e-12
rule,557,8.491013601385418e-24,3.660634536226831e-13,3.6089941047478946e-12
rule,558,7.641125657720111e-24,3.5470840165855554e-13,3.5135169519702404e-12
rule,559,6.851413668841828e-24,3.4347146419476866e-13,3.4131004601666583e-12
rule,560,6.1189209428629e-24,3.284746177595324e-13,3.3102317260850492e-12
rule,561,5.445520492491376e-24,3.111154322070007e-13,3.2050834690827634e-12
rule,562,4.8290626771531336e-24,2.924918045031909e-13,3.0957314001125032e-12
rule,563,4.268796691933466e-24,2.7663438198661777e-13,2.980804825984783e-12
rule,564,3.761625910534212e-24,2.6720843736458405e-13,2.8619776075708616e-12
rule,565,3.3027841678700066e-24,2.6003294949205334e-13,2.742836090723493e-12
rule,566,2.887768436545263e-24,2.487073273476151e-13,2.625714058393566e-12
rule,567,2.5140027525185545e-24,2.307419543953443e-13,2.510553344403564e-12
rule,568,2.179791818460043e-24,2.0929612784545798e-13,2.3959026410710617e-12
rule,569,1.8830831063093417e-24,1.9140150180940774e-13,2.2811992374485363e-12
rule,570,1.6208081738270957e-24,1.8024277911348412e-13,2.167748350946762e-12
rule,571,1.3896073119143681e-24,1.72876648098722e-13,2.0571418860354276e-12
rule,572,1.1858961459664196e-24,1.6485103901082602e-13,1.9497909375543666e-12
rule,573,1.0067857271406309e-24,1.521702531427093e-13,1.844862675537232e-12
rule,574,8.504213648708857e-25,1.3561762260103188e-13,1.7412145618203021e-12
rule,575,7.147890662586825e-25,1.2260705352452022e-13,1.6389068524398408e-12
rule,576,5.983468788274716e-25,1.1791394807682313e-13,1.5392587600130386e-12
rule,577,4.987168526378721e-25,1.1746989707529554e-13,1.4434118617993854e-12
rule,578,4.1353852307587537e-25,1.1398019802602697e-13,1.3515055115437824e-12
rule,579,3.4084384434625623e-25,1.0382781844242129e-13,1.2627867750839068e-12
rule,580,2.7921716279895084e-25,8.945248654241526e-14,1.1767203879296578e-12
rule,581,2.2753078231805333e-25,7.625786135127678e-14,1.0937527997488778e-12
rule,582,1.8457849972014877e-25,6.829775588080045e-14,1.0147252476707993e-12
rule,583,1.4936205062605784e-25,6.645171302187172e-14,9.399503697886952e-13
rule,584,1.2064397054269432e-25,6.652539279421668e-14,8.689855733050234e-13
rule,585,9.719409887369308e-26,6.339419925436243e-14,8.010983851913986e-13
rule,586,7.812596107312478e-26,5.600967715151216e-14,7.358770081058304e-13
rule,587,6.291839221653946e-26,4.6424059420696587e-14,6.737263845862187e-13
rule,588,5.1039809639232014e-26,3.877255323296735e-14,6.151473441146578e-13
rule,589,4.202848203705729e-26,3.640920093451348e-14,5.601287319645581e-13
rule,590,3.528570384970239e-26,3.752608007143891e-14,5.083179631722911e-13
rule,591,3.029495838463815e-26,3.830774608668384e-14,4.592331578617374e-13
rule,592,2.660972090278132e-26,3.634812870759981e-14,4.12908877000261e-13
rule,593,2.3986407295892597e-26,3.056377606968779e-14,3.6991129527277304e-13
rule,594,2.2232688229342634e-26,2.364022761197194e-14,3.30345828523997e-13
rule,595,2.121264697509614e-26,2.1282264553436385e-14,2.9391389517171605e-13
rule,596,2.0730431287469502e-26,2.3960589396857293e-14,2.601366154261481e-13
rule,597,2.057187544553093e-26,2.674843344619308e-14,2.2879315263034693e-13
rule,598,2.0559026411313955e-26,2.6487086875297906e-14,2.0023599221165426e-13
rule,599,2.0635366037263587e-26,2.32059715571762e-14,1.7465433386612112e-13
rule,600,2.0749087000468804e-26,1.8912088376441513e-14,1.521916694822328e-13
rule,601,2.0885234840097426e-26,1.6526936859418713e-14,1.3270199783313344e-13
rule,602,2.1001417912143547e-26,1.7326623584114695e-14,1.1596981488300153e-13
rule,603,2.1055934633300334e-26,1.9384177532639408e-14,1.0258527342810668e-13
rule,604,2.1023244283610294e-26,1.9859238911188403e-14,9.302973065989056e-14
rule,605,2.0816648815510903e-26,1.833286961937521e-14,8.689159859953436e-14
rule,606,2.0521184006429685e-26,1.63233154781432e-14,8.354444391848295e-14
rule,607,2.0121246357143204e-26,1.5568636355037642e-14,8.238439195274585e-14
rule,608,1.9662249103147116e-26,1.6818890508620267e-14,8.285089964884036e-14
rule,609,1.9099711159038848e-26,1.8191752993811193e-14,8.468408469816754e-14
rule,610,1.8468548671745168e-26,1.8732014529740605e-14,8.730661798326584e-14
rule,611,1.7752222525275657e-26,1.8094086463881743e-14,9.02390885545587e-14
rule,612,1.6967603480757158e-26,1.6674175931901263e-14,9.320823150696497e-14
rule,613,1.6137441200471757e-26,1.5305550965232116e-14,9.611091226604254e-14
rule,614,1.5292461007787234e-26,1.468449284359357e-14,9.871804705942007e-14
rule,615,1.442051779588129e-26,1.4633142380493346e-14,1.0092907693287359e-13
rule,616,1.354328771368501e-26,1.450448884428096e-14,1.026085268809237e-13
rule,617,1.2657485895085243e-26,1.4077741117389509e-14,1.0377138084606868e-13
rule,618,1.1778632446538838e-26,1.355095497708471e-14,1.0458094627161563e-13
rule,619,1.0913646271371004e-26,1.3119140764514075e-14,1.0500963105109358e-13
rule,620,1.0064208513830197e-26,1.268274834759523e-14,1.0491289903793378e-13
rule,621,9.24952512510083e-27,1.2385930614187665e-14,1.0420629168700402e-13
rule,622,8.478953235817709e-27,1.2251773239291552e-14,1.0304917683005158e-13
rule,623,7.732758612212674e-27,1.2016493208268301e-14,1.0155728843664131e-13
rule,624,7.029505293019675e-27,1.1584701422197035e-14,9.996759757748286e-14
rule,625,6.3548456779320095e-27,1.0780175296418467e-14,9.815527561876303e-14
rule,626,5.7266421894048866e-27,9.920596158528194e-15,9.608758936819699e-14
rule,627,5.1432678018212876e-27,9.349224615144583e-15,9.373547707563827e-14
rule,628,4.603343549341031e-27,9.06998931436549e-15,9.120777465526532e-14
rule,629,4.09604262418875e-27,8.797463477420422e-15,8.856234308912485e-14
rule,630,3.639274248917302e-27,8.443451656484205e-15,8.587603546536935e-14
rule,631,3.2129218926645663e-27,7.738081871976267e-15,8.299204582657015e-14
rule,632,2.8263559749819656e-27,7.135845713300315e-15,7.996202113971732e-14
rule,633,2.4775043878423336e-27,6.897509246146614e-15,7.680041854411234e-14
rule,634,2.162572856662233e-27,6.852681842199059e-15,7.359629343985659e-14
rule,635,1.8788344572334056e-27,6.762350330199209e-15,7.04541638827316e-14
rule,636,1.6289136542910683e-27,6.2946551718389836e-15,6.730678246658144e-14
rule,637,1.400797267214111e-27,5.557377026254617e-15,6.411840461867625e-14
rule,638,1.2024074162357763e-27,4.930450676932101e-15,6.090177996785159e-14
rule,639,1.0260349889746709e-27,4.5886496290472866e-15,5.777545020769345e-14
rule,640,8.71090073088829e-28,4.466896838363858e-15,5.4731345771378594e-14
rule,641,7.3740646082404995e-28,4.399868217135843e-15,5.178714626774669e-14
rule,642,6.202390459833526e-28,4.087271855982469e-15,4.88771017988833e-14
rule,643,5.179078398762478e-28,3.611166105567169e-15,4.594629965474178e-14
rule,644,4.296453594198974e-28,3.2015590709951943e-15,4.306069813306649e-14
rule,645,3.5509761869052287e-28,2.9358447402006475e-15,4.0343097577378794e-14
rule,646,2.935547199106232e-28,2.841715075555829e-15,3.770747782075245e-14
rule,647,2.4112994385943044e-28,2.7771738572588778e-15,3.515445626190063e-14
rule,648,1.9627985027951268e-28,2.6039295659230522e-15,3.261955500945631e-14
rule,649,1.6000938941585118e-28,2.414886428850675e-15,3.0200316017616665e-14
rule,650,1.286806721964929e-28,2.0322740003304284e-15,2.787949133926477e-14
rule,651,1.043860289130201e-28,1.7825522772363297e-15,2.5766469659047957e-14
rule,652,8.450195779518853e-29,1.632609484956601e-15,2.3718940821709793e-14
rule,653,6.875054715202308e-29,1.5975897648873162e-15,2.176768648166429e-14
rule,654,5.597469827293592e-29,1.5690756739900066e-15,1.9833252911017554e-14
rule,655,4.6390885683676153e-29,1.4644358414461662e-15,1.8015244551730112e-14
rule,656,3.8638247285539774e-29,1.23004404400894e-15,1.6370939938713685e-14
rule,657,3.342128825218363e-29,1.053436375429542e-15,1.4807794888298266e-14
rule,658,2.904287911661369e-29,9.097491607807595e-16,1.335668589778518e-14
rule,659,2.648177747656754e-29,9.315587737992349e-16,1.1932870388785688e-14
rule,660,2.48522481506215e-29,9.791514984343403e-16,1.0623583242044114e-14
rule,661,2.3668956792789983e-29,8.374457234346769e-16,9.451566475751106e-15
rule,662,2.2850821752414286e-29,6.876528820759918e-16,8.359070129590316e-15
rule,663,2.2458509822742606e-29,6.341876691940962e-16,7.363019897999875e-15
rule,664,2.220890930195002e-29,7.006831627035682e-16,6.4419245906395054e-15
rule,665,2.2193501862394922e-29,7.588375641739706e-16,5.62052206524617e-15
rule,666,2.235373923376794e-29,7.271657019280117e-16,4.910445436501464e-15
rule,667,2.212898320925795e-29,7.308213548817689e-16,4.3288630563573615e-15
rule,668,2.2066005300076487e-29,6.343562873882269e-16,3.8034808130785595e-15
rule,669,2.196913102387381e-29,5.12117054757127e-16,3.432316106000667e-15
rule,670,2.222990193834384e-29,5.545353996605489e-16,3.2089913401606388e-15
rule,671,2.1280225882766495e-29,5.322920517468147e-16,3.0030118961151337e-15
rule,672,2.1248062852695228e-29,5.965705466551103e-16,2.9320482009614656e-15
rule,673,2.1078388424594712e-29,5.949914810861264e-16,2.9531658550052213e-15
rule,674,2.074963218308781e-29,5.899982045875429e-16,3.0262349234841495e-15
rule,675,1.996963055561098e-29,5.124823992729455e-16,3.090620193822829e-15
rule,676,1.8731835380353304e-29,5.028767270405162e-16,3.165729780408975e-15
rule,677,1.8498220078099133e-29,5.289899333102989e-16,3.249612741689534e-15
rule,678,1.7780618580820449e-29,6.411723779681821e-16,3.361203112283486e-15
rule,679,1.6547253044434863e-29,5.982176729556489e-16,3.455092343546128e-15
rule,680,1.5652080806283675e-29,5.063523333340858e-16,3.5226933566228244e-15
rule,681,1.462979719180293e-29,4.7141733875101e-16,3.5706076088321564e-15
rule,682,1.3325750026458333e-29,4.520958415454281e-16,3.582780317555166e-15
rule,683,1.2628178200601276e-29,4.677567779559847e-16,3.616597250267047e-15
rule,684,1.166502063541322e-29,4.779625595299968e-16,3.6255446743173885e-15
rule,685,1.070995197599159e-29,4.658466518835413e-16,3.639177810008916e-15
rule,686,9.814009365862647e-30,3.851969627637461e-16,3.592853651637648e-15
rule,687,9.023607716686126e-30,3.96348361170771e-16,3.5301264707845682e-15
rule,688,8.241102380281592e-30,4.217357259958221e-16,3.510836897123336e-15
rule,689,7.410448795267377e-30,5.087418692477126e-16,3.4486966960732926e-15
rule,690,6.449024567029269e-30,3.710547190686331e-16,3.352331461263584e-15
rule,691,6.055364486396518e-30,3.6652448686217413e-16,3.272924899384264e-15
rule,692,5.323896293518246e-30,3.152518303050831e-16,3.1997547029148824e-15
rule,693,4.796961860733898e-30,3.040811116919781e-16,3.100261110801514e-15
rule,694,4.236708839911651e-30,3.042358902796096e-16,2.9955063134931024e-15
rule,695,3.9285600488096934e-30,3.442545833306456e-16,2.9207248411679726e-15
rule,696,3.282410552467776e-30,2.912781480830283e-16,2.7901645283614353e-15
rule,697,2.882394903018547e-30,2.8633918978463583e-16,2.690094709050617e-15
rule,698,2.4511791884702448e-30,2.506716426932355e-16,2.559873103242446e-15
rule,699,2.1135636692191623e-30,2.4428193152009576e-16,2.459295269240449e-15
rule,700,1.8110000749559276e-30,2.1500953453083102e-16,2.3328440113908516e-15
rule,701,1.5646736350688001e-30,2.6099442025151264e-16,2.216762805645628e-15
rule,702,1.3844065922741548e-30,2.2141327566564587e-16,2.1220896105165554e-15
rule,703,1.1267171657151427e-30,2.0082810956725699e-16,1.9845177805879035e-15
rule,704,1.034465121378994e-30,1.8445470881643097e-16,1.8843203690938337e-15
rule,705,7.946868433027832e-31,1.5804888307150306e-16,1.7955621934110428e-15
rule,706,7.243904003326491e-31,1.5881410549322486e-16,1.6927463766846762e-15
rule,707,6.621828631289414e-31,2.419152482866747e-16,1.57818392905013e-15
rule,708,4.33189792741299e-31,1.1723107413109206e-16,1.4648527760319983e-15
rule,709,3.856193231149343e-31,2.752735761936381e-16,1.3931560347507612e-15
rule,710,3.3939700444964064e-31,1.1231121192937973e-16,1.3100668557992914e-15
rule,711,3.089673113283223e-31,2.268519276002681e-16,1.1627112696908059e-15
rule,712,2.2865603264737458e-31,1.626009741848726e-16,1.0915191788673472e-15
rule,713,1.87248538843049e-31,1.599656856024249e-16,1.0253228348851893e-15
rule,714,1.6471515849371835e-31,2.6162625769798615e-16,9.939965517347105e-16
rule,715,1.3274472141689023e-31,1.7477466420529871e-16,9.193596640056415e-16
rule,716,1.096335620842434e-31,2.3277327327123567e-16,7.815964056323947e-16
rule,717,8.825573970154508e-32,1.2672348724659848e-16,6.901371212262271e-16
rule,718,8.844833269598381e-32,2.347501453014794e-16,6.671923296353087e-16
rule,719,6.572235935221442e-32,1.6206084903662789e-16,5.891244540046444e-16
rule,720,6.167790646900123e-32,9.254241845032967e-17,5.399701269394437e-16
rule,721,5.012232680267781e-32,1.218978783489556e-16,5.245695943679948e-16
rule,722,6.321865042451102e-32,2.4961946697322097e-16,4.808564610685586e-16
rule,723,4.935195482492292e-32,1.2521933968902298e-16,3.909791181184241e-16
rule,724,3.8374154141915674e-32,1.7910528665775572e-16,3.890047289757997e-16
rule,725,4.299638600844504e-32,8.942311762248415e-17,3.8034776483282294e-16
rule,726,6.283346443563357e-32,2.0184550688495926e-16,2.6029668823636587e-16
rule,727,5.763345358578803e-32,1.654582476885103e-16,3.1916672766248485e-16
rule,728,5.108529177487143e-32,1.7509735918966214e-16,2.253138025684008e-16
rule,729,5.301122171925867e-32,2.3384879817786277e-16,2.455307900065552e-16
rule,730,3.8374154141915674e-32,1.2397375822310667e-16,2.783798815533657e-16
rule,731,2.7011167470030983e-32,1.5438477240568898e-16,1.6740980339501302e-16
rule,732,3.375192227538631e-32,1.765175335878822e-16,2.41751315057277e-16
rule,733,2.79741324422246e-32,5.445869481666377e-17,2.3226029870052215e-16
rule,734,3.9529712108548016e-32,1.4431897858766767e-16,1.6542978304982422e-16
rule,735,3.067043436436673e-32,1.171500515026889e-16,1.9720418571956368e-16
rule,736,3.182599233099907e-32,8.456678409154673e-17,1.5619496801690577e-16
rule,737,2.681857447559226e-32,1.2194423400519672e-16,1.385635826957963e-16
rule,738,2.1040784642430552e-32,6.558706817102091e-17,1.6733788617181726e-16
rule,739,2.2388935603501617e-32,7.703979314304499e-17,1.385608679718421e-16
rule,740,4.203342103625142e-32,1.3192502074723707e-16,1.5342253758512063e-16
rule,741,2.4892644531205023e-32,1.1384064677903514e-16,1.5187501555415642e-16
rule,742,2.1811156620185446e-32,1.3052373473747135e-16,1.6417670792413579e-16
rule,743,2.681857447559226e-32,1.3897914324084208e-16,1.7191275941514566e-16
rule,744,2.681857447559226e-32,1.3733295772615768e-16,1.739336044902038e-16
rule,745,2.1233377636869275e-32,6.833826012021463e-17,1.740957279768637e-16
rule,746,1.3722250853759055e-32,1.1120930629389923e-16,1.5752827029964754e-16
rule,747,2.1425970631308e-32,9.634419569028089e-17,1.9332635098005857e-16
rule,748,2.3351900575695235e-32,5.613541759786083e-17,1.9226692431738493e-16
rule,749,2.4507458542327576e-32,1.7453971347069046e-16,1.81684853534517e-16
rule,750,1.4107436842636503e-32,3.632540635290658e-17,1.517164200110376e-16
rule,751,1.1218541926055649e-32,1.1749784772715714e-16,1.6376377644519637e-16
rule,752,9.10001898722969e-33,4.26492799442744e-17,1.625395166579771e-16
rule,753,1.1025948931616925e-32,9.952522904421307e-17,1.5032157172419021e-16
rule,754,4.8629731095777705e-33,5.757240344367487e-17,1.437414943035911e-16
rule,755,5.633345087332665e-33,6.932466612284337e-17,1.2534502532787849e-16
rule,756,1.2566692887126714e-32,1.3630710176625498e-16,1.9672100757171568e-16
rule,757,4.092601131822876e-33,4.303059628423516e-17,1.5820497399514427e-16
rule,758,1.1218541926055649e-32,1.6136234160414182e-16,1.3530009085243652e-16
rule,759,1.9114854698043316e-32,1.3051305577418974e-16,1.4228169801916633e-16
rule,760,2.0270412664675657e-32,1.4753326242431322e-16,1.9079592557090118e-16
rule,761,1.0833355937178202e-32,1.2169735376762332e-16,1.1661742272525694e-16
rule,762,1.507040181483012e-32,1.6047668160953145e-16,1.7104408660183886e-16
rule,763,8.329647009474795e-33,7.48928107752591e-17,2.13321619783895e-16
rule,764,8.907425992790966e-33,1.448374188157597e-16,8.992579617258227e-17
rule,765,1.8922261703604592e-32,2.0832777395404766e-16,2.5740631036941794e-16
rule,766,7.174089042842454e-33,6.467647211028948e-17,2.1354720781233367e-16
rule,767,2.3351900575695235e-32,2.6614067615332273e-16,1.9277492691334074e-16
rule,768,1.1025948931616925e-32,1.0784265568688533e-16,2.610413016387166e-16
rule,769,2.951487639773439e-32,2.710760422567229e-16,1.3996541949018663e-16
rule,770,1.2181506898249267e-32,1.5940562506443254e-16,3.185957923712554e-16
rule,771,2.1425970631308e-32,2.3961053291984466e-16,7.507565752539747e-17
rule,772,1.872966870916587e-32,2.2405669825595356e-16,3.0826016643920747e-16
rule,773,1.295187887600416e-32,1.7254580520067056e-16,6.456458074408932e-17
rule,774,1.3722250853759055e-32,1.9310443003048355e-16,2.0550616749419197e-16
rule,775,7.751868026158624e-33,7.340001787945597e-17,1.4959915710620597e-16
rule,776,8.329647009474795e-33,1.4855570873709904e-16,7.734610455448193e-17
rule,777,7.174089042842454e-33,1.198436107856645e-16,1.7725826863573787e-16
rule,778,3.707415142945429e-33,7.096151364910889e-17,9.748852694404759e-17
rule,779,5.248159098455218e-33,1.0466621815776403e-16,8.175315749334291e-17
rule,780,4.670380115139047e-33,9.438546942306465e-17,1.9808726780824745e-16
rule,781,3.707415142945429e-33,1.9834829957181394e-17,1.7599750708490125e-16
rule,782,2.258152859794034e-32,2.585381491910112e-16,1.9289781849121316e-16
rule,783,4.4777871207003234e-33,2.162091320211769e-17,1.9258555957585402e-16
rule,784,1.6225959781462462e-32,1.8976575268912075e-16,7.029376937943009e-17
rule,785,1.3144471870442885e-32,1.268773754936843e-16,2.1066893570803905e-16
rule,786,4.4777871207003234e-33,6.888096776865846e-17,1.4586126063627293e-16
rule,787,8.329647009474795e-33,1.2798296742203118e-16,7.882977442684294e-17
rule,788,6.018531076210112e-33,1.3560412833630899e-16,2.25935662610533e-16
rule,789,1.1218541926055649e-32,1.417123366807643e-16,1.0236338507338357e-16
rule,790,1.179632090937182e-32,1.465596957939491e-16,9.624589156255911e-17
rule,791,5.248159098455218e-33,7.316747240606237e-17,1.5972649508473747e-16
rule,792,4.2851941262616e-33,1.1509718211018986e-16,7.467375068997585e-17
rule,793,7.751868026158624e-33,1.51457129791053e-16,1.2446867600544868e-16
rule,794,9.485204976107137e-33,1.364030499392421e-16,9.303035895658009e-17
rule,795,1.2566692887126714e-32,1.407234404101307e-16,2.1488876118173812e-16
rule,796,4.092601131822876e-33,5.274133980713897e-17,1.510131337471832e-16
rule,797,1.7959296731410974e-32,2.245061519702044e-16,1.6734687751490966e-16
rule,798,8.329647009474795e-33,1.116518148001166e-16,2.1431559025064414e-16
rule,799,1.564818079814629e-32,1.7615123344852659e-16,1.1744026684881127e-16
rule,800,1.4107436842636503e-32,1.5723582665969676e-16,2.749249397937275e-16
rule,801,9.870390964984584e-33,1.4349260794269931e-16,1.8886191893327578e-16
rule,802,3.375192227538631e-32,3.21449308571334e-16,2.499266387851576e-16
rule,803,4.8629731095777705e-33,7.465087319485089e-17,2.6887654283599353e-16
rule,804,1.1025948931616925e-32,1.3340877777521967e-16,9.992745054196621e-17
rule,805,9.870390964984584e-33,1.5570741147342542e-16,1.5855647770341695e-16
rule,806,6.018531076210112e-33,1.1474738024429183e-16,1.7018866238460528e-16
rule,807,1.0062983959423307e-32,1.5075398875843194e-16,8.866202062842315e-17
rule,808,1.0255576953862031e-32,1.4872869187397208e-16,2.4533461301663846e-16
rule,809,5.248159098455218e-33,7.746439825251318e-17,1.4526172914154867e-16
rule,810,1.988522667579821e-32,1.963183670950078e-16,9.914138169218563e-17
rule,811,1.3722250853759055e-32,1.6615864885583737e-16,1.908590038189493e-16
rule,812,5.633345087332665e-33,1.073047005668972e-16,1.9968355139138655e-16
rule,813,3.9000081373841526e-33,8.038374358236473e-17,1.1375673224137668e-16
rule,814,1.3529657859320332e-32,1.6562308337983366e-16,4.109684030751589e-17
rule,815,1.237409989268799e-32,1.5131784240580567e-16,1.2566871346510768e-16
rule,816,3.9000081373841526e-33,8.038374358236473e-17,1.8692601338316273e-16
rule,817,3.5148221485067054e-33,8.975898444029222e-17,1.5652214879082701e-16
rule,818,1.3722250853759055e-32,1.8139484377123674e-16,3.68092625371903e-17
rule,819,1.449262283151395e-32,1.8577903656397015e-16,1.9086097467828835e-16
rule,820,1.9740781929969167e-33,6.060487157740207e-17,2.2396919335269683e-16
rule,821,6.018531076210112e-33,9.111205118936478e-17,1.4555405080121997e-16
rule,822,1.564818079814629e-32,1.8965150795907776e-16,3.8015783231112744e-17
rule,823,1.564818079814629e-32,1.8965150795907776e-16,2.1112375790140742e-16
rule,824,1.396299209680746e-33,4.355365451830631e-17,1.6347870578124542e-16
rule,825,1.3529657859320332e-32,1.635925524806081e-16,5.358723392503806e-17
rule,826,8.137054015036071e-33,1.0747649312336992e-16,1.5727973499344436e-16
rule,827,1.0111132208032988e-33,4.117973171869202e-17,1.122923635918521e-16
rule,828,1.781485198558193e-33,3.564405619489376e-17,6.27205100002211e-17
rule,829,5.633345087332665e-33,7.066948104247592e-17,7.223618513649628e-17
rule,830,1.781485198558193e-33,3.681218866227987e-17,3.5940607009782056e-17
rule,831,1.9740781929969167e-33,4.7698909192586377e-17,2.693015029076738e-17
rule,832,1.2037062152420224e-33,5.26111257203469e-17,8.079045087230215e-17
rule,833,1.0111132208032988e-33,4.46210930746315e-17,3.3559166074797166e-17
rule,834,1.781485198558193e-33,6.530952403616013e-17,8.101362933856949e-17
rule,835,2.5518571763130875e-33,6.89443680793498e-17,1.2752577498021428e-16
rule,836,3.9000081373841526e-33,1.0268860614466226e-16,4.668469305856671e-17
rule,837,3.9000081373841526e-33,1.0268860614466226e-16,1.619157848017643e-16
rule,838,1.0111132208032988e-33,1.8484761942850006e-17,1.547894447770663e-16
rule,839,9.10001898722969e-33,1.5763458114099628e-16,6.633474604680505e-17
rule,840,4.4777871207003234e-33,1.157677043490078e-16,2.1877641714761086e-16
rule,841,2.744450170751811e-33,6.936325694523712e-17,9.547285119299734e-17
rule,842,8.714832998352242e-33,1.485022220895252e-16,1.2113289711635008e-16
rule,843,2.1666711874356403e-33,6.168332504398192e-17,1.7844057458630198e-16
rule,844,3.707415142945429e-33,6.636420382964414e-17,7.120823289274225e-17
rule,845,5.248159098455218e-33,8.289305796547276e-17,4.603558683464875e-17
rule,846,3.707415142945429e-33,6.636420382964414e-17,1.280409256901728e-16
rule,847,5.248159098455218e-33,8.621351227415889e-17,1.8155022841865191e-16
rule,848,1.4877808820391397e-32,1.8786287345296282e-16,1.186511546662736e-16
rule,849,6.788903053965006e-33,8.712100435694438e-17,1.9924414917051367e-16
rule,850,7.944461020597348e-33,1.3631041806755709e-16,3.74575767654754e-17
rule,851,7.944461020597348e-33,6.816633700509941e-17,1.0019811451071818e-16
rule,852,7.944461020597348e-33,1.0588452102837361e-16,5.508259233909042e-17
rule,853,7.174089042842454e-33,1.1078019058755302e-16,1.0559038222621998e-16
rule,854,5.633345087332665e-33,7.018082352412681e-17,5.703521760010709e-17
rule,855,4.8629731095777705e-33,8.118606887426732e-17,1.0779041813920021e-16
rule,856,8.714832998352242e-33,1.013930370745145e-16,7.104428635567188e-17
rule,857,1.3144471870442885e-32,1.0264275950869882e-16,2.960487439549605e-17
rule,858,1.2566692887126714e-32,8.276908487879287e-17,9.063826409980943e-17
rule,859,6.018531076210112e-33,7.122385481942852e-17,8.644511928095987e-17
rule,860,5.440752092893941e-33,8.046662496919038e-17,7.759858466330566e-17
rule,861,4.092601131822876e-33,8.391081194131425e-17,9.716000202262019e-17
rule,862,3.322229154067982e-33,6.122899148135243e-17,1.506814802323187e-16
rule,863,5.248159098455218e-33,1.1107934557521468e-16,8.002792875910313e-17
rule,864,4.8629731095777705e-33,8.055946207307525e-17,9.278743829052813e-17
rule,865,8.522240003913519e-33,1.1056615237826793e-16,1.0751437693744054e-16
rule,866,6.018531076210112e-33,1.1575433569211357e-16,1.4432649117456987e-16
rule,867,1.1025948931616925e-32,1.652989378463474e-16,4.5236053827798003e-17
rule,868,6.596310059526283e-33,1.2779358342636333e-16,1.409936457600909e-16
rule,869,2.9370431651905347e-33,5.608396472652794e-17,1.5320662909032179e-16
rule,870,2.3737086564572682e-32,2.490742723196478e-16,1.4253527270164306e-16
rule,871,6.596310059526283e-33,1.2136919197913732e-16,1.3564162156202022e-16
rule,872,2.9370431651905347e-33,7.737112654393055e-17,1.3030360118727822e-16
rule,873,3.5148221485067054e-33,9.552396064658671e-17,1.7873755975985518e-16
rule,874,1.6033366787023738e-32,1.7704988302785647e-16,8.774083178804074e-17
rule,875,8.329647009474795e-33,1.3886704187381401e-16,1.977052100336422e-16
rule,876,2.744450170751811e-33,6.936325694523712e-17,9.572467583402879e-17
rule,877,1.1603727914933096e-32,1.2143517981710633e-16,6.767645195336333e-17
rule,878,5.440752092893941e-33,9.789307078318286e-17,6.774866981716126e-17
rule,879,4.670380115139047e-33,9.514086933697528e-17,1.8005226364032686e-16
rule,880,9.870390964984584e-33,1.7060881269986532e-16,1.269789146006804e-16
rule,881,4.4777871207003234e-33,6.886289729617477e-17,1.5366017613017628e-16
rule,882,6.403717065087559e-33,1.3075936232905305e-16,2.98453111774546e-17
rule,883,3.322229154067982e-33,9.350468228572739e-17,1.247584613541858e-16
rule,884,1.396299209680746e-33,5.2751642155997525e-17,1.790802692637734e-16
rule,885,1.3144471870442885e-32,1.9299319894596835e-16,8.57943092879998e-17
rule,886,1.3144471870442885e-32,1.9049864086111934e-16,2.793295351164506e-16
rule,887,1.1025948931616925e-32,1.8095971420773143e-16,1.0935639555338998e-16
rule,888,1.0448169948300755e-32,1.619832618556461e-16,1.9442837676037857e-16
rule,889,3.129636159629258e-33,6.625003885790822e-17,1.4697367229848556e-16
rule,890,1.9114854698043316e-32,2.3159791263260085e-16,2.1841677265168865e-16
rule,891,3.129636159629258e-33,4.8296391514207476e-17,2.4062684434343433e-16
rule,892,1.5840773792585015e-32,2.174276098470754e-16,1.2342469149352702e-16
rule,893,8.714832998352242e-33,1.0722033794324086e-16,2.257424526726321e-16
rule,894,1.1025948931616925e-32,1.7615358205518217e-16,6.678685382510707e-17
rule,895,9.292611981668413e-33,1.516149411725622e-16,2.6152358813317724e-16
rule,896,8.137054015036071e-33,1.4804861744457644e-16,7.56148432677051e-17
rule,897,5.8259380817713885e-33,1.2519747164888254e-16,1.3312519322158824e-16
rule,898,7.559275031719901e-33,1.2504552961774739e-16,9.272255196210976e-17
rule,899,6.211124070648836e-33,8.822492416644392e-17,1.1886653868010022e-16
rule,900,4.670380115139047e-33,8.05172873229696e-17,7.06141132964231e-17
rule,901,1.0255576953862031e-32,1.5055402149502046e-16,7.546047120499111e-17
rule,902,6.788903053965006e-33,1.1210617309964678e-16,1.456677164836577e-16
rule,903,6.596310059526283e-33,1.0830884679045629e-16,2.129686601129833e-16
rule,904,8.907425992790966e-33,1.5648829121521354e-16,1.5994536147014582e-16
rule,905,2.5085237525643747e-32,2.224296612331326e-16,2.428488954386717e-16
rule,906,2.4507458542327576e-32,2.2977851798216123e-16,1.913314278184533e-16
rule,907,1.6803738764778633e-32,1.9597133160361246e-16,3.0574962623236936e-16
rule,908,2.79741324422246e-32,2.8459521466519166e-16,7.835594434450293e-17
rule,909,1.3722250853759055e-32,2.0154886326677334e-16,2.1977139077452887e-16
rule,910,3.707415142945429e-33,6.835106137437277e-17,1.852198138720104e-16
rule,911,2.3737086564572682e-32,2.327860739396834e-16,9.032647004166238e-17
rule,912,1.237409989268799e-32,1.6175016412996246e-16,1.5349117205176486e-16
rule,913,5.633345087332665e-33,9.742731794985254e-17,1.89466431338259e-16
rule,914,5.248159098455218e-33,1.005635266723642e-16,7.768094824527545e-17
rule,915,1.5455587803707568e-32,1.950360050591612e-16,9.274283381635897e-17
rule,916,5.633345087332665e-33,7.862958348662658e-17,1.804049863806173e-16
rule,917,6.788903053965006e-33,1.282257554086364e-16,1.490752360350499e-16
rule,918,1.3722250853759055e-32,1.8333671392145844e-16,8.950652031455689e-17
rule,919,6.211124070648836e-33,1.3496576243447233e-16,1.8807154791431592e-16
rule,920,5.440752092893941e-33,1.0187283367354954e-16,2.2340921694283445e-16
rule,921,2.1040784642430552e-32,2.3413204007092254e-16,1.3006956160157774e-16
rule,922,1.0833355937178202e-32,1.7827149444852843e-16,2.1909942076654695e-16
rule,923,2.258152859794034e-32,2.402739551153401e-16,2.5402891606886965e-16
rule,924,3.9000081373841526e-33,9.315343836964306e-17,2.0105025994564552e-16
rule,925,1.4107436842636503e-32,1.9237018780435947e-16,6.345389893445921e-17
rule,926,9.485204976107137e-33,1.577229767293173e-16,2.327004005347797e-16
rule,927,6.98149604840373e-33,1.132116434713413e-16,1.4318563514232058e-16
rule,928,8.714832998352242e-33,1.480083907295335e-16,1.9057696108337558e-16
rule,929,1.1988913903810543e-32,1.5721884113450172e-16,1.638831746323814e-17
rule,930,1.1988913903810543e-32,1.6765243584329194e-16,1.5644522663792894e-16
rule,931,3.322229154067982e-33,5.726488850984271e-17,1.3563052840137505e-16
rule,932,9.292611981668413e-33,1.3066595493314552e-16,2.477680709400288e-17
rule,933,1.1218541926055649e-32,1.615860538170187e-16,1.2343688158654375e-16
rule,934,3.322229154067982e-33,5.701407187091002e-17,1.1627824415042573e-16
rule,935,6.788903053965006e-33,1.2574809986387243e-16,7.315207750389128e-17
rule,936,6.788903053965006e-33,9.119673285912304e-17,1.3949161612579908e-16
rule,937,1.2759285881565438e-32,1.9099431424004008e-16,1.5991478525394943e-16
rule,938,4.670380115139047e-33,8.979692628323344e-17,5.1729965974857566e-17
rule,939,4.670380115139047e-33,8.979692628323344e-17,1.0187716545391484e-16
rule,940,4.092601131822876e-33,7.672169739020333e-17,4.7602278834033854e-17
rule,941,6.018531076210112e-33,1.1784343196018604e-16,1.5770725941578685e-16
rule,942,9.67779797054586e-33,1.6459138579309302e-16,1.2409336837586486e-16
rule,943,5.055566104016494e-33,1.1198165635720713e-16,1.73481020998231e-16
rule,944,1.5262994809268844e-32,2.1205180616846172e-16,1.4858997696034816e-16
rule,945,3.129636159629258e-33,6.119177747406486e-17,1.4319614302294545e-16
rule,946,9.10001898722969e-33,1.5446973412837614e-16,1.5316734030160287e-16
rule,947,6.403717065087559e-33,4.798275810749063e-17,1.7406115430400232e-16
rule,948,1.6418552775901186e-32,2.1611967497782173e-16,1.789373782233265e-16
rule,949,6.403717065087559e-33,4.798275810749063e-17,1.1284039528514164e-16
rule,950,6.98149604840373e-33,6.714213150503748e-17,7.017058312943108e-17
rule,951,9.292611981668413e-33,1.6097003767491492e-16,2.393666974445699e-16
rule,952,1.1411134920494372e-32,1.5856043596508107e-16,5.811323644522304e-17
rule,953,1.1411134920494372e-32,1.5856043596508107e-16,1.6135726025092563e-16
rule,954,8.137054015036071e-33,1.122844818594228e-16,1.8735214317653772e-16
rule,955,1.0448169948300755e-32,1.7485689947440482e-16,1.0961750450385873e-16
rule,956,8.907425992790966e-33,1.5394460256508544e-16,3.005242579992395e-16
rule,957,1.1411134920494372e-32,1.8278695047854705e-16,6.255235819632302e-17
rule,958,1.237409989268799e-32,1.249972911141602e-16,1.8398907672611518e-16
rule,959,5.633345087332665e-33,1.1398687764147222e-16,4.8323804253902894e-17
rule,960,5.633345087332665e-33,1.1986090582732598e-16,1.716675199758615e-16
rule,961,6.596310059526283e-33,9.295089241186672e-17,5.4561121080586556e-17
rule,962,4.092601131822876e-33,8.335000339289289e-17,8.221655985851319e-17
rule,963,4.092601131822876e-33,5.58499320852675e-17,1.497625065624955e-16
rule,964,4.4777871207003234e-33,1.157677043490078e-16,9.295350276500689e-17
rule,965,6.211124070648836e-33,1.1358431292230747e-16,2.1206418018568455e-16
rule,966,1.179632090937182e-32,1.7177968320229199e-16,7.115010155633813e-17
rule,967,8.522240003913519e-33,1.303386876006993e-16,2.0695621856771848e-16
rule,968,7.174089042842454e-33,1.4210219978700367e-16,8.219368061503178e-17
rule,969,9.292611981668413e-33,1.6058610355214846e-16,2.443251941151178e-16
rule,970,1.295187887600416e-32,1.8005611823017258e-16,6.754292380232932e-17
rule,971,1.3529657859320332e-32,1.9048294985314504e-16,2.8688046849103403e-16
rule,972,6.211124070648836e-33,1.232456956378369e-16,9.534668945807911e-17
rule,973,7.944461020597348e-33,1.4048659745542447e-16,1.4556180355367166e-16
rule,974,9.67779797054586e-33,1.492910413936318e-16,1.9635353338863545e-16
rule,975,1.8537075714727145e-32,2.2762620343230994e-16,2.6706291865144427e-16
rule,976,1.2566692887126714e-32,1.7108901244390062e-16,1.5594430778265516e-16
rule,977,2.3737086564572682e-32,2.696347683595315e-16,2.745045744437333e-16
rule,978,4.092601131822876e-33,4.3222601591740426e-17,2.850138001079815e-16
rule,979,2.8166725436663324e-32,2.9035874566810886e-16,1.6300863382492242e-16
rule,980,1.295187887600416e-32,1.6361569777655816e-16,2.4603889505707394e-16
rule,981,1.0640762942739478e-32,1.6817438843176427e-16,1.0165908800612608e-16
rule,982,1.1988913903810543e-32,1.8084507940514853e-16,2.514451609309418e-16
rule,983,7.174089042842454e-33,1.183354664369762e-16,8.933825901280558e-17
rule,984,1.3144471870442885e-32,1.7344653109880588e-16,2.3403342081645117e-16
rule,985,6.018531076210112e-33,1.1277932917462361e-16,6.555900780822225e-17
rule,986,6.018531076210112e-33,1.177020027916036e-16,1.570188286597971e-16
rule,987,1.3529657859320332e-32,1.5930457333753257e-16,1.036488204034906e-16
rule,988,4.092601131822876e-33,8.335000339289289e-17,1.576213700060856e-16
rule,989,6.403717065087559e-33,1.3495151629984788e-16,7.057681476199101e-17
rule,990,6.211124070648836e-33,1.3043389286983867e-16,2.320204808363819e-16
rule,991,1.564818079814629e-32,2.1668690159052546e-16,1.715294187083885e-16
rule,992,3.5148221485067054e-33,7.815992112999038e-17,1.90448621761304e-16
rule,993,1.6225959781462462e-32,2.213192152680876e-16,1.816765717926249e-16
rule,994,2.744450170751811e-33,6.627647919052985e-17,2.2197683194633666e-16
rule,995,1.9114854698043316e-32,2.34509851652769e-16,1.8001047556827144e-16
rule,996,6.596310059526283e-33,1.0605230004373014e-16,1.227278547624798e-16
rule,997,4.4777871207003234e-33,1.0816929961874537e-16,8.682286664786625e-17
rule,998,6.788903053965006e-33,5.55590659431439e-17,1.295508634567768e-16
rule,999,7.559275031719901e-33,1.4474666211059838e-16,1.035035521885795e-16
rule,1000,2.9370431651905347e-33,2.123205629296727e-17,8.696139544221911e-17
rule,1001,2.5518571763130875e-33,7.752661610863731e-17,5.77756678727562e-17
rule,1002,1.781485198558193e-33,5.3259479188639934e-17,1.32021460364232e-16
rule,1003,1.1411134920494372e-32,1.8278695047854705e-16,1.889913357489e-16
rule,1004,3.707415142945429e-33,9.762673903445058e-17,2.5788518451458534e-17
rule,1005,3.129636159629258e-33,7.341970320943873e-17,8.9837910556723e-17
rule,1006,2.359264181874364e-33,3.6416336177119805e-17,1.1830826824069036e-16
rule,1007,2.359264181874364e-33,5.86142717460585e-17,3.104379629778137e-17
rule,1008,3.129636159629258e-33,7.88629393423e-17,1.2834902365024677e-16
rule,1009,6.403717065087559e-33,1.2774284722630963e-16,7.769547393148936e-17
rule,1010,2.5518571763130875e-33,5.331886154355863e-17,8.466445837402046e-17
rule,1011,1.0111132208032988e-33,4.117973171869203e-17,7.22361851364963e-17
rule,1012,2.5518571763130875e-33,6.778594753926304e-17,9.130398598602107e-17
rule,1013,2.5518571763130875e-33,5.723474732041229e-17,7.49151535309508e-17
rule,1014,4.092601131822876e-33,9.599858644323401e-17,5.0783270534261896e-17
rule,1015,4.092601131822876e-33,9.599858644323401e-17,1.502014105765109e-16
rule,1016,9.485204976107137e-33,1.5337506398691467e-16,1.560986078682996e-16
rule,1017,1.1411134920494372e-32,1.5487612458948447e-16,2.2071416548837364e-16
rule,1018,4.4777871207003234e-33,8.336266626329882e-17,9.983706615575437e-17
rule,1019,1.661114577033991e-32,2.0961585068752314e-16,2.485396266535118e-16
rule,1020,4.2851941262616e-33,8.867505511833827e-17,2.9130573496827864e-16
rule,1021,3.490748024201865e-32,3.305987769265166e-16,2.7758828031586287e-16
rule,1022,5.8259380817713885e-33,1.0657468315969427e-16,3.486546052013916e-16
rule,1023,3.221117831987652e-32,3.178322754474239e-16,2.0963794082863618e-16
rule,1024,6.788903053965006e-33,1.3938276116050026e-16,3.8212477546196366e-16
rule,1025,2.9322283403295666e-32,3.044586204187034e-16,1.470146163177493e-16
rule,1026,4.4777871207003234e-33,8.251008885379434e-17,2.2849014819152406e-16
rule,1027,6.788903053965006e-33,1.3938276116050026e-16,7.18445733109655e-17
rule,1028,7.366682037281177e-33,1.4517233630699325e-16,2.2270262156044316e-16
rule,1029,5.248159098455218e-33,8.382460175773804e-17,7.658858172176373e-17
rule,1030,1.449262283151395e-32,2.0039293667764194e-16,2.3298311478804424e-16
rule,1031,3.707415142945429e-33,8.495986153708939e-17,1.1392855033849782e-16
rule,1032,1.1988913903810543e-32,1.9052311027785243e-16,2.1514767604399534e-16
rule,1033,2.9370431651905347e-33,6.469233894866875e-17,1.5564249927878214e-16
rule,1034,1.3529657859320332e-32,1.8294035413941683e-16,1.5222383834272956e-16
rule,1035,3.5148221485067054e-33,8.00276029768558e-17,1.8642426800064227e-16
rule,1036,1.0448169948300755e-32,1.7454321357430755e-16,1.632484474825362e-16
rule,1037,1.2181506898249267e-32,1.6545172027677975e-16,7.60315664622255e-17
rule,1038,2.1666711874356403e-33,5.961813469219869e-17,1.2583622396396359e-16
rule,1039,2.9370431651905347e-33,8.239665380701758e-17,4.280937645780395e-17
rule,1040,2.9370431651905347e-33,8.239665380701758e-17,6.147875662259242e-17
rule,1041,2.9370431651905347e-33,6.193352179343803e-17,8.961991810530957e-17
rule,1042,2.5518571763130875e-33,6.808678778239728e-17,1.1496388234292284e-16
rule,1043,5.633345087332665e-33,1.1326452254238497e-16,6.35782662083484e-17
rule,1044,4.8629731095777705e-33,1.1241216265749794e-16,9.256420098164096e-17
rule,1045,2.5518571763130875e-33,3.563088307423903e-17,9.814994296411389e-17
rule,1046,4.2851941262616e-33,9.122630596675094e-17,6.084528682037537e-17
rule,1047,3.707415142945429e-33,9.003398013230261e-17,7.405156397276117e-17
rule,1048,3.707415142945429e-33,5.296909191634458e-17,4.0161752058697714e-17
rule,1049,4.092601131822876e-33,7.379732407908142e-17,6.745375818747866e-17
rule,1050,3.322229154067982e-33,5.0963706014216795e-17,8.86450485722515e-17
rule,1051,3.5148221485067054e-33,8.515496141888072e-17,1.0922216308713616e-16
rule,1052,3.322229154067982e-33,8.258594625485854e-17,2.047047205564955e-17
rule,1053,3.322229154067982e-33,8.258594625485854e-17,1.0301175954104927e-16
rule,1054,1.0111132208032988e-33,1.848476194285001e-17,8.099969869977016e-17
rule,1055,2.359264181874364e-33,7.208709917515604e-17,6.863128210604067e-17
rule,1056,1.9740781929969167e-33,6.865444868405541e-17,1.411429695813981e-16
rule,1057,4.670380115139047e-33,1.0785041541400418e-16,6.34123889732352e-17
rule,1058,4.670380115139047e-33,7.194444808082117e-17,1.7087906785975245e-16
rule,1059,6.788903053965006e-33,1.2465542305348377e-16,5.929227997717099e-17
rule,1060,1.396299209680746e-33,4.752532509413131e-17,1.3206704001701902e-16
rule,1061,6.788903053965006e-33,1.3938276116050026e-16,1.375281288441561e-16
rule,1062,4.092601131822876e-33,9.402550005251801e-17,2.6536166564079733e-17
rule,1063,2.1666711874356403e-33,6.67480304285765e-17,1.1887603192797674e-16
rule,1064,4.4777871207003234e-33,1.157677043490078e-16,8.670581082355989e-17
rule,1065,2.5518571763130875e-33,4.98355509761873e-17,3.185709972244696e-17
rule,1066,2.5518571763130875e-33,4.98355509761873e-17,8.095789240088215e-17
rule,1067,5.8259380817713885e-33,8.755426748138841e-17,3.709429426877585e-17
rule,1068,5.8259380817713885e-33,8.889337964897542e-17,1.144293086262415e-16
rule,1069,4.670380115139047e-33,1.028831608212433e-16,1.4245079796135547e-16
rule,1070,6.403717065087559e-33,1.3364446446166842e-16,8.227144408348987e-17
rule,1071,5.633345087332665e-33,1.231523628486196e-16,2.6748513497760175e-16
rule,1072,5.440752092893941e-33,8.172902483772069e-17,1.223318336370237e-16
rule,1073,2.566301650895992e-32,2.7002964392008614e-16,3.4260788650541945e-16
rule,1074,4.4777871207003234e-33,1.0416998572545814e-16,1.535916171852815e-16
rule,1075,1.564818079814629e-32,2.2034120172219304e-16,2.4116556008547514e-16
rule,1076,3.129636159629258e-33,4.5731339971639136e-17,2.651361825298815e-16
rule,1077,1.6418552775901186e-32,2.1155402477251667e-16,1.1235933983757308e-16
rule,1078,1.1411134920494372e-32,1.7441472268537353e-16,4.040351221886156e-16
rule,1079,2.527783052008247e-32,2.7786970521669725e-16,1.164754109765753e-16
rule,1080,1.1025948931616925e-32,1.7303470840983508e-16,3.712845234472332e-16
rule,1081,3.45222942531412e-32,3.2742863342987445e-16,2.3078994784101733e-16
rule,1082,5.440752092893941e-33,4.905165064061249e-17,2.448004620955782e-16
rule,1083,3.2981550297631414e-32,2.9802472393286865e-16,2.7728050337055904e-16
rule,1084,5.248159098455218e-33,6.979626761375892e-17,1.81684853534517e-16
rule,1085,1.930744769248204e-32,2.438991825835242e-16,2.1703463656282708e-16
rule,1086,4.4777871207003234e-33,8.50882285628443e-17,1.1914153575995884e-16
rule,1087,7.751868026158624e-33,1.0716668117238675e-16,1.0822575382361356e-16
rule,1088,6.018531076210112e-33,8.213004254061264e-17,4.013364398196021e-17
rule,1089,6.788903053965006e-33,9.465391855696827e-17,1.1293369588778078e-16
rule,1090,2.744450170751811e-33,6.03782692483198e-17,7.921534550409768e-17
rule,1091,1.0448169948300755e-32,1.3294986014504144e-16,1.3635246536384137e-16
rule,1092,2.9370431651905347e-33,5.910932144257248e-17,9.978807376430126e-17
rule,1093,2.5518571763130875e-33,5.2766188358735586e-17,1.306034815246668e-16
rule,1094,3.5148221485067054e-33,1.9814315848636962e-17,1.2517986249112733e-16
rule,1095,9.485204976107137e-33,1.417355300598175e-16,1.060595803378304e-16
rule,1096,2.744450170751811e-33,5.3882966287003045e-17,1.0019436029596909e-16
rule,1097,3.5148221485067054e-33,4.635744623657699e-17,9.842549508915208e-17
rule,1098,7.366682037281177e-33,1.4115164192169885e-16,5.682377955034956e-17
rule,1099,7.559275031719901e-33,1.4158135169860952e-16,1.4053669287046714e-16
rule,1100,3.707415142945429e-33,5.296909191634458e-17,1.294666329493633e-16
rule,1101,7.751868026158624e-33,1.4425693214533892e-16,2.0024600693958888e-16
rule,1102,1.179632090937182e-32,1.476573624478851e-16,1.0211319743076317e-16
rule,1103,6.403717065087559e-33,8.851503601414384e-17,2.117943918695169e-16
rule,1104,1.4300029837075226e-32,1.8777952144001663e-16,1.5651013219652955e-16
rule,1105,5.248159098455218e-33,9.116057211896001e-17,5.149674995041027e-17
rule,1106,4.092601131822876e-33,6.657900122783324e-17,1.1813008345285155e-16
rule,1107,8.522240003913519e-33,7.682102114478832e-17,9.348614570641796e-17
rule,1108,8.137054015036071e-33,1.1877856062821418e-16,1.002281431663742e-16
rule,1109,6.211124070648836e-33,8.855287983502301e-17,7.269816092100959e-17
rule,1110,5.633345087332665e-33,5.470513197679433e-17,1.2234413261997712e-16
rule,1111,5.248159098455218e-33,1.0317707365688714e-16,1.1954497915203678e-16
rule,1112,1.1411134920494372e-32,1.0777972551730659e-16,1.2593184420873716e-16
rule,1113,8.329647009474795e-33,1.0648722070521708e-16,1.521917108347055e-16
rule,1114,5.248159098455218e-33,7.34174886894348e-17,9.088692921481273e-17
rule,1115,8.714832998352242e-33,1.1572489094838684e-16,8.731106415801284e-17
rule,1116,7.174089042842454e-33,8.556872323601721e-17,1.2831384989687313e-16
rule,1117,4.2851941262616e-33,8.605251593145835e-17,1.6146911971687405e-16
rule,1118,1.8344482720288422e-32,2.2377406978502657e-16,2.3628563970005264e-16
rule,1119,8.522240003913519e-33,7.747553747595072e-17,1.660652332897505e-16
rule,1120,1.5840773792585015e-32,1.8283951139989616e-16,1.7802058223185563e-16
rule,1121,5.248159098455218e-33,6.149008761036772e-17,1.8525839646852223e-16
rule,1122,2.0655598653553105e-32,2.416486579731658e-16,2.81453203970176e-16
rule,1123,8.907425992790966e-33,1.3629650044553528e-16,1.4449580139145015e-16
rule,1124,1.5262994809268844e-32,1.7229922076700054e-16,1.7796140828674666e-16
rule,1125,7.944461020597348e-33,9.394004665835801e-17,1.434507234765545e-16
rule,1126,5.8259380817713885e-33,9.464249692846425e-17,1.9813093888784876e-16
rule,1127,6.98149604840373e-33,1.2419100122046504e-16,7.623413979619229e-17
rule,1128,6.98149604840373e-33,1.2419100122046504e-16,2.1626547877461467e-16
rule,1129,1.295187887600416e-32,1.8640503246360382e-16,1.313931367770353e-16
rule,1130,1.1025948931616925e-32,8.606108208304051e-17,1.0070364870953803e-16
rule,1131,8.522240003913519e-33,1.1180246673046134e-16,1.702704217134868e-16
rule,1132,9.870390964984584e-33,1.7214808922727926e-16,1.5437333355420704e-16
rule,1133,5.055566104016494e-33,8.489388994398135e-17,1.0671017194339785e-16
rule,1134,5.8259380817713885e-33,1.05986536765449e-16,1.6154597816978165e-16
rule,1135,8.907425992790966e-33,1.3531181747688235e-16,2.6044549236726305e-16
rule,1136,1.179632090937182e-32,1.4015603600876978e-16,9.724127023599914e-17
rule,1137,1.179632090937182e-32,1.396387295658148e-16,2.501267335843745e-16
rule,1138,1.6033366787023738e-32,2.1923293574718238e-16,2.1240447562058462e-16
rule,1139,9.485204976107137e-33,1.4021202206168314e-16,1.0480730666546097e-16
rule,1140,1.4877808820391397e-32,2.059315426630397e-16,2.701716952093173e-16
rule,1141,1.3337064864881608e-32,1.8374152468538694e-16,1.6435303400429061e-16
rule,1142,1.5262994809268844e-32,1.8303162095831377e-16,3.7922360569575177e-16
rule,1143,3.432970125870248e-32,2.9765065149445093e-16,1.9197715322807854e-16
rule,1144,2.744450170751811e-33,3.5537234702680906e-17,2.132087362624125e-16
rule,1145,1.5455587803707568e-32,1.915981557344285e-16,1.426513437898533e-16
rule,1146,5.633345087332665e-33,8.418316162486448e-17,1.2423575550114723e-16
rule,1147,1.0255576953862031e-32,1.4440910670893095e-16,1.4335629276771896e-16
rule,1148,2.744450170751811e-33,4.662233595117728e-17,2.0646124659910907e-16
rule,1149,7.559275031719901e-33,1.3947111855793445e-16,8.950231763723026e-17
rule,1150,5.440752092893941e-33,1.2402960926514963e-16,2.392362296676751e-16
rule,1151,2.9370431651905347e-33,7.737112654393055e-17,9.909584132152733e-17
rule,1152,9.10001898722969e-33,1.4635463285710319e-16,1.9515446356734348e-16
rule,1153,6.403717065087559e-33,8.335096091227815e-17,1.1488860242214326e-16
rule,1154,9.67779797054586e-33,1.4095463781969245e-16,1.4000841301584822e-16
rule,1155,6.788903053965006e-33,6.859269313851924e-17,1.0701992635966371e-16
rule,1156,7.559275031719901e-33,1.1857330753946145e-16,6.165593800284943e-17
rule,1157,5.633345087332665e-33,9.951296734735716e-17,1.2152044400785424e-16
rule,1158,1.9740781929969167e-33,4.387893476500386e-17,1.168462140866474e-16
rule,1159,4.4777871207003234e-33,8.373749219444475e-17,7.577882925388181e-17
rule,1160,1.1411134920494372e-32,1.7602549271559506e-16,1.6086462220932825e-16
rule,1161,6.98149604840373e-33,1.253328246783212e-16,1.0919460782637922e-16
rule,1162,6.788903053965006e-33,1.0563374161670234e-16,1.474514954580286e-16
rule,1163,1.4685215825952673e-32,2.057908355159737e-16,2.3092681654749347e-16
rule,1164,8.907425992790966e-33,1.4689136550564658e-16,9.759650477597559e-17
rule,1165,5.248159098455218e-33,8.211944462064521e-17,1.9133929166950033e-16
rule,1166,2.5518571763130875e-33,4.98355509761873e-17,9.528354594820113e-17
rule,1167,6.211124070648836e-33,1.199076731211934e-16,1.709736980858533e-16
rule,1168,9.67779797054586e-33,1.4809743733290388e-16,1.0919460782637922e-16
rule,1169,9.870390964984584e-33,1.0306509978204874e-16,2.3272464664236745e-16
rule,1170,1.5455587803707568e-32,2.0127843284278937e-16,1.177824865192797e-16
rule,1171,9.870390964984584e-33,1.3251462943652722e-16,3.00834512829489e-16
rule,1172,2.046300565911438e-32,2.438906116210528e-16,1.5823350338477182e-16
rule,1173,4.8629731095777705e-33,8.3673729171562e-17,2.2583574707337413e-16
rule,1174,1.507040181483012e-32,1.9509269907433551e-16,1.5222383834272956e-16
rule,1175,6.403717065087559e-33,6.564053508717724e-17,1.7980348159100573e-16
rule,1176,9.10001898722969e-33,1.5958424576188627e-16,1.6427061939547364e-16
rule,1177,3.322229154067982e-33,4.778615280315611e-17,1.5654137342304748e-16
rule,1178,6.403717065087559e-33,1.2153042809190383e-16,1.121683521088602e-16
rule,1179,5.055566104016494e-33,8.006212964870966e-17,1.4102565703210292e-16
rule,1180,6.788903053965006e-33,1.253948437731174e-16,1.601592315378901e-16
rule,1181,1.0640762942739478e-32,1.4043247064689882e-16,4.748359932045183e-17
rule,1182,7.559275031719901e-33,1.1982876619761162e-16,1.9819168264305466e-16
rule,1183,6.788903053965006e-33,1.3003313515535828e-16,1.2571659638300646e-16
rule,1184,4.2851941262616e-33,6.825215775917782e-17,8.811302451006347e-17
rule,1185,7.559275031719901e-33,1.0486358456824835e-16,1.375718840662118e-16
rule,1186,5.8259380817713885e-33,1.100058782258753e-16,1.46553336576962e-16
rule,1187,3.322229154067982e-33,5.701407187091001e-17,1.6635265518895121e-16
rule,1188,1.4300029837075226e-32,2.080989558286306e-16,2.317852835099536e-16
rule,1189,3.5148221485067054e-33,6.72022672333284e-17,1.3357370765021415e-16
rule,1190,1.0448169948300755e-32,1.6617895336689186e-16,1.997438229847956e-16
rule,1191,3.9000081373841526e-33,4.28301499589487e-17,2.0947100231561845e-16
rule,1192,1.9114854698043316e-32,2.3443527840892014e-16,2.447436016241919e-16
rule,1193,4.4777871207003234e-33,4.6435804421342435e-17,1.6848264545924306e-16
rule,1194,1.6225959781462462e-32,2.1976790812653079e-16,2.627476223033286e-16
rule,1195,4.092601131822876e-33,7.964190622866081e-17,1.5228066271407398e-16
rule,1196,3.105562035324418e-32,2.9681442191062997e-16,4.1649984538965207e-16
rule,1197,1.6225959781462462e-32,2.191559221049292e-16,6.3996956157e-17
rule,1198,1.3337064864881608e-32,1.9570962890876454e-16,3.745245486994643e-16
rule,1199,3.047784136992801e-32,2.901959766698173e-16,1.882874326778494e-16
rule,1200,3.707415142945429e-33,5.76853588782063e-17,2.0946381918023866e-16
rule,1201,1.2181506898249267e-32,1.9081116128065033e-16,2.0255450216305817e-16
rule,1202,6.788903053965006e-33,1.0565980744492787e-16,1.6907325531509842e-16
rule,1203,1.6418552775901186e-32,2.22877039390286e-16,2.6262160837260576e-16
rule,1204,5.248159098455218e-33,1.0845961277156267e-16,7.764219979630248e-17
rule,1205,6.788903053965006e-33,1.3619158118829255e-16,1.85828077442942e-16
rule,1206,4.2851941262616e-33,9.397893484071782e-17,3.208066105977134e-17
rule,1207,4.2851941262616e-33,9.397893484071782e-17,1.8329264247042044e-16
rule,1208,9.485204976107137e-33,1.547941014027663e-16,7.05928022612927e-17
rule,1209,5.633345087332665e-33,5.100486178478657e-17,7.910129815688828e-17
rule,1210,5.055566104016494e-33,9.950078538844773e-17,1.6930225707429496e-16
rule,1211,1.0255576953862031e-32,1.705199354767463e-16,1.9122916832704326e-16
rule,1212,5.8259380817713885e-33,1.168805252189093e-16,7.3541841752565e-17
rule,1213,6.596310059526283e-33,1.1826406534196103e-16,2.1214930521753718e-16
rule,1214,1.0255576953862031e-32,1.705199354767463e-16,1.9388008704571696e-16
rule,1215,1.295187887600416e-32,1.7257706502849005e-16,9.18257155581723e-17
rule,1216,7.559275031719901e-33,9.402232015448925e-17,1.371858107652137e-16
rule,1217,5.440752092893941e-33,8.15625510860801e-17,1.7114082354124779e-16
rule,1218,2.912969040885694e-32,2.876128643724245e-16,3.65875553314853e-16
rule,1219,1.564818079814629e-32,2.2017866691018596e-16,8.985884349979357e-17
rule,1220,1.0640762942739478e-32,1.65930527305462e-16,3.863305517426508e-16
rule,1221,3.2981550297631414e-32,3.250210833237969e-16,2.288734094170383e-16
rule,1222,6.018531076210112e-33,8.331157044278672e-17,2.1192222914801644e-16
rule,1223,1.6225959781462462e-32,2.0670989466637475e-16,2.249746416860653e-16
rule,1224,1.2181506898249267e-32,1.629712496523976e-16,1.6080615277077165e-16
rule,1225,8.329647009474795e-33,1.386916693747976e-16,2.277464667808554e-16
rule,1226,6.98149604840373e-33,1.1116068216996842e-16,8.036564042647813e-17
rule,1227,8.907425992790966e-33,1.222640507004748e-16,1.8241011226033387e-16
rule,1228,1.179632090937182e-32,1.3910454843106608e-16,1.5400251303855554e-16
rule,1229,6.403717065087559e-33,1.2945155571755493e-16,2.3575013302915075e-16
rule,1230,1.9500040686920763e-32,2.404013526072083e-16,2.551473960325898e-16
rule,1231,1.449262283151395e-32,1.9660148962433434e-16,9.179293821800322e-17
rule,1232,5.8259380817713885e-33,1.0789773166861968e-16,2.2962163184143434e-16
rule,1233,6.98149604840373e-33,1.2147743899836104e-16,1.3677939848675727e-16
rule,1234,1.0062983959423307e-32,1.4657414691053037e-16,2.1474342230277138e-16
rule,1235,1.9500040686920763e-32,2.3117741784170586e-16,2.124398917137411e-16
rule,1236,5.248159098455218e-33,9.652975605379656e-17,2.6064905736381295e-16
rule,1237,1.1603727914933096e-32,1.8315955857292154e-16,1.3804137678125983e-16
rule,1238,1.6033366787023738e-32,1.9246562318932865e-16,2.108973612200429e-16
rule,1239,2.0077819670236934e-32,1.9930512986393327e-16,2.9175475544920283e-16
rule,1240,4.4777871207003234e-33,9.323224780672883e-17,1.3782047771111197e-16
rule,1241,1.7959296731410974e-32,2.0307175086702003e-16,1.290504854863317e-16
rule,1242,4.2851941262616e-33,9.18069497233205e-17,2.8061799764294005e-16
rule,1243,2.6625981481153536e-32,2.4394730709779817e-16,2.8192992564528047e-16
rule,1244,1.0255576953862031e-32,1.2632396428104714e-16,1.340572034377989e-16
rule,1245,2.47000515367663e-32,2.7329388745280008e-16,3.9069808602088e-16
rule,1246,1.5262994809268844e-32,2.0389520533921504e-16,1.7951035540718386e-16
rule,1247,2.681857447559226e-32,2.867750389024421e-16,5.048261405745799e-16
rule,1248,1.872966870916587e-32,2.3479272384583986e-16,9.808860403587355e-17
rule,1249,2.7011167470030983e-32,2.833163001090109e-16,4.934975785136562e-16
rule,1250,9.292611981668413e-33,1.6798142991697368e-16,2.302743321496106e-16
rule,1251,4.877417584160675e-32,3.640435215569043e-16,4.893803737038046e-16
rule,1252,1.1603727914933096e-32,1.8029351903756783e-16,1.4988050988021839e-16
rule,1253,2.3544493570133958e-32,2.7070688113399183e-16,4.181448297077993e-16
rule,1254,1.0640762942739478e-32,1.802683334057892e-16,6.73477206912665e-17
rule,1255,1.0640762942739478e-32,1.802683334057892e-16,2.813141751158067e-16
rule,1256,1.1411134920494372e-32,1.6555106765726122e-16,9.716000202262019e-17
rule,1257,1.1411134920494372e-32,1.7045004284813246e-16,3.760200707731578e-16
rule,1258,1.8922261703604592e-32,2.276760048528818e-16,1.0146649556499881e-16
rule,1259,2.0077819670236934e-32,2.088216235862857e-16,4.465893894882084e-16
rule,1260,1.9114854698043316e-32,2.4721607927886657e-16,1.1882855810441129e-16
rule,1261,1.5262994809268844e-32,1.9965334492971157e-16,4.576292920145407e-16
rule,1262,2.566301650895992e-32,2.7978695835005744e-16,1.3202430955354021e-16
rule,1263,1.564818079814629e-32,1.9654891289406776e-16,4.504539451523848e-16
rule,1264,3.375192227538631e-32,3.3186376027449613e-16,2.224592638900933e-16
rule,1265,1.3529657859320332e-32,1.495454957003824e-16,4.108219294349099e-16
rule,1266,4.2611200019567593e-32,3.5817626513254324e-16,3.580523464114376e-16
rule,1267,4.4777871207003234e-33,9.323224780672883e-17,2.1260272975369452e-16
rule,1268,2.7011167470030983e-32,2.833163001090109e-16,3.8237669517936746e-16
rule,1269,9.292611981668413e-33,1.6798142991697368e-16,1.0547632290886137e-16
rule,1270,2.5085237525643747e-32,2.596640569407432e-16,4.654080752239354e-16
rule,1271,2.912969040885694e-32,3.0089539682292646e-16,1.7486537521496358e-16
rule,1272,4.670380115139047e-33,6.93572363527193e-17,2.6768334659482277e-16
rule,1273,1.3722250853759055e-32,2.0517525482603187e-16,1.5804321017575063e-16
rule,1274,4.670380115139047e-33,7.493366811359598e-17,1.5590570890015241e-16
rule,1275,1.3337064864881608e-32,1.960652706451861e-16,2.4125133113102176e-16
rule,1276,4.8629731095777705e-33,9.478247614089634e-17,5.637851296924623e-17
rule,1277,4.8629731095777705e-33,9.478247614089634e-17,1.5274434757767142e-16
rule,1278,9.485204976107137e-33,1.5145678608373594e-16,1.5450972729951967e-16
rule,1279,4.8629731095777705e-33,9.478247614089634e-17,8.549564896564726e-17
rule,1280,4.670380115139047e-33,7.700059881383816e-17,1.9949508529741753e-16
rule,1281,1.179632090937182e-32,1.7208203033355912e-16,1.5207550090899547e-16
rule,1282,8.329647009474795e-33,1.1732385139040792e-16,1.511202043694994e-16
rule,1283,8.522240003913519e-33,1.4011745404675334e-16,1.9831311433562578e-16
rule,1284,5.633345087332665e-33,1.1782250178012829e-16,2.473121955383221e-17
rule,1285,6.403717065087559e-33,1.196994007597782e-16,1.8177385842962546e-16
rule,1286,9.292611981668413e-33,1.6065857406420223e-16,1.9741770513402062e-16
rule,1287,9.67779797054586e-33,1.1700883229743784e-16,3.898306166456213e-17
rule,1288,9.485204976107137e-33,1.160375858561511e-16,1.7752121290544598e-16
rule,1289,5.440752092893941e-33,6.823104246774052e-17,1.5089103042030978e-16
rule,1290,1.1603727914933096e-32,1.7639900829651892e-16,2.769384296563588e-16
rule,1291,1.3337064864881608e-32,1.879201695626272e-16,1.1711631962575858e-16
rule,1292,3.9000081373841526e-33,8.995914723880965e-17,1.6498123163608709e-16
rule,1293,9.292611981668413e-33,1.1597625028731618e-16,1.6284471203624109e-16
rule,1294,2.359264181874364e-33,6.976123415014371e-17,2.3702315990401296e-16
rule,1295,1.872966870916587e-32,2.1801100316679147e-16,1.7032343380673507e-16
rule,1296,3.129636159629258e-33,4.875982624183216e-17,2.4250323598260194e-16
rule,1297,3.129636159629258e-33,6.337023120684355e-17,1.0110625615135235e-16
rule,1298,1.4300029837075226e-32,1.8608749558437797e-16,2.0386691409631298e-16
rule,1299,1.781485198558193e-33,6.617132067888362e-17,1.5727973499344436e-16
rule,1300,2.5518571763130875e-33,6.894436807934981e-17,1.5372625758385911e-16
rule,1301,3.2403771314315243e-32,2.8834497634896177e-16,3.9266875052826254e-16
rule,1302,7.559275031719901e-33,1.33006096906495e-16,1.2030091557894205e-16
rule,1303,1.4877808820391397e-32,1.8582364136850164e-16,2.3254516558323113e-16
rule,1304,1.781485198558193e-33,4.145247388435308e-17,1.8019635810009614e-16
rule,1305,1.9114854698043316e-32,2.1332746909768506e-16,2.567112353118717e-16
rule,1306,3.129636159629258e-33,6.906655167898883e-17,1.6223374714482602e-16
rule,1307,5.440752092893941e-33,1.274415273726357e-16,1.6702288422434334e-16
rule,1308,7.751868026158624e-33,1.1169386866677154e-16,1.4440986870386679e-16
rule,1309,2.0655598653553105e-32,2.4343151596709246e-16,2.722369262036946e-16
rule,1310,7.366682037281177e-33,1.1191976124649632e-16,1.295624771603821e-16
rule,1311,1.6033366787023738e-32,1.9783456511923797e-16,2.0593586192918062e-16
rule,1312,7.944461020597348e-33,1.0847217793797319e-16,1.5223125142015696e-16
rule,1313,5.8259380817713885e-33,9.269735907023943e-17,2.3671984686848456e-16
rule,1314,8.907425992790966e-33,1.360069678316585e-16,5.253807014753076e-17
rule,1315,8.907425992790966e-33,1.360069678316585e-16,2.4045326177866036e-16
rule,1316,7.944461020597348e-33,1.528827805195832e-16,1.4164577529503284e-16
rule,1317,4.092601131822876e-33,7.198326353223235e-17,1.737778236463697e-16
rule,1318,1.5840773792585015e-32,2.0096600524335128e-16,2.2805016848473516e-16
rule,1319,5.633345087332665e-33,7.167948662071461e-17,1.1752991592052948e-16
rule,1320,1.1025948931616925e-32,1.3492411075954935e-16,1.37076088432403e-16
rule,1321,6.788903053965006e-33,1.0737768221416474e-16,1.3473174103467312e-16
rule,1322,4.8629731095777705e-33,7.999592614685148e-17,2.3930383028722964e-16
rule,1323,1.1603727914933096e-32,1.404245900601811e-16,9.366302023723537e-17
rule,1324,9.67779797054586e-33,1.15400934560119e-16,1.741389354150434e-16
rule,1325,5.633345087332665e-33,1.0301147447713783e-16,2.0689986610901647e-16
rule,1326,1.1603727914933096e-32,1.4725019322261273e-16,1.736803896643633e-16
rule,1327,1.564818079814629e-32,1.71471560822253e-16,1.9432000404524038e-16
rule,1328,6.788903053965006e-33,8.525145687305828e-17,1.2281364416613924e-16
rule,1329,8.522240003913519e-33,1.0904911809458455e-16,1.3267232736618816e-16
rule,1330,1.1218541926055649e-32,1.2626618303190547e-16,1.7605520453108473e-16
rule,1331,4.8629731095777705e-33,8.87702557770676e-17,1.7316850489398147e-16
rule,1332,2.744450170751811e-33,6.12057990638929e-17,1.3900808011247797e-16
rule,1333,1.0640762942739478e-32,1.3795480639883663e-16,1.1140450347957113e-16
rule,1334,4.4777871207003234e-33,6.360155576852828e-17,1.4268034680810355e-16
rule,1335,4.2851941262616e-33,6.048148731468515e-17,2.0990333265525028e-16
rule,1336,9.485204976107137e-33,1.4307068912707692e-16,9.528354594820111e-17
rule,1337,8.329647009474795e-33,1.2374822727142727e-16,1.9406625292865656e-16
rule,1338,1.0640762942739478e-32,1.089265932686048e-16,9.35344173855588e-17
rule,1339,5.8259380817713885e-33,1.0740305297595363e-16,1.2542002744402368e-16
rule,1340,7.944461020597348e-33,1.0014390888314701e-16,1.4470131172223346e-16
rule,1341,7.174089042842454e-33,1.1088120397006631e-16,1.5226090012068546e-16
rule,1342,5.440752092893941e-33,6.805931631834813e-17,1.5790033977032766e-16
rule,1343,1.0640762942739478e-32,1.5239871006562877e-16,7.211110073938364e-17
rule,1344,1.2181506898249267e-32,1.6248958833409804e-16,1.063464724783259e-16
rule,1345,1.661114577033991e-32,2.0312034027304066e-16,1.0818056053510983e-16
rule,1346,1.564818079814629e-32,1.8932098930493193e-16,2.824138343317062e-16
rule,1347,1.3144471870442885e-32,1.7729740373734092e-16,1.2228262533509828e-16
rule,1348,1.1603727914933096e-32,1.6297182527027312e-16,3.6553715053731637e-16
rule,1349,3.8951933125231845e-32,3.4595636133036665e-16,3.596027790541259e-16
rule,1350,9.870390964984584e-33,1.5389048828719442e-16,7.56794862257828e-17
rule,1351,1.6033366787023738e-32,2.094255072237462e-16,2.501688384118921e-16
rule,1352,8.714832998352242e-33,1.4914728965439103e-16,1.5382654921210637e-16
rule,1353,6.403717065087559e-33,8.782582512378246e-17,2.1700690405101408e-16
rule,1354,1.5262994809268844e-32,1.875591145671273e-16,2.3124586182703215e-16
rule,1355,1.6418552775901186e-32,1.977179683496192e-16,1.450051400162234e-16
rule,1356,1.7574110742533527e-32,2.041589821760466e-16,2.870272855264846e-16
rule,1357,6.788903053965006e-33,1.3897556140610108e-16,1.177697111532766e-16
rule,1358,3.105562035324418e-32,2.9986254510926083e-16,3.4762057900553967e-16
rule,1359,7.174089042842454e-33,1.2504009349773174e-16,2.024820634217456e-16
rule,1360,1.988522667579821e-32,2.257166697004244e-16,2.2829415711057083e-16
rule,1361,2.2388935603501617e-32,2.4035765284452746e-16,2.227093776997997e-16
rule,1362,9.10001898722969e-33,1.6592122351184976e-16,4.0157630771935716e-16
rule,1363,5.320381471369739e-32,3.66923766049263e-16,3.458370408327966e-16
rule,1364,2.1618563625746722e-32,2.338130779182406e-16,2.6910168751857463e-16
rule,1365,1.3337064864881608e-32,1.980238189836544e-16,3.2935656539449383e-16
rule,1366,2.4892644531205023e-32,2.588738309914642e-16,1.2331187600569886e-16
rule,1367,2.1811156620185446e-32,2.6336879848124436e-16,5.159599556442959e-16
rule,1368,3.3559329280947585e-32,3.1365450445168444e-16,1.4470131172223346e-16
rule,1369,1.3529657859320332e-32,2.0140403800336178e-16,3.3173610103288714e-16
rule,1370,9.67779797054586e-33,1.5269469180338855e-16,1.798766884999431e-16
rule,1371,1.872966870916587e-32,2.1080602822672612e-16,2.5310322948390133e-16
rule,1372,6.788903053965006e-33,1.2466426603073205e-16,1.6693953440809318e-16
rule,1373,5.8259380817713885e-33,1.169608731975421e-16,2.2439035403415585e-16
rule,1374,6.018531076210112e-33,1.1675630949477213e-16,8.012188033965884e-17
rule,1375,5.248159098455218e-33,1.0411484938167076e-16,1.861274219212471e-16
rule,1376,9.485204976107137e-33,1.5537369721184945e-16,2.120145081334288e-16
rule,1377,5.633345087332665e-33,8.180779699461377e-17,1.5420755039391125e-16
rule,1378,2.0077819670236934e-32,2.487387659249483e-16,3.683378025474258e-16
rule,1379,1.295187887600416e-32,1.919351167361838e-16,1.2123222710197603e-16
rule,1380,1.449262283151395e-32,1.7311433887293345e-16,2.3955677015698794e-16
rule,1381,1.5840773792585015e-32,2.0895655659112024e-16,2.1232653942156259e-16
rule,1382,6.596310059526283e-33,1.2232697652090936e-16,9.647620592332048e-17
rule,1383,4.4777871207003234e-33,7.143362361343166e-17,8.894582114792237e-17
rule,1384,3.129636159629258e-33,5.2164305414875726e-17,1.0872164013514816e-16
rule,1385,6.788903053965006e-33,1.3938276116050026e-16,2.278257323429918e-16
rule,1386,1.0448169948300755e-32,1.4023911626869376e-16,7.413279428811758e-17
rule,1387,1.0640762942739478e-32,1.7887248054026459e-16,3.2777093979773225e-16
rule,1388,5.440752092893941e-33,1.274415273726357e-16,8.164726255844237e-17
rule,1389,1.5262994809268844e-32,2.0420816760537742e-16,2.8201396934651753e-16
rule,1390,4.4777871207003234e-33,7.242552135496345e-17,1.836841996831352e-16
rule,1391,2.5470423514521194e-32,2.7438596189747173e-16,3.9153385212332826e-16
rule,1392,9.870390964984584e-33,1.4627306446592578e-16,1.6181353295399028e-16
rule,1393,2.7203760464469706e-32,2.744346909814261e-16,4.46990981697472e-16
rule,1394,2.2774121592379064e-32,2.371374799631026e-16,8.758206355544375e-17
rule,1395,4.4777871207003234e-33,7.838300144301281e-17,2.0683440527650617e-16
rule,1396,3.322229154067982e-33,4.8440870581442295e-17,1.0984032892634516e-16
rule,1397,7.944461020597348e-33,1.212052283443464e-16,1.3394491829921112e-16
rule,1398,3.707415142945429e-33,8.850533280575039e-17,2.9419294033242797e-16
rule,1399,1.2759285881565438e-32,1.6547353784157708e-16,9.342174466840784e-17
rule,1400,4.8629731095777705e-33,7.346835794097395e-17,1.417386917266748e-16
rule,1401,1.781485198558193e-33,3.196284211316789e-17,9.259670531096574e-17
rule,1402,2.5518571763130875e-33,5.85248789148742e-17,2.2618026913899e-17
rule,1403,2.5518571763130875e-33,5.852487891487419e-17,3.246529307924535e-17
rule,1404,2.5518571763130875e-33,5.852487891487419e-17,1.1072374543086952e-16
rule,1405,5.440752092893941e-33,7.564427628639315e-17,3.0739378311296204e-17
rule,1406,5.440752092893941e-33,7.564427628639314e-17,8.372175198018256e-17
rule,1407,2.359264181874364e-33,5.397248082556783e-17,4.722145448560269e-17
rule,1408,1.781485198558193e-33,4.37639803395708e-17,5.424999259231972e-17
rule,1409,1.781485198558193e-33,6.855070315616789e-17,8.539439510420504e-17
rule,1410,2.5518571763130875e-33,6.344588656187728e-17,1.5016384049898867e-16
rule,1411,4.4777871207003234e-33,8.336266626329882e-17,1.0328526677402942e-16
rule,1412,4.092601131822876e-33,7.872869611603078e-17,2.0721052265192263e-16
rule,1413,1.449262283151395e-32,1.9871591577368645e-16,2.3275212251094884e-16
rule,1414,6.788903053965006e-33,9.980987594976624e-17,5.683039889681623e-17
rule,1415,3.322229154067982e-33,4.9864569329796305e-17,7.905848798607396e-17
rule,1416,6.98149604840373e-33,1.2218083225741622e-16,1.5785983631388945e-16
rule,1417,8.714832998352242e-33,1.194558827022827e-16,1.5250774847204971e-16
rule,1418,3.9000081373841526e-33,6.551032006996862e-17,2.6830093785411105e-16
rule,1419,2.4314865547888853e-32,2.4833251160083344e-16,2.636836746139535e-16
rule,1420,4.092601131822876e-33,4.224962992404601e-17,1.832002689585517e-16
rule,1421,1.930744769248204e-32,2.246353035415925e-16,3.017072641852361e-16
rule,1422,6.018531076210112e-33,9.941618871320238e-17,2.2017495513731545e-16
rule,1423,2.9707469392173113e-32,3.0671920597766937e-16,4.3702380738730713e-16
rule,1424,1.3144471870442885e-32,1.9834270592384072e-16,4.947004344918182e-17
rule,1425,1.6803738764778633e-32,2.3009981523144332e-16,4.314756328929913e-16
rule,1426,2.739635345890843e-32,2.907648538467685e-16,2.4876805621126373e-16
rule,1427,5.248159098455218e-33,9.082842957322454e-17,1.0491850808312276e-16
rule,1428,1.4300029837075226e-32,1.592904062992081e-16,1.9106583305012165e-16
rule,1429,6.596310059526283e-33,1.3116986452708772e-16,1.311180156164445e-16
rule,1430,3.129636159629258e-33,5.088666921039199e-17,1.8625469960050694e-16
rule,1431,2.258152859794034e-32,2.4063913623764137e-16,3.3054562946364663e-16
rule,1432,9.10001898722969e-33,1.4834888100201666e-16,8.631883613874854e-17
rule,1433,7.559275031719901e-33,1.455096985729378e-16,2.6799793453371595e-16
rule,1434,4.092601131822876e-33,7.9533387826838e-17,1.2691965342481976e-16
rule,1435,5.055566104016494e-33,8.866201806220379e-17,1.5053162292997133e-16
rule,1436,2.359264181874364e-33,5.86142717460585e-17,9.753481779515768e-17
rule,1437,3.322229154067982e-33,5.160235900315295e-17,1.286154448849884e-16
rule,1438,3.322229154067982e-33,6.338380948256704e-17,9.425552601768583e-17
rule,1439,6.211124070648836e-33,1.2263130367626236e-16,1.173216969332294e-16
rule,1440,4.4777871207003234e-33,1.103452369870417e-16,1.0073352666560547e-16
rule,1441,2.359264181874364e-33,6.270515767947346e-17,1.4592571830906264e-16
rule,1442,7.559275031719901e-33,1.464338793488649e-16,1.6893080658729707e-16
rule,1443,1.1603727914933096e-32,1.2561658096277255e-16,2.1047422166727338e-16
rule,1444,1.7959296731410974e-32,2.356066609575154e-16,3.9701298512122576e-16
rule,1445,1.6418552775901186e-32,2.2164510238113575e-16,1.3818028021131156e-16
rule,1446,7.366682037281177e-33,1.268717922981181e-16,2.3985022262227394e-16
rule,1447,1.0833355937178202e-32,1.6963080306878978e-16,2.1116651425744737e-16
rule,1448,1.8537075714727145e-32,2.27940722819385e-16,1.9672100757171568e-16
rule,1449,7.366682037281177e-33,1.3159705182133694e-16,2.5400077989608384e-16
rule,1450,1.3722250853759055e-32,1.7054785279530426e-16,2.698596413362738e-17
rule,1451,1.2181506898249267e-32,1.6346578473127425e-16,2.854081443318774e-16
rule,1452,9.67779797054586e-33,1.552098411887966e-16,2.0931471349538721e-16
rule,1453,1.237409989268799e-32,1.723398750943682e-16,9.703603386747997e-17
rule,1454,3.322229154067982e-33,8.76801147785797e-17,2.019519146676699e-16
rule,1455,1.8537075714727145e-32,2.357816811545363e-16,4.032998913148605e-16
rule,1456,1.8922261703604592e-32,2.159456356953861e-16,7.628839722195754e-17
rule,1457,1.1988913903810543e-32,1.6526700442236093e-16,3.4140574407502744e-16
rule,1458,6.596310059526283e-33,1.2577016434235732e-16,1.270026113284412e-16
rule,1459,1.295187887600416e-32,1.5509334574615677e-16,1.1262684653091082e-16
rule,1460,3.5148221485067054e-33,8.122917415033231e-17,1.52786207150598e-16
rule,1461,4.2851941262616e-33,7.472950815153681e-17,9.115142429335957e-17
rule,1462,3.129636159629258e-33,8.037893198217789e-17,6.486682926315572e-17
rule,1463,2.5518571763130875e-33,6.008757025713537e-17,1.350663540944871e-16
rule,1464,1.781485198558193e-33,4.37639803395708e-17,8.301789203927731e-17
rule,1465,6.018531076210112e-33,1.0667956769657775e-16,7.759858466330566e-17
rule,1466,2.1666711874356403e-33,4.4931088770656975e-17,1.050188468664317e-16
rule,1467,2.9370431651905347e-33,5.320796608170103e-17,1.05963777013914e-16
rule,1468,4.2851941262616e-33,9.394443698206886e-17,1.2940851100122679e-16
rule,1469,6.018531076210112e-33,1.3560412833630896e-16,1.913805715862014e-16
rule,1470,4.092601131822876e-33,9.072901579915981e-17,1.3553064909677538e-16
rule,1471,7.751868026158624e-33,1.0753546416126685e-16,1.2169057364075076e-16
rule,1472,3.707415142945429e-33,7.93235724947228e-17,9.470144465602197e-17
rule,1473,2.5518571763130875e-33,5.940606436922386e-17,1.4489874278046367e-16
rule,1474,3.707415142945429e-33,9.999040340860743e-17,3.801578323111275e-17
rule,1475,3.707415142945429e-33,9.999040340860743e-17,1.6734687751490966e-16
rule,1476,1.4107436842636503e-32,1.9938150538994827e-16,3.0977809597295957e-16
rule,1477,7.366682037281177e-33,1.4461615790031486e-16,7.008476064432251e-17
rule,1478,1.9500040686920763e-32,2.241486468461068e-16,3.7063961489684334e-16
rule,1479,3.3559329280947585e-32,3.2922879911908726e-16,4.261809945121988e-16
rule,1480,2.2774121592379064e-32,2.5535056989073216e-16,1.297336585263114e-16
rule,1481,1.0640762942739478e-32,1.3999226881581744e-16,2.264262727085703e-16
rule,1482,1.4685215825952673e-32,1.923082085631178e-16,3.437248525951282e-16
rule,1483,9.10001898722969e-33,1.49909201298746e-16,6.585098055769091e-17
rule,1484,5.8259380817713885e-33,1.1769099234504796e-16,2.5410590440035073e-16
rule,1485,1.2181506898249267e-32,1.866917411183915e-16,2.0603995064654949e-16
rule,1486,5.440752092893941e-33,9.426777624953748e-17,2.623464587875835e-16
rule,1487,2.200374961462417e-32,2.6037271330643084e-16,3.2315831149027295e-16
rule,1488,8.522240003913519e-33,1.0985105153055366e-16,1.2593184420873716e-16
rule,1489,1.3144471870442885e-32,1.634824905836202e-16,2.0103342054681083e-16
rule,1490,7.366682037281177e-33,9.45148286215855e-17,1.7470181282358236e-16
rule,1491,7.366682037281177e-33,9.779575488404192e-17,2.0192397354492095e-16
rule,1492,8.522240003913519e-33,1.330458227574425e-16,1.0096105533296664e-16
rule,1493,1.0833355937178202e-32,1.6434688924580225e-16,2.9239869274585907e-16
rule,1494,1.6225959781462462e-32,2.239963248563581e-16,2.2967240935176243e-16
rule,1495,8.522240003913519e-33,1.3869039057157636e-16,7.942400697681227e-17
rule,1496,9.485204976107137e-33,1.1559882724411587e-16,1.4241910701592186e-16
rule,1497,1.237409989268799e-32,1.6752897706783643e-16,2.512550990024927e-16
rule,1498,1.1218541926055649e-32,1.475499122296338e-16,8.472219676545861e-17
rule,1499,1.4300029837075226e-32,1.783446924567836e-16,3.7397375335685924e-16
rule,1500,3.1440806342121625e-32,3.1587445789500527e-16,3.824937419959358e-16
rule,1501,1.1603727914933096e-32,1.4564162001353901e-16,1.6380052361865234e-16
rule,1502,4.068527007518036e-32,3.402312150170121e-16,6.383735252195715e-16
rule,1503,5.204825674706505e-32,4.0708647817727384e-16,3.227564796136287e-16
rule,1504,1.0448169948300755e-32,1.543912361009136e-16,5.621253584060973e-16
rule,1505,5.917419754129782e-32,4.408606244433643e-16,4.710093696696123e-16
rule,1506,8.714832998352242e-33,1.3796581544782186e-16,1.6372702102414202e-16
rule,1507,1.988522667579821e-32,2.422994272471251e-16,3.72137609042132e-16
rule,1508,1.3722250853759055e-32,1.9188242850769667e-16,1.7887219883905235e-16
rule,1509,6.98149604840373e-33,9.062460194679194e-17,8.921607113232388e-17
rule,1510,3.707415142945429e-33,6.735511158568296e-17,9.192397745419307e-17
rule,1511,3.5148221485067054e-33,8.460359529275057e-17,1.9819168264305466e-16
rule,1512,1.0448169948300755e-32,1.66710270500313e-16,2.0129707595235733e-16
rule,1513,5.8259380817713885e-33,8.695858214393789e-17,2.495787244330355e-16
rule,1514,3.4137108264263755e-32,2.9078758036850575e-16,4.178055472757609e-16
rule,1515,1.3337064864881608e-32,1.9620096490011888e-16,1.0532286119280924e-16
rule,1516,7.944461020597348e-33,1.272275546357995e-16,3.0919590747039984e-16
rule,1517,1.179632090937182e-32,1.791445446024917e-16,9.27914921795263e-17
rule,1518,8.137054015036071e-33,1.4501206450921957e-16,3.7080196163505467e-16
rule,1519,5.878901155242037e-32,4.1192708730262947e-16,6.192768439410975e-16
rule,1520,2.624079549227609e-32,2.60992419774363e-16,1.4044030280914758e-16
rule,1521,2.9322283403295666e-32,3.0790115069394025e-16,6.8042303241253e-16
rule,1522,5.994456951905272e-32,4.3456287446898955e-16,3.775973430942041e-16
rule,1523,5.8259380817713885e-33,7.555307375677399e-17,4.283397248192902e-16
rule,1524,5.089269878043271e-32,4.0157243164062626e-16,4.975875206219201e-16
rule,1525,3.322229154067982e-33,5.80676485602895e-17,3.417229129077632e-16
rule,1526,6.22556854523174e-32,4.3942449951230595e-16,6.833335380926531e-16
rule,1527,3.2403771314315243e-32,3.1207941024165816e-16,1.3508584760465864e-16
rule,1528,1.449262283151395e-32,2.0234106204299945e-16,5.413476927339405e-16
rule,1529,3.818156114747695e-32,3.383475847982105e-16,2.6351957019109e-16
rule,1530,7.944461020597348e-33,1.3329365254590959e-16,4.338482375137412e-16
rule,1531,4.0492677080741634e-32,3.5354486907704165e-16,4.421750251406633e-16
rule,1532,8.907425992790966e-33,1.5013882834788294e-16,1.7793392798003224e-16
rule,1533,3.0285248375489284e-32,2.9032156781478194e-16,4.85419676652159e-16
rule,1534,1.8537075714727145e-32,2.3036562400545474e-16,6.749835571842513e-17
rule,1535,1.8537075714727145e-32,2.3036562400545474e-16,4.621141846406439e-16
rule,1536,3.2018585325437796e-32,3.1030227245973247e-16,2.9417759660590265e-16
rule,1537,3.707415142945429e-33,7.300708483377804e-17,3.505525921034426e-16
rule,1538,5.49371516636459e-32,4.1406771891508355e-16,6.306859113907067e-16
rule,1539,3.644822419752844e-32,3.3007017054200155e-16,2.1145133569018885e-16
rule,1540,2.47000515367663e-32,2.3627360210800583e-16,5.143133309387936e-16
rule,1541,3.6255631203089715e-32,3.284708531166767e-16,2.559995798606941e-16
rule,1542,6.596310059526283e-33,1.2239488538281426e-16,3.3130947732885643e-16
rule,1543,1.6996331759217356e-32,2.1178032218399522e-16,1.6522045881952842e-16
rule,1544,2.9370431651905347e-33,7.463059991780055e-17,2.8427905012891085e-16
rule,1545,1.930744769248204e-32,2.2942188784162863e-16,2.6370649844110735e-16
rule,1546,5.248159098455218e-33,1.0423005644786915e-16,1.8354694226674175e-16
rule,1547,1.776670373697225e-32,2.2053078767140908e-16,3.4474001249168556e-16
rule,1548,7.366682037281177e-33,1.06879586086575e-16,9.197715881672927e-17
rule,1549,8.329647009474795e-33,1.1613716232539917e-16,1.7225594480917162e-16
rule,1550,1.781485198558193e-33,3.4162969297273823e-17,1.4252207682394026e-16
rule,1551,9.870390964984584e-33,1.6813194067700245e-16,2.5524025864748756e-16
rule,1552,4.2851941262616e-33,1.0784637789107966e-16,7.034191397047168e-17
rule,1553,8.329647009474795e-33,1.5071154295984458e-16,2.769316382044626e-16
rule,1554,1.1603727914933096e-32,1.8570756320593238e-16,1.6125465424218238e-16
rule,1555,2.9370431651905347e-33,4.356777900943506e-17,1.554490343198812e-16
rule,1556,1.3144471870442885e-32,1.8104402668234327e-16,2.862136028882901e-16
rule,1557,6.211124070648836e-33,1.3047891785613135e-16,7.666221752544845e-17
rule,1558,1.1411134920494372e-32,1.5106172777742142e-16,2.627304421444883e-16
rule,1559,1.3144471870442885e-32,1.8104402668234327e-16,1.9289196828669524e-16
rule,1560,2.744450170751811e-33,6.987024863598023e-17,7.734610455448194e-17
rule,1561,6.596310059526283e-33,1.3241192454179346e-16,2.257424526726321e-16
rule,1562,6.596310059526283e-33,1.3227877748785719e-16,3.324383805864001e-17
rule,1563,9.67779797054586e-33,1.252662936188346e-16,2.307443068976844e-16
rule,1564,7.174089042842454e-33,1.430684257472056e-16,1.60815509309503e-16
rule,1565,6.98149604840373e-33,1.0217408182503909e-16,8.867474753879208e-17
rule,1566,6.596310059526283e-33,1.0568419315020681e-16,2.1982444361556107e-16
rule,1567,1.1411134920494372e-32,1.5390517669209843e-16,9.577181923793769e-17
rule,1568,1.1988913903810543e-32,1.5032976449033927e-16,3.176676101758172e-16
rule,1569,2.0655598653553105e-32,2.3108798195786603e-16,1.8538018352876808e-16
rule,1570,6.98149604840373e-33,1.0503180593033527e-16,2.2058971814470129e-16
rule,1571,1.3144471870442885e-32,1.5885596770576346e-16,1.87705176371134e-16
rule,1572,3.5148221485067054e-33,7.551295310249055e-17,1.0205424061439877e-16
rule,1573,2.5518571763130875e-33,6.1495953351432e-17,9.865072098181418e-17
rule,1574,3.322229154067982e-33,6.578442248580397e-17,7.254795259789033e-17
rule,1575,3.322229154067982e-33,8.156546349998445e-17,1.2960892156825836e-16
rule,1576,2.1666711874356403e-33,5.09361708376722e-17,8.172094312622466e-17
rule,1577,1.0111132208032988e-33,4.117973171869203e-17,5.413893824332284e-17
rule,1578,1.781485198558193e-33,6.625148570694609e-17,1.3952397201198656e-16
rule,1579,8.185202263645752e-34,3.387418870017056e-17,9.08206850885081e-17
rule,1580,9.67779797054586e-33,1.535078001666126e-16,1.964244022020417e-16
rule,1581,1.0640762942739478e-32,1.749538957922792e-16,2.5533456069056935e-16
rule,1582,5.055566104016494e-33,6.263821323438228e-17,9.577181923793768e-17
rule,1583,1.0448169948300755e-32,1.3561525092759224e-16,2.0826979085462877e-16
rule,1584,7.174089042842454e-33,7.122367065826671e-17,2.0646124659910904e-16
rule,1585,2.79741324422246e-32,2.8325644041743264e-16,5.374459175181596e-16
rule,1586,2.3351900575695235e-32,2.6306079622823196e-16,1.2624210981207647e-16
rule,1587,2.0655598653553105e-32,2.364955904269999e-16,6.004806138612708e-16
rule,1588,5.647789561915569e-32,4.243442072259655e-16,5.037781532452217e-16
rule,1589,6.403717065087559e-33,1.1770905157853852e-16,1.8793549324366337e-16
rule,1590,3.278895730319269e-32,2.8855187123199413e-16,4.519287603014159e-16
rule,1591,1.295187887600416e-32,1.8644533304498727e-16,1.9204767832858612e-16
rule,1592,2.0077819670236934e-32,2.198732110517176e-16,1.8788945245514698e-16
rule,1593,5.8259380817713885e-33,9.505115731979114e-17,2.718829729762368e-16
rule,1594,2.0655598653553105e-32,2.2519711092351253e-16,2.4516129505403637e-16
rule,1595,1.6418552775901186e-32,2.0741526874873153e-16,2.0976529908011984e-16
rule,1596,5.248159098455218e-33,8.289305796547276e-17,1.8799953123623443e-16
rule,1597,2.585560950339864e-32,2.4076464527034346e-16,2.3413787097358756e-16
rule,1598,1.4300029837075226e-32,1.933367772228035e-16,3.442595779402164e-16
rule,1599,1.6225959781462462e-32,1.9088834128970153e-16,1.2031029564540734e-16
rule,1600,3.707415142945429e-33,7.311916917474439e-17,0.0
random,0,0.2765450395853328,0.7161865079721662,0.20999607185736405
random,1,0.19990712461359564,0.5120651748824439,0.19314984903131377
random,2,0.15335112656182975,0.3492859076346827,0.1699095463109645
random,3,0.13231932798267756,0.2570697111671113,0.144769021186511
random,4,0.12580216683106965,0.23330689993947895,0.12778333274628575
random,5,0.12340923854171443,0.23082142655586912,0.11952895864552303
random,6,0.12098331522551128,0.2253380971549294,0.11397890990350118
random,7,0.11838365908565707,0.2190702763387562,0.11114553764103918
random,8,0.11586823062967483,0.21361994418241123,0.10941761360438942
random,9,0.11343926049017329,0.2067532122065696,0.1066694652508304
random,10,0.11114217429959519,0.1974869039445138,0.10222700676189655
random,11,0.1089093513573144,0.18593613048545396,0.09826917414033194
random,12,0.1065253695808799,0.17209737570047934,0.09532901162584534
random,13,0.10381842895332077,0.1560950328177388,0.09357354768116466
random,14,0.1007825573502883,0.13851210118088503,0.0926410797828374
random,15,0.0975615849886771,0.12032504135173293,0.09188067805468925
random,16,0.09437675535851461,0.10290807317224715,0.09073928153498949
random,17,0.09145836282421257,0.08835718367723623,0.0889102021831862
random,18,0.08898163066268418,0.07963320106990512,0.08638340237136888
random,19,0.08700215101219144,0.07904594708852135,0.08338067950876953
random,20,0.08541019817890513,0.08538728922298205,0.08039694941162921
random,21,0.08394316122346951,0.09427831673338737,0.07830994081663221
random,22,0.08227734970149461,0.10132651187282399,0.07779591658630255
random,23,0.08015701287507082,0.1037302116915135,0.07869933150817396
random,24,0.07748652130503379,0.10029253398121268,0.08032124446272736
random,25,0.07435460606878348,0.09130307812415069,0.08190856633498617
random,26,0.07099530750099402,0.0789927638079532,0.0829587583917434
random,27,0.06769225786556761,0.06842382596360444,0.08329895606604577
random,28,0.06464807183675167,0.0662240030272411,0.08299334609780896
random,29,0.06187912824640928,0.07346489498188431,0.08225226689994485
random,30,0.059212264583989045,0.08372256310917377,0.08134519342476564
random,31,0.05639520138846775,0.09093223844321249,0.08050588310834693
random,32,0.05323359422003417,0.09270028964294494,0.07997387044510652
random,33,0.0496663073783557,0.08921254974005932,0.08008214366852638
random,34,0.04577841117964894,0.08191308469220412,0.08088183850016858
random,35,0.04177629018166938,0.0733686954830393,0.08176294651196694
random,36,0.037904989016595905,0.06746204203086535,0.08196043886671293
random,37,0.034318719328420046,0.0673217823915411,0.08131441389897628
random,38,0.03099845657498575,0.07184809509869575,0.08038229866126119
random,39,0.027796068271428408,0.07685579673035804,0.07979174231417228
random,40,0.024562538781588247,0.07870013338734853,0.07965097140545946
random,41,0.02125167932095655,0.07539082410420675,0.07963409430947681
random,42,0.017951430156813386,0.0668321402496809,0.07931257104638514
random,43,0.014845007014520267,0.0557616010529748,0.07834589861533724
random,44,0.012107792794024349,0.04769173315317821,0.07658357471896327
random,45,0.009799728281559134,0.04581463727589725,0.07412548404659694
random,46,0.007856845650499114,0.04595949756864363,0.07126516674041533
random,47,0.0061891968983963045,0.04294818187578713,0.0683283571721639
random,48,0.0047699880745964655,0.03587463377609585,0.06543749665245983
random,49,0.003641267781441785,0.02726123427844423,0.06228487757463434
random,50,0.002860574504331614,0.022182015175339673,0.05829013361678388
random,51,0.0024307184957176233,0.02422924951366632,0.05323033044892587
random,52,0.002265896144521603,0.028367720746567057,0.047624446725131914
random,53,0.002246983061989607,0.02910928048291327,0.042216380317035444
random,54,0.002314334166856717,0.025824277379737585,0.037203965285573244
random,55,0.0024785825502808096,0.022090536978769334,0.03243159815695071
random,56,0.002746634050796599,0.02309408944938665,0.028186642973327094
random,57,0.0030676047965283535,0.028496907176605774,0.025286311569159652
random,58,0.003349889937230358,0.033248944862471035,0.02426896522095854
random,59,0.003520606645617529,0.034026302249229375,0.024687919774232583
random,60,0.003573918955282383,0.03108619291363548,0.025466783941900467
random,61,0.0035576400384681036,0.027963068837640707,0.02578285691043635
random,62,0.003510009133844174,0.027574575820348172,0.02549249743984737
random,63,0.0034252280427944913,0.02816870200166903,0.025008107745636478
random,64,0.003281018017675638,0.026976784090064928,0.024902314428864168
random,65,0.003077695134250357,0.023763718212644655,0.025467173698758037
random,66,0.002844056859556865,0.020329847534133694,0.02654788050054075
random,67,0.0026138608283967323,0.018865209209431064,0.027865859145971863
random,68,0.0023994244215680446,0.019296678823099548,0.02930131134845129
random,69,0.0021913928030113817,0.019247915125570603,0.03069107206150396
random,70,0.001984143754138745,0.017194751285612268,0.03164788416912823
random,71,0.0017903300306502741,0.013671542156057226,0.031831661858462514
random,72,0.0016269721818829004,0.010903421485148751,0.0312725673763548
random,73,0.001497092444484371,0.010989610366148829,0.030327948002549798
random,74,0.0013890645586305266,0.01236772706996934,0.02937771802557664
random,75,0.0012900037127848412,0.012330009843600897,0.028580986957211743
random,76,0.0011982682994909162,0.010262246888494097,0.027871122098280333
random,77,0.0011223631200301424,0.007989550464741278,0.027135547131855932
random,78,0.0010676628149388601,0.008215700122415478,0.02638122083653703
random,79,0.0010283170889114313,0.00970423588150927,0.025720058499254277
random,80,0.0009938256918848075,0.010122986100771987,0.02521146851935609
random,81,0.0009589584203175815,0.00933444854689598,0.02474851581789653
random,82,0.0009250001574009257,0.008526224914358942,0.024110618567412923
random,83,0.0008941270783692562,0.00876497664742847,0.023145868055017744
random,84,0.0008645927833637855,0.009598062353621473,0.021921084140226234
random,85,0.0008318435329098791,0.00988889192704664,0.020676302421786415
random,86,0.0007939335930419686,0.009252741581440018,0.01962530719347318
random,87,0.000753487382731681,0.008291305692504036,0.018838840084446574
random,88,0.0007133982352985961,0.007927909137559442,0.01829128333048551
random,89,0.0006730345482163546,0.008230973146006041,0.017913880929459478
random,90,0.0006298712504316726,0.00842277437186775,0.017601384807817495
random,91,0.0005832691043559185,0.007977890194521494,0.017245599024825843
random,92,0.0005356541434031947,0.007134413734799337,0.016787542295539287
random,93,0.0004901643012482643,0.006649509272826443,0.016242602178808414
random,94,0.00044760805474186106,0.00670980581981006,0.01568701486259374
random,95,0.0004065661482220897,0.006609526123193078,0.015205161272293663
random,96,0.00036624832019905944,0.0059643974664917625,0.014833893183310706
random,97,0.0003277617966266539,0.005191568534833023,0.01455605516515909
random,98,0.00029247193116265906,0.0048708412697438174,0.014334390356870567
random,99,0.0002604580667718297,0.004885800715632364,0.014139585200507978
random,100,0.0002309584519505501,0.0047307547709029224,0.01394502807394105
random,101,0.00020370969171608987,0.004270025939447956,0.013703894890075362
random,102,0.00017932312215359426,0.0038533549854699793,0.013367280870362196
random,103,0.00015820104630589213,0.003829640172162898,0.012943410985779627
random,104,0.00013965451745850193,0.003925468843265627,0.01250585419951354
random,105,0.0001226733458774247,0.0036725105058121755,0.012127739288129095
random,106,0.0001070713071305486,0.0030182043634862476,0.01183475383662678
random,107,9.328399792821572e-05,0.0023916358761152095,0.011617632983530607
random,108,8.139230348374924e-05,0.002322376938676732,0.011453427659932867
random,109,7.080376210922277e-05,0.0025234722577524133,0.011313893637404716
random,110,6.086167599311051e-05,0.0024011587147867897,0.011171802663953725
random,111,5.14932690670065e-05,0.0019443515167762234,0.011003751545265584
random,112,4.3010345341294945e-05,0.001675452155441538,0.010790519727249492
random,113,3.546576736492771e-05,0.0018025584492535154,0.010518640132780336
random,114,2.8615716581586017e-05,0.001835535543896013,0.010185672108443664
random,115,2.2380370328705024e-05,0.0015819650208231772,0.00980822980056986
random,116,1.6951394510496917e-05,0.0013010467323552048,0.009418794790183043
random,117,1.2468482582125299e-05,0.0012896095824277121,0.009044556941798596
random,118,8.813868271114783e-06,0.0013536672894246316,0.008681677048532222
random,119,5.798067202751554e-06,0.0011778840609377819,0.008285299764244556
random,120,3.4346400968612363e-06,0.000748982578585328,0.007796512508612678
random,121,1.854248835984878e-06,0.0004724762327208086,0.007195197781696942
random,122,1.0015894591200037e-06,0.0007264932552175177,0.006522255420931743
random,123,6.243428928658714e-07,0.0008956201755006521,0.005843755497733855
random,124,5.275685750261622e-07,0.0007910594121100676,0.005200717789485368
random,125,6.758242485436844e-07,0.0005753278231181156,0.0045953630542608336
random,126,1.0579839142941506e-06,0.0006078748500113621,0.004013374204703122
random,127,1.5643303723400643e-06,0.0007705848240346741,0.0034496692123112504
random,128,2.0499385917314417e-06,0.0007596102440664077,0.002912323324956576
random,129,2.463192611869669e-06,0.0006287082070205495,0.0024092970333393663
random,130,2.822057369817503e-06,0.0006509252819945633,0.0019448576815336968
random,131,3.104328867988693e-06,0.0007790870460257908,0.0015339958475436089
random,132,3.257143981798536e-06,0.0007790513819761771,0.0012141563359486954
random,133,3.2831808320700125e-06,0.0006362848819063226,0.0010249860577945342
random,134,3.2433451779287875e-06,0.0005234091139405124,0.000956128544774927
random,135,3.1802926978637864e-06,0.0005766698474610151,0.0009547912919108957
random,136,3.0815624784045488e-06,0.0006406875996720195,0.0009884462396337898
random,137,2.9323788268356706e-06,0.0005883322672144926,0.0010423592258789007
random,138,2.7654648608387507e-06,0.00047015194139595314,0.0011001087718648108
random,139,2.6238263270054596e-06,0.000433942462682151,0.0011514627166032464
random,140,2.509969508393375e-06,0.00048308096918914196,0.0011879690829782468
random,141,2.4034989123248115e-06,0.0004907467047282323,0.0011969196610914876
random,142,2.299935033231839e-06,0.0004371615134396387,0.001173798533510072
random,143,2.2085909074054764e-06,0.0004161988910350732,0.0011300649750474602
random,144,2.1258828653579335e-06,0.0004660690457113611,0.001083465222574315
random,145,2.0334564841051687e-06,0.0004911720914303944,0.0010437191816986403
random,146,1.924212107614157e-06,0.0004588889009133181,0.001010334968073292
random,147,1.8074337666006532e-06,0.0004374175421952372,0.0009839340072160217
random,148,1.6855462562233917e-06,0.00045772051959514084,0.0009710873502333625
random,149,1.5485559447945859e-06,0.0004614360261524729,0.0009740277085118447
random,150,1.3928712783743158e-06,0.0004199972153926545,0.0009823935629296146
random,151,1.2297250952853007e-06,0.000369485310925964,0.0009811641037157201
random,152,1.0719237449299761e-06,0.00035203934613529627,0.0009662590085394098
random,153,9.213303113462308e-07,0.0003444895716391699,0.0009467806368682205
random,154,7.759692735713428e-07,0.00030474014765803956,0.000930710608537179
random,155,6.410282147775108e-07,0.00024430388759249567,0.0009170469221612535
random,156,5.235676561066681e-07,0.0002126009710146423,0.0009018535061938051
random,157,4.2399282050609915e-07,0.0002115735033435603,0.0008819757677023402
random,158,3.3939477950416634e-07,0.000192993236078283,0.000854667293157183
random,159,2.697538070283469e-07,0.00015074969452009447,0.0008192284711178543
random,160,2.1623563517214304e-07,0.0001381122941465999,0.0007782229651982996
random,161,1.7581555285105858e-07,0.0001580575650803588,0.0007360208521958275
random,162,1.4287008318523752e-07,0.00014858109876130274,0.0006958290536052696
random,163,1.1537614495198992e-07,0.0001085737371470145,0.000658732920928339
random,164,9.429714332332013e-08,0.00010014400817208182,0.0006258135952943919
random,165,7.852289313523652e-08,0.00012742947981648228,0.0005989509740329949
random,166,6.487111062039316e-08,0.00013346371438174628,0.0005780030284206778
random,167,5.1850725870441186e-08,0.0001103022445449538,0.0005581773715216897
random,168,4.050708330235307e-08,8.710027659184513e-05,0.000533643835687999
random,169,3.151895331662745e-08,8.849249599351655e-05,0.0005040645078945958
random,170,2.4017488312758345e-08,8.917218871258796e-05,0.0004736979389261976
random,171,1.7763402612573573e-08,7.44224629389863e-05,0.0004452306463179428
random,172,1.3657861593256613e-08,6.506907294311312e-05,0.00041802570590813705
random,173,1.1848769815114984e-08,7.412398374145925e-05,0.0003900566345629804
random,174,1.140446531491032e-08,7.576267555849467e-05,0.00035931650880128836
random,175,1.182316915197943e-08,5.6468653202875546e-05,0.00032468636883471974
random,176,1.3529983355847548e-08,4.0898961654062846e-05,0.00028624594973345277
random,177,1.6535112097732122e-08,5.793393468593614e-05,0.00024517731833024537
random,178,1.9830651212983283e-08,6.802681979490461e-05,0.00020322829059297396
random,179,2.265517642429708e-08,5.8942978375804606e-05,0.000162057412269342
random,180,2.5096634762816907e-08,4.840300298379132e-05,0.0001232403499222702
random,181,2.7236789348084497e-08,5.093312911345444e-05,8.863606467864763e-05
random,182,2.870972843182325e-08,5.301173959137366e-05,6.0970191957702637e-05
random,183,2.9256491431106215e-08,4.641400614031377e-05,4.4033178581466147e-05
random,184,2.909260169352151e-08,4.1855712670607205e-05,4.3975289404456405e-05
random,185,2.8418407567170936e-08,4.6898765620597205e-05,6.121585185502829e-05
random,186,2.7135246463294077e-08,4.863164017317745e-05,8.410913218811477e-05
random,187,2.5309606873674218e-08,4.1254913061376135e-05,0.0001035756496323539
random,188,2.330500599866618e-08,3.518938416324059e-05,0.00011719325825753344
random,189,2.13444765005937e-08,4.023737659984441e-05,0.00012643366495292585
random,190,1.935634502421462e-08,4.4077711094774106e-05,0.0001330082489742605
random,191,1.7309511382287324e-08,3.858741695964518e-05,0.00013727001622474395
random,192,1.5393372351118626e-08,3.2209096278594936e-05,0.00013910916197572892
random,193,1.3728637113947544e-08,3.355163505585594e-05,0.00013908948668552262
random,194,1.2224659659713529e-08,3.3886904692823525e-05,0.0001378853303559058
random,195,1.0813933114473798e-08,2.952209875712869e-05,0.00013527394778209813
random,196,9.539318177304807e-09,2.7535235615822656e-05,0.00013053126040157734
random,197,8.40389672311661e-09,3.0286513110957106e-05,0.00012387496056079185
random,198,7.3287280907539984e-09,3.101826862193494e-05,0.00011677186033868702
random,199,6.290778034866072e-09,2.7937432201758002e-05,0.00011044657401700707
random,200,5.35091975958997e-09,2.6111451264484643e-05,0.00010511081768321506
random,201,4.512026063085297e-09,2.706217611770112e-05,0.00010046563874798985
random,202,3.7149544702213144e-09,2.5983542605987284e-05,9.594279239102138e-05
random,203,2.9602413602571208e-09,2.1642412856645806e-05,9.11043110613982e-05
random,204,2.305333970395958e-09,1.869679774807832e-05,8.60438560957261e-05
random,205,1.7667701204887051e-09,1.928610021334972e-05,8.108504515679633e-05
random,206,1.3096717968738829e-09,1.8013142088611356e-05,7.628939180421954e-05
random,207,9.2612645093587e-10,1.3927295302009116e-05,7.147316723627677e-05
random,208,6.363803313312912e-10,1.2060653843791155e-05,6.66924722776716e-05
random,209,4.296750532426895e-10,1.2039509943265484e-05,6.2286917216209e-05
random,210,2.789929183745191e-10,9.579830863985309e-06,5.8275517747451025e-05
random,211,1.812990248104917e-10,6.396020484856994e-06,5.407372408192089e-05
random,212,1.4043192642145999e-10,7.95925669226245e-06,4.923855357895762e-05
random,213,1.352917194697744e-10,9.905979979603362e-06,4.422716772231487e-05
random,214,1.410123443455121e-10,8.487326037382671e-06,3.980997967132693e-05
random,215,1.6022252533634717e-10,6.120065831172545e-06,3.623216226089079e-05
random,216,1.992903064719546e-10,7.621436109456271e-06,3.329011005382788e-05
random,217,2.4495009549330924e-10,9.598194704255643e-06,3.0542511798004876e-05
random,218,2.8362536959325744e-10,9.041639727665529e-06,2.7566963144807378e-05
random,219,3.174181301938328e-10,7.531218180827454e-06,2.428395496436541e-05
random,220,3.4985891528522805e-10,7.776076339278523e-06,2.093111965867863e-05
random,221,3.743407598257201e-10,7.967458162892226e-06,1.777985799326144e-05
random,222,3.878359811356784e-10,7.0145328873580145e-06,1.4951476093695456e-05
random,223,3.9547443209735156e-10,7.033833568273605e-06,1.2543241757400621e-05
random,224,3.974973934092172e-10,7.883215021063889e-06,1.0691678049778664e-05
random,225,3.894697323374508e-10,7.544109022321531e-06,9.415138514763252e-06
random,226,3.7305403040165893e-10,6.073852618446411e-06,8.582371136457496e-06
random,227,3.5476626677389515e-10,5.3780098013826195e-06,8.454907379664562e-06
random,228,3.3544140520231694e-10,5.753537922126328e-06,9.462986846349621e-06
random,229,3.120841496090622e-10,5.506402653564601e-06,1.0957712138187767e-05
random,230,2.8647831745693204e-10,4.6701752149859615e-06,1.209695846534749e-05
random,231,2.621699730057415e-10,4.385184690374362e-06,1.2820768822489582e-05
random,232,2.3896627357070005e-10,4.335284746479023e-06,1.3434358842659123e-05
random,233,2.15616449109898e-10,3.5708891487727753e-06,1.4065104622370437e-05
random,234,1.9337131158572746e-10,3.0804825597493467e-06,1.464340692884443e-05
random,235,1.7302689095544926e-10,3.729624881887055e-06,1.5148730395162517e-05
random,236,1.5295344731336782e-10,3.8139196711342385e-06,1.5590183400981235e-05
random,237,1.3285929388055568e-10,3.088381269757175e-06,1.5846265777417012e-05
random,238,1.1433277672305869e-10,2.8970505196467892e-06,1.575385905532466e-05
random,239,9.75490731930541e-11,3.3534543180399455e-06,1.534523727171236e-05
random,240,8.124975828488765e-11,3.316114083821501e-06,1.4842235135215079e-05
random,241,6.555880069308163e-11,2.75970391781131e-06,1.4390401816619324e-05
random,242,5.176137026276372e-11,2.4817041378410025e-06,1.3971860727252758e-05
random,243,3.9911769708925994e-11,2.4434185687176883e-06,1.3494264637842567e-05
random,244,2.951893623057686e-11,2.0057793806030164e-06,1.2870062747716476e-05
random,245,2.0933690895603645e-11,1.4128392361731607e-06,1.2111364391323062e-05
random,246,1.4461919089061081e-11,1.5168203253883298e-06,1.1304000645082478e-05
random,247,9.611831646749935e-12,1.624826286153789e-06,1.0488333892747872e-05
random,248,6.063716987975449e-12,1.1282164762511803e-06,9.635834089094564e-06
random,249,4.080039640749636e-12,9.086148962047782e-07,8.741894394597854e-06
random,250,3.3949966456559726e-12,1.283290866150666e-06,7.866259367726475e-06
random,251,3.255605050474289e-12,1.247115577007089e-06,7.046397533391334e-06
random,252,3.4154863618528224e-12,9.745604381437449e-07,6.236852815115482e-06
random,253,3.988677687002894e-12,1.1441424321498731e-06,5.3944701664979175e-06
random,254,4.736559754214394e-12,1.4120953281436805e-06,4.580554230872836e-06
random,255,5.2927065904744825e-12,1.350791335061635e-06,3.869663172530089e-06
random,256,5.695150770776826e-12,1.2009113330864399e-06,3.2601464665258564e-06
random,257,6.031960343996685e-12,1.2215940934643008e-06,2.7459256634085776e-06
random,258,6.191938116625828e-12,1.1422557857746653e-06,2.314970163471268e-06
random,259,6.1991601148179245e-12,8.246559748569201e-07,1.9288487354117045e-06
random,260,6.241471759400066e-12,7.176386185120554e-07,1.581087837754519e-06
random,261,6.328307798999561e-12,8.945120630972272e-07,1.3290029948615894e-06
random,262,6.333796063831182e-12,8.100710762969102e-07,1.2147015622463233e-06
random,263,6.313119025395633e-12,6.28639522782337e-07,1.1841893185006238e-06
random,264,6.359151309539261e-12,7.672806845112155e-07,1.1765703158959748e-06
random,265,6.390522692979939e-12,9.113339207113685e-07,1.193497869517022e-06
random,266,6.310323162580153e-12,8.800412420800876e-07,1.234529486718069e-06
random,267,6.141366065092805e-12,8.399573803977833e-07,1.2844163316294094e-06
random,268,5.894123414190437e-12,8.787905064934131e-07,1.377816979738187e-06
random,269,5.5180526743999825e-12,8.600821429816336e-07,1.5080205161608423e-06
random,270,5.036526617604571e-12,7.876611207451089e-07,1.6150015598684953e-06
random,271,4.5115652779832936e-12,7.762924719766597e-07,1.6902502464693453e-06
random,272,3.944894128209164e-12,7.663890716784217e-07,1.7577025143243106e-06
random,273,3.3388509505613154e-12,6.420266630669145e-07,1.8197131983290515e-06
random,274,2.760414321850963e-12,5.078571885212362e-07,1.8661261014807775e-06
random,275,2.2576573116471347e-12,4.968334334401967e-07,1.9034771967568292e-06
random,276,1.8149130135579455e-12,4.5226169535173473e-07,1.937572452338803e-06
random,277,1.4320839307634847e-12,3.4682566922354904e-07,1.9486195344209074e-06
random,278,1.1313002751792498e-12,3.2513945631075844e-07,1.9139564719100657e-06
random,279,9.03883839682215e-13,3.3843227319906866e-07,1.8446255881462982e-06
random,280,7.243779847396575e-13,2.7495255630807135e-07,1.7733748420262642e-06
random,281,5.896825231897434e-13,2.3410376297277136e-07,1.7179281378664999e-06
random,282,4.928200705301335e-13,2.9964695506707864e-07,1.673368768513692e-06
random,283,4.082154191153205e-13,3.1821485541127354e-07,1.6171959282816058e-06
random,284,3.286848763258441e-13,2.6845781307431366e-07,1.5337669315502009e-06
random,285,2.6383740316554844e-13,2.684205580855505e-07,1.4329072326172768e-06
random,286,2.094758007176879e-13,3.0458573973337553e-07,1.3317404289030553e-06
random,287,1.5520593820100882e-13,2.6633265315835394e-07,1.2339572561562036e-06
random,288,1.08010383617213e-13,2.0373245587861335e-07,1.1362754365109613e-06
random,289,7.624189826501044e-14,2.0041776703416334e-07,1.041891018856067e-06
random,290,5.6411046341702205e-14,1.7829549205581482e-07,9.524348891621972e-07
random,291,4.762172556128746e-14,1.1439549759823519e-07,8.571750693968259e-07
random,292,5.3190419717680085e-14,1.0802491565636103e-07,7.46688241912305e-07
random,293,6.893428455520739e-14,1.3594769590229912e-07,6.31490566864756e-07
random,294,8.811288626122902e-14,1.128050391720494e-07,5.241377540101295e-07
random,295,1.111488674286318e-13,9.481904452353169e-08,4.2188609057633835e-07
random,296,1.3637408916551894e-13,1.3143016814789252e-07,3.2200674089548963e-07
random,297,1.5669779405041436e-13,1.4445885265759244e-07,2.285349057176357e-07
random,298,1.6929852842210511e-13,1.2935681606787673e-07,1.4674789872132618e-07
random,299,1.7636188762889962e-13,1.451193153646259e-07,8.515784166201208e-08
random,300,1.7739739879556883e-13,1.6481986379176645e-07,8.255587166830245e-08
random,301,1.7128470172739184e-13,1.5187737540750227e-07,1.331804364628498e-07
random,302,1.606424925363684e-13,1.3785454367446774e-07,1.880354904311125e-07
random,303,1.4752479453335347e-13,1.3436619441433516e-07,2.3463905459387454e-07
random,304,1.3215708228725712e-13,1.1414703855754365e-07,2.728685615384594e-07
random,305,1.1637559533623877e-13,8.367896183561796e-08,3.0350610670779085e-07
random,306,1.0248119019543365e-13,8.198534633705086e-08,3.2997672498047073e-07
random,307,8.993624845008743e-14,8.674889926405652e-08,3.525627530201063e-07
random,308,7.806779983925681e-14,7.13239232854929e-08,3.654665708610851e-07
random,309,6.786489900838084e-14,6.498052602288302e-08,3.685777663222177e-07
random,310,5.938196442831846e-14,8.030010457285336e-08,3.671573943341591e-07
random,311,5.146399355354443e-14,8.015058876848798e-08,3.633743358838962e-07
random,312,4.3950602066297016e-14,6.950295657859728e-08,3.5680524598232464e-07
random,313,3.714589900723513e-14,7.172031167184448e-08,3.4930950311627983e-07
random,314,3.057544671246016e-14,6.93193697844656e-08,3.418552678345652e-07
random,315,2.424957645422267e-14,5.886538888647106e-08,3.3013066295380984e-07
random,316,1.87542896417286e-14,5.9177009057569296e-08,3.099508944218186e-07
random,317,1.4029330256061025e-14,6.133562396116448e-08,2.847162243781458e-07
random,318,9.773234249295516e-15,4.8856013005974234e-08,2.611075388641621e-07
random,319,6.391143361165225e-15,3.421552404943455e-08,2.409737942115507e-07
random,320,4.11281419580246e-15,3.5997606962265066e-08,2.22113657556692e-07
random,321,2.5697723813583872e-15,3.455062360835471e-08,2.018678351372965e-07
random,322,1.6125441472547897e-15,2.379697300985231e-08,1.7987096437961162e-07
random,323,1.3084107079902453e-15,2.5146092966114135e-08,1.5796923451974292e-07
random,324,1.414046078415987e-15,2.7456535204178178e-08,1.3811384717041746e-07
random,325,1.7026266143078543e-15,1.9562237951957575e-08,1.2087673255796e-07
random,326,2.2101117168632808e-15,2.407138120440355e-08,1.0601044742302678e-07
random,327,2.791751396128079e-15,3.1778038044602506e-08,9.338249979140733e-08
random,328,3.231567506084358e-15,2.9013057102295704e-08,8.224739855683259e-08
random,329,3.585598180527692e-15,2.44971882800502e-08,7.081901858075523e-08
random,330,3.934687159989022e-15,2.7850471916108986e-08,5.965054872036181e-08
random,331,4.158636546391388e-15,2.887100248629871e-08,5.030382530161311e-08
random,332,4.239509164216262e-15,2.512462223306596e-08,4.141342787575252e-08
random,333,4.273219743292205e-15,2.4336239152469597e-08,3.296787706102143e-08
random,334,4.249663195501006e-15,2.5043102469970666e-08,2.7415585933930784e-08
random,335,4.143199039618523e-15,2.1898976078253323e-08,2.5590488334348984e-08
random,336,4.0127348822765255e-15,2.119855866498448e-08,2.644714748262255e-08
random,337,3.8539304996707095e-15,2.2700330114724853e-08,2.9603434458958572e-08
random,338,3.620110640508354e-15,1.941494343442066e-08,3.3788276891419174e-08
random,339,3.3539895402249405e-15,1.5563199160121625e-08,3.747157712744031e-08
random,340,3.0908198311046877e-15,1.5996466594447345e-08,4.0847967375749244e-08
random,341,2.7941955870846497e-15,1.5071137837882682e-08,4.472859908331539e-08
random,342,2.464222019957287e-15,1.2000692753882332e-08,4.8538856599070354e-08
random,343,2.1449460693079073e-15,1.2565778628312513e-08,5.192847123897163e-08
random,344,1.835106853644389e-15,1.3599080300340278e-08,5.4712848617945766e-08
random,345,1.5311622301364854e-15,1.167501845663171e-08,5.638003814455751e-08
random,346,1.2571686028650591e-15,1.0711490444561498e-08,5.710601553743691e-08
random,347,1.0141023951642192e-15,1.1051342456042822e-08,5.740291177685814e-08
random,348,7.893625004005495e-16,8.11537515154292e-09,5.729893215008185e-08
random,349,6.001569388456607e-16,6.321408005290383e-09,5.672358533322613e-08
random,350,4.525347187834267e-16,8.395468751832431e-09,5.598817572084789e-08
random,351,3.279574426596433e-16,7.740471883173037e-09,5.5009720844504624e-08
random,352,2.2538233109145375e-16,5.304699643012636e-09,5.292674167745895e-08
random,353,1.5444551325835323e-16,5.8052432330555264e-09,4.946331304119388e-08
random,354,1.0622333924190762e-16,6.195408564586222e-09,4.552249118865284e-08
random,355,7.382148409192584e-17,4.570479122054319e-09,4.1797188632218775e-08
random,356,6.024320523777502e-17,4.312685808121888e-09,3.820657993532924e-08
random,357,5.876561918775365e-17,4.919327482633334e-09,3.4406767992628726e-08
random,358,6.220656288931017e-17,3.6587877012267114e-09,3.025695293342326e-08
random,359,7.334972667489622e-17,3.990945339688426e-09,2.5846138666553473e-08
random,360,8.901192610291783e-17,5.521364100812088e-09,2.1386394975099118e-08
random,361,1.0064518445074664e-16,4.731490406538117e-09,1.7223024343903634e-08
random,362,1.0955279869606971e-16,3.3277848424073544e-09,1.3825249871827198e-08
random,363,1.182122776736007e-16,3.654016141054014e-09,1.1507560973443304e-08
random,364,1.2328161718363163e-16,3.620202354438491e-09,1.0045891221485162e-08
random,365,1.247524574882518e-16,3.054245443473562e-09,8.879098454583139e-09
random,366,1.2550972450047221e-16,3.5327010396735843e-09,8.263667807576794e-09
random,367,1.2438286455844106e-16,3.622549421501772e-09,8.414303938130013e-09
random,368,1.2166446685057807e-16,2.9689660980892595e-09,8.681749939788982e-09
random,369,1.196558033551567e-16,3.433323515519499e-09,8.809672075870808e-09
random,370,1.1708193227148018e-16,4.026261737659244e-09,8.92787384053817e-09
random,371,1.1220920529109584e-16,3.4516062713303893e-09,9.011783485283225e-09
random,372,1.0663913540729415e-16,3.1423937069600473e-09,9.10013015217208e-09
random,373,1.004018775458449e-16,3.3789069019576996e-09,9.380279394978847e-09
random,374,9.206153860218915e-17,3.1684247163792605e-09,9.71082125439772e-09
random,375,8.22381510584204e-17,3.035987892730148e-09,9.73498860037303e-09
random,376,7.177468791195283e-17,3.2149986062334384e-09,9.564284559354072e-09
random,377,6.03965729039476e-17,2.945485125708127e-09,9.54492511196653e-09
random,378,4.9091270570343815e-17,2.4924181742621137e-09,9.678054676943919e-09
random,379,3.8861621997371927e-17,2.4738032420318573e-09,9.796549224133666e-09
random,380,2.944361144131211e-17,2.2421759640193637e-09,9.770925705813516e-09
random,381,2.1210360506342707e-17,1.5191724374749176e-09,9.559386151350827e-09
random,382,1.5045590258790684e-17,1.3219228199236695e-09,9.196711831222952e-09
random,383,1.0572131272745303e-17,1.2419028569948184e-09,8.742425209363828e-09
random,384,7.31793580915294e-18,7.744579394893273e-10,8.244702646368163e-09
random,385,5.38825780202801e-18,9.337784052977384e-10,7.771724698849155e-09
random,386,4.401242411709565e-18,1.152110667950723e-09,7.370314779651507e-09
random,387,3.83835260971625e-18,9.370307195607623e-10,6.947452977754193e-09
random,388,3.68452512887374e-18,9.756998271835358e-10,6.435125738787718e-09
random,389,3.667958296847678e-18,1.1829867515323881e-09,5.967826494937756e-09
random,390,3.455310354436584e-18,1.012544840901597e-09,5.62738091028216e-09
random,391,3.245224367712945e-18,8.905555635818145e-10,5.347233220238731e-09
random,392,3.155651656844606e-18,1.1065052963945911e-09,5.065078560370753e-09
random,393,3.0134681664661035e-18,9.919239149279333e-10,4.754915943517988e-09
random,394,2.932001436680828e-18,7.343079655139771e-10,4.354579501157224e-09
random,395,3.058286265589186e-18,7.541967287718526e-10,3.8179443512614665e-09
random,396,3.2901917955830057e-18,6.34523104694643e-10,3.2000079893042062e-09
random,397,3.6095510337217904e-18,4.4907950267021223e-10,2.5845964246078685e-09
random,398,4.021710406858196e-18,5.84048968077635e-10,1.9989293055521364e-09
random,399,4.359853170872844e-18,5.916339622817395e-10,1.4401878410356806e-09
random,400,4.569998341074373e-18,4.733255431800927e-10,9.35066090607415e-10
random,401,4.694348330954118e-18,6.106887646830149e-10,7.881756280219682e-10
random,402,4.6483342289552564e-18,6.986883176114165e-10,1.1180357874681987e-09
random,403,4.396908857322474e-18,5.713296591617505e-10,1.532527911732714e-09
random,404,4.03616684391014e-18,5.268475859557264e-10,1.8832754674104437e-09
random,405,3.59689021717344e-18,5.13241585636971e-10,2.1486423510953183e-09
random,406,3.098546144996749e-18,4.0083657743850226e-10,2.3405627734114626e-09
random,407,2.6177788926188556e-18,4.1396954506123e-10,2.4905586882574864e-09
random,408,2.1757868134581463e-18,4.404963392267867e-10,2.5954884369944332e-09
random,409,1.7705725169734124e-18,3.420223766927745e-10,2.596767903412991e-09
random,410,1.4451791017896098e-18,3.395361457447067e-10,2.480797955056827e-09
random,411,1.191915557490749e-18,4.193756336097839e-10,2.321745688643544e-09
random,412,9.70178824962789e-19,3.768828456631161e-10,2.169091023861057e-09
random,413,7.862929106975689e-19,3.2006678441712445e-10,2.0172417103900987e-09
random,414,6.399649811201717e-19,3.537236242035234e-10,1.8657693075539764e-09
random,415,5.041638926000283e-19,3.098968649500421e-10,1.7258851998895295e-09
random,416,3.821935873777153e-19,2.7248445028066574e-10,1.5929357416934066e-09
random,417,2.785861340994014e-19,2.964510055562499e-10,1.4621949623498638e-09
random,418,1.8436686463410905e-19,2.409303420848673e-10,1.3420030611400874e-09
random,419,1.1090022531683694e-19,1.5850315666350084e-10,1.2319169168951235e-09
random,420,6.718458159955501e-20,1.7295007965595775e-10,1.1288814478310815e-09
random,421,4.074061934664523e-20,1.395966304743892e-10,1.0261117591943038e-09
random,422,3.302118332480199e-20,6.747661346419155e-11,9.097580339627864e-10
random,423,4.852032236871793e-20,1.3791045884053556e-10,7.85638099869959e-10
random,424,7.517377471790062e-20,1.574461638296513e-10,6.65862456021054e-10
random,425,1.0552683563894611e-19,1.37636505446162e-10,5.524947200685016e-10
random,426,1.3831121350646846e-19,1.7752523703432936e-10,4.522069894480721e-10
random,427,1.6463750306014506e-19,1.7595427554102479e-10,3.786359169279058e-10
random,428,1.8227141894125046e-19,1.4899813959277965e-10,3.217532010283339e-10
random,429,1.9365863687260368e-19,1.64612498643106e-10,2.695156535645242e-10
random,430,1.9510021476250733e-19,1.648930996134218e-10,2.5141784395755666e-10
random,431,1.8739656087308623e-19,1.4071515441519704e-10,2.674105302519763e-10
random,432,1.7702487444218476e-19,1.501668271574268e-10,2.8793992152333524e-10
random,433,1.642301166092097e-19,1.5426250296256012e-10,2.9858205321917617e-10
random,434,1.4930611910178942e-19,1.2526465216686206e-10,2.9895211301587666e-10
random,435,1.3554702696115588e-19,1.1660133170414837e-10,3.000743332450269e-10
random,436,1.2260511982861139e-19,1.1268112117270479e-10,3.082962874944864e-10
random,437,1.099346114793678e-19,8.553500338152221e-11,3.1990268116487187e-10
random,438,9.887046691372082e-20,8.827546121234949e-11,3.3105638899370577e-10
random,439,8.781393892604718e-20,9.063601308507528e-11,3.4343272065926914e-10
random,440,7.577671631287819e-20,6.991583383746966e-11,3.6148591374706473e-10
random,441,6.441480675619692e-20,7.229891550798067e-11,3.8737141208345486e-10
random,442,5.3433879281426494e-20,8.116282767852468e-11,4.1410680684426485e-10
random,443,4.225304236764151e-20,6.683612328938985e-11,4.287372395144214e-10
random,444,3.2149523577075405e-20,5.931534720831637e-11,4.3165991062882446e-10
random,445,2.340247684323194e-20,5.891344090090597e-11,4.288070137443758e-10
random,446,1.5872660193838798e-20,3.9804940095701995e-11,4.1967422871076104e-10
random,447,1.0311486289285346e-20,4.342684130034975e-11,4.0450009241741077e-10
random,448,6.354766411060678e-21,4.790594422857631e-11,3.8648884279633853e-10
random,449,3.5097622452283394e-21,3.056539014748343e-11,3.618851293138288e-10
random,450,2.1790639499939347e-21,3.2666276218997745e-11,3.2510202911308644e-10
random,451,1.981674773765679e-21,4.2218915882624045e-11,2.82629209683558e-10
random,452,2.1916029032415677e-21,3.200011029246397e-11,2.438096313209026e-10
random,453,2.9141642981402556e-21,2.6560616057965644e-11,2.087860047261351e-10
random,454,3.9318525522025125e-21,3.1997957676882996e-11,1.7445477756495576e-10
random,455,4.877670635619942e-21,2.6845031056166575e-11,1.4089699583868104e-10
random,456,5.8374415642702405e-21,3.047294607586504e-11,1.1112267591492868e-10
random,457,6.641969476837006e-21,3.5511961699112183e-11,8.828000962095763e-11
random,458,7.100528839800677e-21,2.699104485311395e-11,7.298929390036737e-11
random,459,7.449089171905986e-21,2.6164565317188786e-11,6.253404194153223e-11
random,460,7.646328181860049e-21,2.989112366186683e-11,5.646154979732055e-11
random,461,7.538223355400378e-21,2.5408909122368385e-11,5.67425209978017e-11
random,462,7.305253205264675e-21,2.565510043269583e-11,6.200942458498803e-11
random,463,6.98711765484251e-21,2.933863895570672e-11,6.840021565083577e-11
random,464,6.5279723229948094e-21,2.7225654396957444e-11,7.162717252801817e-11
random,465,6.035081258246795e-21,2.734440610586688e-11,7.33433760929603e-11
random,466,5.503447298199308e-21,2.794035608054282e-11,7.576030343881848e-11
random,467,4.901170965628362e-21,2.220962563196114e-11,7.765578484224056e-11
random,468,4.341468983004999e-21,2.1792997819468644e-11,7.881536685665968e-11
random,469,3.803597472889854e-21,2.2899414023667842e-11,8.052143016301848e-11
random,470,3.234873026632552e-21,1.9306879434648028e-11,8.141482131551857e-11
random,471,2.7068494982973684e-21,1.8853690290175278e-11,7.966916568148128e-11
random,472,2.2239364772902642e-21,1.9611048940183745e-11,7.712179097972856e-11
random,473,1.7556946161871887e-21,1.6213090941866056e-11,7.526155891110933e-11
random,474,1.343061846093882e-21,1.4429826384544538e-11,7.392719738090408e-11
random,475,9.796149982232631e-22,1.3952353144276985e-11,7.258616967778115e-11
random,476,6.5959392804106135e-22,9.68384475059826e-12,7.059244778263559e-11
random,477,4.251149616762988e-22,9.55166853982219e-12,6.76454667524436e-11
random,478,2.58692635688068e-22,9.751181731705485e-12,6.401107608788178e-11
random,479,1.4015791002719276e-22,5.4463873898693065e-12,6.032231605574321e-11
random,480,9.057059834497821e-23,6.185270944645953e-12,5.7101056231005674e-11
random,481,9.162086806733357e-23,8.007561708745102e-12,5.3826247290703374e-11
random,482,1.1585817026051207e-22,6.646780366364943e-12,4.892609679950705e-11
random,483,1.6300106560568932e-22,7.486268892685033e-12,4.266790972937857e-11
random,484,2.1191505724183345e-22,8.029602897561928e-12,3.67937766017906e-11
random,485,2.515309840656022e-22,6.844799445322172e-12,3.158069337322292e-11
random,486,2.885632498606397e-22,8.365206168211759e-12,2.6614216816162857e-11
random,487,3.1059200324523063e-22,8.464400514704883e-12,2.2135403388628877e-11
random,488,3.1643212394194226e-22,6.287599775041287e-12,1.8045808694360834e-11
random,489,3.205532638264669e-22,6.336468356196072e-12,1.4164160152603215e-11
random,490,3.1999558752537286e-22,6.047439166351104e-12,1.1480400450898797e-11
random,491,3.140412343074553e-22,4.520878108395038e-12,9.94256585522237e-12
random,492,3.0931662238302803e-22,4.697315821277651e-12,9.104766117557952e-12
random,493,3.0111392178170525e-22,4.573456339128109e-12,9.75232495322747e-12
random,494,2.8949613295904883e-22,4.418174644334482e-12,1.1436420620096143e-11
random,495,2.7624388376977254e-22,5.744339799558616e-12,1.3464033777236373e-11
random,496,2.5531157754437898e-22,5.5294896482521766e-12,1.5406229668142324e-11
random,497,2.280885247058927e-22,4.29780240710106e-12,1.6968486082889975e-11
random,498,1.9911484665473029e-22,4.369739672300977e-12,1.813379254908297e-11
random,499,1.6651245801481764e-22,3.89217544249823e-12,1.9056680427610316e-11
random,500,1.3294053146626728e-22,3.3220164549070414e-12,1.980556464113503e-11
random,501,1.0246719717372479e-22,3.526785763913519e-12,2.033640213994606e-11
random,502,7.505037696765314e-23,2.9311285558684573e-12,2.031948320219288e-11
random,503,5.32077449781942e-23,2.5368887989969533e-12,1.9637457598512958e-11
random,504,3.756691853305206e-23,2.9517326005945533e-12,1.8716175332125188e-11
random,505,2.5923800628568613e-23,2.134894779237174e-12,1.7715989049344977e-11
random,506,1.8911947477654285e-23,1.553097885831767e-12,1.6564564690135138e-11
random,507,1.5759988188606978e-23,2.3165193000083283e-12,1.5419529711842483e-11
random,508,1.3684141955107634e-23,2.0962082743578326e-12,1.4284706222525252e-11
random,509,1.2541976349051845e-23,2.1431136107905685e-12,1.2847318961693463e-11
random,510,1.1881413445351104e-23,2.3072409766686397e-12,1.1212097061307722e-11
random,511,1.0785195081623698e-23,1.7454028348011644e-12,9.836130590608917e-12
random,512,1.0019145052682865e-23,1.548480660189293e-12,8.812372817207192e-12
random,513,9.414481714898296e-24,1.5946724237002368e-12,7.879716339220008e-12
random,514,8.904357222421296e-24,1.0164725807727231e-12,6.780526247348291e-12
random,515,9.454239767572167e-24,1.1886398956015142e-12,5.540943373924542e-12
random,516,1.0724128979734933e-23,1.3939840002295713e-12,4.308948443328173e-12
random,517,1.2184586735686472e-23,1.0532009010780103e-12,3.1858053405830264e-12
random,518,1.402969359398413e-23,1.3072719133897968e-12,2.2767445577092644e-12
random,519,1.5699530487169125e-23,1.4508608325820615e-12,1.6333940590852844e-12
random,520,1.6784273246048927e-23,1.3811586627073174e-12,1.1164579846456527e-12
random,521,1.729916502007288e-23,1.5596771095176718e-12,1.2973365208764348e-12
random,522,1.6872958739443452e-23,1.525464570962235e-12,1.9766733022362293e-12
random,523,1.5693469214314845e-23,1.3590776967762504e-12,2.4972617881217062e-12
random,524,1.413958514165481e-23,1.4554029409288487e-12,2.95789213884149e-12
random,525,1.216889503580493e-23,1.292010172638791e-12,3.3885825344758034e-12
random,526,1.0085018994277282e-23,9.942372091686153e-13,3.7316299273320785e-12
random,527,8.221836506724003e-24,9.334766835257436e-13,4.03613015564648e-12
random,528,6.557397809802369e-24,7.150180196078678e-13,4.245864217276614e-12
random,529,5.208466304761955e-24,6.168684119874598e-13,4.227753261374136e-12
random,530,4.173484692738634e-24,6.954262166341426e-13,4.1000824117419764e-12
random,531,3.30769324095355e-24,5.574651659387106e-13,4.02813428926226e-12
random,532,2.6663005930590398e-24,6.208533241906078e-13,3.983491202321379e-12
random,533,2.1593701644427645e-24,7.522021285966083e-13,3.890752015325368e-12
random,534,1.660683104207795e-24,5.932512537690975e-13,3.736629051047944e-12
random,535,1.2464874095866543e-24,5.175790175207944e-13,3.5349346040885005e-12
random,536,8.994298381791329e-25,4.676171417417599e-13,3.306416401203451e-12
random,537,5.966973338412443e-25,3.3864234126669747e-13,3.0865398282347825e-12
random,538,3.9675783282955794e-25,4.207414751001412e-13,2.8919249797692937e-12
random,539,2.7404008125250295e-25,3.789275965774647e-13,2.6800789456725923e-12
random,540,2.336877078311722e-25,2.0394141421933337e-13,2.3881117386795178e-12
random,541,2.988592182858898e-25,3.154525454813475e-13,2.0678638981889695e-12
random,542,4.0009278544721052e-25,3.1930859054386807e-13,1.7737626276214477e-12
random,543,5.201674475835218e-25,2.497560932778118e-13,1.4820556174147164e-12
random,544,6.6182058800268235e-25,3.67957315696334e-13,1.2019829362047805e-12
random,545,7.731230402690725e-25,3.6119030048496485e-13,9.630101724422403e-13
random,546,8.50143570806082e-25,3.5744546715410654e-13,7.358372781198408e-13
random,547,8.922893916175967e-25,3.7109636871602383e-13,5.367196216458651e-13
random,548,8.872129890701049e-25,2.788306745813586e-13,4.498787833824723e-13
random,549,8.599598949471447e-25,2.323766150752537e-13,4.715474253678291e-13
random,550,8.1250756783395155e-25,2.41929513335378e-13,5.847253076447195e-13
random,551,7.417422021854082e-25,1.8286865755266832e-13,7.125725777487314e-13
random,552,6.71823312166003e-25,2.1849475853662274e-13,8.187376285608478e-13
random,553,6.017907339242015e-25,2.4209333592172994e-13,9.190398681035e-13
random,554,5.274175455701425e-25,1.9773976126423948e-13,1.0086709290965018e-12
random,555,4.579329219383174e-25,2.2038096123729112e-13,1.061802829161225e-12
random,556,3.8787108482435613e-25,2.0647858048212068e-13,1.0852261013484076e-12
random,557,3.200882972471232e-25,1.767180934424265e-13,1.1033006501837647e-12
random,558,2.5972387962242595e-25,1.9828864773584312e-13,1.1173856563872935e-12
random,559,2.002427689666785e-25,1.7485320739225147e-13,1.0968120136640893e-12
random,560,1.4791145848827984e-25,1.48526374905559e-13,1.0330560193549699e-12
random,561,1.0691868769742382e-25,1.6833331683019912e-13,9.535473293163803e-13
random,562,7.218340196283791e-26,1.3264090075266384e-13,8.715473978504475e-13
random,563,4.6759606175235305e-26,1.095792828757324e-13,7.925983474966589e-13
random,564,3.001679781536601e-26,1.0825522214426823e-13,7.23874188386181e-13
random,565,1.9128117422012344e-26,7.233009327400027e-14,6.521264919083635e-13
random,566,1.5596977687607072e-26,8.652257679749956e-14,5.695290915971267e-13
random,567,1.569427138320339e-26,8.872568425945866e-14,4.995908688734064e-13
random,568,1.771524751109009e-26,6.318429008170039e-14,4.440928115279693e-13
random,569,2.334157205414473e-26,8.869096648905153e-14,3.9140629281921837e-13
random,570,2.9348622469363354e-26,9.236997072089974e-14,3.386830691755156e-13
random,571,3.4782191758381455e-26,8.007473406078042e-14,2.860895525500955e-13
random,572,4.034006042156556e-26,9.272193168358313e-14,2.3479385366653007e-13
random,573,4.412777706909747e-26,8.24015727586592e-14,1.8705339941919912e-13
random,574,4.670538657692069e-26,8.553733809769589e-14,1.463463228673962e-13
random,575,4.795471441327835e-26,9.360571976956643e-14,1.2771587600125213e-13
random,576,4.6884661813942223e-26,7.511662584574609e-14,1.2165930629909084e-13
random,577,4.5148679599215095e-26,6.970323506149658e-14,1.1858995493425567e-13
random,578,4.2532613459300093e-26,7.23282790988006e-14,1.3345672398539126e-13
random,579,3.8829434977046327e-26,5.669836560835783e-14,1.5271119571809898e-13
random,580,3.509717822671322e-26,5.979902078981075e-14,1.6888614548404736e-13
random,581,3.120067773738853e-26,5.835925338565357e-14,1.830659907033565e-13
random,582,2.7309270658691265e-26,5.075478776273468e-14,1.9445963353906922e-13
random,583,2.3750104502845779e-26,5.359458844955392e-14,2.0891862354535058e-13
random,584,2.0051458504123133e-26,4.179610318974843e-14,2.2564102959286128e-13
random,585,1.6581534212258967e-26,3.312008068315282e-14,2.348567008712518e-13
random,586,1.3469660760062046e-26,3.752538193537326e-14,2.414636942311403e-13
random,587,1.0316797885303478e-26,2.872945036804564e-14,2.4967098012439924e-13
random,588,7.511957099657494e-27,2.973137418406965e-14,2.547987276676263e-13
random,589,5.097446269177421e-27,3.194789291353785e-14,2.5490493141363265e-13
random,590,3.0554277677560848e-27,2.0942389454418647e-14,2.4971070333206415e-13
random,591,1.6436756665735534e-27,2.429733456382298e-14,2.359620334973221e-13
random,592,7.0093854399284015e-28,1.8903627368478286e-14,2.160056827920094e-13
random,593,2.8652642376457085e-28,1.1216053297457493e-14,1.9572175333534079e-13
random,594,4.261838373826016e-28,2.120623073671977e-14,1.7506590458263134e-13
random,595,7.758941966844359e-28,1.8029062808802187e-14,1.4950021450111943e-13
random,596,1.2870489558036843e-27,1.5631014291159816e-14,1.2039593055137357e-13
random,597,1.8659557155470396e-27,2.1218102644153698e-14,9.242001890291899e-14
random,598,2.3144557365294935e-27,1.675256983880898e-14,6.827655727209308e-14
random,599,2.640332086842304e-27,1.7201557326755873e-14,5.020051020505772e-14
random,600,2.7649569431689117e-27,1.7169500818944806e-14,4.0830865206798514e-14
random,601,2.7482934121040844e-27,1.3934300009928497e-14,3.868834915181238e-14
random,602,2.6882219238016966e-27,1.727586446229616e-14,4.359682770746773e-14
random,603,2.54672823227819e-27,1.5803722218162666e-14,5.1120473075691965e-14
random,604,2.4055113931841888e-27,1.2577479091341246e-14,5.4818311558104596e-14
random,605,2.2852516570765346e-27,1.5085362279921228e-14,5.5763021665240645e-14
random,606,2.1754649835617125e-27,1.3246450495856763e-14,5.5442422851009015e-14
random,607,2.057214859054529e-27,1.3683925952643768e-14,5.512357820688037e-14
random,608,1.922034606629967e-27,1.4453748962227953e-14,5.6325077805854964e-14
random,609,1.7391014990133063e-27,1.3544260191749346e-14,5.5839355722085497e-14
random,610,1.5325204753884982e-27,1.544562953739301e-14,5.339725231447568e-14
random,611,1.2871005225779452e-27,1.4877449162554884e-14,5.29321106392535e-14
random,612,1.0098055625193085e-27,1.1183387489996479e-14,5.3007492767532495e-14
random,613,7.566610898878072e-28,1.0783958178109359e-14,5.3264370858396464e-14
random,614,5.2851908794258955e-28,8.454280499865247e-15,5.3067883143993353e-14
random,615,3.416045535001459e-28,6.306364506678428e-15,5.1169681391677264e-14
random,616,2.09826408174095e-28,6.074682672342129e-15,4.868928353908276e-14
random,617,1.2078301127354416e-28,3.600768540961468e-15,4.569664266138003e-14
random,618,8.219965299141942e-29,5.483286954057768e-15,4.239239601041295e-14
random,619,7.058923246992958e-29,6.111362451824498e-15,3.955293099519013e-14
random,620,7.124539680198231e-29,4.026241827314866e-15,3.651014487116071e-14
random,621,8.943113474660461e-29,5.890469751298609e-15,3.352776116310507e-14
random,622,9.944134822555171e-29,5.730261961212249e-15,3.115400510948926e-14
random,623,1.0705999004780735e-28,5.42325596420429e-15,2.964431586694772e-14
random,624,1.1465104292360964e-28,6.153513178536939e-15,2.8199536129533732e-14
random,625,1.1823996522672664e-28,4.3512864557297236e-15,2.6250375813799326e-14
random,626,1.2345331314143706e-28,4.552910915138198e-15,2.292740646420187e-14
random,627,1.3179543054730176e-28,4.568272498201005e-15,1.91171517072289e-14
random,628,1.3928368691232238e-28,2.9325611073953973e-15,1.5368356927655098e-14
random,629,1.515206124447214e-28,3.90044869050773e-15,1.147209922873734e-14
random,630,1.5945664752181205e-28,3.8389942215892705e-15,7.958820563228913e-15
random,631,1.619267971202345e-28,3.428039773223904e-15,5.246947528644492e-15
random,632,1.6101486929156715e-28,3.751509911143937e-15,6.710940037843348e-15
random,633,1.5020178376705362e-28,3.0409898136608398e-15,9.860366611645848e-15
random,634,1.371038712530163e-28,2.9481832952729746e-15,1.3083608763664644e-14
random,635,1.176334898872391e-28,2.9116330155581907e-15,1.536574931124394e-14
random,636,9.618787477049835e-29,2.4768317034378725e-15,1.6906959588540804e-14
random,637,7.60497734930021e-29,2.775684451729512e-15,1.83177760536603e-14
random,638,5.892575257847187e-29,2.5058567126674443e-15,1.9027195177213777e-14
random,639,4.511009412241003e-29,2.5803032181039246e-15,1.7924874425612752e-14
random,640,3.4000030200471994e-29,2.260300193616122e-15,1.7094442200980574e-14
random,641,2.5980024577806057e-29,2.063788791661778e-15,1.648049531925206e-14
random,642,1.996231202182231e-29,2.6396220396426075e-15,1.4525482220887486e-14
random,643,1.556401765957657e-29,1.9245590160912767e-15,1.3372865699836045e-14
random,644,1.2058102937062655e-29,1.9862360310037877e-15,1.2727704327434436e-14
random,645,9.132807944532882e-30,1.9618049881457315e-15,1.0904295150197678e-14
random,646,6.690150996066551e-30,1.5674365756918601e-15,9.715497199623283e-15
random,647,5.009728971340078e-30,1.3877288412936e-15,9.023644685744615e-15
random,648,3.956678625997747e-30,8.541076051808915e-16,8.029944842118354e-15
random,649,3.842615425041413e-30,1.1094386339730327e-15,6.8639393293997275e-15
random,650,4.539272434174886e-30,9.995573771324842e-16,5.822536229507702e-15
random,651,5.7471675470459505e-30,1.5347332528777567e-15,5.1239702817238175e-15
random,652,7.288681874533494e-30,1.390951705912295e-15,3.862078888862656e-15
random,653,8.793796126072119e-30,1.043815794083683e-15,2.8607036561838746e-15
random,654,9.973428217009301e-30,1.2705782409840647e-15,2.402122904212757e-15
random,655,1.0963163615429901e-29,1.1551168039292551e-15,1.6633601185499183e-15
random,656,1.0764600238163577e-29,1.1415430106370325e-15,1.3668432169107731e-15
random,657,1.0943182092256884e-29,1.2257568138997124e-15,1.6014457528298626e-15
random,658,1.0497281161882629e-29,1.3617243705719908e-15,2.0475763558409063e-15
random,659,9.373164001592409e-30,1.0018278225449311e-15,2.4578430043813883e-15
random,660,8.083946496819593e-30,1.011777468940516e-15,2.683973221326837e-15
random,661,7.135618592203319e-30,8.880588079967389e-16,3.1060484214343274e-15
random,662,5.8229047421089786e-30,7.429443936066768e-16,3.3035111220295676e-15
random,663,4.939673269612992e-30,7.926175135741822e-16,3.3223917469683125e-15
random,664,3.7586448794661295e-30,7.392387219020457e-16,3.7363060409004714e-15
random,665,3.0031507105316265e-30,5.284008702371588e-16,3.5804927874092035e-15
random,666,2.3875753520568563e-30,5.435724605807325e-16,3.579811949043916e-15
random,667,1.8906854264049494e-30,5.758513099024035e-16,3.757806666825963e-15
random,668,1.3541694921472752e-30,4.385459452071264e-16,3.7636575886324865e-15
random,669,1.03658364431782e-30,4.561698818796714e-16,3.588134511211223e-15
random,670,8.021498218372837e-31,5.847768507003606e-16,3.6371604220279334e-15
random,671,5.5409004500020775e-31,3.237470289997452e-16,3.347101184346231e-15
random,672,4.191305041472722e-31,3.878695050866885e-16,3.0376191933090045e-15
random,673,3.944304526105059e-31,5.638749870613937e-16,2.7531804976692625e-15
random,674,3.7772301034294663e-31,6.600478286892619e-16,2.5648014188332482e-15
random,675,3.0338211448959933e-31,3.807934348449523e-16,2.224131987814745e-15
random,676,3.488340611771381e-31,3.0237956651181394e-16,1.8159133072901273e-15
random,677,3.8846006978290547e-31,2.179480673258832e-16,1.5253892166628946e-15
random,678,5.381529747104034e-31,4.455183044428113e-16,1.1612286112669096e-15
random,679,6.912644052891886e-31,4.688542480031714e-16,9.481815080269529e-16
random,680,7.436496997765214e-31,4.0245661136806586e-16,7.504999995324448e-16
random,681,6.8818291737816905e-31,3.5642506909586853e-16,7.531017822962154e-16
random,682,6.835606855116397e-31,3.2185672419662343e-16,6.225506623429344e-16
random,683,8.541980785843488e-31,7.205068107524469e-16,1.0033902109800454e-15
random,684,6.557791460638538e-31,5.843016828639559e-16,7.993292557203605e-16
random,685,5.9491975982121716e-31,3.119663638971215e-16,9.730669982245208e-16
random,686,5.366122307548936e-31,5.678320279936852e-16,1.371379826217481e-15
random,687,6.440309734030917e-31,7.857556156758499e-16,1.0114196592035536e-15
random,688,3.422377511176118e-31,3.402077265144981e-16,1.0151200996652518e-15
random,689,3.4974887790072203e-31,5.589646895061063e-16,1.261662845651802e-15
random,690,3.4763035496189607e-31,8.148823196166557e-16,9.444609525041788e-16
random,691,2.107448841645733e-31,2.244980163009328e-16,9.529933574795294e-16
random,692,3.651563174558199e-31,8.354325583845847e-16,1.287389238227735e-15
random,693,2.117078491367669e-31,6.884693967415809e-16,9.70974178866854e-16
random,694,1.1805950559093756e-31,3.658331114688769e-16,9.219920641014589e-16
random,695,1.7030035533244133e-31,7.999019106979244e-16,1.1325127299623753e-15
random,696,9.706686919711669e-32,5.940957331383943e-16,7.327764362732427e-16
random,697,4.7618617874974406e-32,3.3193924350090964e-16,8.275121925319495e-16
random,698,1.789188918335742e-31,9.646367595562265e-16,1.1177059074232956e-15
random,699,4.4344536969516106e-32,3.9916302674541654e-16,7.022524021921581e-16
random,700,1.3640398831122598e-31,8.210928420950665e-16,9.031764102019126e-16
random,701,1.9071521274294603e-31,9.894402062348958e-16,9.998510318456469e-16
random,702,6.630013833553059e-32,4.239467809454311e-16,7.647592927593583e-16
random,703,2.164745257491253e-31,1.0018970027746109e-15,1.0143965177196712e-15
random,704,1.6548553047147324e-31,8.355002952751735e-16,4.462253714496021e-16
random,705,1.0496318196910435e-31,4.759085051831027e-16,9.688395670314715e-16
random,706,2.9278949979546953e-31,1.2100030591319268e-15,7.979803411896701e-16
random,707,1.2884471327950608e-31,7.219534841572263e-16,3.379462171739212e-16
random,708,1.1387060796189532e-31,5.97024838614327e-16,8.472059838591e-16
random,709,2.6948574746838398e-31,1.2345672615639011e-15,1.0020937631108463e-15
random,710,1.0347058626220425e-31,5.77998375514017e-16,3.1219239620488284e-16
random,711,1.0804466988012393e-31,6.417491144223153e-16,8.470567872235395e-16
random,712,1.9803374653161753e-31,9.834838814497266e-16,7.333347296996634e-16
random,713,5.512974465808463e-32,2.6751218349833743e-16,7.661431320586381e-16
random,714,2.8393022205128825e-31,1.2773153301119489e-15,1.1450121115155535e-15
random,715,2.535005289299699e-31,1.2955809912391992e-15,6.182336407263837e-16
random,716,4.1022307815448124e-32,2.2403891592879224e-16,7.257781181959549e-16
random,717,2.101671051812571e-31,1.1223840082029376e-15,9.268100087174606e-16
random,718,8.382610082945444e-32,5.899775278919742e-16,2.6615429879487767e-16
random,719,6.803347528547911e-32,5.370392625650323e-16,8.72426222681228e-16
random,720,1.0770763213985617e-31,7.279102051569926e-16,4.706442581492278e-16
random,721,2.0800043399382147e-32,2.4395230591350505e-16,6.68604826647686e-16
random,722,1.6798923939917665e-31,1.0068319183563025e-15,8.527573135506742e-16
random,723,1.6428182425623122e-31,1.0553777753133703e-15,6.053364734129081e-16
random,724,3.606303820865099e-32,3.117442495831243e-16,3.9597319555422667e-16
random,725,1.5238920684964004e-31,9.36567160767084e-16,1.0672032359104317e-15
random,726,1.1464097993965021e-31,7.64425048293906e-16,3.7785128581209866e-16
random,727,5.72001193483009e-32,4.134227032929367e-16,8.38838805876331e-16
random,728,1.542669885454176e-31,8.547004693159291e-16,6.41294211341089e-16
random,729,5.262603573038122e-32,5.40872742057659e-16,5.805598826390941e-16
random,730,9.321500930834222e-32,7.132969656845964e-16,7.946169720483923e-16
random,731,1.7256332301709633e-31,1.1071237567430923e-15,5.023993991577813e-16
random,732,2.1618563625746722e-32,3.011356822966842e-16,3.2903090584148397e-16
random,733,4.395935098063866e-32,5.221192557394983e-16,5.682060199014221e-16
random,734,1.8488927466117464e-32,2.5479207809979295e-16,2.4246445420395207e-16
random,735,7.188533517425358e-32,5.497679627266648e-16,6.632453817104173e-16
random,736,4.5307501941709723e-32,4.1466919093217227e-16,2.9262887785096924e-16
random,737,2.619264724366641e-32,3.3925268235546417e-16,6.393391561384974e-16
random,738,1.9264114268733327e-31,1.1264951356261987e-15,9.097892843120457e-16
random,739,1.249928533907316e-31,8.468658448160615e-16,5.586348300666964e-16
random,740,1.2518544638517033e-32,2.3540580651162333e-16,5.034524980010653e-16
random,741,1.380891770125648e-31,8.654643324683814e-16,8.55575748063917e-16
random,742,7.18371869256439e-32,6.986831252550196e-16,1.7721369911963456e-16
random,743,2.315930758125651e-32,3.734812313874442e-16,4.996124076268905e-16
random,744,9.783724117487158e-32,8.146606660084944e-16,6.328864670570349e-16
random,745,8.782240546405795e-32,6.033999455508482e-16,4.2833269934385006e-16
random,746,1.3096323621833204e-32,1.114799257974246e-16,2.988762925243661e-16
random,747,1.9259299443872359e-32,2.6460828714572724e-16,1.8866264279052863e-16
random,748,1.776670373697225e-32,2.557113661442269e-16,2.9612496986978545e-16
random,749,1.3144471870442885e-32,2.3215973101611005e-16,1.885669154391866e-16
random,750,1.1218541926055649e-32,1.632242285103066e-16,2.6963652460417555e-16
random,751,8.782240546405795e-32,7.94816464511352e-16,5.863365348801608e-16
random,752,9.706686919711669e-32,7.65965820466223e-16,6.526434565101699e-16
random,753,3.543711097672514e-32,4.50470580473066e-16,1.7629434045807887e-16
random,754,2.7733391199176196e-32,2.5899324992910473e-16,5.32105042213686e-16
random,755,6.77927340424307e-32,6.686551642391998e-16,4.0976210166889485e-16
random,756,1.617781153285278e-32,3.015116581031578e-16,2.206579171626067e-16
random,757,2.1570415377137042e-32,3.3217069051507426e-16,3.6455617293480534e-16
random,758,3.004450713244088e-32,3.4790076527420855e-16,2.1532942996980859e-16
random,759,1.5407439555097887e-32,1.7393087611837283e-16,4.510281037539698e-16
random,760,4.3140830754274083e-32,4.929124279690682e-16,4.677967399747455e-16
random,761,1.9259299443872359e-32,3.473097365937422e-16,1.3951318755036565e-16
random,762,2.0270412664675657e-32,3.1887824293392437e-16,4.968582370092965e-16
random,763,4.992973380823909e-32,4.780036310907533e-16,3.2121907908862785e-16
random,764,1.2566692887126714e-32,1.3695503516404066e-16,5.165399497333644e-16
random,765,8.421128681833189e-32,6.146382565746926e-16,5.664237412137742e-16
random,766,5.878901155242037e-32,5.006228798775446e-16,2.900465951933671e-16
random,767,1.1748172660762139e-32,1.369714564557648e-16,2.7889692653189907e-16
random,768,2.7155612215860026e-32,2.986973959135051e-16,3.1382677153344054e-16
random,769,1.0977800683007244e-32,1.2641218889793293e-16,3.8201746234425303e-16
random,770,3.5629703971163863e-32,3.7459681964350848e-16,3.7905990412260726e-16
random,771,2.8696356171369814e-32,3.841178346195385e-16,3.821592274109243e-16
random,772,2.946672814912471e-32,3.7788572444702354e-16,1.3247655120144353e-16
random,773,8.666684749742561e-33,9.7430590569979e-17,1.4505441958944427e-16
random,774,1.8681520460556188e-32,2.925088189307716e-16,1.1020615097076934e-16
random,775,3.0237100126879603e-32,3.0988991079960574e-16,3.549873288917329e-16
random,776,3.047784136992801e-32,3.928088610864447e-16,1.3882123939089715e-16
random,777,2.046300565911438e-32,2.678866672496635e-16,2.824138343317062e-16
random,778,1.0062983959423307e-32,1.7141420651105127e-16,8.18818882225982e-17
random,779,1.0448169948300755e-32,1.8552793467509803e-16,1.400299048285492e-16
random,780,1.0448169948300755e-32,1.8552793467509803e-16,2.0897478673031485e-16
random,781,8.522240003913519e-33,1.375578983948866e-16,1.035035521885795e-16
random,782,9.67779797054586e-33,1.249311372461568e-16,7.211110073938365e-17
random,783,1.507040181483012e-32,2.7112952675362765e-16,2.48689415414358e-16
random,784,2.0848191647991828e-32,3.347722905340425e-16,3.6132253749959986e-16
random,785,4.126304905849653e-32,3.878170748647395e-16,3.5822774823700076e-16
random,786,2.0848191647991828e-32,1.2404020376722868e-16,2.8014575712257335e-16
random,787,3.587044521421227e-32,3.592219264902958e-16,3.8915071494165194e-16
random,788,1.3144471870442885e-32,2.351854891836249e-16,1.1836866285219724e-16
random,789,1.0062983959423307e-32,1.744813811267055e-16,3.6083916265107585e-16
random,790,1.391484384819778e-32,2.5917404043858935e-16,1.52063132924451e-16
random,791,7.751868026158624e-33,1.587802487128583e-16,4.178919689433055e-16
random,792,9.403352953470679e-32,7.867223104433714e-16,7.762029837066394e-16
random,793,2.1666711874356403e-31,1.2337547139742541e-15,8.990153159008226e-16
random,794,1.2191136547971203e-31,7.996092265660815e-16,6.055154111686341e-16
random,795,4.41037957264677e-32,4.0754543914949087e-16,3.8239538573000705e-16
random,796,1.249928533907316e-31,8.153831698065675e-16,1.1028148918817857e-15
random,797,1.9817819127744657e-31,1.0368954624613164e-15,7.553361317323657e-16
random,798,5.565937539279112e-32,5.554626092996817e-16,3.579083897117474e-16
random,799,1.0573355394685925e-31,7.66764491060584e-16,9.76715560829129e-16
random,800,2.351560462096815e-31,1.2089257095130585e-15,9.576553479164082e-16
random,801,7.954090670319284e-32,6.037129447666067e-16,2.3866163936680834e-16
random,802,3.7940819904428546e-32,4.198465442929218e-16,8.556882923527526e-16
random,803,1.6967442810051548e-31,1.0131861982406028e-15,8.947743374415286e-16
random,804,1.534966165676627e-31,9.920130037385043e-16,4.2163416717468983e-16
random,805,7.751868026158624e-33,1.2681793430160365e-16,3.3716170447940345e-16
random,806,9.013352139732264e-32,7.886389866367347e-16,8.025229033898311e-16
random,807,1.625484873062827e-31,9.976553549964286e-16,8.043207726907375e-16
random,808,5.777789833161708e-32,5.820663907607231e-16,1.3951318755036565e-16
random,809,3.389636702121535e-32,4.642488043157572e-16,6.484525365595355e-16
random,810,1.4218177814438769e-31,9.838971008008023e-16,7.856133430659096e-16
random,811,4.935195482492292e-32,4.777182604154425e-16,2.127990315236535e-16
random,812,3.7796375158599504e-32,4.366231103620805e-16,8.623861577549141e-16
random,813,1.5219661385520131e-31,8.5280823460741e-16,7.331377335071632e-16
random,814,3.394451526982503e-32,4.629462639284787e-16,1.5422462453571532e-16
random,815,4.3188979002883764e-32,4.504480894671712e-16,6.838419880509866e-16
random,816,1.5027068391081408e-31,1.032115314669816e-15,6.829172520119268e-16
random,817,5.590011663583952e-32,5.952932368837622e-16,2.7161582047477197e-16
random,818,2.9322283403295666e-32,3.931315629831805e-16,5.489625561438528e-16
random,819,1.0289280727888808e-31,7.591371692648407e-16,8.092145686737311e-16
random,820,9.634464546797147e-32,6.639924731237219e-16,4.346235340589952e-16
random,821,3.4714887247579926e-32,3.687812549116395e-16,3.508261114975577e-16
random,822,2.465190328815662e-32,3.0263780905728526e-16,4.388678975510467e-16
random,823,5.546678239835239e-32,5.871780103075158e-16,2.8840266897728904e-16
random,824,1.6948183510607676e-32,1.962593413143101e-16,4.0591046641140956e-16
random,825,1.3717436028898087e-31,9.57657707137561e-16,1.0409728542135373e-15
random,826,1.6351145227847632e-31,9.003179576512136e-16,7.147481758010066e-16
random,827,1.560003254953661e-32,1.788175172473806e-16,5.024952266154565e-16
random,828,1.6042996436745675e-31,9.424652023061802e-16,1.1442759924144031e-15
random,829,2.303893695973231e-31,1.2357197777651903e-15,7.570552670217258e-16
random,830,1.3096323621833204e-32,2.1993641921567907e-16,4.3635106179197395e-16
random,831,2.621672136797125e-31,1.316230383746721e-15,1.4303928528491509e-15
random,832,5.811012124702387e-31,1.8395273155116037e-15,1.81270219932283e-15
random,833,3.3048957845684967e-31,1.3596256740213709e-15,8.752500839784752e-16
random,834,6.514458036889825e-32,6.064634003305689e-16,6.171521049359555e-16
random,835,1.7737814787806442e-31,1.0119432090760956e-15,1.180922482550379e-15
random,836,3.9308230164943484e-31,1.652200140117029e-15,1.1511717002890574e-15
random,837,9.98113193678685e-32,7.384159897077388e-16,3.107431617698369e-16
random,838,7.626682579773454e-32,6.229046937662712e-16,1.1451119769254892e-15
random,839,3.5745259767827097e-31,1.4217463463997145e-15,1.3082575550672272e-15
random,840,2.2186712959340957e-31,1.2675635957924307e-15,4.862179559349215e-16
random,841,2.6625981481153536e-32,3.467822513165445e-16,8.550620767745488e-16
random,842,5.995419916877465e-31,2.078168772438312e-15,1.89205773417212e-15
random,843,7.528460152609705e-31,2.13539147090826e-15,1.7110143182558642e-15
random,844,1.7352628798928995e-31,1.044471434250685e-15,2.6370079266951707e-16
random,845,9.210759959031955e-32,6.7102499690816765e-16,1.2353033960322335e-15
random,846,3.6284520152255523e-31,1.6000051550749099e-15,9.859885013225152e-16
random,847,8.363350783501572e-32,7.296701027092826e-16,1.5352057742999404e-16
random,848,9.80298341693103e-32,8.11688777973213e-16,8.736395349116599e-16
random,849,2.1358563083254446e-31,1.1409907883967115e-15,1.1232331158062308e-15
random,850,9.263723032502604e-32,6.841956026331129e-16,1.575067779371354e-16
random,851,6.952607099237921e-32,5.603362323155723e-16,1.1310663122122302e-15
random,852,2.0434116709948572e-31,1.0877747623952496e-15,8.182747822648132e-16
random,853,7.029644297013411e-32,6.850177938633715e-16,2.2087601251326312e-16
random,854,6.899644025767272e-32,7.083551028785503e-16,8.50969834418119e-16
random,855,2.9120060759135006e-31,1.3758545286288906e-15,1.3329450836662924e-15
random,856,2.0800043399382147e-31,1.02097025255674e-15,6.793386216930342e-16
random,857,2.893709741441822e-32,3.2960803203728314e-16,3.482778708300868e-16
random,858,4.1022307815448124e-32,4.276566439339514e-16,5.642946412824816e-16
random,859,1.3967806921668428e-31,9.697716034692545e-16,8.106190368481485e-16
random,860,1.6124848459382132e-31,8.84402127680698e-16,8.319803237306307e-16
random,861,3.717044792667365e-32,3.785830986207154e-16,3.229009637090976e-16
random,862,8.401869382389316e-32,5.936683192984962e-16,9.237072661899737e-16
random,863,1.6914479736580899e-31,1.0149229109300832e-15,8.607585315323745e-16
random,864,9.494834625829073e-32,7.81034116109759e-16,2.7997383580713486e-16
random,865,5.49371516636459e-32,5.784295064785355e-16,9.218092690604716e-16
random,866,3.365081095330598e-31,1.4698232511389176e-15,1.46101620205771e-15
random,867,3.1686362410031e-31,1.3570767881343828e-15,1.057612405616372e-15
random,868,7.072977720762124e-32,6.257467891833817e-16,2.2079425200240588e-16
random,869,5.955938353017527e-32,5.192878568866488e-16,9.238896857051836e-16
random,870,3.0915990432276104e-31,1.3939369482185242e-15,1.393599581293795e-15
random,871,4.536046501518037e-31,1.6240338802382255e-15,1.439030237505024e-15
random,872,2.9582283945787943e-31,1.3690362121430773e-15,1.002430040225348e-15
random,873,1.2446322265602512e-31,8.750317379576833e-16,3.1994245817675024e-16
random,874,3.0863027358805455e-32,3.006405968187552e-16,6.22395962542486e-16
random,875,1.7025220708383165e-31,1.047849210932435e-15,1.0509962157301016e-15
random,876,1.6471515849371835e-31,9.794220190441989e-16,7.28030190141535e-16
random,877,8.647425450298689e-32,5.062340978728524e-16,4.022314661866725e-16
random,878,1.2118914175056682e-31,7.866155181469106e-16,1.2402484317497766e-15
random,879,3.13541394946242e-31,1.3577347095275327e-15,1.2379898782126229e-15
random,880,2.843154080401657e-31,1.3945052947299714e-15,8.921337268482667e-16
random,881,1.078520768856852e-31,7.170852865157618e-16,6.231883930928802e-16
random,882,3.5292666230896097e-32,3.744562407257698e-16,3.6613762602538414e-16
random,883,3.717044792667365e-32,3.630632152882154e-16,5.738972857703042e-16
random,884,8.185202263645752e-32,5.395407130523406e-16,3.054886951553429e-16
random,885,4.569268793058717e-32,3.591915653632356e-16,6.703847794533834e-16
random,886,6.784088229104038e-32,5.484017186331395e-16,5.859977039922973e-16
random,887,1.0034095010257499e-31,7.646939166230748e-16,4.728131959820374e-16
random,888,4.718528363748728e-32,4.54836372985662e-16,4.447527879066319e-16
random,889,2.6625981481153536e-32,3.340702318889003e-16,4.505073861236433e-16
random,890,5.878901155242037e-32,4.765864838544348e-16,5.743375760168612e-16
random,891,6.028160725932048e-32,4.451455614629638e-16,2.550692473306637e-16
random,892,2.79741324422246e-32,2.8092693934762975e-16,5.408888939649007e-16
random,893,3.0863027358805455e-32,3.6472860278515016e-16,3.4841609005204965e-16
random,894,4.949639957075196e-32,4.336563366512659e-16,2.423651445728339e-16
random,895,2.946672814912471e-32,2.8597737578921756e-16,2.8033904257729004e-16
random,896,1.7381517748094804e-32,2.0356947359194533e-16,4.729277448555119e-16
random,897,1.6033366787023738e-32,2.233360329215108e-16,2.669445784096911e-16
random,898,5.72001193483009e-32,4.087938790822699e-16,2.5544649915054627e-16
random,899,3.490748024201865e-32,3.365359503866567e-16,6.163616783938913e-16
random,900,4.627046691390334e-32,4.1599007463040113e-16,4.2977752236347624e-16
random,901,1.4059288594026822e-32,2.285151953599101e-16,3.821592274109243e-16
random,902,7.722979076992816e-32,6.302579572178478e-16,6.486752513100479e-16
random,903,1.2215210672276043e-31,8.93475923925892e-16,5.436414140114546e-16
random,904,2.0029671421627253e-32,2.4533566961987164e-16,2.459639696745522e-16
random,905,7.496682308527316e-32,5.520070756943538e-16,3.4475201477728496e-16
random,906,6.803347528547911e-32,5.390901685403344e-16,7.00836871981995e-16
random,907,9.557427349021658e-32,7.04004329056315e-16,8.462392915918856e-16
random,908,1.3577806107930013e-31,8.872318887059727e-16,5.273673492279071e-16
random,909,4.41037957264677e-32,4.32261709087547e-16,3.321259363024498e-16
random,910,8.363350783501572e-32,7.251113674650099e-16,9.387082266966252e-16
random,911,1.9437447963728178e-31,1.0965493114174282e-15,1.0783451915654855e-15
random,912,1.927855874331623e-31,9.707066198804284e-16,7.694354195802506e-16
random,913,8.5703882525232e-32,6.94887161509325e-16,4.0432083929970646e-16
random,914,1.232595164407831e-32,1.975270017810852e-16,2.9776668687871614e-16
random,915,3.485933199340897e-32,3.189438117584918e-16,3.7194348403724674e-16
random,916,5.642974737054601e-32,4.421433145122176e-16,5.307460112812324e-16
random,917,3.432970125870248e-32,3.967971704710483e-16,4.1087686316911745e-16
random,918,2.2966714586817788e-32,2.82600340806652e-16,4.1309736156850666e-16
random,919,3.2548216060144286e-32,3.2598743209146986e-16,5.063491126155459e-17
random,920,3.2548216060144286e-32,3.2852581277888e-16,3.7535824553895004e-16
random,921,1.718892475365608e-32,2.319856012146738e-16,2.823925224926892e-16
random,922,3.774822690998982e-32,3.445127478967825e-16,2.1572037984682065e-16
random,923,3.158525108795067e-32,2.798227543985845e-16,3.5197364059359467e-16
random,924,4.030008408630291e-32,4.4214264857098156e-16,4.143774747790648e-16
random,925,5.951123528156559e-32,4.697088544817268e-16,6.039728210185412e-16
random,926,3.177784408238939e-32,3.461286754905537e-16,1.397287186344511e-16
random,927,2.638524023810513e-32,3.1105416473299083e-16,6.93099641783877e-16
random,928,1.4579289679011375e-31,9.868264852607033e-16,9.046678561037503e-16
random,929,1.5888922041194696e-31,1.032229468521869e-15,7.255127089604868e-16
random,930,2.9900062386611837e-32,3.9725397999666176e-16,2.3929125487376885e-16
random,931,4.877417584160675e-32,5.399808147302137e-16,7.581912537171163e-16
random,932,1.4425215283460397e-31,9.631492946259717e-16,8.873241997093322e-16
random,933,6.490383912584985e-32,6.082101481774366e-16,2.8283973388649766e-16
random,934,2.0222264416065976e-32,2.8575958310507555e-16,6.084998511672771e-16
random,935,1.6197070832296654e-31,9.889642861537221e-16,1.0087741429218724e-15
random,936,1.7126332030463495e-31,9.91960198383883e-16,8.465023980672328e-16
random,937,2.1811156620185446e-32,3.429267497620338e-16,4.540736037349078e-16
random,938,1.1247430875221457e-31,7.503808489566975e-16,1.1115016469064732e-15
random,939,4.067564042545842e-31,1.6901947869815498e-15,1.5117396006781406e-15
random,940,4.416638844966029e-31,1.7182127598146777e-15,1.3719283000672233e-15
random,941,1.381373252611745e-31,8.490106442069041e-16,2.6865260963912425e-16
random,942,5.878901155242037e-32,4.766417808432907e-16,1.0826787088176189e-15
random,943,4.304934908191569e-31,1.61815034462244e-15,1.8701735118212916e-15
random,944,6.825495722908364e-31,2.084342967635454e-15,1.879428587231611e-15
random,945,4.329490514982506e-31,1.6027616768378808e-15,1.1917840659537623e-15
random,946,5.007417855406813e-32,4.574671939177016e-16,3.3689383941409534e-16
random,947,1.3943732797363588e-31,8.736810759898289e-16,1.3336267065619057e-15
random,948,5.691604468150379e-31,1.856768028512821e-15,2.1464776017399126e-15
random,949,8.753833079726084e-31,2.343842995241332e-15,2.1275377439180957e-15
random,950,5.8687900230340045e-31,1.963824292760628e-15,1.37250286544958e-15
random,951,1.7410406697260612e-31,1.0066428941222226e-15,6.373969891429418e-16
random,952,3.4666738998970245e-32,3.9902512940556425e-16,6.288892995926003e-16
random,953,2.3327826451390394e-31,1.2200641610497141e-15,1.4689861276577224e-15
random,954,5.371900097382098e-31,1.813024538965091e-15,1.917524756134596e-15
random,955,6.527458064014439e-31,2.0437883856257082e-15,1.780127216836438e-15
random,956,4.459009303742548e-31,1.718899126792207e-15,1.2325133998044747e-15
random,957,9.037426264037104e-32,7.315405568252112e-16,1.2533302082415627e-16
random,958,7.227052116313103e-32,6.136754684910106e-16,1.1791679949916031e-15
random,959,4.6361948586261735e-31,1.7079316903921232e-15,1.9233194530053683e-15
random,960,8.6305735632853e-31,2.3854224654465303e-15,2.3029811500207265e-15
random,961,9.208352546601471e-31,2.4559458568284403e-15,2.064215975684977e-15
random,962,6.426828224420206e-31,1.939172207804735e-15,1.6051882912053553e-15
random,963,1.8739298358887805e-31,9.935969491354638e-16,3.8201746234425303e-16
random,964,5.411863143728133e-32,4.730156902081855e-16,1.2461449811957789e-15
random,965,5.332900016008256e-31,1.8756419780161145e-15,1.9920336579680606e-15
random,966,1.1554135218865125e-30,2.7920027832152526e-15,2.7079939146090415e-15
random,967,1.274387844201034e-30,2.7744253249179317e-15,2.59624304581174e-15
random,968,8.491425124803323e-31,2.1832178526936724e-15,1.7295288752105838e-15
random,969,1.80459635789084e-31,1.103883995011383e-15,2.701048568719544e-16
random,970,8.5703882525232e-32,6.456432485388834e-16,1.2600207882085797e-15
random,971,6.188012911316189e-31,2.033526278997477e-15,1.9418801736300037e-15
random,972,6.8351253726303e-31,2.077895906557468e-15,1.949613106264508e-15
random,973,3.8773784605376026e-31,1.462342364911916e-15,1.0918399719689885e-15
random,974,5.378159369701356e-32,5.185019794656593e-16,5.646571546463454e-16
random,975,1.7352628798928995e-31,9.480079675451571e-16,1.3019351052105136e-15
random,976,4.909195428243064e-31,1.8533992063099073e-15,1.615466301456618e-15
random,977,4.585639197586009e-31,1.659975631254521e-15,1.4968402055005374e-15
random,978,3.0107099855633464e-31,1.2542665245153694e-15,1.1133627712727936e-15
random,979,1.1849283982842469e-31,8.686966202357693e-16,4.710405148769711e-16
random,980,4.2226014030690146e-32,3.586162662066375e-16,4.988408422302481e-16
random,981,6.798532703686943e-32,6.2442923253686575e-16,5.384800740878448e-16
random,982,1.3832991825561322e-31,7.773359590660961e-16,1.0228751044729353e-15
random,983,1.2884471327950608e-31,7.640009671512468e-16,7.287903453501167e-16
random,984,1.038557722510817e-31,8.37800121913861e-16,5.075481919226441e-16
random,985,7.934831370875412e-32,6.203437710281127e-16,5.951391046091369e-16
random,986,4.0059342843254506e-32,3.9098340785723396e-16,3.771657467444548e-16
random,987,2.0655598653553105e-32,3.0500238746841094e-16,5.736770139279779e-16
random,988,4.030008408630291e-32,4.659963600133944e-16,4.506142490525314e-16
random,989,1.0809281812873361e-31,8.602195482168707e-16,4.952567167438185e-16
random,990,4.08297148210094e-32,4.285240109700022e-16,6.106325198476751e-16
random,991,5.281862872481994e-32,4.876657774603674e-16,9.060505718750247e-17
random,992,4.5451946687538766e-32,4.3531931389202614e-16,5.995320783189339e-16
random,993,5.262603573038122e-32,4.423616690093907e-16,5.341709074099051e-16
random,994,1.8975224777075241e-31,1.169096289315543e-15,9.310408121260796e-16
random,995,2.588449845256445e-31,1.2865603514847994e-15,1.5330912539518727e-15
random,996,3.4825628219382192e-31,1.3315854299778715e-15,1.2969236357359643e-15
random,997,1.887892827985588e-31,1.1655885284697177e-15,5.766174908673439e-16
random,998,6.471124613141112e-32,5.838396744863847e-16,3.251114312976429e-16
random,999,8.26705428628221e-32,7.212556855050455e-16,5.36015518913509e-16
random,1000,1.177224678506698e-31,8.006632961252048e-16,9.628387278215124e-16
random,1001,1.7410406697260612e-31,9.482861186371836e-16,1.0111101818256538e-15
random,1002,9.90409473901136e-32,8.064475308740772e-16,5.582360630271097e-16
random,1003,2.946672814912471e-32,3.6931324699160793e-16,2.4873781269328544e-16
random,1004,2.484449628259534e-32,3.4322072246891223e-16,3.476552042936384e-16
random,1005,5.79704913260558e-32,5.602097743283885e-16,7.287490529426301e-16
random,1006,1.7030035533244133e-31,9.720744544533403e-16,1.219632743742818e-15
random,1007,3.1893399879052626e-31,1.3496300619299727e-15,1.3962444313520733e-15
random,1008,2.311115933264683e-31,1.190393661240541e-15,9.401433065177162e-16
random,1009,3.0863027358805455e-32,4.006588485846604e-16,2.5231730365583443e-16
random,1010,5.565937539279112e-32,5.525505217740282e-16,9.61756728097381e-16
random,1011,3.2066733574047477e-31,1.3800231571906718e-15,1.7498330343092001e-15
random,1012,6.665643537524223e-31,2.03193122997931e-15,2.1923775423231555e-15
random,1013,7.380645029377985e-31,2.1298555938116377e-15,2.0073711573115588e-15
random,1014,3.6207482954480034e-31,1.4952335130489845e-15,9.413652403085515e-16
random,1015,5.724826759691059e-32,5.892219627034592e-16,1.545754455680272e-16
random,1016,4.0059342843254506e-32,5.092965711112748e-16,8.57178109173282e-16
random,1017,3.0049321957301847e-31,1.3718661339695554e-15,1.6371599278871358e-15
random,1018,5.4855299641009445e-31,1.827462869397968e-15,1.958969080648645e-15
random,1019,5.015603057670459e-31,1.7989707124411955e-15,1.4116556770401291e-15
random,1020,1.8103741477240017e-31,1.0516088931726958e-15,6.625644547504534e-16
random,1021,2.1040784642430552e-32,2.934610160258546e-16,4.980680815904874e-16
random,1022,1.6124848459382132e-31,9.992207216444103e-16,1.3309523851967516e-15
random,1023,3.1108583426714827e-31,1.4192122924554055e-15,1.3196720006404283e-15
random,1024,3.004450713244088e-31,1.4289114388922252e-15,1.2331578053524636e-15
random,1025,1.8874113454994911e-31,1.0695345213608713e-15,9.223575455031547e-16
random,1026,9.629649721936179e-32,7.32864885786768e-16,5.4302109677970905e-16
random,1027,3.235562306570556e-32,4.564418179944363e-16,1.5285266644009733e-16
random,1028,1.232595164407831e-32,2.4969253812176006e-16,5.5633531177265855e-16
random,1029,1.8488927466117464e-31,1.1347767222928996e-15,1.2350500204513351e-15
random,1030,3.6963410457652024e-31,1.4346736762950014e-15,1.7338801954004832e-15
random,1031,5.0521957266138165e-31,1.5352343932234354e-15,1.6104251923557344e-15
random,1032,3.2071548398908445e-31,1.3674890257909765e-15,1.2513021100687546e-15
random,1033,3.0891916307971263e-31,1.4703129674246368e-15,1.1605027785074609e-15
random,1034,2.213374988587031e-31,1.1174736430412869e-15,1.1753388451252493e-15
random,1035,1.096335620842434e-31,7.1144542104061195e-16,3.9417559318587983e-16
random,1036,1.872966870916587e-32,2.7138963077186147e-16,4.874665567512582e-16
random,1037,8.26705428628221e-32,6.302978136127589e-16,9.5757992911666e-16
random,1038,3.488340611771381e-31,1.5067840442119304e-15,1.7412925788069612e-15
random,1039,9.277686024599412e-31,2.4624550472062573e-15,2.800720587823731e-15
random,1040,1.6199478244727138e-30,3.229516357333857e-15,3.2998599209484265e-15
random,1041,1.879900218716381e-30,3.519785177034004e-15,3.239915501629901e-15
random,1042,1.4712660327660191e-30,3.102846382768572e-15,2.5992086088809643e-15
random,1043,7.17457052532855e-31,2.1390639629268686e-15,1.5428744110668164e-15
random,1044,1.8667075985973284e-31,1.0246896795888127e-15,6.465284373520971e-16
random,1045,1.8344482720288422e-32,2.386666775542081e-16,1.1385919347227337e-16
random,1046,3.4666738998970245e-32,3.6521900433428095e-16,6.769601393486494e-16
random,1047,1.224891444630282e-31,8.686826124889099e-16,9.62888733078837e-16
random,1048,3.0338211448959933e-31,1.4225117239494617e-15,1.5584808228655423e-15
random,1049,6.942977449515985e-31,2.019070167053792e-15,2.5978397734942847e-15
random,1050,1.514599456514732e-30,2.922261592121145e-15,3.449063051357929e-15
random,1051,2.25121951199424e-30,3.670766261986868e-15,3.9765432169963915e-15
random,1052,2.7966428722447052e-30,4.273748695007644e-15,4.0457098772255194e-15
random,1053,2.982880297866951e-30,4.414066144802552e-15,4.214519877946115e-15
random,1054,2.7978465784599472e-30,4.081418445164588e-15,4.105623963953624e-15
random,1055,2.1880971580669483e-30,3.67206202977965e-15,3.2440015461616552e-15
random,1056,1.5008772056609729e-30,3.2468163853933083e-15,2.265315071658232e-15
random,1057,6.388791108018558e-31,2.028899199025314e-15,1.7402415286717708e-15
random,1058,3.666970614113297e-31,1.2822065315011224e-15,1.231673213968449e-15
random,1059,2.034263503759018e-31,1.028370820332317e-15,8.725434912246075e-16
random,1060,2.0877080597157637e-31,1.1642190389599186e-15,9.539969770823913e-16
random,1061,1.4044844119443917e-31,8.303607644517931e-16,1.1585875120116277e-15
random,1062,2.089633989660151e-31,9.421782927231437e-16,8.714046297921978e-16
random,1063,1.0419280999134946e-31,7.655210845746464e-16,7.588656847532957e-16
random,1064,7.997424094067997e-32,7.138829867420494e-16,4.2476290398600815e-16
random,1065,1.1632616864098905e-31,7.354321699756969e-16,5.938432536279715e-16
random,1066,6.548161810916602e-32,6.052035169816769e-16,2.478166481527179e-16
random,1067,8.690758874047402e-32,6.312382376987906e-16,7.559016492330438e-16
random,1068,9.032611439176136e-32,5.900148601955542e-16,6.190897317798223e-16
random,1069,1.3423731712379034e-31,9.482108369238116e-16,6.217380589627943e-16
random,1070,8.011868568650901e-32,6.808451835787575e-16,8.192083533411294e-16
random,1071,7.626682579773454e-32,5.702810605414761e-16,2.8196594744177104e-16
random,1072,5.084455053182303e-32,4.457829590357332e-16,9.102985200662258e-16
random,1073,2.1787082495880606e-31,9.892042689238007e-16,1.4212753636198387e-15
random,1074,5.309788856675609e-31,1.934693099436997e-15,1.890950441394881e-15
random,1075,9.80153896947274e-31,2.5514023736787956e-15,2.7521725540187523e-15
random,1076,1.4683289896008286e-30,2.947109905252928e-15,3.4123787781506918e-15
random,1077,2.0647894933775556e-30,3.4652356605540398e-15,3.897585106114471e-15
random,1078,2.7460390629559306e-30,4.181362437300278e-15,4.377567731417781e-15
random,1079,3.707848477182916e-30,4.9497447150187415e-15,4.9995163955683935e-15
random,1080,4.2838941235491384e-30,5.153676166462823e-15,5.4242725491034844e-15
random,1081,4.52054276546572e-30,5.23409733119491e-15,5.391250413014884e-15
random,1082,4.678469020905473e-30,5.5009060468516e-15,5.327752371912996e-15
random,1083,4.4059499337746795e-30,5.348043972053816e-15,5.155476761877787e-15
random,1084,3.919074843833586e-30,4.8256895381769525e-15,5.0445949572210924e-15
random,1085,3.585937111703204e-30,4.7194441631403914e-15,4.600765304527855e-15
random,1086,3.465951676167879e-30,4.8202292533550996e-15,4.571351519334856e-15
random,1087,3.325695827967879e-30,4.6441392878607574e-15,4.488887865109171e-15
random,1088,3.1649288258601544e-30,4.456605424723741e-15,4.436516542396685e-15
random,1089,2.7656835483886804e-30,4.134984483840857e-15,4.041591500845227e-15
random,1090,2.097771043675187e-30,3.66588657468353e-15,3.220925128465751e-15
random,1091,1.4338548435962971e-30,3.0948304625747364e-15,2.6965460393058674e-15
random,1092,1.0650874074947511e-30,2.542452724996581e-15,2.4984450842975698e-15
random,1093,7.765349535769335e-31,2.1656065616839324e-15,2.0511034699994497e-15
random,1094,4.821084133287348e-31,1.8246243543383406e-15,1.250681490086447e-15
random,1095,2.182560109476835e-31,1.1653451262245716e-15,9.26758056755721e-16
random,1096,1.9500040686920763e-32,2.9867368000035485e-16,5.68745963697316e-16
random,1097,1.724188782712673e-31,1.068667390006155e-15,1.3940270665002638e-15
random,1098,5.048343866725042e-31,1.7333828329002119e-15,2.2261984221324966e-15
random,1099,1.0294577035235872e-30,2.507086365137677e-15,2.894088622955172e-15
random,1100,2.0807747119159696e-30,3.74999148606212e-15,4.062187558878816e-15
random,1101,3.8447820962288486e-30,5.0135451225939195e-15,5.723743176371182e-15
random,1102,6.780043776220825e-30,6.433516842140044e-15,7.638017998634731e-15
random,1103,1.0680629692588294e-29,8.133223187377876e-15,9.133394057897538e-15
random,1104,1.461766383315329e-29,9.67468415297819e-15,1.0205945376924116e-14
random,1105,1.972248559549749e-29,1.1226189992459201e-14,1.2341268063640858e-14
random,1106,2.7745380113080007e-29,1.319018714716066e-14,1.4670198595256066e-14
random,1107,3.9603908559655534e-29,1.5821814688193145e-14,1.7512859590670378e-14
random,1108,5.810241752724632e-29,1.925645284633571e-14,2.128809252918272e-14
random,1109,8.632003566269008e-29,2.3370961294748994e-14,2.626448980096126e-14
random,1110,1.288522725545378e-28,2.8582735971511e-14,3.195501319887577e-14
random,1111,1.9589293095368528e-28,3.537565389120303e-14,3.9477757508682325e-14
random,1112,3.055071855902362e-28,4.4148736551475954e-14,4.9793450559524025e-14
random,1113,4.93753211699732e-28,5.6019513127425936e-14,6.387612379479439e-14
random,1114,8.212125319820828e-28,7.218081498755204e-14,8.28922244295761e-14
random,1115,1.383084682108576e-27,9.376727975733198e-14,1.0760552745204543e-13
random,1116,2.3567103987681064e-27,1.2246659104264816e-13,1.4108014454715278e-13
random,1117,4.0596974372432466e-27,1.6058894425338946e-13,1.8592627621635404e-13
random,1118,7.060016404829392e-27,2.116135071981023e-13,2.459053413641376e-13
random,1119,1.2382454047156007e-26,2.8035821615331154e-13,3.2608938525251915e-13
random,1120,2.192680351333505e-26,3.732104989284793e-13,4.352758350101008e-13
random,1121,3.9223362136014116e-26,4.990620859620703e-13,5.837425544442184e-13
random,1122,7.077466317164637e-26,6.70321426434015e-13,7.861573779421752e-13
random,1123,1.288327958176032e-25,9.044746732268062e-13,1.0631604943621102e-12
random,1124,2.3666806453488476e-25,1.2260034769086674e-12,1.4446451942274657e-12
random,1125,4.386310449981995e-25,1.668980680634787e-12,1.9717094231524032e-12
random,1126,8.199250156993781e-25,2.2817058006119218e-12,2.7024056877794444e-12
random,1127,1.5455849352697735e-24,3.132678528546491e-12,3.7191559220072066e-12
random,1128,2.9373961896900848e-24,4.318823663054216e-12,5.138770206824211e-12
random,1129,5.627600905939998e-24,5.978054535941653e-12,7.129422577188291e-12
random,1130,1.0868132550528647e-23,8.307402285323499e-12,9.930638050113327e-12
random,1131,2.1154808624375425e-23,1.1590066277321821e-11,1.3886622589348043e-11
random,1132,4.150017712292454e-23,1.623347348608034e-11,1.949335502726955e-11
random,1133,8.204543586775212e-23,2.2825219037123756e-11,2.7470550003704736e-11
random,1134,1.6345087882277473e-22,3.221649771796598e-11,3.885983241911929e-11
random,1135,3.281027653462647e-22,4.5644667651312433e-11,5.5177976994690585e-11
random,1136,6.635838155026569e-22,6.491345087254286e-11,7.864269529213642e-11
random,1137,1.3521212554665722e-21,9.26603756829255e-11,1.1250224551025575e-10
random,1138,2.775481010692984e-21,1.327562005546129e-10,1.6153177407356695e-10
random,1139,5.738942931544517e-21,1.9089822501176766e-10,2.3277194825919276e-10
random,1140,1.1952686132608565e-20,2.7549835694767476e-10,3.3664117265236604e-10
random,1141,2.5073292193902015e-20,3.990173977496353e-10,4.885999917280398e-10
random,1142,5.2971469884866393e-20,5.799720479801395e-10,7.116642668786749e-10
random,1143,1.1270169947022548e-19,8.459630233804588e-10,1.0402056348701578e-09
random,1144,2.4146300519622407e-19,1.2382589213894698e-09,1.5257131758306193e-09
random,1145,5.209270204833336e-19,1.8187565950385787e-09,2.2455539320007538e-09
random,1146,1.1315775624425802e-18,2.680577052299588e-09,3.3163363613355522e-09
random,1147,2.4748475770813486e-18,3.964243914414529e-09,4.914349912710102e-09
random,1148,5.44935925797229e-18,5.882458392983024e-09,7.306918604798525e-09
random,1149,1.2079586983405394e-17,8.758146016302267e-09,1.090063190702114e-08
random,1150,2.6955397499181823e-17,1.3083050268499571e-08,1.6315751912946237e-08
random,1151,6.05486206087037e-17,1.9608224336095627e-08,2.4501324545176848e-08
random,1152,1.369007893610345e-16,2.9484184267423062e-08,3.6913768339638064e-08
random,1153,3.115513563206996e-16,4.4478585012881784e-08,5.5794711710995176e-08
random,1154,7.135996003048747e-16,6.731524632388995e-08,8.460447196848738e-08
random,1155,1.6449796617830491e-15,1.0220364955874419e-07,1.2870016987450107e-07
random,1156,3.816168857057937e-15,1.5566821088184257e-07,1.963996542555752e-07
random,1157,8.90915121165654e-15,2.3785062796601027e-07,3.0065493768213e-07
random,1158,2.092992641889323e-14,3.645608235822892e-07,4.6169247415755064e-07
random,1159,4.947696959256659e-14,5.605155670941225e-07,7.111881076370468e-07
random,1160,1.1768582215843238e-13,8.64466616284049e-07,1.0988917536100185e-06
random,1161,2.8165214156805087e-13,1.337342514994048e-06,1.703155716770773e-06
random,1162,6.781910920872919e-13,2.0752107676984005e-06,2.647740507836767e-06
random,1163,1.64294965135589e-12,3.229968025606661e-06,4.128645023929853e-06
random,1164,4.004167626573541e-12,5.042458581790199e-06,6.457218606589384e-06
random,1165,9.817482418193218e-12,7.895617407729375e-06,1.012922368044613e-05
random,1166,2.421422619534748e-11,1.2399998078438523e-05,1.593672537689085e-05
random,1167,6.00771393959686e-11,1.9531719871010854e-05,2.5147479278042155e-05
random,1168,1.499332216750627e-10,3.0855708352980705e-05,3.9799088325437374e-05
random,1169,3.763786447067702e-10,4.888751175513757e-05,6.31681374205748e-05
random,1170,9.503183945741528e-10,7.768225451580313e-05,0.00010055600537141931
random,1171,2.413376921987642e-09,0.00012379324837382725,0.000160517384822403
random,1172,6.163997596070628e-09,0.0001978427776903223,0.00025700929291756655
random,1173,1.5833996656885678e-08,0.0003170858902118375,0.0004125670517594504
random,1174,4.0902829730171756e-08,0.0005096477570409867,0.0006644227492964171
random,1175,1.0626596351899447e-07,0.0008214320525989566,0.0010722819548127027
random,1176,2.7757600159024424e-07,0.001327688646709428,0.0017370728090855677
random,1177,7.291639014648148e-07,0.00215163597889994,0.002816289823140993
random,1178,1.9245895730932494e-06,0.003496283143773599,0.004588715519542234
random,1179,5.105607660053459e-06,0.005692901048935625,0.007451097954106709
random,1180,1.3567150784574451e-05,0.009284827239428375,0.012169443846285509
random,1181,3.603797373719744e-05,0.015121166529855411,0.019481996055926445
random,1182,9.413672880850333e-05,0.02447306742726902,0.03100682215120885
random,1183,0.00023605684887594876,0.038689406503860636,0.04539485909220156
random,1184,0.0005228324563591633,0.057786606847509026,0.06182200896365237
random,1185,0.000896948154646071,0.07554104384801386,0.06611588271313791
random,1186,0.0009002160135918206,0.07621071444762119,0.054232828977047925
random,1187,0.00032776026610859926,0.046110103491769465,0.01730555629568679
random,1188,5.040944168104776e-06,0.0053583696401353605,0.022936100423475044
random,1189,0.0003661839166002204,0.0487441526123144,0.04612186809707041
random,1190,0.000505471367490192,0.05712537813723181,0.03441705279357184
random,1191,9.970787045468274e-05,0.02525701233020666,0.007032828446567221
random,1192,7.396127970066514e-05,0.02179792957785545,0.030574509815792645
random,1193,0.000349372788131665,0.04730911865716899,0.033419561425185575
random,1194,0.00016548391969847147,0.03275299874833886,0.012534663859736284
random,1195,9.013359710881485e-06,0.007400866623888732,0.020127524927446825
random,1196,0.0002148791925110049,0.03727023851230838,0.028383009764729177
random,1197,0.00015460267433904017,0.0317505138722876,0.014022889461906881
random,1198,3.6709937013877866e-07,0.001450899378500964,0.014215556026277191
random,1199,0.00013759216079877167,0.029876973643153476,0.023774344071605318
random,1200,0.00012117191924987516,0.027979054293700414,0.013088542349534226
random,1201,8.880218679303513e-08,0.00041599958484318344,0.011282372965482025
random,1202,9.49445892941531e-05,0.024706424773592955,0.02001062119266434
random,1203,8.794364665687138e-05,0.023793875024165696,0.011001857951709099
random,1204,6.075720009524169e-08,0.0003784432252580074,0.009817233068350922
random,1205,6.992960533807197e-05,0.02118301738772942,0.016791548845319484
random,1206,6.0773651737016544e-05,0.01988854877092927,0.0086159995722266
random,1207,1.4009425423370227e-07,0.0008602200142569816,0.008767450923727084
random,1208,5.366827180914051e-05,0.018663983683146538,0.014148964175118689
random,1209,4.022757942222913e-05,0.01613454648365862,0.0065155891486329345
random,1210,7.368469278410415e-07,0.0022051538001467085,0.008125988347100144
random,1211,4.183003139108304e-05,0.016426452432017288,0.012008648014153094
random,1212,2.5465520061132902e-05,0.012773682412569837,0.004556988667272873
random,1213,1.7010097100156576e-06,0.0032908239738089315,0.00769070536774059
random,1214,3.2488732726204694e-05,0.014432546219198285,0.01002581245901892
random,1215,1.532101735071922e-05,0.009938212211124318,0.002894849645475753
random,1216,2.7136661496703676e-06,0.004128197094048668,0.0072007715405586065
random,1217,2.4829868507644867e-05,0.012660347884891256,0.008183826939453059
random,1218,8.709463629912039e-06,0.007528953647314545,0.0017113152912618822
random,1219,3.4808643234354125e-06,0.004747919710112533,0.006599003169224446
random,1220,1.8588074595541758e-05,0.010974726040230766,0.006667655278321065
random,1221,4.624794742249585e-06,0.0054375952312653774,0.001008230489982631
random,1222,3.893367592695215e-06,0.005027462674453688,0.006069984525333336
random,1223,1.3596894387735205e-05,0.009338009662890627,0.0053754988451635635
random,1224,2.257233463939979e-06,0.0037987372773095195,0.0008503094418982785
random,1225,3.942776642961693e-06,0.0050218890121848485,0.005471958011493203
random,1226,9.723351644095586e-06,0.007901896027311926,0.004232099588093303
random,1227,9.82363138225451e-07,0.002530445884301808,0.0010910216314532748
random,1228,3.7098746720374434e-06,0.004877261068786764,0.004813891102204576
random,1229,6.8125545900002385e-06,0.006642043322673716,0.0032876283524401373
random,1230,3.589048006808596e-07,0.0015232158509581551,0.0012882590841181603
random,1231,3.3010223474012684e-06,0.004628829776892091,0.004189107514902125
random,1232,4.686440305408592e-06,0.005496584653552245,0.0025688186250253115
random,1233,9.612459717449027e-08,0.0007604227385738034,0.0014160332269669877
random,1234,2.8057796838002348e-06,0.004248773350691234,0.0036614807565686328
random,1235,3.177538573350521e-06,0.004508609053515662,0.001953740485384983
random,1236,1.0352854198518007e-08,0.00025155012357325006,0.0014854416463503516
random,1237,2.3026476615907654e-06,0.003839285473845192,0.003137390483336016
random,1238,2.1314674447128455e-06,0.0037071517705353457,0.0014566834019204698
random,1239,3.590170321282523e-09,0.00011264493948120865,0.0014545835644107054
random,1240,1.8366953681771183e-06,0.00344214480002505,0.0026623288212089345
random,1241,1.422222509503517e-06,0.003034373965972157,0.0010896796192604518
random,1242,1.9403177241842874e-08,0.00034637169388248055,0.0013668320329977026
random,1243,1.4323763600776476e-06,0.0030462790030127947,0.0022687426632414715
random,1244,9.466290479310245e-07,0.002462121733047754,0.0008282637557964372
random,1245,3.5336403628926734e-08,0.0004817134408333398,0.0012771665239436367
random,1246,1.0969613993101637e-06,0.002651337409533318,0.0019407560568508913
random,1247,6.322035695671501e-07,0.002012567698722776,0.0006036536956415092
random,1248,4.462673252025467e-08,0.0005290133062608329,0.0011678502881973178
random,1249,8.293013253739277e-07,0.0023074355383397352,0.0016348769533406984
random,1250,4.262094584890481e-07,0.0016616799963939958,0.0004467723414346204
random,1251,4.669263266542474e-08,0.000544008517599022,0.0010354699382360013
random,1252,6.207765527245334e-07,0.00200346161857636,0.0013826301030963376
random,1253,2.9101162366943065e-07,0.0013709484713803658,0.00034621731514041816
random,1254,4.30227188852177e-08,0.0005296694529828897,0.0009112685306547188
random,1255,4.6071323513324324e-07,0.001724211654328989,0.0011804168108593552
random,1256,2.021064300553393e-07,0.0011354616642007059,0.0002783259338483661
random,1257,3.6023807419115344e-08,0.00048228169525122013,0.0008065336431137604
random,1258,3.3997710020355225e-07,0.001474629247233652,0.001006538401972574
random,1259,1.4328627521013532e-07,0.0009603907889856664,0.00021724374571143162
random,1260,2.830246516437863e-08,0.0004219782638754965,0.0006962751762481661
random,1261,2.4967704584789345e-07,0.001268369936521404,0.0008533243821408822
random,1262,1.0412589006779006e-07,0.0008216651266047473,0.00018379746449030627
random,1263,2.077129740993268e-08,0.0003653123677554835,0.0005884450372620323
random,1264,1.8259218909059938e-07,0.0010867462969911409,0.0007354722153394702
random,1265,7.735716013292146e-08,0.0007050699509271527,0.00016552559596777456
random,1266,1.4255298206164516e-08,0.00030515626447666865,0.0004964481924111805
random,1267,1.3278662522517307e-07,0.0009239324945600232,0.000639267630150325
random,1268,5.880540816639053e-08,0.0006127076552609691,0.00015213340634622873
random,1269,9.04604921151083e-09,0.0002403705335596638,0.0004202878028975155
random,1270,9.607163993812758e-08,0.0007840624517308993,0.00054966233868462
random,1271,4.565453619837144e-08,0.0005434671038537834,0.00014181508228215987
random,1272,5.285599450072953e-09,0.0001822179084552104,0.00034655412306314805
random,1273,6.900907851778416e-08,0.0006678748512676071,0.00046975476799107765
random,1274,3.6091193640435795e-08,0.00048315526977962673,0.0001433368555716876
random,1275,2.707796514053344e-09,0.00013243339148763948,0.0002823723303372718
random,1276,4.9067838699841254e-08,0.0005631610808709142,0.00040650399872933356
random,1277,2.8874852485803178e-08,0.00043002025134528,0.00014482048754586152
random,1278,1.1119356846146195e-09,8.508177304954221e-05,0.0002278839129442701
random,1279,3.44081105266957e-08,0.00046976745893911084,0.0003527062629899703
random,1280,2.3288202810266954e-08,0.00038607530651278796,0.0001420349184231839
random,1281,2.931302685643302e-10,4.1523884292155636e-05,0.00017950790912950982
random,1282,2.3696213207520304e-08,0.00038973096702030343,0.0003026817605773455
random,1283,1.8840710294148017e-08,0.00034933069477025805,0.00013807694094979177
random,1284,1.815574358500362e-11,6.563726792085385e-06,0.00013275878315538366
random,1285,1.592435333203015e-08,0.0003211872639420224,0.00025895425143871576
random,1286,1.51910112968146e-08,0.00031303829692643637,0.00013760925903390342
random,1287,9.420348242484616e-11,2.299951193289894e-05,9.464748386537727e-05
random,1288,1.0348893363984748e-08,0.0002583627653594583,0.0002213857526210783
random,1289,1.214807688578904e-08,0.000278927259574712,0.00013471583185318552
random,1290,3.627993852595041e-10,4.782794929144096e-05,6.383226041370462e-05
random,1291,6.4354542987547196e-09,0.00020284143451875715,0.00018599306285021634
random,1292,9.576097688250443e-09,0.00024799969263286376,0.00012925983979446306
random,1293,7.081007121878869e-10,6.809423916509035e-05,3.7562564760441846e-05
random,1294,3.758672538204618e-09,0.0001553293791233313,0.00015229212781146288
random,1295,7.398781860518716e-09,0.00021895197629186067,0.00012260008147771504
random,1296,1.0329498452021219e-09,8.156148158831086e-05,1.3502265155277655e-05
random,1297,2.008101847700706e-09,0.00011426982672655184,0.00012324047183143733
random,1298,5.562335144944971e-09,0.00018923506575946536,0.0001155619489327521
random,1299,1.2866338678763623e-09,9.042889861657463e-05,6.21661831891168e-06
random,1300,9.319801030159718e-10,7.734571842532734e-05,9.81606111500944e-05
random,1301,4.039453709734762e-09,0.00016084384429258138,0.00010556789485640534
random,1302,1.4313966222085752e-09,9.592277557786711e-05,2.0364628233323047e-05
random,1303,3.3696491028896644e-10,4.608267677371547e-05,7.481199847298048e-05
random,1304,2.8021840195268056e-09,0.00013428166445656774,9.412051662021163e-05
random,1305,1.4613326541231632e-09,9.737297525959982e-05,3.14485410686096e-05
random,1306,6.605391521059757e-11,2.0564445500698162e-05,5.305642483389425e-05
random,1307,1.8341280629173134e-09,0.00010903987276798941,8.2561845208086e-05
random,1308,1.3850107116917295e-09,9.437810434452655e-05,3.96269537735579e-05
random,1309,8.175853520362667e-13,1.3247222656725088e-06,3.4522003137063606e-05
random,1310,1.1103468026152841e-09,8.445389352341273e-05,7.11963802465121e-05
random,1311,1.22587264070343e-09,8.856432647542389e-05,4.357238435400899e-05
random,1312,4.4950338928018736e-11,1.6986964771493445e-05,1.891492836842892e-05
random,1313,6.02518352814195e-10,6.20568381862405e-05,5.87092279193669e-05
random,1314,1.0112594725847217e-09,8.072096518424182e-05,4.471755417909164e-05
random,1315,1.3046725884163466e-10,2.9160328358575887e-05,5.6475864020189155e-06
random,1316,2.7564600149421714e-10,4.215633190073367e-05,4.607995964059738e-05
random,1317,7.743702344450985e-10,7.080794882227185e-05,4.383262682839653e-05
random,1318,2.1137395455288774e-10,3.6844981656880066e-05,5.441656751013446e-06
random,1319,9.295209569123879e-11,2.4635464487162783e-05,3.4172459306350383e-05
random,1320,5.445193089135591e-10,5.915021700409637e-05,4.131107933783345e-05
random,1321,2.625239336846177e-10,4.09194542575435e-05,1.3041249455252508e-05
random,1322,1.4141702377297527e-11,9.371951844108099e-06,2.3351808355849045e-05
random,1323,3.45000811008333e-10,4.699824944338878e-05,3.6583127442075846e-05
random,1324,2.739522957633738e-10,4.203440911969431e-05,1.8135493549300253e-05
random,1325,1.293378181576617e-12,2.826603654257638e-06,1.3280642698906667e-05
random,1326,1.8986826769260918e-10,3.500966033365281e-05,3.065715276831653e-05
random,1327,2.4940122319178397e-10,4.0167392143273694e-05,2.1190107768890327e-05
random,1328,2.1590586927390463e-11,1.1760325590575603e-05,4.697908633799126e-06
random,1329,8.461845669726268e-11,2.344382981105676e-05,2.418637646888523e-05
random,1330,2.0027401297441862e-10,3.588059335627634e-05,2.2239663215728702e-05
random,1331,5.0272677839782e-11,1.7877287932702446e-05,2.190288069747963e-06
random,1332,2.543290856323161e-11,1.273522912868614e-05,1.766141939560517e-05
random,1333,1.4099030299146517e-10,3.0043750882387244e-05,2.118544699381172e-05
random,1334,7.108238018911815e-11,2.142286547027615e-05,7.098257806500481e-06
random,1335,2.229070854224838e-12,3.671080580152216e-06,1.1085082138016515e-05
random,1336,8.47000837746717e-11,2.3390235854483474e-05,1.8650818204136167e-05
random,1337,7.712542211530247e-11,2.233598242984069e-05,1.0520527056319572e-05
random,1338,1.9019363757367617e-12,3.4617500875807516e-06,5.162407446758247e-06
random,1339,4.09124816324904e-11,1.6280717147479798e-05,1.52511054057291e-05
random,1340,6.886438701253038e-11,2.103949916223526e-05,1.2245778187793439e-05
random,1341,1.1731247513484155e-11,8.626778575506634e-06,3.251422398409273e-07
random,1342,1.3580735083752136e-11,9.324318377681231e-06,1.1334877493941504e-05
random,1343,5.141870514200378e-11,1.8139913617740906e-05,1.23489600371317e-05
random,1344,2.1724388861949176e-11,1.1841816285934087e-05,3.4541720982986953e-06
random,1345,1.6228078307580689e-12,3.1667997248945233e-06,7.145782671425977e-06
random,1346,3.145297033680902e-11,1.425062283853386e-05,1.113932088128437e-05
random,1347,2.6361382810958938e-11,1.3065120872345601e-05,6.033080485860727e-06
random,1348,5.005237001691286e-13,1.7636676615092462e-06,3.1974942244698345e-06
random,1349,1.4714407313623427e-11,9.761453972337314e-06,9.144977573336524e-06
random,1350,2.445730589323987e-11,1.253813861980847e-05,7.352621157071352e-06
random,1351,4.494175543585168e-12,5.346056477895698e-06,2.0231927572075094e-07
random,1352,4.261174723506434e-12,5.226951864366583e-06,6.60274648729797e-06
random,1353,1.7985634416457014e-11,1.0731597769501703e-05,7.483636468341068e-06
random,1354,8.680308988306285e-12,7.480759376517141e-06,2.545278581717643e-06
random,1355,2.336498679887971e-13,1.1845635260056056e-06,3.8392930152564515e-06
random,1356,1.0204606961911468e-11,8.112295501114275e-06,6.6305407722093285e-06
random,1357,1.0303402332909426e-11,8.17083188917209e-06,4.129741985108059e-06
random,1358,6.206138999971136e-13,1.9827543027025053e-06,1.2190320256986774e-06
random,1359,3.9758030001907065e-12,5.077743283064426e-06,5.183842795302128e-06
random,1360,8.936429636672134e-12,7.5783205517550185e-06,4.81598209590515e-06
random,1361,2.6746927394627402e-12,4.129138669426058e-06,8.804044704232355e-07
random,1362,6.648994010446947e-13,2.0606704797244946e-06,3.375970414109139e-06
random,1363,5.804479475431792e-12,6.0973177103521736e-06,4.6393457355296906e-06
random,1364,4.183319870484182e-12,5.190030014379794e-06,2.316437196107305e-06
random,1365,3.961077740085015e-14,5.118484276486853e-07,1.4961276943299437e-06
random,1366,2.618364282509591e-12,4.105971886024144e-06,3.805041419172182e-06
random,1367,4.204181510930753e-12,5.218481353228995e-06,3.0722826026259662e-06
random,1368,8.550366958951085e-13,2.3438656295787415e-06,1.9253600633812713e-07
random,1369,5.960998962638044e-13,1.9718716574463763e-06,2.595505975169376e-06
random,1370,2.997034502227152e-12,4.3905307864662885e-06,3.19127935914171e-06
random,1371,1.7619602988145226e-12,3.3552239208140753e-06,1.3822082511982231e-06
random,1372,9.095257607828932e-16,2.399944322633649e-08,1.2659088382515966e-06
random,1373,1.4479588604667476e-12,3.0431550440154206e-06,2.7271909814433782e-06
random,1374,1.9770194118401636e-12,3.567492715870741e-06,2.040555872810838e-06
random,1375,3.254768069979358e-13,1.4555380734848806e-06,6.787977606489697e-08
random,1376,3.540285142424882e-13,1.50783216353714e-06,1.8878154490480035e-06
random,1377,1.4771985994496078e-12,3.0921293114071443e-06,2.181893638725206e-06
random,1378,8.118641963071734e-13,2.2883074069662547e-06,9.203417182146169e-07
random,1379,1.4975215416117194e-15,8.605047361677261e-08,9.013036050856664e-07
random,1380,7.130970842982829e-13,2.143645927545395e-06,1.8992614043164203e-06
random,1381,9.574455969587176e-13,2.4748218955465805e-06,1.443941320059164e-06
random,1382,1.6377889144786548e-13,1.024023011760225e-06,3.240840270148361e-08
random,1383,1.5968876428531819e-13,1.0063378300890045e-06,1.301991106880582e-06
random,1384,7.06776565364165e-13,2.132079037104621e-06,1.535782142436549e-06
random,1385,4.1804897106657275e-13,1.64534763169984e-06,6.947208075987178e-07
random,1386,3.66280687924683e-16,4.798692942670066e-08,5.716841109232038e-07
random,1387,3.146205615967042e-13,1.4273817917871354e-06,1.2901469482849666e-06
random,1388,4.769276395488356e-13,1.7548316722996074e-06,1.0634849937333263e-06
random,1389,1.07057568081359e-13,8.259758167411387e-07,1.0937354009493051e-07
random,1390,5.1863777972285424e-14,5.797350567697562e-07,8.277702831022236e-07
random,1391,3.242684851686165e-13,1.4410157307818954e-06,1.1016791528702609e-06
random,1392,2.35055932280114e-13,1.227307182562883e-06,5.828539380728923e-07
random,1393,5.805908489587295e-15,1.9508586289182358e-07,2.884629497852313e-07
random,1394,1.1912282862338426e-13,8.73558395545569e-07,8.625681294286822e-07
random,1395,2.379754422870947e-13,1.24058368466704e-06,8.01141153035229e-07
random,1396,8.071194444941804e-14,7.227015169142171e-07,1.98454255602879e-07
random,1397,8.576121066987145e-15,2.3665488508952268e-07,4.754121144054331e-07
random,1398,1.360785583119185e-13,9.378571740940528e-07,7.671748007815682e-07
random,1399,1.360798826882416e-13,9.345232095955847e-07,5.119052872018266e-07
random,1400,1.4620949837364224e-14,3.039930786038021e-07,6.571268405132134e-08
random,1401,3.386693880675219e-14,4.653654321841588e-07,5.417661553079202e-07
random,1402,1.1233743254680194e-13,8.481073309438629e-07,6.084147205427297e-07
random,1403,6.147962686089278e-14,6.300389907443689e-07,2.5867088574707613e-07
random,1404,6.52160500135754e-17,1.606847620492165e-08,2.2187728786261312e-07
random,1405,4.7349423424566666e-14,5.531721506572403e-07,5.088785101372214e-07
random,1406,7.504709487333324e-14,6.968379632651962e-07,4.3424467364101157e-07
random,1407,2.0838438617737398e-14,3.6553013434842327e-07,8.247148142509792e-08
random,1408,4.522029717903117e-15,1.719675936715766e-07,2.905855037867626e-07
random,1409,4.5640507314191464e-14,5.416769926753687e-07,4.389900295264146e-07
random,1410,4.25579162281339e-14,5.220538167836248e-07,2.826410827352614e-07
random,1411,4.3085764346536216e-15,1.6639246515586665e-07,4.0108491176027064e-08
random,1412,1.0764590303047502e-14,2.61806654894344e-07,3.0698976683786066e-07
random,1413,3.5761964246134804e-14,4.796249297356858e-07,3.4464613450333743e-07
random,1414,2.083077851505483e-14,3.675670682258495e-07,1.6126713961892662e-07
random,1415,1.3724992865586774e-16,2.889562408671272e-08,1.0812155814581014e-07
random,1416,1.3383069217679582e-14,2.946902001416782e-07,2.8118098056543186e-07
random,1417,2.442382647822226e-14,3.9669243490824116e-07,2.6080965814452854e-07
random,1418,8.761238954421209e-15,2.363820993943418e-07,7.556373996566061e-08
random,1419,4.984364576378313e-16,5.648120156369551e-08,1.409199377500335e-07
random,1420,1.2642564160396749e-14,2.844434565350895e-07,2.451386943405599e-07
random,1421,1.5118635710235495e-14,3.1168783203883443e-07,1.8566058143947722e-07
random,1422,3.0679797919318133e-15,1.4106019703175992e-07,1.5143778894807877e-08
random,1423,1.615675779524079e-15,1.0142542591847804e-07,1.4635934125003244e-07
random,1424,1.022833300577534e-14,2.571646360172642e-07,2.0170390299084575e-07
random,1425,8.699312275518545e-15,2.3716678357167085e-07,1.26126394670054e-07
random,1426,8.14044561598158e-16,7.174765770455933e-08,1.891950170833289e-08
random,1427,2.2517712565883293e-15,1.2083363505300227e-07,1.397223087220762e-07
random,1428,7.507597923971327e-15,2.1940430691165277e-07,1.6238458763940378e-07
random,1429,4.747815270129421e-15,1.743466089696778e-07,8.311974091116072e-08
random,1430,1.1990159327471083e-16,2.799494988081367e-08,3.9483358612312685e-08
random,1431,2.3060465530391327e-15,1.214630482293671e-07,1.247941112417107e-07
random,1432,5.173053180363745e-15,1.827119543031872e-07,1.2630999241054228e-07
random,1433,2.5028625954541205e-15,1.2731060909616723e-07,5.206266507321239e-08
random,1434,9.411039012303777e-19,8.419099713377228e-10,4.613482601652063e-08
random,1435,2.0089423325311504e-15,1.141268111765933e-07,1.070281869997649e-07
random,1436,3.427991078810104e-15,1.484859849346636e-07,9.880186470992662e-08
random,1437,1.300708020217473e-15,9.10956794273597e-08,3.197968858560261e-08
random,1438,3.2799391403058574e-17,1.4272194253600979e-08,4.755654289443764e-08
random,1439,1.586008601700484e-15,1.0061328930336315e-07,9.080986636805157e-08
random,1440,2.2230190863981492e-15,1.1965318666270315e-07,7.578215509017506e-08
random,1441,6.801788491280695e-16,6.645534624889875e-08,1.8451418449684162e-08
random,1442,6.699725761263467e-17,2.069207394579664e-08,4.3929240411587556e-08
random,1443,1.1723523645940654e-15,8.71288239087019e-08,7.4680219763946e-08
random,1444,1.4308071037731947e-15,9.606382218027161e-08,5.9376116026045514e-08
random,1445,3.6773643395845037e-16,4.843896056924338e-08,1.1214840469339823e-08
random,1446,7.592605276138337e-17,2.21767178177086e-08,3.8962332264738164e-08
random,1447,8.290430398938682e-16,7.289184954500614e-08,6.187418546873666e-08
random,1448,9.247391622740358e-16,7.698483056711171e-08,4.6687330535332835e-08
random,1449,2.1121138167135258e-16,3.701544074767516e-08,6.584745666661912e-09
random,1450,6.485241743239244e-17,2.0249250974237177e-08,3.3198443179251305e-08
random,1451,5.665247309893133e-16,6.052309087678665e-08,4.9965464504460597e-08
random,1452,6.039259939490594e-16,6.24987905766359e-08,3.754951948923293e-08
random,1453,1.3147082035522667e-16,2.8994843915674895e-08,5.0877240453946764e-09
random,1454,4.5844366154792377e-17,1.729249796805984e-08,2.708339594281233e-08
random,1455,3.7652776288277793e-16,4.91796106911137e-08,4.119091843456602e-08
random,1456,4.005232682018848e-16,5.0659543795403683e-08,3.070072516579272e-08
random,1457,9.006272508844348e-17,2.40714405600103e-08,4.3700461701683916e-09
random,1458,2.7534322502650396e-17,1.3150988152674348e-08,2.1786218380358395e-08
random,1459,2.435435999638651e-16,3.957800714326753e-08,3.322516141448252e-08
random,1460,2.694369948565099e-16,4.1769386297484614e-08,2.5394909284222664e-08
random,1461,6.723923310686453e-17,2.081566942635116e-08,4.9346995330646526e-09
random,1462,1.3403695530597875e-17,9.382241641065767e-09,1.661864298006309e-08
random,1463,1.5243052434004333e-16,3.135660712967106e-08,2.6874932273795693e-08
random,1464,1.8301237761457005e-16,3.423468934684435e-08,2.1903139918728197e-08
random,1465,5.381904868294077e-17,1.8584173411136956e-08,5.275545646060458e-09
random,1466,4.719746633833256e-18,5.430857089102587e-09,1.2211727572156424e-08
random,1467,9.149982088316802e-17,2.4224444106300962e-08,2.1596328977582227e-08
random,1468,1.2458716192514233e-16,2.8364892121539505e-08,1.8477046729783664e-08
random,1469,4.5012563569734465e-17,1.7073305193289333e-08,6.081340068472026e-09
random,1470,7.303509096087434e-19,2.1516703118561327e-09,8.234308580982431e-09
random,1471,5.164351662620341e-17,1.829268514088883e-08,1.6995204026044394e-08
random,1472,8.388126729496552e-17,2.321504463759395e-08,1.5985884413546182e-08
random,1473,3.819581724915389e-17,1.5618740630176756e-08,6.8265571089974635e-09
random,1474,1.0234412539919434e-19,7.833704392606613e-10,5.160350627755577e-09
random,1475,2.65426487719432e-17,1.3019570033522127e-08,1.3071352750407442e-08
random,1476,5.499705272707646e-17,1.8823188887502874e-08,1.3571131847409528e-08
random,1477,3.213348258891087e-17,1.4424644158042988e-08,7.11609703215238e-09
random,1478,1.4778595466148457e-18,3.071357903237579e-09,2.291592216455659e-09
random,1479,1.1703858610036883e-17,8.710154094521306e-09,9.585933692347182e-09
random,1480,3.435695765205719e-17,1.4889101531002821e-08,1.144879706905017e-08
random,1481,2.6184651608520058e-17,1.2950231990857755e-08,7.309983454549745e-09
random,1482,3.5651990841618195e-18,4.765533107593881e-09,2.0841253728214096e-10
random,1483,3.856983300006188e-18,4.952223345868625e-09,6.735421779783956e-09
random,1484,1.9848957689485367e-17,1.1279456964540001e-08,9.31209740364571e-09
random,1485,2.0251083601620322e-17,1.1442520341471962e-08,7.046298845243298e-09
random,1486,5.423568198950934e-18,5.930310808473401e-09,1.65028800167455e-09
random,1487,5.939250150570338e-19,1.966084559172604e-09,4.105263088842809e-09
random,1488,1.0125590788906647e-17,8.094239796174101e-09,7.232281601568318e-09
random,1489,1.4526268669816457e-17,9.664185914214307e-09,6.6545324434059094e-09
random,1490,6.4405554291825e-18,6.417137270437296e-09,2.807868700939423e-09
random,1491,3.1610775727040477e-20,4.316097009460253e-10,1.9476903983374555e-09
random,1492,4.182575902969298e-18,5.167908448987641e-09,5.346789289003511e-09
random,1493,9.384623771009021e-18,7.766863914848209e-09,5.796712006910302e-09
random,1494,6.389999188896338e-18,6.433942942524939e-09,3.482639071595235e-09
random,1495,7.263131155171447e-19,2.1651494011134024e-09,2.141763196774061e-10
random,1496,1.1246868178646922e-18,2.7056352990553187e-09,3.4690081618293607e-09
random,1497,5.214574211650941e-18,5.802026948832109e-09,4.778070409727531e-09
random,1498,5.391710165026929e-18,5.878648981619142e-09,3.782333535937588e-09
random,1499,1.6384518744647758e-18,3.2385454366110755e-09,1.0585432091816628e-09
random,1500,6.337737376579467e-20,6.26488078960777e-10,1.8358357276208666e-09
random,1501,2.2880318834955637e-18,3.8277601448175076e-09,3.623216804742618e-09
random,1502,3.833024904667181e-18,4.9713222064622505e-09,3.5443238292700076e-09
random,1503,2.15506263072221e-18,3.7358958733894006e-09,1.894009174460717e-09
random,1504,1.3158437040171424e-19,9.160416045572804e-10,4.446391820220369e-10
random,1505,6.376112248738789e-19,2.036754421614178e-09,2.3630945877559946e-09
random,1506,2.2016993128771796e-18,3.765305003383424e-09,3.0456880143360515e-09
random,1507,2.070676934297832e-18,3.640771011046863e-09,2.2999821106884097e-09
random,1508,5.761433254832208e-19,1.923998929850557e-09,5.848050830280969e-10
random,1509,3.6121834892809454e-20,4.722992924466693e-10,1.2029377247673911e-09
random,1510,9.209263391007102e-19,2.4319608163264478e-09,2.277862430502083e-09
random,1511,1.5211181131248698e-18,3.1352739405645626e-09,2.254009798399441e-09
random,1512,8.882408760166247e-19,2.3955183021985165e-09,1.2602127260706337e-09
random,1513,7.434040978430296e-20,6.860759711394387e-10,1.7812057330490926e-10
random,1514,2.0266369223987498e-19,1.1471648185795102e-09,1.4067229957495535e-09
random,1515,8.21177816826729e-19,2.296480872474639e-09,1.9157938073190326e-09
random,1516,8.653233473082972e-19,2.354142095641716e-09,1.5516553016352459e-09
random,1517,3.097678563313586e-19,1.4128692606027943e-09,5.565542281950015e-10
random,1518,4.174024126331572e-22,4.007276533087388e-11,5.669816002705384e-10
random,1519,2.7433654135055354e-19,1.3294640717985862e-09,1.3316903264146663e-09
random,1520,5.81440514998749e-19,1.9397272803415323e-09,1.4758706100905732e-09
random,1521,4.356738366574049e-19,1.6757309974323862e-09,9.934270774676932e-10
random,1522,8.683103832566912e-20,7.436626907725518e-10,1.5184979416458632e-10
random,1523,2.4549562709697292e-20,3.986572136397597e-10,6.824376317794299e-10
random,1524,2.4809884746604946e-19,1.2608771802299065e-09,1.1471190959829365e-09
random,1525,3.6338761151524867e-19,1.5266716922813246e-09,1.1010874354798378e-09
random,1526,2.0500402669634368e-19,1.1503855367076131e-09,6.049407907162494e-10
random,1527,1.8300887797633205e-20,3.4635722685453177e-10,7.676241125617157e-11
random,1528,4.215889906070472e-20,5.221163583680613e-10,6.577899006970354e-10
random,1529,1.847730186988807e-19,1.0939922294576533e-09,9.233719951626889e-10
random,1530,2.1296965897876484e-19,1.170470808677018e-09,8.038708026445128e-10
random,1531,9.48506095282329e-20,7.786214765294735e-10,3.7306336114508755e-10
random,1532,2.433781291920568e-21,1.233844114238067e-10,1.6312656466647833e-10
random,1533,4.156032473205414e-20,5.147710457576417e-10,5.796222730059683e-10
random,1534,1.2390267670314362e-19,8.920672854604721e-10,7.301664006112346e-10
random,1535,1.2228298423595543e-19,8.888040731164149e-10,5.816478321953828e-10
random,1536,4.556302415435564e-20,5.430629568870726e-10,2.3260965463817143e-10
random,1537,1.088817806385555e-22,2.309666215464131e-11,1.7496525081501997e-10
random,1538,3.173231698405695e-20,4.5392089529294273e-10,4.734350216389252e-10
random,1539,7.819158562548158e-20,7.086822700326097e-10,5.71512411313165e-10
random,1540,7.087593862100509e-20,6.738113786618425e-10,4.379924673085854e-10
random,1541,2.3991872459413748e-20,3.932267941082346e-10,1.5745362928433504e-10
random,1542,2.831511954667718e-23,8.494242349099652e-12,1.5452284272806923e-10
random,1543,2.067968889883071e-20,3.6471804765770177e-10,3.750132307838809e-10
random,1544,4.75578902760451e-20,5.545349087656014e-10,4.3910172806142987e-10
random,1545,4.2257354411768226e-20,5.221300021928445e-10,3.3877457390668723e-10
random,1546,1.438759480502364e-20,3.0347650283900193e-10,1.255689918780341e-10
random,1547,1.126700948942047e-23,4.294029404856398e-12,1.1243871545904554e-10
random,1548,1.1790731716279547e-20,2.747451684712163e-10,2.890179349060271e-10
random,1549,2.80291649434945e-20,4.2379415361330097e-10,3.419479112961029e-10
random,1550,2.6013237331472632e-20,4.095646382202908e-10,2.6982269833896176e-10
random,1551,9.839826475505542e-21,2.5271136430749993e-10,1.1117236413901152e-10
random,1552,7.973847730363218e-23,2.1765281367843828e-11,6.903865487629058e-11
random,1553,5.765198818175096e-21,1.9345024937258037e-10,2.0903386026044922e-10
random,1554,1.584405387591755e-20,3.1950834050675784e-10,2.6434560020453283e-10
random,1555,1.6335879603253632e-20,3.2367921120360834e-10,2.2303711152537193e-10
random,1556,7.413470205792752e-21,2.1804012672173223e-10,1.0998211198633555e-10
random,1557,3.818825900826429e-22,4.98526794427449e-11,3.0008788560678735e-11
random,1558,2.2226175085600783e-21,1.1900557334644936e-10,1.442017149311927e-10
random,1559,8.342769903249252e-21,2.3203280715706865e-10,1.9901403695266236e-10
random,1560,1.0183104927036087e-20,2.5668794024385056e-10,1.839692769820477e-10
random,1561,5.825729324954072e-21,1.935136359221692e-10,1.1024037809826285e-10
random,1562,8.569487997989444e-22,7.36449681248021e-11,8.429162892175487e-12
random,1563,5.139194131147926e-22,5.747512837601868e-11,8.906462554541415e-11
random,1564,3.8551479666140865e-21,1.570820305404379e-10,1.4537889292217323e-10
random,1565,6.0389720110922905e-21,1.9704093177198978e-10,1.508148559887716e-10
random,1566,4.499147113064001e-21,1.7051436711971672e-10,1.066662461311379e-10
random,1567,1.3193129588944614e-21,9.240271831400451e-11,3.4993875413130576e-11
random,1568,9.580657783362432e-24,7.386432279016318e-12,4.115912817335397e-11
random,1569,1.3800425459050603e-21,9.45730038321089e-11,9.719463729710946e-11
random,1570,3.2007127809588676e-21,1.4345387410557154e-10,1.1804141245161288e-10
random,1571,3.216673087489499e-21,1.4352137299680206e-10,1.0073757939181587e-10
random,1572,1.5644039766611344e-21,1.0038136158296545e-10,5.3076295580102054e-11
random,1573,1.4762499308259814e-22,3.112670536320882e-11,4.716773457055156e-12
random,1574,2.6287284590314315e-22,4.106244704766385e-11,5.543609625697946e-11
random,1575,1.3615134861676326e-21,9.386916786792699e-11,8.414297687266791e-11
random,1576,1.9898346454281315e-21,1.13320200851567e-10,8.659820883042942e-11
random,1577,1.4783787351910152e-21,9.741570526102055e-11,6.265847017797097e-11
random,1578,4.709226737937289e-22,5.484376120688589e-11,2.3086207282400733e-11
random,1579,5.45423227168706e-25,1.0180841949316524e-12,1.9658074300399935e-11
random,1580,3.6182895079488806e-22,4.8029784831130186e-11,5.235020190125095e-11
random,1581,9.614275884345155e-22,7.867358192511351e-11,6.627154289122805e-11
random,1582,1.0919016385106733e-21,8.406253732762223e-11,6.089755038030314e-11
random,1583,6.557841179579795e-22,6.503151602572517e-11,3.8896917551382324e-11
random,1584,1.3910895138164704e-22,2.9749074875069325e-11,8.5501635956504e-12
random,1585,1.549575263787093e-23,1.0019462452051918e-11,2.1806761803595578e-11
random,1586,2.885448001375961e-22,4.2991681175015293e-11,4.2932366281542977e-11
random,1587,5.828154876173962e-22,6.113620195426905e-11,5.014106964594588e-11
random,1588,5.7997662421251e-22,6.114936001103966e-11,4.328108233586713e-11
random,1589,3.097493991785817e-22,4.4768109526596657e-11,2.546149692615331e-11
random,1590,5.0411245042740327e-23,1.801808562088068e-11,3.2391506874317176e-12
random,1591,1.7988395281891895e-23,1.0871953082300892e-11,1.8158335752686523e-11
random,1592,1.7749845706747896e-22,3.384683027750766e-11,3.2678432772416354e-11
random,1593,3.2657554323112016e-22,4.5754164298828835e-11,3.7367442773430487e-11
random,1594,3.1401417498542926e-22,4.4899825869391565e-11,3.187453150895387e-11
random,1595,1.6661292063414815e-22,3.282200629811368e-11,1.877053296488235e-11
random,1596,2.8414559943830374e-23,1.3588673012467119e-11,2.699937545766449e-12
random,1597,8.068563732471536e-24,7.218271962620059e-12,1.281921061140644e-11
random,1598,8.98729997409912e-23,2.4119513919348908e-11,2.33632944545499e-11
random,1599,1.7268273110582702e-22,3.3358031155723706e-11,2.755551519036754e-11
random,1600,1.7559460464294916e-22,3.355124607277805e-11,0.0
